/**
 * generated by fontconvert.py
 * name: inter_10_regular
 * size: 10
 * mode: 1-bit
 * Command used: fontconvert.py inter_10_regular 10 ../builtinFonts/source/Inter/Inter-Regular.ttf ../builtinFonts/source/NotoSansHebrew/NotoSansHebrew-Regular.ttf ../builtinFonts/source/NotoSansArabic/NotoSansArabic-Regular.ttf ../builtinFonts/source/Ubuntu/Ubuntu-Vietnamese-Regular.ttf --additional-intervals 0x05D0,0x05EA --additional-intervals 0x060C,0x060C --additional-intervals 0x061B,0x061B --additional-intervals 0x061F,0x061F --additional-intervals 0x0621,0x0621 --additional-intervals 0x0640,0x0640 --additional-intervals 0x0654,0x0654 --additional-intervals 0x0660,0x0669 --additional-intervals 0x06BA,0x06BA --additional-intervals 0x06D4,0x06D4 --additional-intervals 0x06D5,0x06D5 --additional-intervals 0x06F0,0x06F9 --additional-intervals 0xFB56,0xFB59 --additional-intervals 0xFB66,0xFB69 --additional-intervals 0xFB7A,0xFB7D --additional-intervals 0xFB88,0xFB95 --additional-intervals 0xFB9E,0xFB9F --additional-intervals 0xFBA6,0xFBB1 --additional-intervals 0xFBFC,0xFBFF --additional-intervals 0xFE80,0xFEFC
 */
#pragma once
#include "EpdFontData.h"

static const uint8_t inter_10_regularBitmaps[28921] = {
    0x66, 0x66, 0x66, 0x66, 0x66, 0x60, 0x06, 0xF6, 0xDF, 0x7D, 0xF7, 0xDF, 0x70, 0x0C, 0x70, 0x63,
    0x03, 0x18, 0x38, 0xC7, 0xFF, 0xBF, 0xFC, 0x63, 0x83, 0x18, 0x18, 0xC0, 0xC6, 0x3F, 0xFD, 0xFF,
    0xE3, 0x1C, 0x18, 0xE0, 0xC6, 0x06, 0x30, 0x06, 0x00, 0x60, 0x06, 0x03, 0xF8, 0x7F, 0xC7, 0x6E,
    0xE6, 0x6E, 0x60, 0xE6, 0x07, 0xE0, 0x3F, 0x80, 0xFC, 0x07, 0xE0, 0x66, 0xC6, 0x7E, 0x66, 0xF6,
    0xE7, 0xFC, 0x3F, 0x80, 0x60, 0x06, 0x00, 0x7C, 0x0C, 0x7E, 0x0E, 0x33, 0x8E, 0x19, 0xC6, 0x0C,
    0xE7, 0x07, 0xE3, 0x01, 0xF3, 0x00, 0x03, 0x80, 0x01, 0x9E, 0x01, 0x9F, 0x81, 0xCE, 0xC0, 0xC6,
    0x60, 0xE3, 0x30, 0xE1, 0x98, 0x60, 0xFC, 0x70, 0x3C, 0x3F, 0x03, 0xF8, 0x1C, 0xE0, 0xE7, 0x07,
    0x38, 0x3B, 0x80, 0xFC, 0x07, 0x80, 0x7E, 0x07, 0xF3, 0xB9, 0xD9, 0x87, 0xCC, 0x1E, 0x70, 0xF1,
    0xFF, 0x87, 0xEE, 0xDB, 0x6D, 0x80, 0x39, 0xCC, 0xE6, 0x33, 0x9C, 0xE7, 0x31, 0xCE, 0x73, 0x8C,
    0x73, 0x8C, 0x70, 0x61, 0xC7, 0x0C, 0x38, 0xE1, 0x86, 0x1C, 0x71, 0xC7, 0x1C, 0x61, 0x8E, 0x38,
    0xC7, 0x18, 0x18, 0x0C, 0xBE, 0xDF, 0xE3, 0xC3, 0xFB, 0xFC, 0x32, 0x18, 0x00, 0x06, 0x00, 0xC0,
    0x18, 0x03, 0x07, 0xFE, 0xFF, 0xC1, 0x80, 0x30, 0x06, 0x00, 0xC0, 0x76, 0xEE, 0xCC, 0xFE, 0xFE,
    0x6F, 0x60, 0x06, 0x06, 0x0E, 0x0E, 0x0C, 0x0C, 0x1C, 0x18, 0x18, 0x18, 0x38, 0x30, 0x30, 0x30,
    0x70, 0x60, 0x60, 0xE0, 0xE0, 0x1F, 0x07, 0xF1, 0xC7, 0x30, 0x7E, 0x0F, 0xC1, 0xF8, 0x1F, 0x03,
    0xE0, 0x7C, 0x0F, 0x83, 0xF0, 0x76, 0x0E, 0xE3, 0x8F, 0xE0, 0xF8, 0x1E, 0x7D, 0xFB, 0x74, 0xE1,
    0xC3, 0x87, 0x0E, 0x1C, 0x38, 0x70, 0xE1, 0xC3, 0x87, 0x3F, 0x0F, 0xF1, 0xC7, 0x70, 0x6E, 0x0C,
    0x01, 0x80, 0x70, 0x1C, 0x07, 0x80, 0xE0, 0x38, 0x0E, 0x03, 0x80, 0xE0, 0x3F, 0xFF, 0xFF, 0x3F,
    0x0F, 0xF1, 0xC7, 0x70, 0x64, 0x0C, 0x03, 0x80, 0xF0, 0x7C, 0x0F, 0xC0, 0x38, 0x03, 0x80, 0x7E,
    0x0F, 0xE3, 0xDF, 0xF1, 0xFC, 0x03, 0xC0, 0x3C, 0x07, 0xC0, 0xFC, 0x0F, 0xC1, 0xDC, 0x19, 0xC3,
    0x9C, 0x71, 0xC7, 0x1C, 0xE1, 0xCF, 0xFF, 0xFF, 0xF0, 0x1C, 0x01, 0xC0, 0x1C, 0x7F, 0xCF, 0xF9,
    0x80, 0x30, 0x06, 0x01, 0xFE, 0x3F, 0xE7, 0x9E, 0x01, 0xC0, 0x18, 0x03, 0x60, 0x6E, 0x1D, 0xE3,
    0x9F, 0xE1, 0xF8, 0x1F, 0x87, 0xF9, 0xC7, 0x30, 0x7E, 0x01, 0xDE, 0x3F, 0xE7, 0xDE, 0xE0, 0xFC,
    0x1F, 0x83, 0xF0, 0x7E, 0x0E, 0xE3, 0x8F, 0xF0, 0xFC, 0xFF, 0xFF, 0xF0, 0x1C, 0x06, 0x03, 0x80,
    0xC0, 0x70, 0x18, 0x0E, 0x03, 0x81, 0xC0, 0x70, 0x38, 0x0E, 0x07, 0x01, 0xC0, 0x3F, 0x0F, 0xF1,
    0xC7, 0x30, 0x6E, 0x0C, 0xC1, 0x9E, 0xF1, 0xFC, 0x7F, 0xDE, 0x3B, 0x83, 0xF0, 0x7E, 0x0F, 0xE3,
    0xDF, 0xF1, 0xFC, 0x3F, 0x0F, 0xF1, 0xC7, 0x70, 0x6E, 0x0F, 0xC1, 0xF8, 0x3F, 0x8F, 0x7F, 0xE7,
    0xFC, 0x03, 0xF0, 0x7E, 0x0C, 0xE3, 0x9F, 0xE1, 0xF8, 0x6F, 0x60, 0x00, 0x00, 0x6F, 0x60, 0x77,
    0x70, 0x00, 0x00, 0x76, 0xEE, 0xCC, 0x00, 0x00, 0x1C, 0x0F, 0x87, 0xC3, 0xE1, 0xF0, 0x3E, 0x01,
    0xF0, 0x0F, 0x80, 0x7C, 0x07, 0x80, 0x30, 0xFF, 0xFF, 0xF0, 0x00, 0x00, 0x00, 0x3F, 0xFF, 0xFC,
    0x80, 0x1C, 0x03, 0xE0, 0x1F, 0x00, 0xF8, 0x07, 0x80, 0xF0, 0x7C, 0x3E, 0x1F, 0x03, 0x80, 0x40,
    0x00, 0x3F, 0x1F, 0xE7, 0x1D, 0x87, 0x41, 0xC0, 0x70, 0x38, 0x1E, 0x0E, 0x03, 0x00, 0xC0, 0x00,
    0x00, 0x03, 0x01, 0xE0, 0x70, 0x03, 0xF8, 0x03, 0xFF, 0x81, 0xF1, 0xF0, 0xE0, 0x1C, 0x70, 0x03,
    0x98, 0xFE, 0x7E, 0x7F, 0x9F, 0x9C, 0xE3, 0xCE, 0x18, 0xF3, 0x86, 0x3C, 0xE1, 0x8F, 0x38, 0x63,
    0xE6, 0x18, 0xF9, 0xCF, 0x76, 0x7F, 0xF9, 0xCF, 0xBE, 0x38, 0x00, 0x0F, 0x81, 0x01, 0xFF, 0xC0,
    0x1F, 0xF0, 0x07, 0x80, 0x1E, 0x00, 0x7C, 0x03, 0xF0, 0x0E, 0xC0, 0x33, 0x81, 0xCE, 0x07, 0x38,
    0x1C, 0x70, 0xE1, 0xC3, 0xFF, 0x0F, 0xFE, 0x70, 0x39, 0xC0, 0x66, 0x01, 0xF8, 0x07, 0xFF, 0x8F,
    0xFC, 0xE0, 0xEE, 0x0E, 0xE0, 0x6E, 0x0E, 0xE1, 0xEF, 0xF8, 0xFF, 0xEE, 0x0E, 0xE0, 0x7E, 0x07,
    0xE0, 0x7E, 0x0E, 0xFF, 0xEF, 0xFC, 0x0F, 0xC0, 0xFF, 0xC7, 0x87, 0x1C, 0x0E, 0xE0, 0x1B, 0x80,
    0x0E, 0x00, 0x38, 0x00, 0xE0, 0x03, 0x80, 0x0E, 0x00, 0x38, 0x06, 0x70, 0x39, 0xE1, 0xC3, 0xFF,
    0x03, 0xF0, 0xFF, 0x87, 0xFF, 0x38, 0x3D, 0xC0, 0xEE, 0x03, 0xF0, 0x1F, 0x80, 0xFC, 0x03, 0xE0,
    0x1F, 0x01, 0xF8, 0x0F, 0xC0, 0x7E, 0x07, 0x70, 0x7B, 0xFF, 0x9F, 0xF0, 0xFF, 0xDF, 0xFB, 0x80,
    0x70, 0x0E, 0x01, 0xC0, 0x38, 0x07, 0xFE, 0xFF, 0xDC, 0x03, 0x80, 0x70, 0x0E, 0x01, 0xC0, 0x3F,
    0xF7, 0xFF, 0xFF, 0xFF, 0xFE, 0x03, 0x80, 0xE0, 0x38, 0x0E, 0x03, 0xFF, 0xFF, 0xF8, 0x0E, 0x03,
    0x80, 0xE0, 0x38, 0x0E, 0x03, 0x80, 0x0F, 0xC0, 0xFF, 0xC7, 0x87, 0x1C, 0x0E, 0xE0, 0x3B, 0x80,
    0x0E, 0x00, 0x38, 0x00, 0xE1, 0xFF, 0x87, 0xFE, 0x01, 0xF8, 0x06, 0x70, 0x39, 0xE1, 0xE3, 0xFF,
    0x03, 0xF0, 0xE0, 0x3F, 0x01, 0xF8, 0x0F, 0xC0, 0x7E, 0x03, 0xF0, 0x1F, 0x80, 0xFF, 0xFF, 0xFF,
    0xFF, 0x01, 0xF8, 0x0F, 0xC0, 0x7E, 0x03, 0xF0, 0x1F, 0x80, 0xFC, 0x07, 0xFF, 0xFF, 0xFF, 0xFF,
    0xFF, 0xFF, 0x01, 0x80, 0x60, 0x18, 0x06, 0x01, 0x80, 0x60, 0x18, 0x06, 0x01, 0x80, 0x6C, 0x1B,
    0x06, 0xE1, 0xB8, 0xE7, 0xF0, 0xF8, 0xE0, 0x77, 0x07, 0xB8, 0x79, 0xC7, 0x8E, 0x78, 0x73, 0x83,
    0xB8, 0x1F, 0xC0, 0xFF, 0x07, 0xB8, 0x3C, 0xE1, 0xC3, 0x8E, 0x1C, 0x70, 0x73, 0x81, 0xDC, 0x0F,
    0xE0, 0x38, 0x0E, 0x03, 0x80, 0xE0, 0x38, 0x0E, 0x03, 0x80, 0xE0, 0x38, 0x0E, 0x03, 0x80, 0xE0,
    0x38, 0x0F, 0xFF, 0xFF, 0xF0, 0x07, 0xF8, 0x0F, 0xF8, 0x0F, 0xF8, 0x0F, 0xFC, 0x1F, 0xFC, 0x1F,
    0xEC, 0x3B, 0xEE, 0x3B, 0xEE, 0x33, 0xE6, 0x73, 0xE7, 0x73, 0xE7, 0x63, 0xE3, 0xE3, 0xE3, 0xE3,
    0xE1, 0xC3, 0xE1, 0xC3, 0xF0, 0x1F, 0x80, 0xFE, 0x07, 0xF8, 0x3F, 0xC1, 0xF7, 0x0F, 0xB8, 0x7C,
    0xE3, 0xE3, 0x9F, 0x1C, 0xF8, 0x77, 0xC3, 0xBE, 0x0F, 0xF0, 0x3F, 0x81, 0xFC, 0x07, 0x0F, 0xC0,
    0xFF, 0xC7, 0x87, 0x1C, 0x0E, 0xE0, 0x1B, 0x80, 0x7E, 0x01, 0xF8, 0x07, 0xE0, 0x1F, 0x80, 0x7E,
    0x01, 0xF8, 0x06, 0x70, 0x39, 0xE1, 0xC3, 0xFF, 0x03, 0xF0, 0xFF, 0x8F, 0xFC, 0xE0, 0xEE, 0x06,
    0xE0, 0x7E, 0x07, 0xE0, 0x6E, 0x0E, 0xFF, 0xCF, 0xF8, 0xE0, 0x0E, 0x00, 0xE0, 0x0E, 0x00, 0xE0,
    0x0E, 0x00, 0x0F, 0xC0, 0xFF, 0xC7, 0x8F, 0x1C, 0x0E, 0xE0, 0x1B, 0x80, 0x7E, 0x01, 0xF8, 0x07,
    0xE0, 0x1F, 0x80, 0x7E, 0x01, 0xF8, 0xE6, 0x71, 0xF9, 0xE3, 0xC3, 0xFF, 0x03, 0xFC, 0x00, 0x38,
    0x00, 0x60, 0xFF, 0x8F, 0xFC, 0xE0, 0xEE, 0x06, 0xE0, 0x7E, 0x06, 0xE0, 0xEE, 0x1E, 0xFF, 0xCF,
    0xF8, 0xE3, 0x8E, 0x1C, 0xE1, 0xCE, 0x0E, 0xE0, 0xEE, 0x07, 0x1F, 0x87, 0xFC, 0x70, 0xEE, 0x06,
    0xE0, 0x0F, 0x00, 0x7C, 0x03, 0xF8, 0x0F, 0xC0, 0x1E, 0x00, 0x6C, 0x07, 0xE0, 0x6F, 0x0E, 0x7F,
    0xC3, 0xF8, 0xFF, 0xFF, 0xFF, 0x0E, 0x00, 0xE0, 0x0E, 0x00, 0xE0, 0x0E, 0x00, 0xE0, 0x0E, 0x00,
    0xE0, 0x0E, 0x00, 0xE0, 0x0E, 0x00, 0xE0, 0x0E, 0x00, 0xE0, 0xE0, 0x3F, 0x01, 0xF8, 0x0F, 0xC0,
    0x7E, 0x03, 0xF0, 0x1F, 0x80, 0xFC, 0x07, 0xE0, 0x3F, 0x01, 0xF8, 0x0E, 0xC0, 0x77, 0x03, 0xBC,
    0x38, 0xFF, 0x83, 0xF8, 0xE0, 0x1D, 0x80, 0x77, 0x01, 0x9C, 0x0E, 0x30, 0x38, 0xE0, 0xC3, 0x87,
    0x06, 0x1C, 0x1C, 0x60, 0x73, 0x80, 0xCE, 0x03, 0xB0, 0x07, 0xC0, 0x1F, 0x00, 0x78, 0x00, 0xE0,
    0xE0, 0x70, 0x36, 0x0F, 0x07, 0x60, 0xF0, 0x77, 0x0F, 0x86, 0x70, 0xF8, 0x63, 0x1D, 0x8E, 0x31,
    0xD8, 0xE3, 0x99, 0xCC, 0x39, 0x9C, 0xC1, 0xB8, 0xDC, 0x1B, 0x8D, 0xC1, 0xF0, 0xF8, 0x1F, 0x0F,
    0x80, 0xF0, 0x78, 0x0F, 0x07, 0x80, 0xE0, 0x70, 0x70, 0x39, 0xE0, 0xE3, 0x87, 0x07, 0x38, 0x1C,
    0xE0, 0x3F, 0x00, 0x7C, 0x01, 0xE0, 0x07, 0x80, 0x1F, 0x00, 0xFC, 0x07, 0x38, 0x1C, 0x70, 0xE1,
    0xC7, 0x03, 0xBC, 0x07, 0xE0, 0x1D, 0xC0, 0xE3, 0x83, 0x8E, 0x1C, 0x1C, 0xE0, 0x73, 0x80, 0xFC,
    0x01, 0xF0, 0x07, 0x80, 0x0C, 0x00, 0x30, 0x00, 0xC0, 0x03, 0x00, 0x0C, 0x00, 0x30, 0x00, 0xC0,
    0xFF, 0xFF, 0xFC, 0x03, 0x80, 0xE0, 0x38, 0x07, 0x01, 0xC0, 0x70, 0x0E, 0x03, 0x80, 0x60, 0x1C,
    0x07, 0x00, 0xE0, 0x3F, 0xFF, 0xFF, 0xFF, 0xF1, 0x8C, 0x63, 0x18, 0xC6, 0x31, 0x8C, 0x63, 0x18,
    0xC6, 0x3F, 0xF0, 0xE0, 0xE0, 0x60, 0x60, 0x70, 0x30, 0x30, 0x30, 0x38, 0x18, 0x18, 0x18, 0x1C,
    0x0C, 0x0C, 0x0E, 0x0E, 0x06, 0x06, 0xFF, 0xCE, 0x73, 0x9C, 0xE7, 0x39, 0xCE, 0x73, 0x9C, 0xE7,
    0x39, 0xFF, 0xF0, 0x0C, 0x0F, 0x07, 0x87, 0xE3, 0x33, 0x9D, 0x86, 0xFF, 0xFF, 0xF0, 0xE7, 0x30,
    0x1F, 0x87, 0xF9, 0xC7, 0x10, 0x60, 0x1C, 0x7F, 0x9F, 0xF3, 0x86, 0x60, 0xCE, 0x39, 0xFF, 0x1F,
    0x60, 0xE0, 0x1C, 0x03, 0x80, 0x70, 0x0F, 0xF9, 0xFF, 0xBC, 0x77, 0x07, 0xE0, 0xFC, 0x1F, 0x83,
    0xF0, 0x7E, 0x0F, 0xE3, 0xBF, 0xF7, 0xFC, 0x3F, 0x1F, 0xE7, 0x1F, 0x83, 0xC0, 0x30, 0x0C, 0x03,
    0x00, 0xE0, 0xDC, 0x77, 0xF8, 0xFC, 0x00, 0xE0, 0x1C, 0x03, 0x80, 0x73, 0xEE, 0xFF, 0xFC, 0x7F,
    0x0F, 0xC0, 0xF8, 0x1F, 0x03, 0xE0, 0x7E, 0x1F, 0xE3, 0xDF, 0xF9, 0xF7, 0x3F, 0x0F, 0xF1, 0xC7,
    0x70, 0xEC, 0x0D, 0xFF, 0xBF, 0xF6, 0x00, 0xE0, 0x8E, 0x39, 0xFF, 0x1F, 0x80, 0x0E, 0x1F, 0x3E,
    0x38, 0x38, 0xFE, 0xFE, 0x38, 0x38, 0x38, 0x38, 0x38, 0x38, 0x38, 0x38, 0x38, 0x38, 0x3E, 0xEF,
    0xFF, 0xC7, 0xF0, 0xFC, 0x0F, 0x81, 0xF0, 0x3E, 0x07, 0xE1, 0xFE, 0x3D, 0xFF, 0x9F, 0x70, 0x0D,
    0xC3, 0x9F, 0xF1, 0xFC, 0xE0, 0x38, 0x0E, 0x03, 0x80, 0xFF, 0x3F, 0xEF, 0x1F, 0x87, 0xE1, 0xF8,
    0x7E, 0x1F, 0x87, 0xE1, 0xF8, 0x7E, 0x1F, 0x87, 0xFF, 0x81, 0xFF, 0xFF, 0xFF, 0xFF, 0xE0, 0x39,
    0xCE, 0x00, 0x1C, 0xE7, 0x39, 0xCE, 0x73, 0x9C, 0xE7, 0x39, 0xCF, 0xEF, 0x00, 0xE0, 0x1C, 0x03,
    0x80, 0x70, 0x0E, 0x1D, 0xC7, 0x39, 0xC7, 0x70, 0xFC, 0x1F, 0x83, 0xF0, 0x77, 0x0E, 0x71, 0xCF,
    0x38, 0xE7, 0x0E, 0xFF, 0xFF, 0xFF, 0xFF, 0xFF, 0xFF, 0xFF, 0x3E, 0xFF, 0xFE, 0xF3, 0xC7, 0xE1,
    0xC7, 0xE1, 0x87, 0xE1, 0x87, 0xE1, 0x87, 0xE1, 0x87, 0xE1, 0x87, 0xE1, 0x87, 0xE1, 0x87, 0xE1,
    0x87, 0xFF, 0x3F, 0xEF, 0x1F, 0x87, 0xE1, 0xF8, 0x7E, 0x1F, 0x87, 0xE1, 0xF8, 0x7E, 0x1F, 0x87,
    0x3F, 0x0F, 0xF1, 0xC7, 0x70, 0x6C, 0x0F, 0x81, 0xF0, 0x3E, 0x07, 0xE0, 0xCE, 0x39, 0xFE, 0x1F,
    0x80, 0xFF, 0x9F, 0xFB, 0xC7, 0x70, 0x7E, 0x0F, 0xC1, 0xF8, 0x3F, 0x07, 0xE0, 0xFE, 0x3B, 0xFF,
    0x7F, 0xCE, 0x01, 0xC0, 0x38, 0x07, 0x00, 0x3E, 0xEF, 0xFF, 0xC7, 0xF0, 0xFC, 0x0F, 0x81, 0xF0,
    0x3E, 0x07, 0xE1, 0xFE, 0x3D, 0xFF, 0x9F, 0x70, 0x0E, 0x01, 0xC0, 0x38, 0x07, 0xFF, 0xFF, 0xC7,
    0x0E, 0x1C, 0x38, 0x70, 0xE1, 0xC3, 0x87, 0x00, 0x3E, 0x3F, 0xB8, 0xFC, 0x2F, 0x03, 0xF0, 0xFE,
    0x07, 0xC1, 0xF1, 0xFF, 0xEF, 0xE0, 0x30, 0x60, 0xC7, 0xEF, 0xC6, 0x0C, 0x18, 0x30, 0x60, 0xC1,
    0x83, 0x07, 0x87, 0x80, 0xE1, 0xF8, 0x7E, 0x1F, 0x87, 0xE1, 0xF8, 0x7E, 0x1F, 0x87, 0xE1, 0xDC,
    0xF7, 0xFC, 0xFB, 0xE0, 0x66, 0x0E, 0x70, 0xE7, 0x0C, 0x31, 0xC3, 0x9C, 0x19, 0x81, 0xB8, 0x1F,
    0x00, 0xF0, 0x0F, 0x00, 0xE0, 0xE1, 0xC3, 0xB0, 0xE1, 0x9C, 0x79, 0xCE, 0x7C, 0xE3, 0x36, 0x61,
    0x9B, 0x30, 0xED, 0xF8, 0x7E, 0xFC, 0x1E, 0x3C, 0x0F, 0x1E, 0x07, 0x8F, 0x01, 0x83, 0x00, 0x70,
    0xEE, 0x38, 0xE6, 0x0D, 0xC1, 0xF0, 0x1C, 0x03, 0x80, 0xF8, 0x1B, 0x87, 0x31, 0xC7, 0x38, 0x70,
    0xE0, 0x66, 0x0E, 0x70, 0xE7, 0x0C, 0x31, 0xC3, 0x98, 0x1B, 0x81, 0xF8, 0x1F, 0x00, 0xF0, 0x0F,
    0x00, 0xE0, 0x0E, 0x00, 0xC0, 0x7C, 0x07, 0x80, 0xFF, 0xBF, 0xE0, 0x38, 0x1C, 0x0E, 0x03, 0x81,
    0xC0, 0xE0, 0x78, 0x1C, 0x0F, 0xFF, 0xFF, 0x0E, 0x3C, 0x79, 0xC3, 0x87, 0x0E, 0x1C, 0x39, 0xE3,
    0xC3, 0x83, 0x87, 0x0E, 0x1C, 0x38, 0x70, 0x70, 0xF0, 0xE0, 0xFF, 0xFF, 0xFF, 0xFF, 0xFF, 0xFF,
    0xFF, 0xFF, 0xFF, 0xFC, 0xC1, 0xE3, 0xC1, 0x83, 0x87, 0x0E, 0x1C, 0x38, 0x3C, 0x79, 0xE3, 0x87,
    0x0E, 0x1C, 0x38, 0x61, 0xC7, 0x8E, 0x00, 0x7C, 0x67, 0xE6, 0xE7, 0xEE, 0x3C, 0x6F, 0x60, 0x06,
    0x66, 0x66, 0x66, 0x66, 0x66, 0x0C, 0x03, 0x03, 0xF1, 0xFE, 0x7D, 0xFB, 0x3E, 0xC3, 0x30, 0xCC,
    0x33, 0x0E, 0xCF, 0xB7, 0x7F, 0x8F, 0xE0, 0xC0, 0x30, 0x1F, 0x87, 0xF8, 0xE7, 0xB8, 0x77, 0x00,
    0xE0, 0x1C, 0x07, 0xFC, 0xFF, 0x8E, 0x01, 0xC0, 0x38, 0x07, 0x06, 0xE1, 0xFF, 0xFF, 0xFE, 0x00,
    0x07, 0xFE, 0xFF, 0xFE, 0xF1, 0xE7, 0x07, 0x70, 0x1F, 0x80, 0xFC, 0x07, 0xE0, 0x3F, 0x01, 0xDC,
    0x1C, 0xF1, 0xEF, 0xFF, 0xAF, 0xEC, 0xE0, 0xE6, 0x0E, 0x70, 0xC3, 0x1C, 0x39, 0x83, 0xB8, 0x1F,
    0x81, 0xF0, 0x7F, 0xC7, 0xFC, 0x0E, 0x07, 0xFC, 0x7F, 0xC0, 0xE0, 0x0E, 0x00, 0xE0, 0x6D, 0xB6,
    0xD8, 0x00, 0x36, 0xDB, 0x6C, 0x3F, 0x1F, 0xC7, 0x39, 0x86, 0x70, 0x0E, 0x07, 0xE3, 0xFC, 0xC7,
    0xB0, 0x76, 0x0D, 0xE7, 0x1F, 0x83, 0xC0, 0x39, 0x8E, 0x63, 0x9F, 0xE3, 0xF0, 0x66, 0xF7, 0x67,
    0x07, 0xF0, 0x0F, 0xFE, 0x0F, 0x07, 0x87, 0x7D, 0xC7, 0x7F, 0x73, 0x7B, 0xDB, 0xB8, 0xEF, 0xD8,
    0x07, 0xEC, 0x03, 0xF7, 0x1D, 0xDB, 0xDE, 0xCE, 0xFE, 0xE3, 0xBE, 0xE1, 0xE0, 0xF0, 0x7F, 0xF0,
    0x0F, 0xE0, 0x3E, 0x3F, 0x98, 0xE3, 0xF7, 0xFF, 0x9F, 0x8E, 0xFF, 0x7F, 0x80, 0x1D, 0xC7, 0x38,
    0xEE, 0x3B, 0x8E, 0xE1, 0xDC, 0x1D, 0xC1, 0xDC, 0x39, 0xC3, 0xB8, 0xFF, 0xFF, 0xC0, 0x60, 0x30,
    0x18, 0x1F, 0x03, 0xFC, 0x79, 0xEE, 0x06, 0xDF, 0x7D, 0xBB, 0xDB, 0xBD, 0xF3, 0xDB, 0x3E, 0x9F,
    0x70, 0xE3, 0xFC, 0x1F, 0x80, 0xFF, 0xF0, 0x7C, 0x7E, 0xE6, 0xC7, 0xE6, 0x7E, 0x7C, 0x0C, 0x03,
    0x00, 0xC3, 0xFF, 0xFF, 0xC3, 0x00, 0xC0, 0x30, 0x00, 0x3F, 0xFF, 0xFC, 0x7C, 0xFE, 0xC6, 0x0E,
    0x1E, 0x3C, 0x78, 0xFE, 0xFE, 0x7C, 0xFE, 0xC6, 0x0E, 0x3C, 0x1E, 0xC7, 0xFE, 0x7E, 0x73, 0x98,
    0xE1, 0xCE, 0x1C, 0xE1, 0xCE, 0x1C, 0xE1, 0xCE, 0x1C, 0xE1, 0xCE, 0x1C, 0xE1, 0xCF, 0x1C, 0xFF,
    0xEF, 0xFE, 0xE0, 0x0E, 0x00, 0xE0, 0x0E, 0x00, 0x3F, 0xDF, 0xFF, 0xDF, 0xF7, 0xFD, 0xFF, 0x7F,
    0xDF, 0xF7, 0x7D, 0xCF, 0x70, 0x1C, 0x07, 0x01, 0xC0, 0x70, 0x1C, 0x07, 0x6F, 0x60, 0x63, 0x9C,
    0x6F, 0x20, 0x77, 0xBC, 0x63, 0x18, 0xC6, 0x30, 0x3F, 0x1F, 0xE6, 0x19, 0x87, 0xE1, 0xD8, 0x76,
    0x19, 0xFE, 0x3F, 0x00, 0x77, 0x03, 0xB8, 0x3B, 0xC1, 0xDC, 0x0E, 0xE0, 0xEE, 0x1D, 0xC3, 0xBC,
    0x3B, 0x87, 0x70, 0x78, 0x0C, 0xF8, 0x18, 0xF8, 0x38, 0x38, 0x30, 0x38, 0x70, 0x38, 0xE0, 0x38,
    0xC0, 0x39, 0xCE, 0x3B, 0x8E, 0x03, 0x1E, 0x07, 0x1E, 0x0E, 0x36, 0x0C, 0x7E, 0x1C, 0x7F, 0x38,
    0x7F, 0x30, 0x06, 0x78, 0x0C, 0x7C, 0x0C, 0x3E, 0x0E, 0x07, 0x06, 0x03, 0x87, 0x01, 0xC7, 0x00,
    0xE3, 0x00, 0x73, 0x9E, 0x3B, 0x9F, 0x81, 0x8D, 0xC1, 0xC0, 0xE1, 0xC0, 0xE0, 0xC0, 0x60, 0xE0,
    0x60, 0xE0, 0x7E, 0x60, 0x3F, 0x78, 0x0E, 0x7E, 0x06, 0x33, 0x06, 0x03, 0x87, 0x03, 0x83, 0x01,
    0xE3, 0x80, 0x33, 0x81, 0xF9, 0x8E, 0x7D, 0xCF, 0x01, 0xC7, 0x80, 0xC7, 0xC0, 0xE3, 0x60, 0xE3,
    0xF0, 0x61, 0xFC, 0x70, 0xFE, 0x70, 0x06, 0x1C, 0x0F, 0x07, 0x00, 0x00, 0x00, 0xE0, 0x70, 0x78,
    0x78, 0x78, 0x38, 0x18, 0x2C, 0x3F, 0x1D, 0xFC, 0x7C, 0x0E, 0x00, 0x1C, 0x00, 0x30, 0x00, 0x00,
    0x07, 0x80, 0x1E, 0x00, 0x7C, 0x03, 0xF0, 0x0E, 0xC0, 0x33, 0x81, 0xCE, 0x07, 0x38, 0x1C, 0x70,
    0xE1, 0xC3, 0xFF, 0x0F, 0xFE, 0x70, 0x39, 0xC0, 0x66, 0x01, 0xF8, 0x07, 0x01, 0xC0, 0x06, 0x00,
    0x38, 0x00, 0x00, 0x07, 0x80, 0x1E, 0x00, 0x7C, 0x03, 0xF0, 0x0E, 0xC0, 0x33, 0x81, 0xCE, 0x07,
    0x38, 0x1C, 0x70, 0xE1, 0xC3, 0xFF, 0x0F, 0xFE, 0x70, 0x39, 0xC0, 0x66, 0x01, 0xF8, 0x07, 0x07,
    0x80, 0x1F, 0x00, 0xEC, 0x00, 0x00, 0x00, 0x00, 0x1E, 0x00, 0x78, 0x01, 0xF0, 0x0F, 0xC0, 0x3B,
    0x00, 0xCE, 0x07, 0x38, 0x1C, 0xE0, 0x71, 0xC3, 0x87, 0x0F, 0xFC, 0x3F, 0xF9, 0xC0, 0xE7, 0x01,
    0x98, 0x07, 0xE0, 0x1C, 0x00, 0x00, 0x3F, 0x00, 0xFC, 0x03, 0x20, 0x00, 0x00, 0x1E, 0x00, 0x78,
    0x01, 0xF0, 0x0F, 0xC0, 0x3B, 0x00, 0xCE, 0x07, 0x38, 0x1C, 0xE0, 0x71, 0xC3, 0x87, 0x0F, 0xFC,
    0x3F, 0xF9, 0xC0, 0xE7, 0x01, 0x98, 0x07, 0xE0, 0x1C, 0x0C, 0xE0, 0x3B, 0x80, 0xCE, 0x00, 0x00,
    0x00, 0x00, 0x1E, 0x00, 0x78, 0x01, 0xF0, 0x0F, 0xC0, 0x3B, 0x00, 0xCE, 0x07, 0x38, 0x1C, 0xE0,
    0x71, 0xC3, 0x87, 0x0F, 0xFC, 0x3F, 0xF9, 0xC0, 0xE7, 0x01, 0x98, 0x07, 0xE0, 0x1C, 0x03, 0x80,
    0x1F, 0x00, 0xEC, 0x03, 0x30, 0x0F, 0xC0, 0x1E, 0x00, 0x78, 0x01, 0xE0, 0x07, 0xC0, 0x3F, 0x00,
    0xEC, 0x03, 0x38, 0x1C, 0xE0, 0x73, 0x81, 0xC7, 0x0E, 0x1C, 0x3F, 0xF0, 0xFF, 0xE7, 0x03, 0x9C,
    0x06, 0x60, 0x1F, 0x80, 0x70, 0x01, 0xFF, 0xF0, 0x1F, 0xFF, 0x03, 0xB0, 0x00, 0x3B, 0x00, 0x07,
    0x30, 0x00, 0x73, 0x00, 0x0E, 0x30, 0x00, 0xE3, 0xFE, 0x0C, 0x3F, 0xE1, 0xC3, 0x00, 0x1F, 0xF0,
    0x03, 0xFF, 0x00, 0x38, 0x30, 0x07, 0x03, 0x00, 0x70, 0x3F, 0xFE, 0x03, 0xFF, 0x0F, 0xC0, 0xFF,
    0xC7, 0x87, 0x1C, 0x0E, 0xE0, 0x1B, 0x80, 0x0E, 0x00, 0x38, 0x00, 0xE0, 0x03, 0x80, 0x0E, 0x00,
    0x38, 0x06, 0x70, 0x39, 0xE1, 0xC3, 0xFF, 0x03, 0xF0, 0x03, 0x80, 0x0F, 0x00, 0x0C, 0x01, 0xE0,
    0x02, 0x00, 0x18, 0x03, 0x80, 0x30, 0x00, 0x0F, 0xFD, 0xFF, 0xB8, 0x07, 0x00, 0xE0, 0x1C, 0x03,
    0x80, 0x7F, 0xEF, 0xFD, 0xC0, 0x38, 0x07, 0x00, 0xE0, 0x1C, 0x03, 0xFF, 0x7F, 0xF0, 0x07, 0x00,
    0xE0, 0x18, 0x00, 0x0F, 0xFD, 0xFF, 0xB8, 0x07, 0x00, 0xE0, 0x1C, 0x03, 0x80, 0x7F, 0xEF, 0xFD,
    0xC0, 0x38, 0x07, 0x00, 0xE0, 0x1C, 0x03, 0xFF, 0x7F, 0xF0, 0x0E, 0x03, 0xE0, 0xEE, 0x00, 0x00,
    0x01, 0xFF, 0xBF, 0xF7, 0x00, 0xE0, 0x1C, 0x03, 0x80, 0x70, 0x0F, 0xFD, 0xFF, 0xB8, 0x07, 0x00,
    0xE0, 0x1C, 0x03, 0x80, 0x7F, 0xEF, 0xFE, 0x3B, 0x87, 0x70, 0xEE, 0x00, 0x00, 0x01, 0xFF, 0xBF,
    0xF7, 0x00, 0xE0, 0x1C, 0x03, 0x80, 0x70, 0x0F, 0xFD, 0xFF, 0xB8, 0x07, 0x00, 0xE0, 0x1C, 0x03,
    0x80, 0x7F, 0xEF, 0xFE, 0xE6, 0x70, 0x77, 0x77, 0x77, 0x77, 0x77, 0x77, 0x77, 0x77, 0x3B, 0x98,
    0x0E, 0x73, 0x9C, 0xE7, 0x39, 0xCE, 0x73, 0x9C, 0xE7, 0x39, 0xC0, 0x3C, 0x7C, 0xEE, 0x00, 0x00,
    0x38, 0x38, 0x38, 0x38, 0x38, 0x38, 0x38, 0x38, 0x38, 0x38, 0x38, 0x38, 0x38, 0x38, 0x38, 0x38,
    0xE6, 0xEE, 0xE6, 0x00, 0x00, 0x38, 0x38, 0x38, 0x38, 0x38, 0x38, 0x38, 0x38, 0x38, 0x38, 0x38,
    0x38, 0x38, 0x38, 0x38, 0x38, 0x3F, 0xE0, 0x7F, 0xE0, 0xC1, 0xE1, 0x81, 0xE3, 0x01, 0xC6, 0x01,
    0x8C, 0x03, 0x7F, 0x86, 0xFF, 0x0C, 0x60, 0x18, 0xC0, 0x71, 0x80, 0xE3, 0x03, 0x86, 0x0F, 0x0F,
    0xFC, 0x1F, 0xF0, 0x00, 0x00, 0x7E, 0x03, 0xF0, 0x11, 0x00, 0x00, 0x78, 0x0F, 0xC0, 0x7F, 0x03,
    0xFC, 0x1F, 0xE0, 0xFB, 0x87, 0xDC, 0x3E, 0x71, 0xF1, 0xCF, 0x8E, 0x7C, 0x3B, 0xE1, 0xDF, 0x07,
    0xF8, 0x1F, 0xC0, 0xFE, 0x03, 0x80, 0x0E, 0x00, 0x18, 0x00, 0x30, 0x00, 0x00, 0x0F, 0xC0, 0xFF,
    0xC7, 0x87, 0x1C, 0x0E, 0xE0, 0x1B, 0x80, 0x7E, 0x01, 0xF8, 0x07, 0xE0, 0x1F, 0x80, 0x7E, 0x01,
    0xF8, 0x06, 0x70, 0x39, 0xE1, 0xC3, 0xFF, 0x03, 0xF0, 0x01, 0xC0, 0x0E, 0x00, 0x30, 0x00, 0x00,
    0x0F, 0xC0, 0xFF, 0xC7, 0x87, 0x1C, 0x0E, 0xE0, 0x1B, 0x80, 0x7E, 0x01, 0xF8, 0x07, 0xE0, 0x1F,
    0x80, 0x7E, 0x01, 0xF8, 0x06, 0x70, 0x39, 0xE1, 0xC3, 0xFF, 0x03, 0xF0, 0x07, 0x80, 0x3E, 0x00,
    0xCC, 0x00, 0x00, 0x00, 0x00, 0x3F, 0x03, 0xFF, 0x1E, 0x1C, 0x70, 0x3B, 0x80, 0x6E, 0x01, 0xF8,
    0x07, 0xE0, 0x1F, 0x80, 0x7E, 0x01, 0xF8, 0x07, 0xE0, 0x19, 0xC0, 0xE7, 0x87, 0x0F, 0xFC, 0x0F,
    0xC0, 0x00, 0x00, 0x3F, 0x00, 0xFC, 0x02, 0x20, 0x00, 0x00, 0x3F, 0x03, 0xFF, 0x1E, 0x1C, 0x70,
    0x3B, 0x80, 0x6E, 0x01, 0xF8, 0x07, 0xE0, 0x1F, 0x80, 0x7E, 0x01, 0xF8, 0x07, 0xE0, 0x19, 0xC0,
    0xE7, 0x87, 0x0F, 0xFC, 0x0F, 0xC0, 0x0C, 0xC0, 0x73, 0x80, 0xCC, 0x00, 0x00, 0x00, 0x00, 0x3F,
    0x03, 0xFF, 0x1E, 0x1C, 0x70, 0x3B, 0x80, 0x6E, 0x01, 0xF8, 0x07, 0xE0, 0x1F, 0x80, 0x7E, 0x01,
    0xF8, 0x07, 0xE0, 0x19, 0xC0, 0xE7, 0x87, 0x0F, 0xFC, 0x0F, 0xC0, 0x40, 0xB8, 0x77, 0x38, 0xFC,
    0x1E, 0x07, 0x83, 0xF1, 0xCE, 0xE1, 0xF0, 0x20, 0x0F, 0xD0, 0xFF, 0xE7, 0x87, 0x9C, 0x1E, 0xE0,
    0xFB, 0x83, 0x7E, 0x1D, 0xF8, 0xE7, 0xE3, 0x1F, 0x9C, 0x7E, 0xE1, 0xFF, 0x06, 0x7C, 0x39, 0xE1,
    0xC7, 0xFF, 0x1F, 0xF0, 0x20, 0x00, 0x0E, 0x00, 0x30, 0x01, 0xC0, 0x00, 0x0E, 0x03, 0xF0, 0x1F,
    0x80, 0xFC, 0x07, 0xE0, 0x3F, 0x01, 0xF8, 0x0F, 0xC0, 0x7E, 0x03, 0xF0, 0x1F, 0x80, 0xEC, 0x07,
    0x70, 0x3B, 0xC3, 0x8F, 0xF8, 0x3F, 0x80, 0x01, 0xC0, 0x1C, 0x00, 0xC0, 0x00, 0x0E, 0x03, 0xF0,
    0x1F, 0x80, 0xFC, 0x07, 0xE0, 0x3F, 0x01, 0xF8, 0x0F, 0xC0, 0x7E, 0x03, 0xF0, 0x1F, 0x80, 0xEC,
    0x07, 0x70, 0x3B, 0xC3, 0x8F, 0xF8, 0x3F, 0x80, 0x07, 0x00, 0x7C, 0x07, 0x70, 0x00, 0x00, 0x00,
    0x70, 0x1F, 0x80, 0xFC, 0x07, 0xE0, 0x3F, 0x01, 0xF8, 0x0F, 0xC0, 0x7E, 0x03, 0xF0, 0x1F, 0x80,
    0xFC, 0x07, 0x60, 0x3B, 0x81, 0xDE, 0x1C, 0x7F, 0xC1, 0xFC, 0x00, 0x1C, 0xC0, 0xEE, 0x07, 0x30,
    0x00, 0x00, 0x00, 0x70, 0x1F, 0x80, 0xFC, 0x07, 0xE0, 0x3F, 0x01, 0xF8, 0x0F, 0xC0, 0x7E, 0x03,
    0xF0, 0x1F, 0x80, 0xFC, 0x07, 0x60, 0x3B, 0x81, 0xDE, 0x1C, 0x7F, 0xC1, 0xFC, 0x00, 0x01, 0xC0,
    0x06, 0x00, 0x38, 0x00, 0x00, 0xE0, 0x1D, 0xC0, 0xE3, 0x83, 0x8E, 0x1C, 0x1C, 0xE0, 0x73, 0x80,
    0xFC, 0x01, 0xF0, 0x07, 0x80, 0x0C, 0x00, 0x30, 0x00, 0xC0, 0x03, 0x00, 0x0C, 0x00, 0x30, 0x00,
    0xC0, 0xE0, 0x1C, 0x03, 0x80, 0x7F, 0x8F, 0xFD, 0xC7, 0xB8, 0x3F, 0x07, 0xE0, 0xFC, 0x1F, 0x8F,
    0x7F, 0xEF, 0xF1, 0xC0, 0x38, 0x07, 0x00, 0x3F, 0x0F, 0xF1, 0xC7, 0x30, 0xEE, 0x1D, 0xC3, 0xB8,
    0xE7, 0x78, 0xEF, 0xDC, 0x3F, 0x83, 0xF0, 0x7E, 0x0F, 0xC1, 0xFB, 0xF7, 0x7C, 0x1C, 0x01, 0x80,
    0x38, 0x00, 0x01, 0xF8, 0x7F, 0x9C, 0x71, 0x06, 0x01, 0xC7, 0xF9, 0xFF, 0x38, 0x66, 0x0C, 0xE3,
    0x9F, 0xF1, 0xF6, 0x03, 0x00, 0xE0, 0x18, 0x00, 0x01, 0xF8, 0x7F, 0x9C, 0x71, 0x06, 0x01, 0xC7,
    0xF9, 0xFF, 0x38, 0x66, 0x0C, 0xE3, 0x9F, 0xF1, 0xF6, 0x0E, 0x03, 0xE0, 0xEE, 0x00, 0x00, 0x00,
    0x3F, 0x0F, 0xF3, 0x8E, 0x20, 0xC0, 0x38, 0xFF, 0x3F, 0xE7, 0x0C, 0xC1, 0x9C, 0x73, 0xFE, 0x3E,
    0xC0, 0x00, 0x03, 0xF0, 0xFE, 0x08, 0x00, 0x00, 0x3F, 0x0F, 0xF3, 0x8E, 0x20, 0xC0, 0x38, 0xFF,
    0x3F, 0xE7, 0x0C, 0xC1, 0x9C, 0x73, 0xFE, 0x3E, 0xC0, 0x39, 0x87, 0x70, 0xE6, 0x00, 0x00, 0x00,
    0x3F, 0x0F, 0xF3, 0x8E, 0x20, 0xC0, 0x38, 0xFF, 0x3F, 0xE7, 0x0C, 0xC1, 0x9C, 0x73, 0xFE, 0x3E,
    0xC0, 0x0E, 0x03, 0xE0, 0x6E, 0x0D, 0xC1, 0xF0, 0x1E, 0x00, 0x00, 0xFC, 0x3F, 0xCE, 0x38, 0x83,
    0x00, 0xE3, 0xFC, 0xFF, 0x9C, 0x33, 0x06, 0x71, 0xCF, 0xF8, 0xFB, 0x00, 0x1F, 0xBF, 0x07, 0xFF,
    0xF1, 0xC7, 0xC7, 0x10, 0x70, 0xE0, 0x0C, 0x0C, 0x7F, 0xFF, 0x9F, 0xFF, 0xF3, 0x86, 0x00, 0x60,
    0xE0, 0x8E, 0x3E, 0x39, 0xFF, 0xFF, 0x1F, 0x9F, 0x80, 0x3F, 0x1F, 0xE7, 0x1F, 0x83, 0xC0, 0x30,
    0x0C, 0x03, 0x00, 0xE0, 0xDC, 0x77, 0xF8, 0xFC, 0x0E, 0x01, 0xC0, 0x30, 0x3C, 0x08, 0x00, 0x38,
    0x03, 0x80, 0x30, 0x00, 0x03, 0xF0, 0xFF, 0x1C, 0x77, 0x0E, 0xC0, 0xDF, 0xFB, 0xFF, 0x60, 0x0E,
    0x08, 0xE3, 0x9F, 0xF1, 0xF8, 0x07, 0x00, 0xC0, 0x38, 0x00, 0x03, 0xF0, 0xFF, 0x1C, 0x77, 0x0E,
    0xC0, 0xDF, 0xFB, 0xFF, 0x60, 0x0E, 0x08, 0xE3, 0x9F, 0xF1, 0xF8, 0x1E, 0x03, 0xE0, 0xEC, 0x00,
    0x00, 0x00, 0x7E, 0x1F, 0xE3, 0x8E, 0xE1, 0xD8, 0x1B, 0xFF, 0x7F, 0xEC, 0x01, 0xC1, 0x1C, 0x73,
    0xFE, 0x3F, 0x00, 0x33, 0x0F, 0x70, 0xCE, 0x00, 0x00, 0x00, 0x7E, 0x1F, 0xE3, 0x8E, 0xE1, 0xD8,
    0x1B, 0xFF, 0x7F, 0xEC, 0x01, 0xC1, 0x1C, 0x73, 0xFE, 0x3F, 0x00, 0x73, 0x8C, 0x03, 0x9C, 0xE7,
    0x39, 0xCE, 0x73, 0x9C, 0xE7, 0x33, 0x98, 0x0E, 0x73, 0x9C, 0xE7, 0x39, 0xCE, 0x73, 0x9C, 0x38,
    0xFB, 0xB8, 0x00, 0x07, 0x0E, 0x1C, 0x38, 0x70, 0xE1, 0xC3, 0x87, 0x0E, 0x1C, 0x38, 0xEF, 0xDF,
    0xB8, 0x00, 0x07, 0x0E, 0x1C, 0x38, 0x70, 0xE1, 0xC3, 0x87, 0x0E, 0x1C, 0x38, 0x10, 0x07, 0x30,
    0x7E, 0x0F, 0x83, 0xF0, 0x47, 0x07, 0xE3, 0xFE, 0x73, 0xDC, 0x3B, 0x83, 0x60, 0x6C, 0x0D, 0x81,
    0xB8, 0x77, 0x8E, 0x7F, 0x87, 0xE0, 0x00, 0x0F, 0xC3, 0xF0, 0x88, 0x00, 0x3F, 0xCF, 0xFB, 0xC7,
    0xE1, 0xF8, 0x7E, 0x1F, 0x87, 0xE1, 0xF8, 0x7E, 0x1F, 0x87, 0xE1, 0xC0, 0x38, 0x03, 0x80, 0x30,
    0x00, 0x03, 0xF0, 0xFF, 0x1C, 0x77, 0x06, 0xC0, 0xF8, 0x1F, 0x03, 0xE0, 0x7E, 0x0C, 0xE3, 0x9F,
    0xE1, 0xF8, 0x07, 0x00, 0xC0, 0x38, 0x00, 0x03, 0xF0, 0xFF, 0x1C, 0x77, 0x06, 0xC0, 0xF8, 0x1F,
    0x03, 0xE0, 0x7E, 0x0C, 0xE3, 0x9F, 0xE1, 0xF8, 0x1E, 0x03, 0xE0, 0xEE, 0x00, 0x00, 0x00, 0x7E,
    0x1F, 0xE3, 0x8E, 0xE0, 0xD8, 0x1F, 0x03, 0xE0, 0x7C, 0x0F, 0xC1, 0x9C, 0x73, 0xFC, 0x3F, 0x00,
    0x00, 0x07, 0xE0, 0xFC, 0x19, 0x00, 0x00, 0x7E, 0x1F, 0xE3, 0x8E, 0xE0, 0xD8, 0x1F, 0x03, 0xE0,
    0x7C, 0x0F, 0xC1, 0x9C, 0x73, 0xFC, 0x3F, 0x00, 0x33, 0x87, 0x70, 0xCE, 0x00, 0x00, 0x00, 0x7E,
    0x1F, 0xE3, 0x8E, 0xE0, 0xD8, 0x1F, 0x03, 0xE0, 0x7C, 0x0F, 0xC1, 0x9C, 0x73, 0xFC, 0x3F, 0x00,
    0x1C, 0x07, 0x80, 0xC0, 0x00, 0xFF, 0xFF, 0xF0, 0x00, 0x00, 0x1C, 0x07, 0x80, 0xC0, 0x1F, 0xA3,
    0xFF, 0x38, 0xE7, 0x1E, 0x63, 0xF6, 0x37, 0x66, 0x76, 0xE7, 0x7C, 0x63, 0x8E, 0x7F, 0xC7, 0xF8,
    0x40, 0x00, 0x38, 0x07, 0x00, 0xC0, 0x00, 0xE1, 0xF8, 0x7E, 0x1F, 0x87, 0xE1, 0xF8, 0x7E, 0x1F,
    0x87, 0xE1, 0xDC, 0xF7, 0xFC, 0xFB, 0x07, 0x01, 0x80, 0xE0, 0x00, 0xE1, 0xF8, 0x7E, 0x1F, 0x87,
    0xE1, 0xF8, 0x7E, 0x1F, 0x87, 0xE1, 0xDC, 0xF7, 0xFC, 0xFB, 0x1E, 0x07, 0xC3, 0xB0, 0x00, 0x00,
    0x38, 0x7E, 0x1F, 0x87, 0xE1, 0xF8, 0x7E, 0x1F, 0x87, 0xE1, 0xF8, 0x77, 0x3D, 0xFF, 0x3E, 0xC0,
    0x33, 0x1E, 0xE3, 0x38, 0x00, 0x00, 0x38, 0x7E, 0x1F, 0x87, 0xE1, 0xF8, 0x7E, 0x1F, 0x87, 0xE1,
    0xF8, 0x77, 0x3D, 0xFF, 0x3E, 0xC0, 0x03, 0x80, 0x70, 0x06, 0x00, 0x00, 0xE0, 0x66, 0x0E, 0x70,
    0xE7, 0x0C, 0x31, 0xC3, 0x98, 0x1B, 0x81, 0xF8, 0x1F, 0x00, 0xF0, 0x0F, 0x00, 0xE0, 0x0E, 0x00,
    0xC0, 0x7C, 0x07, 0x80, 0xE0, 0x1C, 0x03, 0x80, 0x70, 0x0F, 0xF9, 0xFF, 0xBC, 0x77, 0x07, 0xE0,
    0xFC, 0x1F, 0x83, 0xF0, 0x7E, 0x0F, 0xE3, 0xBF, 0xF7, 0xFC, 0xE0, 0x1C, 0x03, 0x80, 0x70, 0x00,
    0x19, 0x83, 0xBC, 0x39, 0x80, 0x00, 0x00, 0x0E, 0x06, 0x60, 0xE7, 0x0E, 0x70, 0xC3, 0x1C, 0x39,
    0x81, 0xB8, 0x1F, 0x81, 0xF0, 0x0F, 0x00, 0xF0, 0x0E, 0x00, 0xE0, 0x0C, 0x07, 0xC0, 0x78, 0x00,
    0x0F, 0xC0, 0x3F, 0x00, 0x00, 0x00, 0x00, 0x07, 0x80, 0x1E, 0x00, 0x7C, 0x03, 0xF0, 0x0E, 0xC0,
    0x33, 0x81, 0xCE, 0x07, 0x38, 0x1C, 0x70, 0xE1, 0xC3, 0xFF, 0x0F, 0xFE, 0x70, 0x39, 0xC0, 0x66,
    0x01, 0xF8, 0x07, 0x1F, 0x87, 0xF0, 0x00, 0x00, 0x01, 0xF8, 0x7F, 0x9C, 0x71, 0x06, 0x01, 0xC7,
    0xF9, 0xFF, 0x38, 0x66, 0x0C, 0xE3, 0x9F, 0xF1, 0xF6, 0x0C, 0xC0, 0x3F, 0x00, 0x78, 0x00, 0x00,
    0x00, 0x00, 0x1E, 0x00, 0x78, 0x01, 0xF0, 0x0F, 0xC0, 0x3B, 0x00, 0xCE, 0x07, 0x38, 0x1C, 0xE0,
    0x71, 0xC3, 0x87, 0x0F, 0xFC, 0x3F, 0xF9, 0xC0, 0xE7, 0x01, 0x98, 0x07, 0xE0, 0x1C, 0x39, 0x83,
    0xF0, 0x7C, 0x00, 0x00, 0x00, 0x3F, 0x0F, 0xF3, 0x8E, 0x20, 0xC0, 0x38, 0xFF, 0x3F, 0xE7, 0x0C,
    0xC1, 0x9C, 0x73, 0xFE, 0x3E, 0xC0, 0x07, 0x80, 0x0F, 0x00, 0x1F, 0x00, 0x7E, 0x00, 0xEC, 0x01,
    0x9C, 0x07, 0x38, 0x0E, 0x70, 0x1C, 0x70, 0x70, 0xE0, 0xFF, 0xC1, 0xFF, 0xC7, 0x03, 0x8E, 0x03,
    0x18, 0x07, 0x70, 0x0E, 0x00, 0x38, 0x00, 0x70, 0x00, 0xF8, 0x00, 0xF0, 0x1F, 0x87, 0xF9, 0xC7,
    0x10, 0x60, 0x1C, 0x7F, 0x9F, 0xF3, 0x86, 0x60, 0xCE, 0x39, 0xFF, 0x1F, 0xE0, 0x18, 0x07, 0x00,
    0xF8, 0x0F, 0x01, 0xC0, 0x0E, 0x00, 0x30, 0x00, 0x00, 0x0F, 0xC0, 0xFF, 0xC7, 0x87, 0x1C, 0x0E,
    0xE0, 0x1B, 0x80, 0x0E, 0x00, 0x38, 0x00, 0xE0, 0x03, 0x80, 0x0E, 0x00, 0x38, 0x06, 0x70, 0x39,
    0xE1, 0xC3, 0xFF, 0x03, 0xF0, 0x07, 0x01, 0x80, 0xE0, 0x00, 0x3F, 0x1F, 0xE7, 0x1F, 0x83, 0xC0,
    0x30, 0x0C, 0x03, 0x00, 0xE0, 0xDC, 0x77, 0xF8, 0xFC, 0x07, 0x80, 0x3E, 0x00, 0xCC, 0x00, 0x00,
    0x00, 0x00, 0x3F, 0x03, 0xFF, 0x1E, 0x1C, 0x70, 0x3B, 0x80, 0x6E, 0x00, 0x38, 0x00, 0xE0, 0x03,
    0x80, 0x0E, 0x00, 0x38, 0x00, 0xE0, 0x19, 0xC0, 0xE7, 0x87, 0x0F, 0xFC, 0x0F, 0xC0, 0x1E, 0x07,
    0xC3, 0xB8, 0x00, 0x00, 0x0F, 0xC7, 0xF9, 0xC7, 0xE0, 0xF0, 0x0C, 0x03, 0x00, 0xC0, 0x38, 0x37,
    0x1D, 0xFE, 0x3F, 0x00, 0x03, 0x00, 0x1E, 0x00, 0x30, 0x00, 0x00, 0x00, 0x00, 0x3F, 0x03, 0xFF,
    0x1E, 0x1C, 0x70, 0x3B, 0x80, 0x6E, 0x00, 0x38, 0x00, 0xE0, 0x03, 0x80, 0x0E, 0x00, 0x38, 0x00,
    0xE0, 0x19, 0xC0, 0xE7, 0x87, 0x0F, 0xFC, 0x0F, 0xC0, 0x0C, 0x03, 0x80, 0xE0, 0x00, 0x00, 0x0F,
    0xC7, 0xF9, 0xC7, 0xE0, 0xF0, 0x0C, 0x03, 0x00, 0xC0, 0x38, 0x37, 0x1D, 0xFE, 0x3F, 0x00, 0x0C,
    0xC0, 0x3F, 0x00, 0x78, 0x00, 0x00, 0x00, 0x00, 0x3F, 0x03, 0xFF, 0x1E, 0x1C, 0x70, 0x3B, 0x80,
    0x6E, 0x00, 0x38, 0x00, 0xE0, 0x03, 0x80, 0x0E, 0x00, 0x38, 0x00, 0xE0, 0x19, 0xC0, 0xE7, 0x87,
    0x0F, 0xFC, 0x0F, 0xC0, 0x3B, 0x87, 0xC0, 0xE0, 0x00, 0x00, 0x0F, 0xC7, 0xF9, 0xC7, 0xE0, 0xF0,
    0x0C, 0x03, 0x00, 0xC0, 0x38, 0x37, 0x1D, 0xFE, 0x3F, 0x00, 0x3B, 0x80, 0xF8, 0x03, 0x80, 0x00,
    0x00, 0x00, 0x7F, 0xC3, 0xFF, 0x9C, 0x1E, 0xE0, 0x77, 0x01, 0xF8, 0x0F, 0xC0, 0x7E, 0x01, 0xF0,
    0x0F, 0x80, 0xFC, 0x07, 0xE0, 0x3F, 0x03, 0xB8, 0x3D, 0xFF, 0xCF, 0xF8, 0x00, 0x00, 0x1C, 0x03,
    0xF0, 0x0F, 0x80, 0x3E, 0x00, 0xE0, 0xFB, 0x87, 0xFE, 0x3C, 0x78, 0xE1, 0xE3, 0x03, 0x8C, 0x0E,
    0x30, 0x38, 0xC0, 0xE3, 0x87, 0x8F, 0x1E, 0x1F, 0xF8, 0x3E, 0xE0, 0x3F, 0xE0, 0x7F, 0xE0, 0xC1,
    0xE1, 0x81, 0xE3, 0x01, 0xC6, 0x01, 0x8C, 0x03, 0x7F, 0x86, 0xFF, 0x0C, 0x60, 0x18, 0xC0, 0x71,
    0x80, 0xE3, 0x03, 0x86, 0x0F, 0x0F, 0xFC, 0x1F, 0xF0, 0x00, 0xE0, 0x0E, 0x07, 0xF0, 0x7E, 0x3E,
    0xE7, 0xFE, 0xF1, 0xEE, 0x1E, 0xC0, 0xEC, 0x0E, 0xC0, 0xEC, 0x0E, 0xE1, 0xEF, 0x1E, 0x7F, 0xE3,
    0xEE, 0x3F, 0x87, 0xF0, 0x00, 0x00, 0x0F, 0xFD, 0xFF, 0xB8, 0x07, 0x00, 0xE0, 0x1C, 0x03, 0x80,
    0x7F, 0xEF, 0xFD, 0xC0, 0x38, 0x07, 0x00, 0xE0, 0x1C, 0x03, 0xFF, 0x7F, 0xF0, 0x3F, 0x07, 0xE0,
    0x00, 0x00, 0x03, 0xF0, 0xFF, 0x1C, 0x77, 0x0E, 0xC0, 0xDF, 0xFB, 0xFF, 0x60, 0x0E, 0x08, 0xE3,
    0x9F, 0xF1, 0xF8, 0x31, 0x83, 0xE0, 0x7C, 0x00, 0x00, 0x01, 0xFF, 0xBF, 0xF7, 0x00, 0xE0, 0x1C,
    0x03, 0x80, 0x70, 0x0F, 0xFD, 0xFF, 0xB8, 0x07, 0x00, 0xE0, 0x1C, 0x03, 0x80, 0x7F, 0xEF, 0xFE,
    0x33, 0x07, 0xE0, 0x78, 0x00, 0x00, 0x00, 0x7E, 0x1F, 0xE3, 0x8E, 0xE1, 0xD8, 0x1B, 0xFF, 0x7F,
    0xEC, 0x01, 0xC1, 0x1C, 0x73, 0xFE, 0x3F, 0x00, 0x0E, 0x01, 0xC0, 0x38, 0x00, 0x00, 0x01, 0xFF,
    0xBF, 0xF7, 0x00, 0xE0, 0x1C, 0x03, 0x80, 0x70, 0x0F, 0xFD, 0xFF, 0xB8, 0x07, 0x00, 0xE0, 0x1C,
    0x03, 0x80, 0x7F, 0xEF, 0xFE, 0x0C, 0x01, 0xC0, 0x38, 0x00, 0x00, 0x00, 0x7E, 0x1F, 0xE3, 0x8E,
    0xE1, 0xD8, 0x1B, 0xFF, 0x7F, 0xEC, 0x01, 0xC1, 0x1C, 0x73, 0xFE, 0x3F, 0x00, 0xFF, 0xDF, 0xFB,
    0x80, 0x70, 0x0E, 0x01, 0xC0, 0x38, 0x07, 0xFE, 0xFF, 0xDC, 0x03, 0x80, 0x70, 0x0E, 0x01, 0xC0,
    0x3F, 0xF7, 0xFF, 0x01, 0xC0, 0x30, 0x0E, 0x01, 0xF0, 0x1E, 0x3F, 0x0F, 0xF1, 0xC7, 0x70, 0xEC,
    0x0D, 0xFF, 0xBF, 0xF6, 0x00, 0xE0, 0xCE, 0x39, 0xFF, 0x1F, 0xC0, 0x30, 0x0E, 0x01, 0xF0, 0x1E,
    0x3B, 0x83, 0xE0, 0x38, 0x00, 0x00, 0x01, 0xFF, 0xBF, 0xF7, 0x00, 0xE0, 0x1C, 0x03, 0x80, 0x70,
    0x0F, 0xFD, 0xFF, 0xB8, 0x07, 0x00, 0xE0, 0x1C, 0x03, 0x80, 0x7F, 0xEF, 0xFE, 0x33, 0x83, 0xE0,
    0x78, 0x00, 0x00, 0x00, 0x7E, 0x1F, 0xE3, 0x8E, 0xE1, 0xD8, 0x1B, 0xFF, 0x7F, 0xEC, 0x01, 0xC1,
    0x1C, 0x73, 0xFE, 0x3F, 0x00, 0x07, 0x80, 0x3E, 0x00, 0xCC, 0x00, 0x00, 0x00, 0x00, 0x3F, 0x03,
    0xFF, 0x1E, 0x1C, 0x70, 0x3B, 0x80, 0xEE, 0x00, 0x38, 0x00, 0xE0, 0x03, 0x87, 0xFE, 0x1F, 0xF8,
    0x07, 0xE0, 0x19, 0xC0, 0xE7, 0x87, 0x8F, 0xFC, 0x0F, 0xC0, 0x1E, 0x03, 0xE0, 0xEC, 0x00, 0x00,
    0x00, 0x7D, 0xDF, 0xFF, 0x8F, 0xE1, 0xF8, 0x1F, 0x03, 0xE0, 0x7C, 0x0F, 0xC3, 0xFC, 0x7B, 0xFF,
    0x3E, 0xE0, 0x1B, 0x87, 0x3F, 0xE3, 0xF8, 0x0C, 0xC0, 0x3F, 0x00, 0x78, 0x00, 0x00, 0x00, 0x00,
    0x3F, 0x03, 0xFF, 0x1E, 0x1C, 0x70, 0x3B, 0x80, 0xEE, 0x00, 0x38, 0x00, 0xE0, 0x03, 0x87, 0xFE,
    0x1F, 0xF8, 0x07, 0xE0, 0x19, 0xC0, 0xE7, 0x87, 0x8F, 0xFC, 0x0F, 0xC0, 0x33, 0x07, 0xE0, 0x78,
    0x00, 0x00, 0x00, 0x7D, 0xDF, 0xFF, 0x8F, 0xE1, 0xF8, 0x1F, 0x03, 0xE0, 0x7C, 0x0F, 0xC3, 0xFC,
    0x7B, 0xFF, 0x3E, 0xE0, 0x1B, 0x87, 0x3F, 0xE3, 0xF8, 0x03, 0x00, 0x1E, 0x00, 0x30, 0x00, 0x00,
    0x00, 0x00, 0x3F, 0x03, 0xFF, 0x1E, 0x1C, 0x70, 0x3B, 0x80, 0xEE, 0x00, 0x38, 0x00, 0xE0, 0x03,
    0x87, 0xFE, 0x1F, 0xF8, 0x07, 0xE0, 0x19, 0xC0, 0xE7, 0x87, 0x8F, 0xFC, 0x0F, 0xC0, 0x0C, 0x01,
    0xC0, 0x38, 0x00, 0x00, 0x00, 0x7D, 0xDF, 0xFF, 0x8F, 0xE1, 0xF8, 0x1F, 0x03, 0xE0, 0x7C, 0x0F,
    0xC3, 0xFC, 0x7B, 0xFF, 0x3E, 0xE0, 0x1B, 0x87, 0x3F, 0xE3, 0xF8, 0x0F, 0xC0, 0xFF, 0xC7, 0x87,
    0x1C, 0x0E, 0xE0, 0x3B, 0x80, 0x0E, 0x00, 0x38, 0x00, 0xE1, 0xFF, 0x87, 0xFE, 0x01, 0xF8, 0x06,
    0x70, 0x39, 0xE1, 0xE3, 0xFF, 0x03, 0xF0, 0x00, 0x00, 0x1C, 0x00, 0x70, 0x01, 0x80, 0x06, 0x00,
    0x04, 0x00, 0xC0, 0x38, 0x06, 0x00, 0xC0, 0x00, 0x0F, 0xBB, 0xFF, 0xF1, 0xFC, 0x3F, 0x03, 0xE0,
    0x7C, 0x0F, 0x81, 0xF8, 0x7F, 0x8F, 0x7F, 0xE7, 0xDC, 0x03, 0x70, 0xE7, 0xFC, 0x7F, 0x00, 0x07,
    0x00, 0x7C, 0x07, 0x70, 0x00, 0x00, 0x00, 0x70, 0x1F, 0x80, 0xFC, 0x07, 0xE0, 0x3F, 0x01, 0xF8,
    0x0F, 0xC0, 0x7F, 0xFF, 0xFF, 0xFF, 0x80, 0xFC, 0x07, 0xE0, 0x3F, 0x01, 0xF8, 0x0F, 0xC0, 0x7E,
    0x03, 0x80, 0x38, 0x07, 0xC0, 0xEE, 0x00, 0x00, 0x00, 0x03, 0x80, 0x38, 0x03, 0x80, 0x38, 0x03,
    0xFC, 0x3F, 0xE3, 0xC7, 0x38, 0x73, 0x87, 0x38, 0x73, 0x87, 0x38, 0x73, 0x87, 0x38, 0x73, 0x87,
    0x38, 0x70, 0x70, 0x18, 0xE0, 0x31, 0xC0, 0x67, 0xFF, 0xEF, 0xFF, 0xEE, 0x03, 0x1C, 0x06, 0x3F,
    0xFC, 0x7F, 0xF8, 0xE0, 0x31, 0xC0, 0x63, 0x80, 0xC7, 0x01, 0x8E, 0x03, 0x1C, 0x06, 0x38, 0x0C,
    0x70, 0x0E, 0x03, 0xF8, 0x7E, 0x07, 0xF8, 0xFF, 0x9E, 0x3B, 0x87, 0x70, 0xEE, 0x1D, 0xC3, 0xB8,
    0x77, 0x0E, 0xE1, 0xDC, 0x3B, 0x87, 0x00, 0xFD, 0xFA, 0x20, 0x07, 0x0E, 0x1C, 0x38, 0x70, 0xE1,
    0xC3, 0x87, 0x0E, 0x1C, 0x38, 0x70, 0xE1, 0xC3, 0x80, 0x00, 0xFF, 0xF2, 0x40, 0x07, 0x0E, 0x1C,
    0x38, 0x70, 0xE1, 0xC3, 0x87, 0x0E, 0x1C, 0x38, 0x7E, 0xFC, 0x00, 0x03, 0x87, 0x0E, 0x1C, 0x38,
    0x70, 0xE1, 0xC3, 0x87, 0x0E, 0x1C, 0x38, 0x70, 0xE1, 0xC0, 0xFF, 0xFC, 0x00, 0x03, 0x87, 0x0E,
    0x1C, 0x38, 0x70, 0xE1, 0xC3, 0x87, 0x0E, 0x1C, 0x66, 0xFC, 0xF0, 0x00, 0x07, 0x0E, 0x1C, 0x38,
    0x70, 0xE1, 0xC3, 0x87, 0x0E, 0x1C, 0x38, 0x70, 0xE1, 0xC3, 0x80, 0xC6, 0xF9, 0xF0, 0x00, 0x07,
    0x0E, 0x1C, 0x38, 0x70, 0xE1, 0xC3, 0x87, 0x0E, 0x1C, 0x38, 0x73, 0x9C, 0xE7, 0x39, 0xCE, 0x73,
    0x9C, 0xE7, 0x39, 0xCE, 0x77, 0x31, 0xEF, 0x80, 0x38, 0xE3, 0x80, 0x00, 0xE3, 0x8E, 0x38, 0xE3,
    0x8E, 0x38, 0xE3, 0x8E, 0x38, 0xC7, 0x18, 0x79, 0xE0, 0x6E, 0xE0, 0x0E, 0xEE, 0xEE, 0xEE, 0xEE,
    0xEE, 0xEE, 0xEE, 0xE0, 0xFF, 0xFF, 0xFF, 0xFF, 0xF0, 0xE0, 0x0F, 0xC0, 0x1F, 0x80, 0x3F, 0x00,
    0x7E, 0x00, 0xFC, 0x01, 0xF8, 0x03, 0xF0, 0x07, 0xE0, 0x0F, 0xC0, 0x1F, 0x9C, 0x3F, 0x38, 0x7E,
    0x70, 0xFC, 0x73, 0xF8, 0xFF, 0x70, 0xFC, 0xE7, 0xE7, 0xE7, 0x00, 0x00, 0xE7, 0xE7, 0xE7, 0xE7,
    0xE7, 0xE7, 0xE7, 0xE7, 0xE7, 0xE7, 0xE7, 0xE7, 0x07, 0x07, 0x1E, 0x1E, 0x03, 0xC0, 0x3E, 0x06,
    0x60, 0x00, 0x00, 0x00, 0x18, 0x01, 0x80, 0x18, 0x01, 0x80, 0x18, 0x01, 0x80, 0x18, 0x01, 0x80,
    0x18, 0x01, 0x8C, 0x18, 0xC1, 0x8E, 0x18, 0xE3, 0x87, 0xF0, 0x3E, 0x00, 0x38, 0xFB, 0xB8, 0x00,
    0x07, 0x0E, 0x1C, 0x38, 0x70, 0xE1, 0xC3, 0x87, 0x0E, 0x1C, 0x38, 0x70, 0xE7, 0x8F, 0x00, 0xE0,
    0x77, 0x07, 0xB8, 0x79, 0xC7, 0x8E, 0x78, 0x73, 0x83, 0xB8, 0x1F, 0xC0, 0xFF, 0x07, 0xB8, 0x3C,
    0xE1, 0xC3, 0x8E, 0x1C, 0x70, 0x73, 0x81, 0xDC, 0x0F, 0x00, 0x00, 0x30, 0x01, 0x80, 0x1C, 0x00,
    0xC0, 0x00, 0xE0, 0x1C, 0x03, 0x80, 0x70, 0x0E, 0x1D, 0xC7, 0x39, 0xC7, 0x70, 0xFC, 0x1F, 0x83,
    0xF0, 0x77, 0x0E, 0x71, 0xCF, 0x38, 0xE7, 0x0E, 0x00, 0x03, 0x80, 0x70, 0x0C, 0x01, 0x80, 0xE1,
    0xF8, 0xEE, 0x73, 0xB8, 0xEE, 0x3F, 0x0F, 0x83, 0xF0, 0xEE, 0x39, 0xCE, 0x3B, 0x8F, 0x38, 0x1C,
    0x06, 0x00, 0x00, 0xE0, 0x38, 0x0E, 0x03, 0x80, 0xE0, 0x38, 0x0E, 0x03, 0x80, 0xE0, 0x38, 0x0E,
    0x03, 0x80, 0xE0, 0x38, 0x0F, 0xFF, 0xFF, 0x33, 0x98, 0x0E, 0x73, 0x9C, 0xE7, 0x39, 0xCE, 0x73,
    0x9C, 0xE7, 0x39, 0xC0, 0xE0, 0x38, 0x0E, 0x03, 0x80, 0xE0, 0x38, 0x0E, 0x03, 0x80, 0xE0, 0x38,
    0x0E, 0x03, 0x80, 0xE0, 0x38, 0x0F, 0xFF, 0xFF, 0x00, 0x03, 0x00, 0xC0, 0x70, 0x18, 0x00, 0x77,
    0x77, 0x77, 0x77, 0x77, 0x77, 0x77, 0x77, 0x07, 0x66, 0xE0, 0x06, 0x39, 0x8E, 0x63, 0x98, 0xE0,
    0x38, 0x0E, 0x03, 0x80, 0xE0, 0x38, 0x0E, 0x03, 0x80, 0xE0, 0x38, 0x0E, 0x03, 0xFF, 0xFF, 0xC0,
    0x0F, 0xBE, 0xFB, 0xE3, 0x8E, 0x38, 0xE3, 0x8E, 0x38, 0xE3, 0x8E, 0x38, 0xE0, 0xE0, 0x38, 0x0E,
    0x03, 0x80, 0xE0, 0x39, 0x8E, 0x73, 0x9C, 0xE0, 0x38, 0x0E, 0x03, 0x80, 0xE0, 0x38, 0x0F, 0xFF,
    0xFF, 0xE1, 0xC3, 0x87, 0x0E, 0x1C, 0x38, 0x76, 0xFF, 0xDF, 0x87, 0x0E, 0x1C, 0x38, 0x70, 0x38,
    0x03, 0x80, 0x38, 0x03, 0x80, 0x39, 0x03, 0xF0, 0x3F, 0x03, 0xE0, 0xF8, 0x0F, 0x80, 0xB8, 0x03,
    0x80, 0x38, 0x03, 0x80, 0x3F, 0xF3, 0xFF, 0x38, 0x70, 0xE1, 0xC3, 0x87, 0xCF, 0x3C, 0xF8, 0x70,
    0xE1, 0xC3, 0x87, 0x0E, 0x1C, 0x01, 0xC0, 0x1C, 0x00, 0xC0, 0x00, 0x0F, 0x01, 0xF8, 0x0F, 0xE0,
    0x7F, 0x83, 0xFC, 0x1F, 0x70, 0xFB, 0x87, 0xCE, 0x3E, 0x39, 0xF1, 0xCF, 0x87, 0x7C, 0x3B, 0xE0,
    0xFF, 0x03, 0xF8, 0x1F, 0xC0, 0x70, 0x07, 0x01, 0x80, 0xE0, 0x00, 0xFF, 0x3F, 0xEF, 0x1F, 0x87,
    0xE1, 0xF8, 0x7E, 0x1F, 0x87, 0xE1, 0xF8, 0x7E, 0x1F, 0x87, 0xF0, 0x1F, 0x80, 0xFE, 0x07, 0xF8,
    0x3F, 0xC1, 0xF7, 0x0F, 0xB8, 0x7C, 0xE3, 0xE3, 0x9F, 0x1C, 0xF8, 0x77, 0xC3, 0xBE, 0x0F, 0xF0,
    0x3F, 0x81, 0xFC, 0x07, 0x00, 0x00, 0x38, 0x01, 0xC0, 0x0C, 0x00, 0x60, 0x00, 0xFF, 0x3F, 0xEF,
    0x1F, 0x87, 0xE1, 0xF8, 0x7E, 0x1F, 0x87, 0xE1, 0xF8, 0x7E, 0x1F, 0x87, 0x00, 0x03, 0x00, 0xC0,
    0x70, 0x18, 0x00, 0x0D, 0xC0, 0x7C, 0x01, 0xE0, 0x00, 0x00, 0x00, 0x78, 0x0F, 0xC0, 0x7F, 0x03,
    0xFC, 0x1F, 0xE0, 0xFB, 0x87, 0xDC, 0x3E, 0x71, 0xF1, 0xCF, 0x8E, 0x7C, 0x3B, 0xE1, 0xDF, 0x07,
    0xF8, 0x1F, 0xC0, 0xFE, 0x03, 0x80, 0x3B, 0x87, 0xC1, 0xE0, 0x00, 0x00, 0x3F, 0xCF, 0xFB, 0xC7,
    0xE1, 0xF8, 0x7E, 0x1F, 0x87, 0xE1, 0xF8, 0x7E, 0x1F, 0x87, 0xE1, 0xC0, 0xF0, 0x1F, 0x80, 0xFE,
    0x07, 0xF8, 0x3F, 0xC1, 0xF7, 0x0F, 0xB8, 0x7C, 0xE3, 0xE3, 0x9F, 0x1C, 0xF8, 0x77, 0xC3, 0xBE,
    0x0F, 0xF0, 0x3F, 0x81, 0xFC, 0x07, 0x00, 0x18, 0x00, 0xC0, 0x1E, 0x00, 0xE0, 0xFF, 0x3F, 0xEF,
    0x1F, 0x87, 0xE1, 0xF8, 0x7E, 0x1F, 0x87, 0xE1, 0xF8, 0x7E, 0x1F, 0x87, 0x01, 0xC0, 0x70, 0x7C,
    0x1E, 0x0F, 0xC0, 0x3F, 0x00, 0x00, 0x00, 0x00, 0x0F, 0xC0, 0xFF, 0xC7, 0x87, 0x1C, 0x0E, 0xE0,
    0x1B, 0x80, 0x7E, 0x01, 0xF8, 0x07, 0xE0, 0x1F, 0x80, 0x7E, 0x01, 0xF8, 0x06, 0x70, 0x39, 0xE1,
    0xC3, 0xFF, 0x03, 0xF0, 0x3F, 0x07, 0xE0, 0x00, 0x00, 0x03, 0xF0, 0xFF, 0x1C, 0x77, 0x06, 0xC0,
    0xF8, 0x1F, 0x03, 0xE0, 0x7E, 0x0C, 0xE3, 0x9F, 0xE1, 0xF8, 0x0C, 0xC0, 0x3F, 0x00, 0x78, 0x00,
    0x00, 0x00, 0x00, 0x3F, 0x03, 0xFF, 0x1E, 0x1C, 0x70, 0x3B, 0x80, 0x6E, 0x01, 0xF8, 0x07, 0xE0,
    0x1F, 0x80, 0x7E, 0x01, 0xF8, 0x07, 0xE0, 0x19, 0xC0, 0xE7, 0x87, 0x0F, 0xFC, 0x0F, 0xC0, 0x33,
    0x07, 0xE0, 0x78, 0x00, 0x00, 0x00, 0x7E, 0x1F, 0xE3, 0x8E, 0xE0, 0xD8, 0x1F, 0x03, 0xE0, 0x7C,
    0x0F, 0xC1, 0x9C, 0x73, 0xFC, 0x3F, 0x00, 0x0E, 0xE0, 0x3B, 0x00, 0xD8, 0x00, 0x00, 0x0F, 0xC0,
    0xFF, 0xC7, 0x87, 0x1C, 0x0E, 0xE0, 0x1B, 0x80, 0x7E, 0x01, 0xF8, 0x07, 0xE0, 0x1F, 0x80, 0x7E,
    0x01, 0xF8, 0x06, 0x70, 0x39, 0xE1, 0xC3, 0xFF, 0x03, 0xF0, 0x1B, 0x87, 0x60, 0xDC, 0x00, 0x03,
    0xF0, 0xFF, 0x1C, 0x77, 0x06, 0xC0, 0xF8, 0x1F, 0x03, 0xE0, 0x7E, 0x0C, 0xE3, 0x9F, 0xE1, 0xF8,
    0x0F, 0xFF, 0xE7, 0xFF, 0xFC, 0xE1, 0xC0, 0x38, 0x38, 0x0E, 0x07, 0x01, 0xC0, 0xE0, 0x38, 0x1C,
    0x07, 0x03, 0xFE, 0xE0, 0x7F, 0xDC, 0x0E, 0x03, 0x81, 0xC0, 0x70, 0x38, 0x07, 0x07, 0x00, 0x70,
    0xE0, 0x0F, 0xFF, 0xF8, 0x7F, 0xFF, 0x3F, 0x1F, 0x8F, 0xF7, 0xF9, 0xC7, 0xC7, 0x70, 0x70, 0x7C,
    0x0E, 0x0F, 0x81, 0xFF, 0xF0, 0x3F, 0xFE, 0x07, 0x00, 0xE0, 0xE0, 0x4E, 0x3E, 0x1D, 0xFE, 0xFF,
    0x1F, 0x8F, 0xC0, 0x03, 0x00, 0x70, 0x06, 0x00, 0x00, 0xFF, 0x8F, 0xFC, 0xE0, 0xEE, 0x06, 0xE0,
    0x7E, 0x06, 0xE0, 0xEE, 0x1E, 0xFF, 0xCF, 0xF8, 0xE3, 0x8E, 0x1C, 0xE1, 0xCE, 0x0E, 0xE0, 0xEE,
    0x07, 0x1C, 0x30, 0xE0, 0x0F, 0xFF, 0xFC, 0x70, 0xE1, 0xC3, 0x87, 0x0E, 0x1C, 0x38, 0x70, 0xFF,
    0x8F, 0xFC, 0xE0, 0xEE, 0x06, 0xE0, 0x7E, 0x06, 0xE0, 0xEE, 0x1E, 0xFF, 0xCF, 0xF8, 0xE3, 0x8E,
    0x1C, 0xE1, 0xCE, 0x0E, 0xE0, 0xEE, 0x07, 0x00, 0x00, 0xE0, 0x0E, 0x00, 0xC0, 0x0C, 0x00, 0x7F,
    0x7F, 0x78, 0x70, 0x70, 0x70, 0x70, 0x70, 0x70, 0x70, 0x70, 0x70, 0x00, 0x70, 0x60, 0x60, 0xE0,
    0x3B, 0x81, 0xF0, 0x0E, 0x00, 0x00, 0x00, 0x0F, 0xF8, 0xFF, 0xCE, 0x0E, 0xE0, 0x6E, 0x07, 0xE0,
    0x6E, 0x0E, 0xE1, 0xEF, 0xFC, 0xFF, 0x8E, 0x38, 0xE1, 0xCE, 0x1C, 0xE0, 0xEE, 0x0E, 0xE0, 0x70,
    0xEE, 0xF8, 0xE0, 0x00, 0x1F, 0xFF, 0xF8, 0xE1, 0xC3, 0x87, 0x0E, 0x1C, 0x38, 0x70, 0xE0, 0x03,
    0x00, 0x70, 0x06, 0x00, 0x00, 0x1F, 0x87, 0xFC, 0x70, 0xEE, 0x06, 0xE0, 0x0F, 0x00, 0x7C, 0x03,
    0xF8, 0x0F, 0xC0, 0x1E, 0x00, 0x6C, 0x07, 0xE0, 0x6F, 0x0E, 0x7F, 0xC3, 0xF8, 0x06, 0x07, 0x03,
    0x00, 0x03, 0xE3, 0xFB, 0x8F, 0xC2, 0xF0, 0x3F, 0x0F, 0xE0, 0x7C, 0x1F, 0x1F, 0xFE, 0xFE, 0x0E,
    0x01, 0xF0, 0x3B, 0x80, 0x00, 0x00, 0x01, 0xF8, 0x7F, 0xC7, 0x0E, 0xE0, 0x6E, 0x00, 0xF0, 0x07,
    0xC0, 0x3F, 0x80, 0xFC, 0x01, 0xE0, 0x06, 0xC0, 0x7E, 0x06, 0xF0, 0xE7, 0xFC, 0x3F, 0x80, 0x1C,
    0x1F, 0x1D, 0xC0, 0x00, 0x01, 0xF1, 0xFD, 0xC7, 0xE1, 0x78, 0x1F, 0x87, 0xF0, 0x3E, 0x0F, 0x8F,
    0xFF, 0x7F, 0x00, 0x1F, 0x87, 0xFC, 0x70, 0xEE, 0x06, 0xE0, 0x0F, 0x00, 0x7C, 0x03, 0xF8, 0x0F,
    0xC0, 0x1E, 0x00, 0x6C, 0x07, 0xE0, 0x6F, 0x0E, 0x7F, 0xC3, 0xF8, 0x07, 0x00, 0x70, 0x03, 0x00,
    0xF0, 0x04, 0x00, 0x3E, 0x3F, 0xB8, 0xFC, 0x2F, 0x03, 0xF0, 0xFE, 0x07, 0xC1, 0xF1, 0xFF, 0xEF,
    0xE0, 0xE0, 0x70, 0x18, 0x3C, 0x08, 0x00, 0x3B, 0x81, 0xF0, 0x0E, 0x00, 0x00, 0x00, 0x01, 0xF8,
    0x7F, 0xC7, 0x0E, 0xE0, 0x6E, 0x00, 0xF0, 0x07, 0xC0, 0x3F, 0x80, 0xFC, 0x01, 0xE0, 0x06, 0xC0,
    0x7E, 0x06, 0xF0, 0xE7, 0xFC, 0x3F, 0x80, 0x77, 0x1F, 0x07, 0x00, 0x00, 0x01, 0xF1, 0xFD, 0xC7,
    0xE1, 0x78, 0x1F, 0x87, 0xF0, 0x3E, 0x0F, 0x8F, 0xFF, 0x7F, 0x00, 0xFF, 0xFF, 0xFF, 0x0E, 0x00,
    0xE0, 0x0E, 0x00, 0xE0, 0x0E, 0x00, 0xE0, 0x0E, 0x00, 0xE0, 0x0E, 0x00, 0xE0, 0x0E, 0x00, 0xE0,
    0x0E, 0x00, 0xE0, 0x07, 0x00, 0x70, 0x03, 0x00, 0xF0, 0x04, 0x00, 0x30, 0x60, 0xC7, 0xEF, 0xC6,
    0x0C, 0x18, 0x30, 0x60, 0xC1, 0x83, 0x07, 0x87, 0x8F, 0x0E, 0x0C, 0x78, 0x00, 0x3B, 0x81, 0xF0,
    0x0E, 0x00, 0x00, 0x00, 0x0F, 0xFF, 0xFF, 0xF0, 0xE0, 0x0E, 0x00, 0xE0, 0x0E, 0x00, 0xE0, 0x0E,
    0x00, 0xE0, 0x0E, 0x00, 0xE0, 0x0E, 0x00, 0xE0, 0x0E, 0x00, 0xE0, 0x0E, 0x00, 0x06, 0x0C, 0x19,
    0xB3, 0x06, 0x3F, 0x7E, 0x30, 0x60, 0xC1, 0x83, 0x06, 0x0C, 0x18, 0x3C, 0x3C, 0xFF, 0xFF, 0xFF,
    0x0E, 0x00, 0xE0, 0x0E, 0x00, 0xE0, 0x0E, 0x07, 0xFC, 0x7F, 0xC0, 0xE0, 0x0E, 0x00, 0xE0, 0x0E,
    0x00, 0xE0, 0x0E, 0x00, 0xE0, 0x30, 0x60, 0xC7, 0xEF, 0xC6, 0x0C, 0x7E, 0xFC, 0x60, 0xC1, 0x83,
    0x07, 0x87, 0x80, 0x00, 0x00, 0x7E, 0x03, 0xF0, 0x11, 0x00, 0x00, 0x70, 0x1F, 0x80, 0xFC, 0x07,
    0xE0, 0x3F, 0x01, 0xF8, 0x0F, 0xC0, 0x7E, 0x03, 0xF0, 0x1F, 0x80, 0xFC, 0x07, 0x60, 0x3B, 0x81,
    0xDE, 0x1C, 0x7F, 0xC1, 0xFC, 0x00, 0x00, 0x0F, 0xC3, 0xF0, 0x88, 0x00, 0x38, 0x7E, 0x1F, 0x87,
    0xE1, 0xF8, 0x7E, 0x1F, 0x87, 0xE1, 0xF8, 0x77, 0x3D, 0xFF, 0x3E, 0xC0, 0x0F, 0xC0, 0x7E, 0x00,
    0x00, 0x00, 0x0E, 0x03, 0xF0, 0x1F, 0x80, 0xFC, 0x07, 0xE0, 0x3F, 0x01, 0xF8, 0x0F, 0xC0, 0x7E,
    0x03, 0xF0, 0x1F, 0x80, 0xEC, 0x07, 0x70, 0x3B, 0xC3, 0x8F, 0xF8, 0x3F, 0x80, 0x3F, 0x0F, 0xC0,
    0x00, 0x00, 0xE1, 0xF8, 0x7E, 0x1F, 0x87, 0xE1, 0xF8, 0x7E, 0x1F, 0x87, 0xE1, 0xDC, 0xF7, 0xFC,
    0xFB, 0x1C, 0xC0, 0x7E, 0x01, 0xE0, 0x00, 0x00, 0x00, 0x70, 0x1F, 0x80, 0xFC, 0x07, 0xE0, 0x3F,
    0x01, 0xF8, 0x0F, 0xC0, 0x7E, 0x03, 0xF0, 0x1F, 0x80, 0xFC, 0x07, 0x60, 0x3B, 0x81, 0xDE, 0x1C,
    0x7F, 0xC1, 0xFC, 0x00, 0x33, 0x0F, 0xC1, 0xE0, 0x00, 0x00, 0x38, 0x7E, 0x1F, 0x87, 0xE1, 0xF8,
    0x7E, 0x1F, 0x87, 0xE1, 0xF8, 0x77, 0x3D, 0xFF, 0x3E, 0xC0, 0x07, 0x00, 0x7C, 0x03, 0x70, 0x19,
    0x80, 0xF8, 0x03, 0xC3, 0x80, 0xFC, 0x07, 0xE0, 0x3F, 0x01, 0xF8, 0x0F, 0xC0, 0x7E, 0x03, 0xF0,
    0x1F, 0x80, 0xFC, 0x07, 0xE0, 0x3B, 0x01, 0xDC, 0x0E, 0xF0, 0xE3, 0xFE, 0x0F, 0xE0, 0x1E, 0x07,
    0xC3, 0xB0, 0xCC, 0x3F, 0x07, 0x80, 0x03, 0x87, 0xE1, 0xF8, 0x7E, 0x1F, 0x87, 0xE1, 0xF8, 0x7E,
    0x1F, 0x87, 0x73, 0xDF, 0xF3, 0xEC, 0x0E, 0xE0, 0x6E, 0x07, 0x60, 0x00, 0x0E, 0x03, 0xF0, 0x1F,
    0x80, 0xFC, 0x07, 0xE0, 0x3F, 0x01, 0xF8, 0x0F, 0xC0, 0x7E, 0x03, 0xF0, 0x1F, 0x80, 0xEC, 0x07,
    0x70, 0x3B, 0xC3, 0x8F, 0xF8, 0x3F, 0x80, 0x1B, 0x8E, 0xC3, 0x70, 0x00, 0xE1, 0xF8, 0x7E, 0x1F,
    0x87, 0xE1, 0xF8, 0x7E, 0x1F, 0x87, 0xE1, 0xDC, 0xF7, 0xFC, 0xFB, 0xE0, 0x3F, 0x01, 0xF8, 0x0F,
    0xC0, 0x7E, 0x03, 0xF0, 0x1F, 0x80, 0xFC, 0x07, 0xE0, 0x3F, 0x01, 0xF8, 0x0E, 0xC0, 0x77, 0x03,
    0xBC, 0x38, 0xFF, 0x83, 0xF8, 0x07, 0x00, 0x30, 0x01, 0xE0, 0x0F, 0x00, 0xE1, 0xDC, 0x3B, 0x87,
    0x70, 0xEE, 0x1D, 0xC3, 0xB8, 0x77, 0x0E, 0xE1, 0xCE, 0x79, 0xFF, 0x1F, 0x60, 0x1C, 0x07, 0x00,
    0xC0, 0x1E, 0x03, 0xE0, 0x00, 0x70, 0x00, 0x0F, 0x80, 0x01, 0xDC, 0x00, 0x00, 0x00, 0x00, 0x00,
    0x0E, 0x07, 0x03, 0x60, 0xF0, 0x76, 0x0F, 0x07, 0x70, 0xF8, 0x67, 0x0F, 0x86, 0x31, 0xD8, 0xE3,
    0x1D, 0x8E, 0x39, 0x9C, 0xC3, 0x99, 0xCC, 0x1B, 0x8D, 0xC1, 0xB8, 0xDC, 0x1F, 0x0F, 0x81, 0xF0,
    0xF8, 0x0F, 0x07, 0x80, 0xF0, 0x78, 0x0E, 0x07, 0x00, 0x01, 0xC0, 0x01, 0xF0, 0x01, 0xDC, 0x00,
    0x00, 0x00, 0x00, 0x07, 0x0E, 0x1D, 0x87, 0x0C, 0xE3, 0xCE, 0x73, 0xE7, 0x19, 0xB3, 0x0C, 0xD9,
    0x87, 0x6F, 0xC3, 0xF7, 0xE0, 0xF1, 0xE0, 0x78, 0xF0, 0x3C, 0x78, 0x0C, 0x18, 0x00, 0x07, 0x80,
    0x3F, 0x00, 0xCC, 0x00, 0x00, 0x00, 0x03, 0x80, 0x77, 0x03, 0x8E, 0x0E, 0x38, 0x70, 0x73, 0x81,
    0xCE, 0x03, 0xF0, 0x07, 0xC0, 0x1E, 0x00, 0x30, 0x00, 0xC0, 0x03, 0x00, 0x0C, 0x00, 0x30, 0x00,
    0xC0, 0x03, 0x00, 0x0F, 0x01, 0xF0, 0x3B, 0x80, 0x00, 0x00, 0x0E, 0x06, 0x60, 0xE7, 0x0E, 0x70,
    0xC3, 0x1C, 0x39, 0x81, 0xB8, 0x1F, 0x81, 0xF0, 0x0F, 0x00, 0xF0, 0x0E, 0x00, 0xE0, 0x0C, 0x07,
    0xC0, 0x78, 0x00, 0x0C, 0xC0, 0x73, 0x80, 0xCE, 0x00, 0x00, 0x00, 0x03, 0x80, 0x77, 0x03, 0x8E,
    0x0E, 0x38, 0x70, 0x73, 0x81, 0xCE, 0x03, 0xF0, 0x07, 0xC0, 0x1E, 0x00, 0x30, 0x00, 0xC0, 0x03,
    0x00, 0x0C, 0x00, 0x30, 0x00, 0xC0, 0x03, 0x00, 0x03, 0x00, 0xE0, 0x18, 0x00, 0x0F, 0xFF, 0xFF,
    0xC0, 0x38, 0x0E, 0x03, 0x80, 0x70, 0x1C, 0x07, 0x00, 0xE0, 0x38, 0x06, 0x01, 0xC0, 0x70, 0x0E,
    0x03, 0xFF, 0xFF, 0xF0, 0x06, 0x03, 0x80, 0xC0, 0x00, 0xFF, 0xBF, 0xE0, 0x38, 0x1C, 0x0E, 0x03,
    0x81, 0xC0, 0xE0, 0x78, 0x1C, 0x0F, 0xFF, 0xFF, 0x0E, 0x01, 0xC0, 0x38, 0x00, 0x00, 0x01, 0xFF,
    0xFF, 0xF8, 0x07, 0x01, 0xC0, 0x70, 0x0E, 0x03, 0x80, 0xE0, 0x1C, 0x07, 0x00, 0xC0, 0x38, 0x0E,
    0x01, 0xC0, 0x7F, 0xFF, 0xFE, 0x1C, 0x07, 0x01, 0xC0, 0x00, 0x00, 0x3F, 0xEF, 0xF8, 0x0E, 0x07,
    0x03, 0x80, 0xE0, 0x70, 0x38, 0x1E, 0x07, 0x03, 0xFF, 0xFF, 0xC0, 0x3B, 0x83, 0xE0, 0x38, 0x00,
    0x00, 0x01, 0xFF, 0xFF, 0xF8, 0x07, 0x01, 0xC0, 0x70, 0x0E, 0x03, 0x80, 0xE0, 0x1C, 0x07, 0x00,
    0xC0, 0x38, 0x0E, 0x01, 0xC0, 0x7F, 0xFF, 0xFE, 0x77, 0x0F, 0x81, 0xC0, 0x00, 0x00, 0x3F, 0xEF,
    0xF8, 0x0E, 0x07, 0x03, 0x80, 0xE0, 0x70, 0x38, 0x1E, 0x07, 0x03, 0xFF, 0xFF, 0xC0, 0x3D, 0xFF,
    0xB8, 0xE3, 0x8E, 0x38, 0xE3, 0x8E, 0x38, 0xE3, 0x8E, 0x38, 0xE0, 0x00, 0x0C, 0x00, 0x30, 0x00,
    0xC3, 0xFF, 0x3F, 0xF9, 0xE1, 0xC7, 0x03, 0xB8, 0x06, 0xE0, 0x1F, 0x80, 0x7E, 0x01, 0xF8, 0x07,
    0xE0, 0x1F, 0x80, 0x7E, 0x01, 0x9C, 0x0E, 0x78, 0x70, 0xFF, 0xC0, 0xFC, 0x00, 0x00, 0x60, 0x0C,
    0x01, 0x9F, 0xF7, 0xF8, 0xE3, 0xB8, 0x36, 0x07, 0xC0, 0xF8, 0x1F, 0x03, 0xF0, 0x67, 0x1C, 0xFF,
    0x0F, 0xC0, 0x00, 0x0E, 0x00, 0x1F, 0x80, 0xFF, 0x01, 0xEE, 0x03, 0x9C, 0x07, 0x38, 0x0E, 0x70,
    0x1C, 0xE0, 0x39, 0xC0, 0x73, 0x80, 0xE7, 0x01, 0xCE, 0x03, 0x8C, 0x07, 0x1C, 0x0E, 0x3C, 0x38,
    0x3F, 0xE0, 0x3F, 0x80, 0x00, 0x30, 0x07, 0x00, 0x7E, 0x1F, 0xE1, 0xEE, 0x1C, 0xE1, 0xCE, 0x1C,
    0xE1, 0xCE, 0x1C, 0xE1, 0xCE, 0x1C, 0x73, 0xC7, 0xFC, 0x3E, 0xC0, 0x00, 0x00, 0xEE, 0x7F, 0xC0,
    0x3E, 0x3F, 0xF8, 0x0E, 0x1C, 0x1E, 0x00, 0x0E, 0x07, 0x00, 0x07, 0x01, 0xCF, 0xFB, 0x80, 0xE7,
    0xFD, 0xC0, 0x70, 0x0E, 0xE0, 0x18, 0x0E, 0x70, 0x0C, 0x0E, 0x38, 0x0E, 0x07, 0x1C, 0x07, 0x07,
    0x0E, 0x03, 0x87, 0x07, 0x03, 0x87, 0x83, 0x83, 0xC3, 0x81, 0xFF, 0xC3, 0xFF, 0xFF, 0x81, 0xFF,
    0x80, 0x00, 0x03, 0xB8, 0x03, 0x87, 0xC0, 0x0E, 0x0E, 0x00, 0x38, 0x00, 0x00, 0xE0, 0x00, 0xFB,
    0x9F, 0xF7, 0xFE, 0x7F, 0xFC, 0x78, 0x0E, 0xE1, 0xE0, 0x3B, 0x03, 0x81, 0xCC, 0x0E, 0x0E, 0x30,
    0x38, 0x38, 0xC0, 0xE1, 0xC3, 0x87, 0x8E, 0x0F, 0x1E, 0x78, 0x1F, 0xF9, 0xFF, 0x3E, 0xE7, 0xFC,
    0xE0, 0x00, 0x1F, 0x00, 0x00, 0xF8, 0x00, 0x07, 0xC0, 0x00, 0x3E, 0x00, 0x01, 0xF0, 0x00, 0x0F,
    0x80, 0x00, 0x7C, 0x00, 0x03, 0xE0, 0x00, 0x1F, 0x00, 0x00, 0xF8, 0x03, 0x07, 0xC0, 0x38, 0x7E,
    0x00, 0xC3, 0xF0, 0x07, 0x1F, 0xFF, 0x3F, 0xDF, 0xF8, 0xFC, 0x00, 0x0F, 0xC0, 0x1F, 0x80, 0x3F,
    0x00, 0x0E, 0x00, 0x1C, 0x01, 0xF8, 0x03, 0xF0, 0x07, 0xE0, 0x0F, 0xC0, 0x1F, 0x80, 0x3F, 0x00,
    0x7E, 0x00, 0xFC, 0x01, 0xF8, 0x03, 0xFF, 0xE7, 0xFF, 0xCE, 0x00, 0x1C, 0x00, 0x30, 0x01, 0xE0,
    0x03, 0x80, 0x07, 0xE7, 0xE7, 0xE0, 0xE0, 0xE7, 0xE7, 0xE7, 0xE7, 0xE7, 0xE7, 0xE7, 0xE7, 0xE7,
    0xE7, 0xE7, 0xE7, 0x07, 0x07, 0x1E, 0x1E, 0xF0, 0x18, 0x03, 0xF8, 0x0C, 0x01, 0xFE, 0x06, 0x00,
    0xFF, 0x83, 0x00, 0x7F, 0xC1, 0x80, 0x3F, 0x70, 0xC0, 0x1F, 0xB8, 0x60, 0x0F, 0xCE, 0x30, 0x07,
    0xE3, 0x98, 0x03, 0xF1, 0xCC, 0x01, 0xF8, 0x76, 0x70, 0xFC, 0x3B, 0x38, 0x7E, 0x0F, 0x9C, 0x3F,
    0x03, 0xC7, 0x1F, 0x81, 0xE3, 0xFD, 0xC0, 0x70, 0xFC, 0x00, 0x00, 0xDE, 0x03, 0x1F, 0xC0, 0x63,
    0xFC, 0x0C, 0x0F, 0xC1, 0x81, 0xF8, 0x31, 0xFB, 0x86, 0x3F, 0x70, 0xC7, 0xE7, 0x18, 0xFC, 0x73,
    0x1F, 0x8E, 0x63, 0xF0, 0xEC, 0x7E, 0x1D, 0x8F, 0xC1, 0xF1, 0xF8, 0x1E, 0x3F, 0x03, 0xC7, 0xE0,
    0x38, 0xE0, 0x00, 0x18, 0x00, 0x03, 0x00, 0x01, 0xE0, 0x00, 0x38, 0x00, 0x06, 0x00, 0x0E, 0x00,
    0x0E, 0x00, 0x00, 0x00, 0x00, 0xFF, 0x06, 0xFF, 0x86, 0xF1, 0xC6, 0xE1, 0xC6, 0xE1, 0xC6, 0xE1,
    0xC6, 0xE1, 0xC6, 0xE1, 0xC6, 0xE1, 0xC6, 0xE1, 0xC6, 0xE1, 0xC6, 0xE1, 0xC6, 0x00, 0x06, 0x00,
    0x0E, 0x00, 0x1E, 0x00, 0x1C, 0x0E, 0xE0, 0x1F, 0x00, 0x78, 0x00, 0x00, 0x00, 0x00, 0x1E, 0x00,
    0x78, 0x01, 0xF0, 0x0F, 0xC0, 0x3B, 0x00, 0xCE, 0x07, 0x38, 0x1C, 0xE0, 0x71, 0xC3, 0x87, 0x0F,
    0xFC, 0x3F, 0xF9, 0xC0, 0xE7, 0x01, 0x98, 0x07, 0xE0, 0x1C, 0x3B, 0x83, 0xE0, 0x38, 0x00, 0x00,
    0x00, 0x3F, 0x0F, 0xF3, 0x8E, 0x20, 0xC0, 0x38, 0xFF, 0x3F, 0xE7, 0x0C, 0xC1, 0x9C, 0x73, 0xFE,
    0x3E, 0xC0, 0xEE, 0x7C, 0x3C, 0x00, 0x00, 0x38, 0x38, 0x38, 0x38, 0x38, 0x38, 0x38, 0x38, 0x38,
    0x38, 0x38, 0x38, 0x38, 0x38, 0x38, 0x38, 0xEE, 0xF8, 0xE0, 0x00, 0x07, 0x0E, 0x1C, 0x38, 0x70,
    0xE1, 0xC3, 0x87, 0x0E, 0x1C, 0x38, 0x0C, 0xC0, 0x3F, 0x00, 0x78, 0x00, 0x00, 0x00, 0x00, 0x3F,
    0x03, 0xFF, 0x1E, 0x1C, 0x70, 0x3B, 0x80, 0x6E, 0x01, 0xF8, 0x07, 0xE0, 0x1F, 0x80, 0x7E, 0x01,
    0xF8, 0x07, 0xE0, 0x19, 0xC0, 0xE7, 0x87, 0x0F, 0xFC, 0x0F, 0xC0, 0x3B, 0x83, 0xE0, 0x38, 0x00,
    0x00, 0x00, 0x7E, 0x1F, 0xE3, 0x8E, 0xE0, 0xD8, 0x1F, 0x03, 0xE0, 0x7C, 0x0F, 0xC1, 0x9C, 0x73,
    0xFC, 0x3F, 0x00, 0x1D, 0xC0, 0x7C, 0x01, 0xC0, 0x00, 0x00, 0x00, 0x70, 0x1F, 0x80, 0xFC, 0x07,
    0xE0, 0x3F, 0x01, 0xF8, 0x0F, 0xC0, 0x7E, 0x03, 0xF0, 0x1F, 0x80, 0xFC, 0x07, 0x60, 0x3B, 0x81,
    0xDE, 0x1C, 0x7F, 0xC1, 0xFC, 0x00, 0x3B, 0x87, 0xC1, 0xE0, 0x00, 0x00, 0x38, 0x7E, 0x1F, 0x87,
    0xE1, 0xF8, 0x7E, 0x1F, 0x87, 0xE1, 0xF8, 0x77, 0x3D, 0xFF, 0x3E, 0xC0, 0x0F, 0xC0, 0x7E, 0x00,
    0x00, 0x39, 0x81, 0xDC, 0x0E, 0x60, 0x00, 0x1C, 0x07, 0xE0, 0x3F, 0x01, 0xF8, 0x0F, 0xC0, 0x7E,
    0x03, 0xF0, 0x1F, 0x80, 0xFC, 0x07, 0xE0, 0x3F, 0x01, 0xD8, 0x0E, 0xE0, 0x77, 0x87, 0x1F, 0xF0,
    0x7F, 0x00, 0x3F, 0x0F, 0xC0, 0x00, 0xCE, 0x3B, 0x8C, 0xE0, 0x03, 0x87, 0xE1, 0xF8, 0x7E, 0x1F,
    0x87, 0xE1, 0xF8, 0x7E, 0x1F, 0x87, 0x73, 0xDF, 0xF3, 0xEC, 0x01, 0xC0, 0x1C, 0x00, 0xC0, 0x06,
    0x01, 0xCC, 0x0E, 0xE0, 0x73, 0x00, 0x00, 0xE0, 0x3F, 0x01, 0xF8, 0x0F, 0xC0, 0x7E, 0x03, 0xF0,
    0x1F, 0x80, 0xFC, 0x07, 0xE0, 0x3F, 0x01, 0xF8, 0x0E, 0xC0, 0x77, 0x03, 0xBC, 0x38, 0xFF, 0x83,
    0xF8, 0x07, 0x01, 0xC0, 0xE0, 0x30, 0x33, 0x8E, 0xE3, 0x38, 0x00, 0xE1, 0xF8, 0x7E, 0x1F, 0x87,
    0xE1, 0xF8, 0x7E, 0x1F, 0x87, 0xE1, 0xDC, 0xF7, 0xFC, 0xFB, 0x0C, 0xC0, 0x7E, 0x01, 0xE0, 0x06,
    0x01, 0xCC, 0x0E, 0xE0, 0x73, 0x00, 0x00, 0xE0, 0x3F, 0x01, 0xF8, 0x0F, 0xC0, 0x7E, 0x03, 0xF0,
    0x1F, 0x80, 0xFC, 0x07, 0xE0, 0x3F, 0x01, 0xF8, 0x0E, 0xC0, 0x77, 0x03, 0xBC, 0x38, 0xFF, 0x83,
    0xF8, 0x33, 0x8F, 0xC1, 0xE0, 0x30, 0x33, 0x8E, 0xE3, 0x38, 0x00, 0xE1, 0xF8, 0x7E, 0x1F, 0x87,
    0xE1, 0xF8, 0x7E, 0x1F, 0x87, 0xE1, 0xDC, 0xF7, 0xFC, 0xFB, 0x0E, 0x00, 0x30, 0x01, 0xC0, 0x00,
    0x01, 0xCC, 0x0E, 0xE0, 0x73, 0x00, 0x00, 0xE0, 0x3F, 0x01, 0xF8, 0x0F, 0xC0, 0x7E, 0x03, 0xF0,
    0x1F, 0x80, 0xFC, 0x07, 0xE0, 0x3F, 0x01, 0xF8, 0x0E, 0xC0, 0x77, 0x03, 0xBC, 0x38, 0xFF, 0x83,
    0xF8, 0x38, 0x07, 0x00, 0xC0, 0x00, 0x33, 0x8E, 0xE3, 0x38, 0x00, 0xE1, 0xF8, 0x7E, 0x1F, 0x87,
    0xE1, 0xF8, 0x7E, 0x1F, 0x87, 0xE1, 0xDC, 0xF7, 0xFC, 0xFB, 0x3F, 0x0F, 0xF3, 0x8F, 0x20, 0xE0,
    0x0D, 0xFF, 0xBF, 0xF6, 0x06, 0xE1, 0xDE, 0x79, 0xFE, 0x1F, 0x80, 0x0F, 0xC0, 0x3F, 0x00, 0x00,
    0x03, 0x38, 0x0E, 0xE0, 0x33, 0x80, 0x00, 0x01, 0xE0, 0x07, 0x80, 0x1F, 0x00, 0xFC, 0x03, 0xB0,
    0x0C, 0xE0, 0x73, 0x81, 0xCE, 0x07, 0x1C, 0x38, 0x70, 0xFF, 0xC3, 0xFF, 0x9C, 0x0E, 0x70, 0x19,
    0x80, 0x7E, 0x01, 0xC0, 0x1F, 0x87, 0xF0, 0x00, 0x1C, 0xC3, 0xB8, 0x73, 0x00, 0x00, 0xFC, 0x3F,
    0xCE, 0x38, 0x83, 0x00, 0xE3, 0xFC, 0xFF, 0x9C, 0x33, 0x06, 0x71, 0xCF, 0xF8, 0xFB, 0x00, 0x0F,
    0xC0, 0x3F, 0x00, 0x00, 0x00, 0xE0, 0x03, 0x80, 0x0C, 0x00, 0x00, 0x01, 0xE0, 0x07, 0x80, 0x1F,
    0x00, 0xFC, 0x03, 0xB0, 0x0C, 0xE0, 0x73, 0x81, 0xCE, 0x07, 0x1C, 0x38, 0x70, 0xFF, 0xC3, 0xFF,
    0x9C, 0x0E, 0x70, 0x19, 0x80, 0x7E, 0x01, 0xC0, 0x1F, 0x87, 0xF0, 0x00, 0x07, 0x00, 0xE0, 0x1C,
    0x00, 0x00, 0xFC, 0x3F, 0xCE, 0x38, 0x83, 0x00, 0xE3, 0xFC, 0xFF, 0x9C, 0x33, 0x06, 0x71, 0xCF,
    0xF8, 0xFB, 0x00, 0x00, 0x3F, 0x80, 0x03, 0xF8, 0x00, 0x00, 0x00, 0x00, 0x00, 0x01, 0xFF, 0xF0,
    0x1F, 0xFF, 0x03, 0xB0, 0x00, 0x3B, 0x00, 0x07, 0x30, 0x00, 0x73, 0x00, 0x0E, 0x30, 0x00, 0xE3,
    0xFE, 0x0C, 0x3F, 0xE1, 0xC3, 0x00, 0x1F, 0xF0, 0x03, 0xFF, 0x00, 0x38, 0x30, 0x07, 0x03, 0x00,
    0x70, 0x3F, 0xFE, 0x03, 0xFF, 0x03, 0xF8, 0x00, 0x7F, 0x00, 0x00, 0x00, 0x00, 0x00, 0x01, 0xFB,
    0xF0, 0x7F, 0xFF, 0x1C, 0x7C, 0x71, 0x07, 0x0E, 0x00, 0xC0, 0xC7, 0xFF, 0xF9, 0xFF, 0xFF, 0x38,
    0x60, 0x06, 0x0E, 0x08, 0xE3, 0xE3, 0x9F, 0xFF, 0xF1, 0xF9, 0xF8, 0x0F, 0xC0, 0xFF, 0xC7, 0x87,
    0x1C, 0x0E, 0xE0, 0x3B, 0x80, 0x0E, 0x00, 0x38, 0x00, 0xE1, 0xFF, 0x87, 0xFE, 0x01, 0xF8, 0x7F,
    0x70, 0xFD, 0xE1, 0xE3, 0xFF, 0x03, 0xF0, 0x3E, 0xE3, 0xFF, 0x3C, 0x79, 0xC3, 0xCC, 0x0E, 0x60,
    0x73, 0x0F, 0xF8, 0x7E, 0xE1, 0xE7, 0x8F, 0x1F, 0xF8, 0x7D, 0xC0, 0x0C, 0x70, 0xE1, 0xFF, 0x07,
    0xF0, 0x0C, 0xC0, 0x3E, 0x00, 0x78, 0x00, 0x00, 0x00, 0x00, 0x3F, 0x03, 0xFF, 0x1E, 0x1C, 0x70,
    0x3B, 0x80, 0xEE, 0x00, 0x38, 0x00, 0xE0, 0x03, 0x87, 0xFE, 0x1F, 0xF8, 0x07, 0xE0, 0x19, 0xC0,
    0xE7, 0x87, 0x8F, 0xFC, 0x0F, 0xC0, 0x3B, 0x83, 0xE0, 0x78, 0x00, 0x00, 0x00, 0x7D, 0xDF, 0xFF,
    0x8F, 0xE1, 0xF8, 0x1F, 0x03, 0xE0, 0x7C, 0x0F, 0xC3, 0xFC, 0x7B, 0xFF, 0x3E, 0xE0, 0x1B, 0x87,
    0x3F, 0xE3, 0xF8, 0x1D, 0xC0, 0x7C, 0x03, 0xC0, 0x00, 0x00, 0x00, 0x70, 0x3B, 0x83, 0xDC, 0x3C,
    0xE3, 0xC7, 0x3C, 0x39, 0xC1, 0xDC, 0x0F, 0xE0, 0x7F, 0x83, 0xDC, 0x1E, 0x70, 0xE1, 0xC7, 0x0E,
    0x38, 0x39, 0xC0, 0xEE, 0x07, 0x80, 0xEE, 0x03, 0xE0, 0x0E, 0x00, 0x00, 0x00, 0x00, 0x1C, 0x00,
    0xE0, 0x07, 0x00, 0x38, 0x01, 0xC3, 0x8E, 0x38, 0x73, 0x83, 0xB8, 0x1F, 0x80, 0xFC, 0x07, 0xE0,
    0x3B, 0x81, 0xCE, 0x0E, 0x78, 0x71, 0xC3, 0x87, 0x00, 0x0F, 0xC0, 0xFF, 0xC7, 0x87, 0x1C, 0x0E,
    0xE0, 0x1B, 0x80, 0x7E, 0x01, 0xF8, 0x07, 0xE0, 0x1F, 0x80, 0x7E, 0x01, 0xF8, 0x06, 0x70, 0x39,
    0xE1, 0xC3, 0xFF, 0x03, 0xF0, 0x07, 0x00, 0x18, 0x00, 0x78, 0x01, 0xF0, 0x3F, 0x0F, 0xF1, 0xC7,
    0x70, 0x6C, 0x0F, 0x81, 0xF0, 0x3E, 0x07, 0xE0, 0xCE, 0x39, 0xFE, 0x1F, 0x80, 0xC0, 0x38, 0x07,
    0xC0, 0x78, 0x0F, 0xC0, 0x3F, 0x00, 0x00, 0x00, 0x00, 0x0F, 0xC0, 0xFF, 0xC7, 0x87, 0x1C, 0x0E,
    0xE0, 0x1B, 0x80, 0x7E, 0x01, 0xF8, 0x07, 0xE0, 0x1F, 0x80, 0x7E, 0x01, 0xF8, 0x06, 0x70, 0x39,
    0xE1, 0xC3, 0xFF, 0x03, 0xF0, 0x07, 0x00, 0x18, 0x00, 0x78, 0x01, 0xF0, 0x3F, 0x07, 0xE0, 0x00,
    0x00, 0x03, 0xF0, 0xFF, 0x1C, 0x77, 0x06, 0xC0, 0xF8, 0x1F, 0x03, 0xE0, 0x7E, 0x0C, 0xE3, 0x9F,
    0xE1, 0xF8, 0x0C, 0x03, 0x80, 0x7C, 0x07, 0x80, 0x19, 0x80, 0x7C, 0x03, 0xC0, 0x00, 0x00, 0x00,
    0x7F, 0xF9, 0xFF, 0xC0, 0x1C, 0x01, 0xC0, 0x1C, 0x01, 0xC0, 0x1C, 0x00, 0xF8, 0x07, 0xE0, 0x07,
    0x80, 0x0E, 0x00, 0x70, 0x01, 0x80, 0x0D, 0x80, 0x6C, 0x07, 0x70, 0x39, 0xC3, 0x8F, 0xFC, 0x1F,
    0x80, 0x3B, 0x83, 0xE0, 0x38, 0x00, 0x00, 0x00, 0xFF, 0x9F, 0xF0, 0x1E, 0x07, 0x80, 0xE0, 0x38,
    0x0F, 0x81, 0xFC, 0x07, 0x80, 0x38, 0x07, 0xC0, 0xFC, 0x1F, 0xC7, 0x3F, 0xE3, 0xF8, 0xEE, 0xF8,
    0xE0, 0x00, 0x07, 0x0E, 0x1C, 0x38, 0x70, 0xE1, 0xC3, 0x87, 0x0E, 0x1C, 0x38, 0x70, 0xE7, 0x8F,
    0x00, 0xFF, 0x81, 0xFF, 0xFF, 0xF8, 0x7F, 0xFE, 0x0F, 0x00, 0x1F, 0x81, 0xC0, 0x0E, 0xE0, 0x38,
    0x07, 0x38, 0x0E, 0x01, 0xCE, 0x03, 0x80, 0xE3, 0x80, 0x60, 0x70, 0xE0, 0x18, 0x1C, 0x38, 0x0E,
    0x0E, 0x0E, 0x03, 0x83, 0x03, 0x80, 0xE1, 0xC0, 0xE0, 0x70, 0xE0, 0x38, 0x3C, 0x38, 0x0F, 0xFE,
    0x1F, 0xFF, 0xFE, 0x07, 0xFF, 0xFF, 0x80, 0x00, 0x7F, 0xF0, 0x00, 0x38, 0x3C, 0x00, 0x1C, 0x0E,
    0x00, 0x0E, 0x03, 0x9F, 0xF7, 0x01, 0xCF, 0xFB, 0x80, 0xE0, 0x1D, 0xC0, 0x30, 0x1C, 0xE0, 0x18,
    0x1C, 0x70, 0x1C, 0x0E, 0x38, 0x0E, 0x0E, 0x1C, 0x07, 0x0E, 0x0E, 0x07, 0x0F, 0x07, 0x07, 0x87,
    0x03, 0xFF, 0x87, 0xFF, 0xFF, 0x03, 0xFF, 0x00, 0xE0, 0x00, 0x03, 0x80, 0x00, 0x0E, 0x00, 0x00,
    0x38, 0x00, 0x3E, 0xE7, 0xFD, 0xFF, 0x9F, 0xFF, 0x1E, 0x03, 0xB8, 0x78, 0x0E, 0xC0, 0xE0, 0x73,
    0x03, 0x83, 0x8C, 0x0E, 0x0E, 0x30, 0x38, 0x70, 0xE1, 0xE3, 0x83, 0xC7, 0x9E, 0x07, 0xFE, 0x7F,
    0xCF, 0xB9, 0xFF, 0x01, 0xC0, 0x0E, 0x00, 0x30, 0x00, 0x00, 0x0F, 0xC0, 0xFF, 0xC7, 0x87, 0x1C,
    0x0E, 0xE0, 0x3B, 0x80, 0x0E, 0x00, 0x38, 0x00, 0xE1, 0xFF, 0x87, 0xFE, 0x01, 0xF8, 0x06, 0x70,
    0x39, 0xE1, 0xE3, 0xFF, 0x03, 0xF0, 0x07, 0x00, 0xC0, 0x38, 0x00, 0x03, 0xEE, 0xFF, 0xFC, 0x7F,
    0x0F, 0xC0, 0xF8, 0x1F, 0x03, 0xE0, 0x7E, 0x1F, 0xE3, 0xDF, 0xF9, 0xF7, 0x00, 0xDC, 0x39, 0xFF,
    0x1F, 0xC0, 0xE0, 0x38, 0x07, 0x01, 0xC0, 0x38, 0x0E, 0x01, 0xC0, 0x70, 0x0E, 0x03, 0x83, 0xF0,
    0x1C, 0x1F, 0x80, 0xE0, 0xFF, 0xFF, 0x07, 0xFF, 0xF8, 0x3F, 0x01, 0xC1, 0xF8, 0x0E, 0x0F, 0xC0,
    0x70, 0x7E, 0x01, 0x83, 0xF0, 0x0E, 0x3F, 0x80, 0x3F, 0xDC, 0x00, 0xFC, 0xFF, 0x8F, 0xFC, 0xE1,
    0xCE, 0x0E, 0xE0, 0xEE, 0x0E, 0xE0, 0x6E, 0x0E, 0xE0, 0xEE, 0x0E, 0xE0, 0xEE, 0x1C, 0xE3, 0xCE,
    0x78, 0xEF, 0x0F, 0xE0, 0xFC, 0x0E, 0x00, 0xE0, 0x0E, 0x00, 0x0E, 0x00, 0x30, 0x01, 0xC0, 0x00,
    0x0F, 0x01, 0xF8, 0x0F, 0xE0, 0x7F, 0x83, 0xFC, 0x1F, 0x70, 0xFB, 0x87, 0xCE, 0x3E, 0x39, 0xF1,
    0xCF, 0x87, 0x7C, 0x3B, 0xE0, 0xFF, 0x03, 0xF8, 0x1F, 0xC0, 0x70, 0x38, 0x07, 0x00, 0xC0, 0x00,
    0xFF, 0x3F, 0xEF, 0x1F, 0x87, 0xE1, 0xF8, 0x7E, 0x1F, 0x87, 0xE1, 0xF8, 0x7E, 0x1F, 0x87, 0x01,
    0xC0, 0x0E, 0x00, 0x38, 0x01, 0xF0, 0x0E, 0xC0, 0x33, 0x00, 0xFC, 0x01, 0xE0, 0x07, 0x80, 0x1E,
    0x00, 0x7C, 0x03, 0xF0, 0x0E, 0xC0, 0x33, 0x81, 0xCE, 0x07, 0x38, 0x1C, 0x70, 0xE1, 0xC3, 0xFF,
    0x0F, 0xFE, 0x70, 0x39, 0xC0, 0x66, 0x01, 0xF8, 0x07, 0x03, 0x00, 0xC0, 0x38, 0x0F, 0x81, 0xB8,
    0x37, 0x07, 0xC0, 0x78, 0x00, 0x03, 0xF0, 0xFF, 0x38, 0xE2, 0x0C, 0x03, 0x8F, 0xF3, 0xFE, 0x70,
    0xCC, 0x19, 0xC7, 0x3F, 0xE3, 0xEC, 0x00, 0x07, 0x00, 0x00, 0x70, 0x00, 0x06, 0x00, 0x00, 0x00,
    0x01, 0xFF, 0xF0, 0x1F, 0xFF, 0x03, 0xB0, 0x00, 0x3B, 0x00, 0x07, 0x30, 0x00, 0x73, 0x00, 0x0E,
    0x30, 0x00, 0xE3, 0xFE, 0x0C, 0x3F, 0xE1, 0xC3, 0x00, 0x1F, 0xF0, 0x03, 0xFF, 0x00, 0x38, 0x30,
    0x07, 0x03, 0x00, 0x70, 0x3F, 0xFE, 0x03, 0xFF, 0x00, 0x70, 0x00, 0x0E, 0x00, 0x01, 0x80, 0x00,
    0x00, 0x01, 0xFB, 0xF0, 0x7F, 0xFF, 0x1C, 0x7C, 0x71, 0x07, 0x0E, 0x00, 0xC0, 0xC7, 0xFF, 0xF9,
    0xFF, 0xFF, 0x38, 0x60, 0x06, 0x0E, 0x08, 0xE3, 0xE3, 0x9F, 0xFF, 0xF1, 0xF9, 0xF8, 0x01, 0xC0,
    0x0E, 0x00, 0x30, 0x00, 0x00, 0x0F, 0xD0, 0xFF, 0xE7, 0x87, 0x9C, 0x1E, 0xE0, 0xFB, 0x83, 0x7E,
    0x1D, 0xF8, 0xE7, 0xE3, 0x1F, 0x9C, 0x7E, 0xE1, 0xFF, 0x06, 0x7C, 0x39, 0xE1, 0xC7, 0xFF, 0x1F,
    0xF0, 0x20, 0x00, 0x03, 0x80, 0x30, 0x07, 0x00, 0x00, 0x1F, 0xA3, 0xFF, 0x38, 0xE7, 0x1E, 0x63,
    0xF6, 0x37, 0x66, 0x76, 0xE7, 0x7C, 0x63, 0x8E, 0x7F, 0xC7, 0xF8, 0x40, 0x00, 0x3B, 0x80, 0x76,
    0x00, 0xDC, 0x00, 0x00, 0x07, 0x80, 0x1E, 0x00, 0x7C, 0x03, 0xF0, 0x0E, 0xC0, 0x33, 0x81, 0xCE,
    0x07, 0x38, 0x1C, 0x70, 0xE1, 0xC3, 0xFF, 0x0F, 0xFE, 0x70, 0x39, 0xC0, 0x66, 0x01, 0xF8, 0x07,
    0x76, 0x06, 0xE0, 0xEC, 0x00, 0x01, 0xF8, 0x7F, 0x9C, 0x71, 0x06, 0x01, 0xC7, 0xF9, 0xFF, 0x38,
    0x66, 0x0C, 0xE3, 0x9F, 0xF1, 0xF6, 0x03, 0x80, 0x1F, 0x00, 0xFC, 0x03, 0x38, 0x08, 0x40, 0x1E,
    0x00, 0x78, 0x01, 0xF0, 0x0F, 0xC0, 0x3B, 0x00, 0xCE, 0x07, 0x38, 0x1C, 0xE0, 0x71, 0xC3, 0x87,
    0x0F, 0xFC, 0x3F, 0xF9, 0xC0, 0xE7, 0x01, 0x98, 0x07, 0xE0, 0x1C, 0x0E, 0x03, 0xE0, 0x7E, 0x18,
    0xC1, 0x08, 0x3F, 0x0F, 0xF3, 0x8E, 0x20, 0xC0, 0x38, 0xFF, 0x3F, 0xE7, 0x0C, 0xC1, 0x9C, 0x73,
    0xFE, 0x3E, 0xC0, 0x76, 0x06, 0xE0, 0xEC, 0x00, 0x0F, 0xFD, 0xFF, 0xB8, 0x07, 0x00, 0xE0, 0x1C,
    0x03, 0x80, 0x7F, 0xEF, 0xFD, 0xC0, 0x38, 0x07, 0x00, 0xE0, 0x1C, 0x03, 0xFF, 0x7F, 0xF0, 0xEE,
    0x0E, 0xC0, 0xDC, 0x00, 0x03, 0xF0, 0xFF, 0x1C, 0x77, 0x0E, 0xC0, 0xDF, 0xFB, 0xFF, 0x60, 0x0E,
    0x08, 0xE3, 0x9F, 0xF1, 0xF8, 0x0E, 0x03, 0xE0, 0xFE, 0x18, 0xC1, 0x11, 0xFF, 0xBF, 0xF7, 0x00,
    0xE0, 0x1C, 0x03, 0x80, 0x70, 0x0F, 0xFD, 0xFF, 0xB8, 0x07, 0x00, 0xE0, 0x1C, 0x03, 0x80, 0x7F,
    0xEF, 0xFE, 0x0E, 0x03, 0xE0, 0xFC, 0x19, 0xC2, 0x10, 0x7E, 0x1F, 0xE3, 0x8E, 0xE1, 0xD8, 0x1B,
    0xFF, 0x7F, 0xEC, 0x01, 0xC1, 0x1C, 0x73, 0xFE, 0x3F, 0x00, 0xEE, 0x6E, 0x36, 0x00, 0x1C, 0x1C,
    0x1C, 0x1C, 0x1C, 0x1C, 0x1C, 0x1C, 0x1C, 0x1C, 0x1C, 0x1C, 0x1C, 0x1C, 0x1C, 0x1C, 0x76, 0x37,
    0x3B, 0x00, 0x0E, 0x0E, 0x0E, 0x0E, 0x0E, 0x0E, 0x0E, 0x0E, 0x0E, 0x0E, 0x0E, 0x0E, 0x38, 0xF9,
    0xFF, 0x34, 0x27, 0x0E, 0x1C, 0x38, 0x70, 0xE1, 0xC3, 0x87, 0x0E, 0x1C, 0x38, 0x70, 0xE1, 0xC3,
    0x80, 0x38, 0xFB, 0xFE, 0x34, 0x47, 0x0E, 0x1C, 0x38, 0x70, 0xE1, 0xC3, 0x87, 0x0E, 0x1C, 0x38,
    0x3B, 0x80, 0x76, 0x00, 0xDC, 0x00, 0x00, 0x0F, 0xC0, 0xFF, 0xC7, 0x87, 0x1C, 0x0E, 0xE0, 0x1B,
    0x80, 0x7E, 0x01, 0xF8, 0x07, 0xE0, 0x1F, 0x80, 0x7E, 0x01, 0xF8, 0x06, 0x70, 0x39, 0xE1, 0xC3,
    0xFF, 0x03, 0xF0, 0x6E, 0x0E, 0xC0, 0xDC, 0x00, 0x03, 0xF0, 0xFF, 0x1C, 0x77, 0x06, 0xC0, 0xF8,
    0x1F, 0x03, 0xE0, 0x7E, 0x0C, 0xE3, 0x9F, 0xE1, 0xF8, 0x03, 0x00, 0x3F, 0x00, 0xFC, 0x03, 0x30,
    0x08, 0x40, 0x3F, 0x03, 0xFF, 0x1E, 0x1C, 0x70, 0x3B, 0x80, 0x6E, 0x01, 0xF8, 0x07, 0xE0, 0x1F,
    0x80, 0x7E, 0x01, 0xF8, 0x07, 0xE0, 0x19, 0xC0, 0xE7, 0x87, 0x0F, 0xFC, 0x0F, 0xC0, 0x0E, 0x03,
    0xE0, 0xFC, 0x19, 0xC2, 0x10, 0x7E, 0x1F, 0xE3, 0x8E, 0xE0, 0xD8, 0x1F, 0x03, 0xE0, 0x7C, 0x0F,
    0xC1, 0x9C, 0x73, 0xFC, 0x3F, 0x00, 0x76, 0x03, 0x70, 0x3B, 0x00, 0x00, 0xFF, 0x8F, 0xFC, 0xE0,
    0xEE, 0x06, 0xE0, 0x7E, 0x06, 0xE0, 0xEE, 0x1E, 0xFF, 0xCF, 0xF8, 0xE3, 0x8E, 0x1C, 0xE1, 0xCE,
    0x0E, 0xE0, 0xEE, 0x07, 0x6E, 0x3B, 0x8E, 0xC0, 0x03, 0xF9, 0xFC, 0xF0, 0x70, 0x38, 0x1C, 0x0E,
    0x07, 0x03, 0x81, 0xC0, 0xE0, 0x70, 0x0E, 0x01, 0xF0, 0x3F, 0x83, 0x18, 0x10, 0x8F, 0xF8, 0xFF,
    0xCE, 0x0E, 0xE0, 0x6E, 0x07, 0xE0, 0x6E, 0x0E, 0xE1, 0xEF, 0xFC, 0xFF, 0x8E, 0x38, 0xE1, 0xCE,
    0x1C, 0xE0, 0xEE, 0x0E, 0xE0, 0x70, 0x38, 0xFB, 0xF6, 0x38, 0x5F, 0xFF, 0xF8, 0xE1, 0xC3, 0x87,
    0x0E, 0x1C, 0x38, 0x70, 0xE0, 0x3B, 0x80, 0xDC, 0x03, 0x60, 0x00, 0x0E, 0x03, 0xF0, 0x1F, 0x80,
    0xFC, 0x07, 0xE0, 0x3F, 0x01, 0xF8, 0x0F, 0xC0, 0x7E, 0x03, 0xF0, 0x1F, 0x80, 0xEC, 0x07, 0x70,
    0x3B, 0xC3, 0x8F, 0xF8, 0x3F, 0x80, 0xEE, 0x1D, 0x83, 0x70, 0x00, 0xE1, 0xF8, 0x7E, 0x1F, 0x87,
    0xE1, 0xF8, 0x7E, 0x1F, 0x87, 0xE1, 0xDC, 0xF7, 0xFC, 0xFB, 0x07, 0x00, 0x7C, 0x03, 0xF0, 0x39,
    0x80, 0x84, 0x70, 0x1F, 0x80, 0xFC, 0x07, 0xE0, 0x3F, 0x01, 0xF8, 0x0F, 0xC0, 0x7E, 0x03, 0xF0,
    0x1F, 0x80, 0xFC, 0x07, 0x60, 0x3B, 0x81, 0xDE, 0x1C, 0x7F, 0xC1, 0xFC, 0x00, 0x0E, 0x07, 0xC3,
    0xF0, 0xCE, 0x21, 0x38, 0x7E, 0x1F, 0x87, 0xE1, 0xF8, 0x7E, 0x1F, 0x87, 0xE1, 0xF8, 0x77, 0x3D,
    0xFF, 0x3E, 0xC0, 0x1F, 0x87, 0xFC, 0x70, 0xEE, 0x06, 0xE0, 0x0F, 0x00, 0x7C, 0x03, 0xF8, 0x0F,
    0xC0, 0x1E, 0x00, 0x6C, 0x07, 0xE0, 0x6F, 0x0E, 0x7F, 0xC3, 0xF8, 0x00, 0x00, 0xE0, 0x0C, 0x00,
    0xC0, 0x0C, 0x00, 0x3E, 0x3F, 0xB8, 0xFC, 0x2F, 0x03, 0xF0, 0xFE, 0x07, 0xC1, 0xF1, 0xFF, 0xEF,
    0xE0, 0x00, 0xE0, 0x60, 0x30, 0x18, 0x00, 0xFF, 0xFF, 0xFF, 0x0E, 0x00, 0xE0, 0x0E, 0x00, 0xE0,
    0x0E, 0x00, 0xE0, 0x0E, 0x00, 0xE0, 0x0E, 0x00, 0xE0, 0x0E, 0x00, 0xE0, 0x0E, 0x00, 0xE0, 0x00,
    0x00, 0xE0, 0x0E, 0x00, 0xC0, 0x0C, 0x00, 0x30, 0x60, 0xC7, 0xEF, 0xC6, 0x0C, 0x18, 0x30, 0x60,
    0xC1, 0x83, 0x07, 0x87, 0x80, 0x38, 0x70, 0xC1, 0x80, 0x3F, 0x8F, 0xFB, 0xC7, 0xF0, 0x74, 0x0E,
    0x01, 0xC0, 0x38, 0x0E, 0x03, 0xC3, 0xFD, 0xFB, 0xBC, 0x74, 0x0E, 0x01, 0xC0, 0x38, 0x0F, 0x03,
    0xC1, 0xF1, 0xFC, 0x3E, 0x06, 0x00, 0x3F, 0x3F, 0xF8, 0xFC, 0x70, 0x38, 0x1C, 0x3C, 0x7F, 0x7F,
    0xB9, 0xC0, 0xE0, 0x70, 0x38, 0x79, 0xF8, 0xF8, 0x60, 0x00, 0x1D, 0xC0, 0x7C, 0x01, 0xC0, 0x00,
    0x00, 0x00, 0x70, 0x1F, 0x80, 0xFC, 0x07, 0xE0, 0x3F, 0x01, 0xF8, 0x0F, 0xC0, 0x7F, 0xFF, 0xFF,
    0xFF, 0x80, 0xFC, 0x07, 0xE0, 0x3F, 0x01, 0xF8, 0x0F, 0xC0, 0x7E, 0x03, 0x80, 0xEE, 0x07, 0xC0,
    0x38, 0x00, 0x00, 0x00, 0x03, 0x80, 0x38, 0x03, 0x80, 0x38, 0x03, 0xFC, 0x3F, 0xE3, 0xC7, 0x38,
    0x73, 0x87, 0x38, 0x73, 0x87, 0x38, 0x73, 0x87, 0x38, 0x73, 0x87, 0x38, 0x70, 0xE7, 0x30, 0x73,
    0x98, 0x38, 0xFB, 0xB8, 0x01, 0xFF, 0xF6, 0x40, 0xFF, 0xF0, 0xCF, 0xF7, 0x80, 0xFF, 0x80, 0x66,
    0xF7, 0x67, 0xEE, 0x66, 0x79, 0xFE, 0xF3, 0xFD, 0xE0, 0x3B, 0x3B, 0x99, 0x99, 0x80, 0xEE, 0xF8,
    0xE0, 0xEE, 0x76, 0x37, 0x37, 0x6E, 0xEC, 0x66, 0x6E, 0xEC, 0x00, 0x66, 0x6E, 0xEC, 0x00, 0x6E,
    0xEC, 0x40, 0xFF, 0x80, 0x6F, 0xE0, 0x63, 0x9C, 0x6F, 0x20, 0x31, 0xC6, 0x1E, 0x78, 0xEE, 0xF8,
    0xE0, 0x01, 0x80, 0xC0, 0xC0, 0x60, 0x60, 0x30, 0x30, 0x18, 0x18, 0x0C, 0x0C, 0x06, 0x06, 0x03,
    0x00, 0x00, 0x30, 0x06, 0x00, 0x60, 0x0C, 0x01, 0x80, 0x18, 0x03, 0x00, 0x30, 0x06, 0x00, 0xC0,
    0x0C, 0x01, 0x80, 0x18, 0x03, 0x00, 0x60, 0x06, 0x00, 0xC0, 0x00, 0x01, 0xFF, 0xF6, 0x40, 0x66,
    0xEC, 0xFF, 0xFF, 0xE3, 0xE3, 0xE3, 0x01, 0xFD, 0xF8, 0x0F, 0xEF, 0xC0, 0xDE, 0xF7, 0xB0, 0xFF,
    0xCE, 0x73, 0x00, 0x08, 0x7F, 0xFF, 0xFE, 0x30, 0x1C, 0x0E, 0x00, 0x4F, 0x77, 0xF3, 0x70, 0x70,
    0x38, 0x73, 0x7F, 0xFE, 0x7F, 0xFF, 0x33, 0x1C, 0x67, 0xF9, 0xFE, 0x33, 0x00, 0x00, 0x31, 0xEF,
    0xED, 0x30, 0xC0, 0x78, 0x3F, 0x83, 0xE0, 0xF3, 0xFB, 0xE1, 0xC0, 0x7B, 0x30, 0x3C, 0x7E, 0x76,
    0x66, 0x1C, 0x18, 0x4B, 0xE7, 0x9E, 0xF8, 0x20, 0x00, 0xFF, 0xBC, 0x3C, 0x30, 0x03, 0xC7, 0xCF,
    0xFB, 0x00, 0x00, 0x0F, 0x0C, 0x7D, 0xC3, 0xDE, 0xFB, 0x64, 0x36, 0xCE, 0x77, 0xEE, 0xFF, 0x80,
    0x31, 0xE7, 0x9E, 0x78, 0xFF, 0x6D, 0xB6, 0xDF, 0xE0, 0x63, 0x3D, 0xE3, 0x10, 0x78, 0x1E, 0x3F,
    0xFC, 0x0F, 0xF0, 0x78, 0x1E, 0x3F, 0xFC, 0x0F, 0xF0, 0x7F, 0xF9, 0xFF, 0xE0, 0x7F, 0xF9, 0xFF,
    0xE0, 0x3F, 0xE0, 0x37, 0xFF, 0xFF, 0xE3, 0xFF, 0xE0, 0x00, 0x00, 0x07, 0xE0, 0x1F, 0xF8, 0x3E,
    0x7C, 0x70, 0x0E, 0x00, 0x00, 0x00, 0x07, 0x00, 0x01, 0xCF, 0xFF, 0xF0, 0x00, 0x70, 0x00, 0x70,
    0x79, 0xB7, 0xFB, 0xFD, 0xF0, 0x79, 0xBF, 0xF8, 0x6D, 0xF0, 0xDB, 0x6D, 0xB6, 0x79, 0xBC, 0xF3,
    0x6D, 0xE0, 0xEF, 0xBE, 0xFB, 0x6D, 0xF0, 0x00, 0x79, 0xBC, 0x30, 0x6D, 0xE0, 0x0C, 0x30, 0xDF,
    0xEF, 0x3C, 0xFB, 0x7C, 0xE3, 0x8F, 0xBB, 0xEF, 0xBE, 0xFB, 0xFF, 0x6F, 0xF6, 0x7B, 0x3D, 0x9E,
    0xCC, 0xFE, 0xEE, 0xEE, 0x66, 0xF7, 0x66, 0x67, 0x00, 0xED, 0xB7, 0x9E, 0x38, 0xC0, 0xDD, 0xE7,
    0x1C, 0x7B, 0x70, 0x18, 0x03, 0x80, 0x30, 0x00, 0x0F, 0xFD, 0xFF, 0xB8, 0x07, 0x00, 0xE0, 0x1C,
    0x03, 0x80, 0x7F, 0xEF, 0xFD, 0xC0, 0x38, 0x07, 0x00, 0xE0, 0x1C, 0x03, 0xFF, 0x7F, 0xF0, 0x3B,
    0x87, 0x70, 0xEE, 0x00, 0x00, 0x01, 0xFF, 0xBF, 0xF7, 0x00, 0xE0, 0x1C, 0x03, 0x80, 0x70, 0x0F,
    0xFD, 0xFF, 0xB8, 0x07, 0x00, 0xE0, 0x1C, 0x03, 0x80, 0x7F, 0xEF, 0xFE, 0xFF, 0xF0, 0xFF, 0xF0,
    0x0E, 0x00, 0x0E, 0x00, 0x0E, 0x00, 0x0E, 0x00, 0x0E, 0xF8, 0x0F, 0xFC, 0x0F, 0x9E, 0x0F, 0x0E,
    0x0E, 0x07, 0x0E, 0x07, 0x0E, 0x07, 0x0E, 0x07, 0x0E, 0x0E, 0x0E, 0x7C, 0x00, 0x78, 0x07, 0x00,
    0xE0, 0x18, 0x00, 0x0F, 0xFD, 0xFF, 0xB8, 0x07, 0x00, 0xE0, 0x1C, 0x03, 0x80, 0x70, 0x0E, 0x01,
    0xC0, 0x38, 0x07, 0x00, 0xE0, 0x1C, 0x03, 0x80, 0x70, 0x00, 0x0F, 0xC0, 0xFF, 0xC7, 0x87, 0x1C,
    0x0E, 0xE0, 0x1B, 0x80, 0x0E, 0x00, 0x3F, 0xE0, 0xFF, 0x83, 0x80, 0x0E, 0x00, 0x38, 0x06, 0x70,
    0x39, 0xE1, 0xC3, 0xFF, 0x03, 0xF0, 0x1F, 0x87, 0xFC, 0x70, 0xEE, 0x06, 0xE0, 0x0F, 0x00, 0x7C,
    0x03, 0xF8, 0x0F, 0xC0, 0x1E, 0x00, 0x6C, 0x07, 0xE0, 0x6F, 0x0E, 0x7F, 0xC3, 0xF8, 0xFF, 0xFF,
    0xFF, 0xFF, 0xFF, 0xFF, 0xE6, 0xEE, 0xE6, 0x00, 0x00, 0x38, 0x38, 0x38, 0x38, 0x38, 0x38, 0x38,
    0x38, 0x38, 0x38, 0x38, 0x38, 0x38, 0x38, 0x38, 0x38, 0x01, 0x80, 0x60, 0x18, 0x06, 0x01, 0x80,
    0x60, 0x18, 0x06, 0x01, 0x80, 0x6C, 0x1B, 0x06, 0xE1, 0xB8, 0xE7, 0xF0, 0xF8, 0x1F, 0xF8, 0x00,
    0x7F, 0xE0, 0x01, 0x83, 0x80, 0x06, 0x0E, 0x00, 0x18, 0x38, 0x00, 0x60, 0xE0, 0x01, 0x83, 0xFE,
    0x0E, 0x0F, 0xFC, 0x38, 0x38, 0x78, 0xE0, 0xE0, 0xE3, 0x83, 0x81, 0x8E, 0x0E, 0x06, 0x38, 0x38,
    0x18, 0xC0, 0xE0, 0xEF, 0x03, 0xFF, 0x38, 0x0F, 0xF8, 0xE0, 0x38, 0x03, 0x80, 0xE0, 0x0E, 0x03,
    0x80, 0x38, 0x0E, 0x00, 0xE0, 0x38, 0x03, 0x80, 0xE0, 0x0F, 0xFF, 0xFE, 0x3F, 0xFF, 0xFC, 0xE0,
    0x38, 0x7B, 0x80, 0xE0, 0x7E, 0x03, 0x81, 0xF8, 0x0E, 0x07, 0xE0, 0x38, 0x1F, 0x80, 0xE0, 0xEE,
    0x03, 0xFF, 0xB8, 0x0F, 0xF8, 0xFF, 0xF8, 0xFF, 0xF0, 0x0E, 0x00, 0x0E, 0x00, 0x0E, 0x00, 0x0E,
    0x00, 0x0E, 0xFC, 0x0F, 0xFE, 0x0F, 0x9F, 0x0E, 0x07, 0x0E, 0x07, 0x0E, 0x07, 0x0E, 0x07, 0x0E,
    0x07, 0x0E, 0x07, 0x0E, 0x07, 0x03, 0x80, 0x38, 0x01, 0x80, 0x00, 0x0E, 0x07, 0x70, 0x7B, 0x83,
    0x9C, 0x38, 0xE3, 0x87, 0x1C, 0x39, 0xC1, 0xFC, 0x0F, 0xE0, 0x73, 0x83, 0x8E, 0x1C, 0x78, 0xE1,
    0xC7, 0x07, 0x38, 0x1D, 0xC0, 0xE0, 0x0E, 0x00, 0x30, 0x01, 0xC0, 0x00, 0x0E, 0x03, 0xF0, 0x3F,
    0x81, 0xFC, 0x1F, 0xE1, 0xDF, 0x0E, 0xF8, 0xE7, 0xC7, 0x3E, 0x71, 0xF7, 0x8F, 0xB8, 0x7F, 0x83,
    0xFC, 0x1F, 0xC0, 0xFC, 0x07, 0xE0, 0x30, 0x18, 0xC0, 0x7C, 0x03, 0xE0, 0x00, 0x00, 0x00, 0x70,
    0x1D, 0xC0, 0xCE, 0x0E, 0x30, 0x71, 0xC7, 0x0E, 0x38, 0x39, 0x81, 0xDC, 0x06, 0xE0, 0x3E, 0x00,
    0xF0, 0x07, 0x00, 0x38, 0x01, 0xC0, 0x7C, 0x03, 0xC0, 0x00, 0xE0, 0x3F, 0x01, 0xF8, 0x0F, 0xC0,
    0x7E, 0x03, 0xF0, 0x1F, 0x80, 0xFC, 0x07, 0xE0, 0x3F, 0x01, 0xF8, 0x0F, 0xC0, 0x7E, 0x03, 0xF0,
    0x1F, 0xFF, 0xFF, 0xFF, 0x07, 0x00, 0x38, 0x01, 0xC0, 0x07, 0x80, 0x1E, 0x00, 0x7C, 0x03, 0xF0,
    0x0E, 0xC0, 0x33, 0x81, 0xCE, 0x07, 0x38, 0x1C, 0x70, 0xE1, 0xC3, 0xFF, 0x0F, 0xFE, 0x70, 0x39,
    0xC0, 0x66, 0x01, 0xF8, 0x07, 0xFF, 0xCF, 0xFC, 0xE0, 0x0E, 0x00, 0xE0, 0x0E, 0x00, 0xE0, 0x0F,
    0xFC, 0xFF, 0xEE, 0x0E, 0xE0, 0x7E, 0x07, 0xE0, 0x7E, 0x0E, 0xFF, 0xEF, 0xFC, 0xFF, 0x8F, 0xFC,
    0xE0, 0xEE, 0x0E, 0xE0, 0x6E, 0x0E, 0xE1, 0xEF, 0xF8, 0xFF, 0xEE, 0x0E, 0xE0, 0x7E, 0x07, 0xE0,
    0x7E, 0x0E, 0xFF, 0xEF, 0xFC, 0xFF, 0xDF, 0xFB, 0x80, 0x70, 0x0E, 0x01, 0xC0, 0x38, 0x07, 0x00,
    0xE0, 0x1C, 0x03, 0x80, 0x70, 0x0E, 0x01, 0xC0, 0x38, 0x07, 0x00, 0x1F, 0xFC, 0x1F, 0xFC, 0x1C,
    0x1C, 0x1C, 0x1C, 0x1C, 0x1C, 0x1C, 0x1C, 0x1C, 0x1C, 0x1C, 0x1C, 0x18, 0x1C, 0x18, 0x1C, 0x18,
    0x1C, 0x38, 0x1C, 0x38, 0x1C, 0x70, 0x1C, 0xFF, 0xFE, 0xFF, 0xFE, 0xC0, 0x06, 0xC0, 0x06, 0xC0,
    0x06, 0xC0, 0x06, 0xFF, 0xDF, 0xFB, 0x80, 0x70, 0x0E, 0x01, 0xC0, 0x38, 0x07, 0xFE, 0xFF, 0xDC,
    0x03, 0x80, 0x70, 0x0E, 0x01, 0xC0, 0x3F, 0xF7, 0xFF, 0x70, 0x60, 0xE7, 0x86, 0x0E, 0x38, 0x61,
    0xC1, 0xC6, 0x38, 0x1C, 0x63, 0x80, 0xE6, 0x70, 0x0E, 0x67, 0x00, 0x7F, 0xE0, 0x07, 0xFE, 0x00,
    0xE6, 0x70, 0x1C, 0x63, 0x81, 0xC6, 0x38, 0x38, 0x61, 0xC3, 0x86, 0x1C, 0x70, 0x60, 0xEE, 0x06,
    0x07, 0x3F, 0x0F, 0xF1, 0xC7, 0x70, 0x64, 0x0C, 0x03, 0x80, 0xF0, 0x7C, 0x0F, 0xC0, 0x38, 0x03,
    0x80, 0x7E, 0x0F, 0xE3, 0xDF, 0xF1, 0xFC, 0xE0, 0x3F, 0x03, 0xF8, 0x1F, 0xC1, 0xFE, 0x1D, 0xF0,
    0xEF, 0x8E, 0x7C, 0x73, 0xE7, 0x1F, 0x78, 0xFB, 0x87, 0xF8, 0x3F, 0xC1, 0xFC, 0x0F, 0xC0, 0x7E,
    0x03, 0x0C, 0xC0, 0x7E, 0x01, 0xE0, 0x00, 0x00, 0x00, 0x70, 0x1F, 0x81, 0xFC, 0x0F, 0xE0, 0xFF,
    0x0E, 0xF8, 0x77, 0xC7, 0x3E, 0x39, 0xF3, 0x8F, 0xBC, 0x7D, 0xC3, 0xFC, 0x1F, 0xE0, 0xFE, 0x07,
    0xE0, 0x3F, 0x01, 0x80, 0xE0, 0x77, 0x07, 0xB8, 0x39, 0xC3, 0x8E, 0x38, 0x71, 0xC3, 0x9C, 0x1F,
    0xC0, 0xFE, 0x07, 0x38, 0x38, 0xE1, 0xC7, 0x8E, 0x1C, 0x70, 0x73, 0x81, 0xDC, 0x0E, 0x1F, 0xF8,
    0xFF, 0xC6, 0x0E, 0x30, 0x71, 0x83, 0x8C, 0x1C, 0x60, 0xE7, 0x07, 0x38, 0x39, 0xC1, 0xCE, 0x0E,
    0x70, 0x73, 0x83, 0x98, 0x1F, 0xC0, 0xFC, 0x07, 0xF0, 0x07, 0xF8, 0x0F, 0xF8, 0x0F, 0xF8, 0x0F,
    0xFC, 0x1F, 0xFC, 0x1F, 0xEC, 0x3B, 0xEE, 0x3B, 0xEE, 0x33, 0xE6, 0x73, 0xE7, 0x73, 0xE7, 0x63,
    0xE3, 0xE3, 0xE3, 0xE3, 0xE1, 0xC3, 0xE1, 0xC3, 0xE0, 0x3F, 0x01, 0xF8, 0x0F, 0xC0, 0x7E, 0x03,
    0xF0, 0x1F, 0x80, 0xFF, 0xFF, 0xFF, 0xFF, 0x01, 0xF8, 0x0F, 0xC0, 0x7E, 0x03, 0xF0, 0x1F, 0x80,
    0xFC, 0x07, 0x0F, 0xC0, 0xFF, 0xC7, 0x87, 0x1C, 0x0E, 0xE0, 0x1B, 0x80, 0x7E, 0x01, 0xF8, 0x07,
    0xE0, 0x1F, 0x80, 0x7E, 0x01, 0xF8, 0x06, 0x70, 0x39, 0xE1, 0xC3, 0xFF, 0x03, 0xF0, 0xFF, 0xFF,
    0xFF, 0xF8, 0x0F, 0xC0, 0x7E, 0x03, 0xF0, 0x1F, 0x80, 0xFC, 0x07, 0xE0, 0x3F, 0x01, 0xF8, 0x0F,
    0xC0, 0x7E, 0x03, 0xF0, 0x1F, 0x80, 0xFC, 0x07, 0xFF, 0x8F, 0xFC, 0xE0, 0xEE, 0x06, 0xE0, 0x7E,
    0x07, 0xE0, 0x6E, 0x0E, 0xFF, 0xCF, 0xF8, 0xE0, 0x0E, 0x00, 0xE0, 0x0E, 0x00, 0xE0, 0x0E, 0x00,
    0x0F, 0xC0, 0xFF, 0xC7, 0x87, 0x1C, 0x0E, 0xE0, 0x1B, 0x80, 0x0E, 0x00, 0x38, 0x00, 0xE0, 0x03,
    0x80, 0x0E, 0x00, 0x38, 0x06, 0x70, 0x39, 0xE1, 0xC3, 0xFF, 0x03, 0xF0, 0xFF, 0xFF, 0xFF, 0x0E,
    0x00, 0xE0, 0x0E, 0x00, 0xE0, 0x0E, 0x00, 0xE0, 0x0E, 0x00, 0xE0, 0x0E, 0x00, 0xE0, 0x0E, 0x00,
    0xE0, 0x0E, 0x00, 0xE0, 0xE0, 0x3B, 0x81, 0x9C, 0x1C, 0x60, 0xE3, 0x8E, 0x1C, 0x70, 0x73, 0x03,
    0xB8, 0x0D, 0xC0, 0x7C, 0x01, 0xE0, 0x0E, 0x00, 0x70, 0x03, 0x80, 0xF8, 0x07, 0x80, 0x03, 0x80,
    0x07, 0x00, 0x3F, 0x81, 0xFF, 0xC7, 0xFB, 0xCE, 0x71, 0xF8, 0xE3, 0xF1, 0xC3, 0xE3, 0x87, 0xC7,
    0x0F, 0x8E, 0x1F, 0x1C, 0x77, 0x38, 0xEF, 0xF7, 0x8F, 0xFE, 0x07, 0xF0, 0x03, 0x80, 0x07, 0x00,
    0x70, 0x39, 0xE0, 0xE3, 0x87, 0x07, 0x38, 0x1C, 0xE0, 0x3F, 0x00, 0x7C, 0x01, 0xE0, 0x07, 0x80,
    0x1F, 0x00, 0xFC, 0x07, 0x38, 0x1C, 0x70, 0xE1, 0xC7, 0x03, 0xBC, 0x07, 0xE0, 0x3B, 0x80, 0xEE,
    0x03, 0xB8, 0x0E, 0xE0, 0x3B, 0x80, 0xEE, 0x03, 0xB8, 0x0E, 0xE0, 0x3B, 0x80, 0xEE, 0x03, 0xB8,
    0x0E, 0xE0, 0x3B, 0x80, 0xEF, 0xFF, 0xFF, 0xFF, 0x00, 0x1C, 0x00, 0x70, 0x01, 0xC0, 0x03, 0xE0,
    0x7E, 0x07, 0xE0, 0x7E, 0x07, 0xE0, 0x7E, 0x07, 0xE0, 0x77, 0x0F, 0x7F, 0xF3, 0xFF, 0x00, 0x70,
    0x07, 0x00, 0x70, 0x07, 0x00, 0x70, 0x07, 0xE0, 0xC1, 0xB8, 0x30, 0x6E, 0x0C, 0x1B, 0x83, 0x06,
    0xE0, 0xC1, 0xB8, 0x30, 0x6E, 0x0C, 0x1B, 0x83, 0x06, 0xE0, 0xC1, 0xB8, 0x30, 0x6E, 0x0C, 0x1B,
    0x83, 0x06, 0xE0, 0xC1, 0xB8, 0x30, 0x6F, 0xFF, 0xFB, 0xFF, 0xFE, 0xE0, 0xC1, 0x9C, 0x18, 0x33,
    0x83, 0x06, 0x70, 0x60, 0xCE, 0x0C, 0x19, 0xC1, 0x83, 0x38, 0x30, 0x67, 0x06, 0x0C, 0xE0, 0xC1,
    0x9C, 0x18, 0x33, 0x83, 0x06, 0x70, 0x60, 0xCE, 0x0C, 0x19, 0xC1, 0x83, 0x3F, 0xFF, 0xFF, 0xFF,
    0xFF, 0x00, 0x00, 0xE0, 0x00, 0x1C, 0x00, 0x03, 0x80, 0x00, 0x30, 0xFE, 0x01, 0xFC, 0x00, 0x38,
    0x00, 0x70, 0x00, 0xE0, 0x01, 0xC0, 0x03, 0xFE, 0x07, 0xFE, 0x0E, 0x1E, 0x1C, 0x1C, 0x38, 0x18,
    0x70, 0x30, 0xE0, 0xE1, 0xC3, 0xC3, 0xFF, 0x07, 0xFC, 0xE0, 0x07, 0xE0, 0x07, 0xE0, 0x07, 0xE0,
    0x07, 0xE0, 0x07, 0xE0, 0x07, 0xFF, 0x87, 0xFF, 0xE7, 0xE1, 0xE7, 0xE0, 0x77, 0xE0, 0x77, 0xE0,
    0x77, 0xE0, 0x77, 0xE0, 0xE7, 0xFF, 0xE7, 0xFF, 0xC7, 0xE0, 0x0E, 0x00, 0xE0, 0x0E, 0x00, 0xE0,
    0x0E, 0x00, 0xFF, 0x8F, 0xFE, 0xE1, 0xEE, 0x07, 0xE0, 0x7E, 0x07, 0xE0, 0x7E, 0x0E, 0xFF, 0xEF,
    0xFC, 0x1F, 0xC1, 0xFF, 0x1C, 0x3D, 0xC0, 0xEE, 0x03, 0x80, 0x1C, 0x00, 0x61, 0xFF, 0x0F, 0xF8,
    0x00, 0xC0, 0x0F, 0xC0, 0x7E, 0x07, 0x38, 0x78, 0xFF, 0x83, 0xF8, 0xE0, 0x7E, 0x1C, 0x1F, 0xF3,
    0x87, 0x0F, 0x71, 0xC0, 0xEE, 0x30, 0x0F, 0xCE, 0x01, 0xF9, 0xC0, 0x1F, 0xF8, 0x03, 0xFF, 0x00,
    0x7C, 0xE0, 0x0F, 0x9C, 0x03, 0xF1, 0x80, 0x7E, 0x38, 0x1D, 0xC3, 0x87, 0xB8, 0x3F, 0xE7, 0x03,
    0xF0, 0x1F, 0xF3, 0xFF, 0x78, 0x77, 0x07, 0x70, 0x77, 0x07, 0x70, 0x77, 0x87, 0x3F, 0xF1, 0xFF,
    0x1C, 0x71, 0xC7, 0x38, 0x73, 0x87, 0x70, 0x7F, 0x07, 0x1F, 0x87, 0xF9, 0xC7, 0x10, 0x60, 0x1C,
    0x7F, 0x9F, 0xF3, 0x86, 0x60, 0xCE, 0x39, 0xFF, 0x1F, 0x60, 0x01, 0xC3, 0xF0, 0xFE, 0x3C, 0x0E,
    0xF1, 0xFF, 0x3E, 0xF7, 0x0E, 0xE0, 0xF8, 0x1F, 0x03, 0xE0, 0x7E, 0x0C, 0xE3, 0x9F, 0xE1, 0xF8,
    0xFF, 0x3F, 0xEE, 0x1F, 0x87, 0xE3, 0xBF, 0xCF, 0xFB, 0x87, 0xE1, 0xF8, 0x7F, 0xFF, 0xFE, 0xFF,
    0xFF, 0xE0, 0xE0, 0xE0, 0xE0, 0xE0, 0xE0, 0xE0, 0xE0, 0xE0, 0xE0, 0x1F, 0xE0, 0xFF, 0x06, 0x38,
    0x31, 0xC1, 0x8E, 0x1C, 0x70, 0xE3, 0x87, 0x1C, 0x38, 0xE3, 0x87, 0x3F, 0xFF, 0xFF, 0xFE, 0x03,
    0xF0, 0x1F, 0x80, 0xF8, 0x06, 0x3F, 0x0F, 0xF1, 0xC7, 0x70, 0xEC, 0x0D, 0xFF, 0xBF, 0xF6, 0x00,
    0xE0, 0x8E, 0x39, 0xFF, 0x1F, 0x80, 0x71, 0xC7, 0x38, 0xE7, 0x0E, 0x73, 0x83, 0xBB, 0x80, 0xDF,
    0x80, 0x7F, 0xC0, 0x3F, 0xC0, 0x1F, 0xF0, 0x1D, 0xDC, 0x1C, 0xE7, 0x1C, 0x73, 0xCE, 0x38, 0xE0,
    0x3F, 0x1F, 0xE7, 0x38, 0x86, 0x03, 0x83, 0xC0, 0xF8, 0x0E, 0x01, 0xDC, 0x77, 0xF8, 0xFC, 0xE1,
    0xF8, 0x7E, 0x3F, 0x9F, 0xE7, 0xFB, 0xFE, 0xDF, 0xF7, 0xF9, 0xFC, 0x7F, 0x1F, 0x87, 0x33, 0x0F,
    0xC1, 0xE0, 0x00, 0x00, 0x38, 0x7E, 0x1F, 0x8F, 0xE7, 0xF9, 0xFE, 0xFF, 0xB7, 0xFD, 0xFE, 0x7F,
    0x1F, 0xC7, 0xE1, 0xC0, 0xE1, 0xF8, 0xEE, 0x73, 0x9C, 0xEE, 0x3F, 0x0F, 0xC3, 0xB8, 0xE7, 0x39,
    0xEE, 0x3B, 0x87, 0x3F, 0xE7, 0xFC, 0xE3, 0x9C, 0x73, 0x8E, 0x71, 0xCE, 0x39, 0xC7, 0x30, 0xEE,
    0x1F, 0xC3, 0xF0, 0x70, 0xF0, 0x3F, 0xC0, 0xFF, 0x87, 0xFE, 0x1F, 0xF8, 0x7F, 0xF3, 0xFE, 0xCD,
    0xFB, 0xF7, 0xEF, 0xDF, 0x9E, 0x7E, 0x79, 0xF8, 0xC7, 0xE1, 0xF8, 0x7E, 0x1F, 0x87, 0xE1, 0xFF,
    0xFF, 0xFF, 0x87, 0xE1, 0xF8, 0x7E, 0x1F, 0x87, 0x3F, 0x0F, 0xF1, 0xC7, 0x70, 0x6C, 0x0F, 0x81,
    0xF0, 0x3E, 0x07, 0xE0, 0xCE, 0x39, 0xFE, 0x1F, 0x80, 0xFF, 0xFF, 0xFE, 0x1F, 0x87, 0xE1, 0xF8,
    0x7E, 0x1F, 0x87, 0xE1, 0xF8, 0x7E, 0x1F, 0x87, 0xFF, 0x9F, 0xFB, 0xC7, 0x70, 0x7E, 0x0F, 0xC1,
    0xF8, 0x3F, 0x07, 0xE0, 0xFE, 0x3B, 0xFF, 0x7F, 0xCE, 0x01, 0xC0, 0x38, 0x07, 0x00, 0x3F, 0x1F,
    0xE7, 0x1F, 0x83, 0xC0, 0x30, 0x0C, 0x03, 0x00, 0xE0, 0xDC, 0x77, 0xF8, 0xFC, 0xFF, 0xFF, 0xF0,
    0xC0, 0x30, 0x0C, 0x03, 0x00, 0xC0, 0x30, 0x0C, 0x03, 0x00, 0xC0, 0x30, 0xE0, 0x66, 0x0E, 0x70,
    0xE7, 0x0C, 0x31, 0xC3, 0x98, 0x1B, 0x81, 0xF8, 0x1F, 0x00, 0xF0, 0x0F, 0x00, 0xE0, 0x0E, 0x00,
    0xC0, 0x7C, 0x07, 0x80, 0x06, 0x00, 0x30, 0x01, 0x80, 0x0C, 0x03, 0xFC, 0x3F, 0xF1, 0xD9, 0xDC,
    0xCE, 0xC6, 0x36, 0x31, 0xF1, 0x8F, 0x8C, 0x6E, 0x67, 0x3B, 0x39, 0xFF, 0x87, 0xF8, 0x06, 0x00,
    0x30, 0x01, 0x80, 0x0C, 0x00, 0x70, 0xEE, 0x38, 0xE6, 0x0D, 0xC1, 0xF0, 0x1C, 0x03, 0x80, 0xF8,
    0x1B, 0x87, 0x31, 0xC7, 0x38, 0x70, 0xE1, 0xCE, 0x1C, 0xE1, 0xCE, 0x1C, 0xE1, 0xCE, 0x1C, 0xE1,
    0xCE, 0x1C, 0xE1, 0xCE, 0x1C, 0xFF, 0xEF, 0xFF, 0x00, 0x70, 0x07, 0x00, 0x70, 0x06, 0xE1, 0xF8,
    0x7E, 0x1F, 0x87, 0xE1, 0xDC, 0x77, 0xFC, 0xFF, 0x01, 0xC0, 0x70, 0x1C, 0x07, 0xE3, 0x8F, 0xC7,
    0x1F, 0x8E, 0x3F, 0x1C, 0x7E, 0x38, 0xFC, 0x71, 0xF8, 0xE3, 0xF1, 0xC7, 0xE3, 0x8F, 0xC7, 0x1F,
    0xFF, 0xFF, 0xFF, 0xF0, 0xE3, 0x8E, 0x71, 0xC7, 0x38, 0xE3, 0x9C, 0x71, 0xCE, 0x38, 0xE7, 0x1C,
    0x73, 0x8E, 0x39, 0xC7, 0x1C, 0xE3, 0x8E, 0x71, 0xC7, 0x3F, 0xFF, 0xDF, 0xFF, 0xE0, 0x00, 0x30,
    0x00, 0x18, 0x00, 0x0C, 0x00, 0x06, 0xFC, 0x07, 0xE0, 0x07, 0x00, 0x38, 0x01, 0xFE, 0x0F, 0xF8,
    0x71, 0xC3, 0x87, 0x1C, 0x38, 0xE3, 0x87, 0xFC, 0x3F, 0xC0, 0xE0, 0x1F, 0x00, 0xF8, 0x07, 0xC0,
    0x3F, 0xF1, 0xFF, 0xCF, 0x8F, 0x7C, 0x3B, 0xE1, 0xDF, 0x0E, 0xFF, 0xE7, 0xFE, 0x30, 0xE0, 0x38,
    0x0E, 0x03, 0x80, 0xFF, 0x3F, 0xEE, 0x3F, 0x87, 0xE1, 0xF8, 0x7F, 0xFB, 0xFC, 0x3F, 0x1F, 0xEE,
    0x3B, 0x07, 0x01, 0xC7, 0xF1, 0xFC, 0x07, 0xC1, 0xF8, 0xE7, 0xF8, 0xFC, 0xE1, 0xF8, 0xE3, 0xFC,
    0xE3, 0x8E, 0xE7, 0x06, 0xE7, 0x07, 0xFE, 0x07, 0xFE, 0x07, 0xE7, 0x07, 0xE7, 0x06, 0xE3, 0x8E,
    0xE3, 0xFC, 0xE1, 0xF8, 0x3F, 0xDF, 0xF7, 0x0D, 0x83, 0x60, 0xDE, 0x37, 0xFC, 0x7F, 0x38, 0xCC,
    0x37, 0x0F, 0x83, 0x38, 0x03, 0x80, 0x30, 0x00, 0x03, 0xF0, 0xFF, 0x1C, 0x77, 0x0E, 0xC0, 0xDF,
    0xFB, 0xFF, 0x60, 0x0E, 0x08, 0xE3, 0x9F, 0xF1, 0xF8, 0x33, 0x0F, 0x70, 0xCE, 0x00, 0x00, 0x00,
    0x7E, 0x1F, 0xE3, 0x8E, 0xE1, 0xD8, 0x1B, 0xFF, 0x7F, 0xEC, 0x01, 0xC1, 0x1C, 0x73, 0xFE, 0x3F,
    0x00, 0x70, 0x1F, 0xC3, 0xF8, 0x38, 0x07, 0xF8, 0xFF, 0x9E, 0x3B, 0x87, 0x70, 0xEE, 0x1D, 0xC3,
    0xB8, 0x77, 0x0E, 0xE1, 0xDC, 0x3B, 0x87, 0x00, 0xE0, 0x1C, 0x0F, 0x81, 0xE0, 0x0E, 0x0C, 0x1C,
    0x00, 0xFF, 0xFF, 0xE0, 0xE0, 0xE0, 0xE0, 0xE0, 0xE0, 0xE0, 0xE0, 0xE0, 0xE0, 0x3F, 0x1F, 0xE7,
    0x1F, 0x83, 0xC0, 0x3F, 0x8F, 0xE3, 0x00, 0xE0, 0xDC, 0x77, 0xF8, 0xFC, 0x3E, 0x3F, 0xB8, 0xFC,
    0x2F, 0x03, 0xF0, 0xFE, 0x07, 0xC1, 0xF1, 0xFF, 0xEF, 0xE0, 0xFF, 0x81, 0xFF, 0xFF, 0xFF, 0xFF,
    0xE0, 0xEF, 0xDF, 0xB8, 0x00, 0x07, 0x0E, 0x1C, 0x38, 0x70, 0xE1, 0xC3, 0x87, 0x0E, 0x1C, 0x38,
    0x39, 0xCE, 0x00, 0x1C, 0xE7, 0x39, 0xCE, 0x73, 0x9C, 0xE7, 0x39, 0xCF, 0xEF, 0x00, 0x1F, 0xE0,
    0x07, 0xFC, 0x00, 0xE3, 0x80, 0x1C, 0x70, 0x03, 0x8F, 0xF8, 0x71, 0xFF, 0x8E, 0x38, 0x71, 0xC7,
    0x07, 0x38, 0xE0, 0xE6, 0x1C, 0x3B, 0xC3, 0xFF, 0x70, 0x7F, 0xC0, 0xE1, 0xC0, 0x70, 0xE0, 0x38,
    0x70, 0x1C, 0x38, 0x0E, 0x1C, 0x07, 0xFF, 0xF3, 0xFF, 0xFD, 0xC3, 0x87, 0xE1, 0xC3, 0xF0, 0xE1,
    0xF8, 0x7F, 0xDC, 0x3F, 0xC0, 0x70, 0x0E, 0x03, 0xF8, 0x7E, 0x07, 0xF8, 0xFF, 0x9E, 0x3B, 0x87,
    0x70, 0xEE, 0x1D, 0xC3, 0xB8, 0x77, 0x0E, 0xE1, 0xDC, 0x3B, 0x87, 0x06, 0x03, 0x80, 0xC0, 0x00,
    0xE1, 0xF8, 0xEE, 0x73, 0x9C, 0xEE, 0x3F, 0x0F, 0xC3, 0xB8, 0xE7, 0x39, 0xEE, 0x3B, 0x87, 0x38,
    0x07, 0x00, 0xC0, 0x00, 0xE1, 0xF8, 0x7E, 0x3F, 0x9F, 0xE7, 0xFB, 0xFE, 0xDF, 0xF7, 0xF9, 0xFC,
    0x7F, 0x1F, 0x87, 0x19, 0x81, 0xF8, 0x0F, 0x00, 0x00, 0x00, 0x0E, 0x06, 0x60, 0xE7, 0x0E, 0x70,
    0xC3, 0x1C, 0x39, 0x81, 0xB8, 0x1F, 0x81, 0xF0, 0x0F, 0x00, 0xF0, 0x0E, 0x00, 0xE0, 0x0C, 0x07,
    0xC0, 0x78, 0x00, 0xE1, 0xF8, 0x7E, 0x1F, 0x87, 0xE1, 0xF8, 0x7E, 0x1F, 0x87, 0xE1, 0xF8, 0x7F,
    0xFF, 0xFF, 0x0C, 0x03, 0x00, 0xC0, 0xE1, 0xC3, 0xE1, 0xC3, 0xE1, 0xC3, 0xE1, 0xC3, 0xE1, 0xC3,
    0xE1, 0xC3, 0xE1, 0xC3, 0xE1, 0xC3, 0xE1, 0xC3, 0xE1, 0xC3, 0xE1, 0xC3, 0xE1, 0xC3, 0x61, 0xC7,
    0x73, 0xC7, 0x7F, 0xFE, 0x3F, 0x7C, 0xE3, 0x8F, 0xC7, 0x1F, 0x8E, 0x3F, 0x1C, 0x7E, 0x38, 0xFC,
    0x71, 0xF8, 0xE3, 0xF1, 0xC7, 0xE3, 0x8F, 0xC7, 0x39, 0xFF, 0xF1, 0xF7, 0xC0, 0x38, 0x00, 0xE0,
    0x03, 0x80, 0x3F, 0xE0, 0xFF, 0x80, 0xE0, 0x03, 0xFE, 0x0F, 0xFC, 0x38, 0x78, 0xE0, 0x63, 0x81,
    0xCE, 0x07, 0x38, 0x18, 0xE0, 0xE3, 0xFF, 0x8F, 0xF8, 0x38, 0x03, 0x80, 0x38, 0x03, 0x80, 0xFF,
    0x0F, 0xF0, 0x38, 0x03, 0x80, 0x3F, 0xC3, 0xFE, 0x38, 0xF3, 0x87, 0x38, 0x73, 0x87, 0x3F, 0xE3,
    0xFC, 0xE0, 0xFE, 0x38, 0x7F, 0xCE, 0x3C, 0x7B, 0x8E, 0x07, 0xE7, 0x01, 0xF9, 0xC0, 0x0E, 0x60,
    0x03, 0xFF, 0xE0, 0xFF, 0xF8, 0x39, 0x80, 0x0E, 0x70, 0x03, 0x9C, 0x07, 0xE3, 0x81, 0xF8, 0xF0,
    0xEE, 0x1F, 0xF3, 0x83, 0xF8, 0xE1, 0xF9, 0xC7, 0xFB, 0x9C, 0x77, 0x30, 0x6E, 0xE0, 0x1F, 0xFC,
    0x3F, 0xF8, 0x77, 0x00, 0xE6, 0x0F, 0xCE, 0x3B, 0x8F, 0xF7, 0x0F, 0xC0, 0x07, 0x80, 0x1E, 0x00,
    0x7C, 0x03, 0xF0, 0x0E, 0xC0, 0x33, 0x81, 0xCE, 0x07, 0x18, 0x18, 0x70, 0xFF, 0xC3, 0xFF, 0x0C,
    0xEE, 0x73, 0xB9, 0xCE, 0x66, 0x39, 0xF8, 0xE7, 0x0E, 0x00, 0xF0, 0x0F, 0x01, 0xF8, 0x1F, 0x81,
    0x98, 0x3F, 0xC3, 0xFC, 0x7F, 0xC7, 0x6E, 0x66, 0xEE, 0x67, 0xE0, 0x38, 0x38, 0x1E, 0x0E, 0x07,
    0xC3, 0x81, 0xF0, 0xE0, 0xEC, 0x38, 0x3B, 0x8E, 0x0C, 0xE3, 0x87, 0x18, 0xE1, 0xC7, 0x3F, 0xFF,
    0xCF, 0xFF, 0xF3, 0x8E, 0xEE, 0xE3, 0x3B, 0xB9, 0xCE, 0x6E, 0x73, 0x9F, 0xB8, 0xE7, 0xE0, 0xE1,
    0xC3, 0xC3, 0x87, 0x87, 0x0F, 0x8E, 0x3F, 0x1C, 0x77, 0x3F, 0xEE, 0x7F, 0xFC, 0xE7, 0xFD, 0xDD,
    0xBB, 0xBB, 0x37, 0x66, 0x70, 0x3F, 0xFC, 0x3F, 0xFC, 0x1C, 0x38, 0x1C, 0x70, 0x0E, 0x70, 0x0E,
    0xE0, 0x07, 0xE0, 0x1F, 0xF8, 0x7F, 0xFC, 0x79, 0x9E, 0xE1, 0x8E, 0xE1, 0x86, 0xE1, 0x87, 0xE1,
    0x87, 0xE1, 0x87, 0xE1, 0x87, 0x3F, 0xF8, 0xFF, 0xC1, 0xC7, 0x07, 0x38, 0x0E, 0xE0, 0x1F, 0x03,
    0xFF, 0x1F, 0xFE, 0x73, 0x9D, 0x8E, 0x76, 0x39, 0xD8, 0xE7, 0xE0, 0xFF, 0xF3, 0x83, 0xFF, 0xCE,
    0x07, 0x0E, 0x38, 0x1C, 0x38, 0xE0, 0x39, 0xC3, 0x80, 0x7E, 0x0E, 0x01, 0xF8, 0x3F, 0xFF, 0xF8,
    0xFF, 0xFF, 0xF3, 0x87, 0x99, 0xEE, 0x18, 0x61, 0xB8, 0xE1, 0x87, 0xE3, 0x86, 0x1F, 0x8E, 0x18,
    0x7E, 0x38, 0x61, 0xF8, 0xE1, 0x87, 0xE3, 0xFF, 0xB8, 0x7F, 0xEE, 0x1C, 0x73, 0x83, 0x9C, 0xE0,
    0x6E, 0x38, 0x1F, 0x8F, 0xFF, 0xFB, 0xFF, 0xFF, 0xE3, 0x39, 0xF9, 0xCE, 0x3E, 0x73, 0x8F, 0x9C,
    0xE3, 0x33, 0x8F, 0xC1, 0xE0, 0x30, 0x00, 0x3F, 0x87, 0xF0, 0x0E, 0x03, 0x80, 0xE0, 0x38, 0x1C,
    0x3F, 0x0F, 0xC0, 0x38, 0x0E, 0x01, 0x80, 0xE0, 0x39, 0xFC, 0xFE, 0x38, 0x0E, 0x03, 0xC0, 0x70,
    0x08, 0x00, 0x3B, 0x87, 0xC1, 0xE0, 0x00, 0x00, 0x1F, 0xC7, 0xF8, 0x06, 0x01, 0x80, 0xE3, 0xF0,
    0xFE, 0x01, 0x80, 0x70, 0x1C, 0xFE, 0x7F, 0x1C, 0x06, 0x01, 0xE0, 0x38, 0x00, 0xE1, 0x87, 0xE1,
    0x87, 0xE1, 0x87, 0xE1, 0x87, 0xE1, 0x87, 0x61, 0x87, 0x61, 0x87, 0x71, 0x86, 0x71, 0x8E, 0x3D,
    0xFE, 0x1F, 0xFC, 0x0F, 0xF0, 0x01, 0x80, 0x01, 0x80, 0x01, 0x80, 0x01, 0x80, 0x03, 0x00, 0x0C,
    0x00, 0x30, 0x38, 0xC7, 0xE3, 0x1F, 0x8C, 0x7E, 0x31, 0xF8, 0xC7, 0xE3, 0x1F, 0x8C, 0x7E, 0x31,
    0xD8, 0xC7, 0x73, 0x38, 0xFF, 0xC1, 0xFE, 0x00, 0xC0, 0x03, 0x00, 0x0C, 0x00, 0x30, 0x00, 0x0F,
    0xC0, 0xFF, 0xC7, 0x87, 0x1C, 0x0E, 0xE0, 0x1B, 0x80, 0x7E, 0x01, 0xFF, 0xFF, 0xFF, 0xFF, 0x80,
    0x7E, 0x01, 0xF8, 0x06, 0x70, 0x39, 0xE1, 0xC3, 0xFF, 0x03, 0xF0, 0x3F, 0x0F, 0xF1, 0xC7, 0x70,
    0x6F, 0xCF, 0xFF, 0xFB, 0xFE, 0x07, 0xE0, 0xCE, 0x39, 0xFE, 0x1F, 0x80, 0xE0, 0x0E, 0xC0, 0x39,
    0xC0, 0x63, 0x81, 0xC3, 0x03, 0x87, 0x0E, 0x0E, 0x1C, 0x0C, 0x30, 0x1C, 0xE0, 0x39, 0xC0, 0x33,
    0x00, 0x7E, 0x00, 0xFC, 0x00, 0xF0, 0x01, 0xE0, 0x01, 0xC0, 0xE0, 0x76, 0x0F, 0x70, 0xC7, 0x1C,
    0x31, 0xC3, 0x98, 0x3B, 0x81, 0xB8, 0x1F, 0x01, 0xF0, 0x0F, 0x00, 0xE0, 0x1B, 0x80, 0x3B, 0x80,
    0x3B, 0x00, 0x00, 0x0E, 0x00, 0xEC, 0x03, 0x9C, 0x06, 0x38, 0x1C, 0x30, 0x38, 0x70, 0xE0, 0xE1,
    0xC0, 0xC3, 0x01, 0xCE, 0x03, 0x9C, 0x03, 0x30, 0x07, 0xE0, 0x0F, 0xC0, 0x0F, 0x00, 0x1E, 0x00,
    0x1C, 0x00, 0x76, 0x03, 0x70, 0x3B, 0x00, 0x00, 0xE0, 0x76, 0x0F, 0x70, 0xC7, 0x1C, 0x31, 0xC3,
    0x98, 0x3B, 0x81, 0xB8, 0x1F, 0x01, 0xF0, 0x0F, 0x00, 0xE0, 0x0F, 0xC0, 0x00, 0x07, 0xFE, 0x00,
    0x01, 0xE1, 0xC0, 0x00, 0x38, 0x1C, 0x00, 0x0E, 0x01, 0x9C, 0x0D, 0xC0, 0x39, 0x83, 0xB8, 0x07,
    0x38, 0x77, 0x00, 0xE7, 0x1C, 0xE0, 0x1C, 0x63, 0x9C, 0x03, 0x8E, 0x63, 0x80, 0x71, 0xDC, 0x70,
    0x0C, 0x1B, 0x87, 0x03, 0x83, 0xE0, 0xF0, 0xE0, 0x3C, 0x0F, 0xFC, 0x07, 0x80, 0x7E, 0x00, 0xE0,
    0x00, 0x00, 0x1C, 0x00, 0x00, 0x03, 0x00, 0x00, 0x03, 0xE0, 0x00, 0x00, 0x78, 0x00, 0x3F, 0x1C,
    0x0C, 0xFF, 0x1C, 0x39, 0xC7, 0x38, 0x77, 0x06, 0x30, 0xCC, 0x0E, 0x73, 0x98, 0x1C, 0xE7, 0x30,
    0x38, 0xCC, 0x60, 0x71, 0xF8, 0xE0, 0xC3, 0xE0, 0xE3, 0x83, 0xC1, 0xFE, 0x07, 0x81, 0xF8, 0x0E,
    0x00, 0x00, 0x1C, 0x00, 0x00, 0x38, 0x00, 0x01, 0xE0, 0x00, 0x07, 0x80, 0x1F, 0xC1, 0xFF, 0x1E,
    0x3C, 0xE0, 0x7E, 0x03, 0xF0, 0x03, 0x80, 0x1C, 0x00, 0xE0, 0x07, 0x00, 0x38, 0x0E, 0xE0, 0xF7,
    0xCF, 0x9F, 0xFC, 0x3E, 0xE0, 0x07, 0x3F, 0x1F, 0xE7, 0x1F, 0x87, 0xE0, 0x30, 0x0C, 0x03, 0x00,
    0xE0, 0x38, 0x07, 0x00, 0xF8, 0x1E, 0x03, 0x80, 0xE0, 0x38, 0x00, 0xC0, 0x38, 0x76, 0x0F, 0xC0,
    0x78, 0x0F, 0xC1, 0xBF, 0x70, 0xFC, 0x07, 0x80, 0xFC, 0x1B, 0x87, 0x10, 0xC0, 0x00, 0x03, 0x03,
    0xFF, 0xFF, 0xE0, 0x0F, 0x7F, 0xFE, 0xE0, 0xDD, 0x80, 0x77, 0x64, 0x78, 0x7F, 0xF3, 0xE0, 0x00,
    0xF0, 0x00, 0x06, 0xC0, 0x00, 0x00, 0x00, 0x38, 0x03, 0x83, 0x60, 0x36, 0x19, 0x01, 0x20, 0x00,
    0x00, 0x00, 0x00, 0x00, 0x00, 0x00, 0x03, 0xC0, 0x07, 0xB6, 0x00, 0x36, 0x00, 0x00, 0x00, 0x00,
    0x00, 0x00, 0x00, 0x00, 0x70, 0x0F, 0x06, 0xC0, 0x6C, 0x00, 0x00, 0x00, 0x07, 0x80, 0x00, 0x36,
    0x00, 0x00, 0x30, 0x00, 0x03, 0x00, 0x08, 0x60, 0x01, 0x86, 0x0C, 0x0C, 0x03, 0xC0, 0xE0, 0x38,
    0x04, 0x00, 0x00, 0x00, 0x00, 0x00, 0x00, 0x0F, 0x80, 0x0E, 0x78, 0x00, 0xF0, 0x00, 0x00, 0x00,
    0x00, 0x00, 0x00, 0x00, 0x06, 0x03, 0x01, 0xE0, 0x30, 0x18, 0x71, 0x80, 0x06, 0x08, 0x00, 0x60,
    0x00, 0x06, 0x00, 0x0C, 0xC0, 0x1F, 0x80, 0x1E, 0x00, 0x00, 0x00, 0x00, 0x1C, 0x07, 0x38, 0x1E,
    0x70, 0x3C, 0xE0, 0xF9, 0xC3, 0xB3, 0x87, 0x67, 0x1C, 0xCE, 0x39, 0x9C, 0xE3, 0x3B, 0xC6, 0x77,
    0x0C, 0xFC, 0x19, 0xF8, 0x33, 0xE0, 0x67, 0x80, 0xFF, 0x01, 0xE0, 0x01, 0xC0, 0x03, 0x00, 0x0E,
    0x00, 0x1C, 0x33, 0x03, 0xF0, 0x1E, 0x00, 0x00, 0x00, 0x0E, 0x1C, 0xE1, 0xCE, 0x3C, 0xE7, 0xCE,
    0x7C, 0xEF, 0xCE, 0xDC, 0xFD, 0xCF, 0x9C, 0xF1, 0xCF, 0x1F, 0xE1, 0xF0, 0x06, 0x00, 0x60, 0x0E,
    0x00, 0xE0, 0x38, 0x00, 0xE0, 0x03, 0x80, 0x3F, 0xE0, 0xFF, 0x80, 0xE0, 0x03, 0xFE, 0x0F, 0xFC,
    0x38, 0x78, 0xE0, 0x63, 0x81, 0xCE, 0x07, 0x38, 0x18, 0xE0, 0xE3, 0xFF, 0x8F, 0xF8, 0x18, 0x03,
    0x80, 0x38, 0x0F, 0xF0, 0xFF, 0x03, 0x80, 0x38, 0x03, 0xFC, 0x3F, 0xE3, 0x8F, 0x38, 0x73, 0x87,
    0x38, 0x73, 0xFE, 0x3F, 0xC0, 0xFF, 0x8F, 0xFC, 0xE0, 0xEE, 0x06, 0xE0, 0x7E, 0x07, 0xE3, 0xEE,
    0x3E, 0xFF, 0xCF, 0xFC, 0xE0, 0xEE, 0x04, 0xE0, 0x0E, 0x00, 0xE0, 0x0E, 0x00, 0xFF, 0x9F, 0xFB,
    0xC7, 0x70, 0x7E, 0x0F, 0xC1, 0xF8, 0x3F, 0x07, 0xE3, 0xFE, 0x7B, 0xFF, 0x7F, 0xFE, 0x05, 0xC0,
    0x38, 0x07, 0x00, 0x00, 0xC0, 0x18, 0x03, 0x7F, 0xEF, 0xFD, 0xC0, 0x38, 0x07, 0x00, 0xE0, 0x1C,
    0x03, 0x80, 0x70, 0x0E, 0x01, 0xC0, 0x38, 0x07, 0x00, 0xE0, 0x1C, 0x03, 0x80, 0x00, 0x03, 0x03,
    0x03, 0xFF, 0xFF, 0xE0, 0xE0, 0xE0, 0xE0, 0xE0, 0xE0, 0xE0, 0xE0, 0xE0, 0xE0, 0x3F, 0xF1, 0xFF,
    0x8E, 0x00, 0x70, 0x03, 0x80, 0x1C, 0x00, 0xE0, 0x0F, 0xF8, 0x7F, 0xC1, 0xC0, 0x0E, 0x00, 0x70,
    0x03, 0x80, 0x1C, 0x00, 0xE0, 0x07, 0x00, 0x7F, 0xBF, 0xDC, 0x0E, 0x07, 0x03, 0x83, 0xF9, 0xF8,
    0x70, 0x38, 0x1C, 0x0E, 0x00, 0xFF, 0xCF, 0xFC, 0xE0, 0x0E, 0x00, 0xE0, 0x0E, 0x00, 0xEF, 0x8F,
    0xFC, 0xF9, 0xEF, 0x06, 0xE0, 0x7E, 0x07, 0xE0, 0x7E, 0x07, 0xE0, 0xEE, 0x7C, 0x07, 0x80, 0xFF,
    0x3F, 0xCE, 0x03, 0x80, 0xE0, 0x3F, 0x8F, 0xF3, 0xCE, 0xE1, 0xB8, 0x7E, 0x1F, 0x86, 0x01, 0x81,
    0xE1, 0xF0, 0x78, 0x70, 0x60, 0xE3, 0xC3, 0x07, 0x0E, 0x18, 0x70, 0x38, 0xC7, 0x01, 0xC6, 0x38,
    0x07, 0x33, 0x80, 0x39, 0x9C, 0x00, 0xFF, 0xC0, 0x07, 0xFE, 0x00, 0x73, 0x38, 0x07, 0x18, 0xE0,
    0x38, 0xC7, 0x03, 0x86, 0x1C, 0x1C, 0x30, 0xE1, 0xC1, 0x83, 0xFC, 0x0C, 0x0F, 0x00, 0x00, 0x38,
    0x00, 0x01, 0xC0, 0x00, 0x0E, 0x00, 0x00, 0x70, 0x71, 0xC7, 0x1C, 0x73, 0x83, 0x9C, 0xE0, 0x77,
    0x70, 0x0D, 0xF8, 0x03, 0xFE, 0x00, 0xFF, 0x00, 0x3F, 0xE0, 0x1D, 0xDC, 0x0E, 0x73, 0x87, 0x1C,
    0xF9, 0xC7, 0x1E, 0x00, 0x01, 0x80, 0x00, 0x60, 0x00, 0x18, 0x00, 0x06, 0x3F, 0x0F, 0xF1, 0xC7,
    0x70, 0x64, 0x0C, 0x03, 0x80, 0xF0, 0x7C, 0x0F, 0xC0, 0x38, 0x03, 0x80, 0x7E, 0x0F, 0xE3, 0xDF,
    0xF1, 0xFC, 0x07, 0x00, 0xE0, 0x0C, 0x07, 0x80, 0x40, 0x3F, 0x1F, 0xE7, 0x38, 0x86, 0x03, 0x83,
    0xC0, 0xF8, 0x0E, 0x01, 0xDC, 0x77, 0xF8, 0xFC, 0x0E, 0x01, 0xC0, 0x30, 0x3C, 0x08, 0x00, 0xE0,
    0x73, 0x83, 0xCE, 0x0E, 0x38, 0x70, 0xE3, 0x83, 0x8E, 0x0E, 0x70, 0x3F, 0x80, 0xFE, 0x03, 0x9C,
    0x0E, 0x38, 0x38, 0xF0, 0xE1, 0xC3, 0x83, 0x8E, 0x07, 0xF8, 0x1F, 0x00, 0x1C, 0x00, 0x70, 0x01,
    0xC0, 0x07, 0xE1, 0xDC, 0x73, 0x9C, 0x73, 0x8E, 0xE1, 0xF8, 0x3F, 0x07, 0x70, 0xE7, 0x1C, 0xF3,
    0x8F, 0xF0, 0xF0, 0x0E, 0x01, 0xC0, 0x38, 0x03, 0xE0, 0x77, 0x03, 0xB8, 0x39, 0xC1, 0xCE, 0xDC,
    0x76, 0xE3, 0xBE, 0x1F, 0xF0, 0xFF, 0x87, 0x7C, 0x3B, 0x71, 0xC3, 0x8E, 0x0E, 0x70, 0x73, 0x81,
    0xDC, 0x0E, 0xE0, 0xFC, 0x3B, 0x87, 0x7F, 0xCF, 0xF1, 0xFE, 0x3F, 0xC7, 0xFC, 0xFF, 0x9C, 0x3B,
    0x87, 0x70, 0x70, 0xFE, 0x07, 0xFE, 0x0E, 0x0E, 0x1C, 0x0E, 0x3C, 0x0E, 0x38, 0x0E, 0x70, 0x0E,
    0xE0, 0x0F, 0xE0, 0x0F, 0xE0, 0x0E, 0x70, 0x0E, 0x70, 0x0E, 0x38, 0x0E, 0x1C, 0x0E, 0x1E, 0x0E,
    0x0E, 0x0E, 0x07, 0xFC, 0x3F, 0xE3, 0x87, 0x38, 0x3B, 0x81, 0xDC, 0x0F, 0xC0, 0x7E, 0x03, 0xB8,
    0x1D, 0xE0, 0xE7, 0x07, 0x1C, 0x38, 0x70, 0xE0, 0x39, 0xC0, 0x73, 0x80, 0xE7, 0x01, 0xCE, 0x03,
    0x9C, 0x07, 0x38, 0x0E, 0x7F, 0xFC, 0xFF, 0xF9, 0xC0, 0x73, 0x80, 0xE7, 0x01, 0xCE, 0x03, 0x9C,
    0x07, 0x38, 0x0F, 0x70, 0x1F, 0x00, 0x0E, 0x00, 0x1C, 0x00, 0x38, 0x00, 0x60, 0xE1, 0xCE, 0x1C,
    0xE1, 0xCE, 0x1C, 0xE1, 0xCF, 0xFC, 0xFF, 0xCE, 0x1C, 0xE1, 0xCE, 0x1C, 0xE1, 0xEE, 0x1F, 0x00,
    0x70, 0x07, 0x00, 0x70, 0x06, 0xE0, 0x3F, 0xFC, 0x07, 0xFF, 0x80, 0xE0, 0x70, 0x1C, 0x0E, 0x03,
    0x81, 0xC0, 0x70, 0x38, 0x0E, 0x07, 0xFF, 0xC0, 0xFF, 0xF8, 0x1C, 0x07, 0x03, 0x80, 0xE0, 0x70,
    0x1C, 0x0E, 0x03, 0x81, 0xC0, 0x70, 0x38, 0x0E, 0x07, 0x01, 0xC0, 0xE1, 0xFF, 0x0F, 0xF8, 0x71,
    0xC3, 0x8E, 0x1C, 0x7F, 0xE3, 0xFF, 0x1C, 0x38, 0xE1, 0xC7, 0x0E, 0x38, 0x71, 0xC3, 0x80, 0xFF,
    0xF8, 0x03, 0xFF, 0xE0, 0x0E, 0x03, 0x80, 0x38, 0x0E, 0x00, 0xE0, 0x38, 0x03, 0x80, 0xE0, 0x0E,
    0x03, 0xFC, 0x38, 0x0F, 0xFC, 0xE0, 0x3E, 0xF3, 0x80, 0xE0, 0xEE, 0x03, 0x81, 0xB8, 0x0E, 0x06,
    0xE0, 0x38, 0x1B, 0x80, 0xE0, 0xEE, 0x03, 0x87, 0xB8, 0x0E, 0xFC, 0x00, 0x03, 0xE0, 0xFF, 0xC0,
    0x3F, 0xF0, 0x0E, 0x1C, 0x03, 0x87, 0x00, 0xE1, 0xC0, 0x38, 0x7F, 0x8E, 0x1F, 0xF3, 0x87, 0x1E,
    0xE1, 0xC1, 0xB8, 0x70, 0x6E, 0x1C, 0x1B, 0x87, 0x06, 0x00, 0x03, 0x80, 0x03, 0xC0, 0x00, 0x60,
    0x0E, 0x00, 0x07, 0xC0, 0x01, 0xE0, 0xF8, 0x38, 0x7F, 0x8E, 0x0E, 0x39, 0xC3, 0x83, 0x38, 0x70,
    0x77, 0x0E, 0x0E, 0xE1, 0xC1, 0xDC, 0x38, 0x3B, 0x83, 0x8E, 0x70, 0x73, 0xC7, 0x0F, 0xF0, 0x70,
    0xFC, 0x0F, 0xFF, 0xF8, 0x7F, 0xFF, 0x3C, 0x00, 0xFB, 0xE1, 0xCF, 0xE7, 0x1D, 0xCC, 0x71, 0xD8,
    0xE3, 0xB1, 0xC7, 0x63, 0x8E, 0xE3, 0xB8, 0xE7, 0xF1, 0xFF, 0xF9, 0xFF, 0xF0, 0x0F, 0xC0, 0xFF,
    0xC7, 0x87, 0x1C, 0x0E, 0xE0, 0x1B, 0x80, 0x0E, 0x00, 0x38, 0x00, 0xE0, 0x03, 0x80, 0x0E, 0x00,
    0x38, 0x06, 0x70, 0x39, 0xE1, 0xC3, 0xFF, 0x03, 0xF0, 0x03, 0x80, 0x0F, 0x00, 0x0C, 0x01, 0xE0,
    0x02, 0x00, 0x3F, 0x1F, 0xE7, 0x1F, 0x83, 0xC0, 0x30, 0x0C, 0x03, 0x00, 0xE0, 0xDC, 0x77, 0xF8,
    0xFC, 0x0E, 0x01, 0xC0, 0x30, 0x3C, 0x08, 0x00, 0xFF, 0xFF, 0xFF, 0x0E, 0x00, 0xE0, 0x0E, 0x00,
    0xE0, 0x0E, 0x00, 0xE0, 0x0E, 0x00, 0xE0, 0x0E, 0x00, 0xE0, 0x0E, 0x00, 0xE0, 0x0F, 0x80, 0xF8,
    0x03, 0x80, 0x38, 0x03, 0x80, 0x30, 0xFF, 0xFF, 0xF0, 0xC0, 0x30, 0x0C, 0x03, 0x00, 0xC0, 0x30,
    0x0C, 0x03, 0x00, 0xF0, 0x3C, 0x07, 0x01, 0xC0, 0x70, 0x1C, 0xE0, 0x1D, 0xC0, 0xE3, 0x83, 0x8E,
    0x1C, 0x1C, 0xE0, 0x73, 0x80, 0xFC, 0x01, 0xF0, 0x07, 0x80, 0x0C, 0x00, 0x30, 0x00, 0xC0, 0x03,
    0x00, 0x0C, 0x00, 0x30, 0x00, 0xC0, 0xE0, 0x66, 0x0E, 0x70, 0xE7, 0x0C, 0x31, 0xC3, 0x9C, 0x19,
    0x81, 0xF8, 0x1F, 0x00, 0xF0, 0x0F, 0x00, 0xE0, 0x06, 0x00, 0x60, 0x06, 0x00, 0x60, 0xE0, 0x1D,
    0xC0, 0xE3, 0x83, 0x8E, 0x1C, 0x1C, 0xE0, 0x73, 0x80, 0xFC, 0x01, 0xF0, 0x07, 0x80, 0x0C, 0x00,
    0x30, 0x07, 0xFC, 0x1F, 0xF0, 0x0C, 0x00, 0x30, 0x00, 0xC0, 0xE0, 0x66, 0x0E, 0x70, 0xE7, 0x0C,
    0x31, 0xC3, 0x9C, 0x19, 0x81, 0xF8, 0x1F, 0x00, 0xF0, 0x0F, 0x00, 0xE0, 0x3F, 0xC1, 0xF8, 0x06,
    0x00, 0x60, 0x70, 0x38, 0xF0, 0x70, 0xE1, 0xC0, 0xE7, 0x01, 0xCE, 0x01, 0xF8, 0x01, 0xF0, 0x03,
    0xC0, 0x07, 0x80, 0x0F, 0x80, 0x3F, 0x00, 0xE7, 0x01, 0xC7, 0x07, 0x0E, 0x1C, 0x0F, 0xF8, 0x0F,
    0x00, 0x0E, 0x00, 0x1C, 0x00, 0x38, 0x00, 0x70, 0x70, 0xE7, 0x1C, 0x39, 0x81, 0xB8, 0x1F, 0x00,
    0xE0, 0x0E, 0x01, 0xF0, 0x1B, 0x83, 0x98, 0x71, 0xF7, 0x0F, 0x00, 0x70, 0x07, 0x00, 0x70, 0x03,
    0xFF, 0xF3, 0xBF, 0xFC, 0xE0, 0xE0, 0x38, 0x38, 0x0E, 0x0E, 0x03, 0x83, 0x80, 0xE0, 0xE0, 0x38,
    0x38, 0x0E, 0x0E, 0x03, 0x83, 0x80, 0xE0, 0xE0, 0x38, 0x38, 0x0E, 0x0E, 0x03, 0x83, 0x80, 0xE0,
    0xFF, 0xFC, 0x3F, 0xFF, 0x00, 0x01, 0xC0, 0x00, 0x70, 0x00, 0x1C, 0x00, 0x03, 0xFF, 0x33, 0xFC,
    0xC1, 0x83, 0x06, 0x0C, 0x18, 0x30, 0x60, 0xC1, 0x83, 0x06, 0x0C, 0x18, 0x30, 0x60, 0xC1, 0xFF,
    0xC7, 0xFF, 0x00, 0x1C, 0x00, 0x70, 0x01, 0xC0, 0x02, 0xE0, 0x73, 0x81, 0xCE, 0x07, 0x38, 0x1C,
    0xE0, 0x73, 0x81, 0xCE, 0x07, 0x1C, 0x3C, 0x7F, 0xF0, 0xFF, 0xC0, 0x07, 0x00, 0x1C, 0x00, 0x70,
    0x01, 0xC0, 0x07, 0xC0, 0x1F, 0x00, 0x1C, 0x00, 0x70, 0x01, 0xC0, 0x06, 0xE1, 0xDC, 0x3B, 0x87,
    0x70, 0xEE, 0x1C, 0xE3, 0x9F, 0xF1, 0xFE, 0x01, 0xC0, 0x38, 0x07, 0x80, 0xF0, 0x06, 0x00, 0xC0,
    0x18, 0x03, 0xE0, 0x7E, 0x07, 0xE0, 0x7E, 0x07, 0xE0, 0x7E, 0x07, 0xE6, 0x77, 0x6F, 0x7F, 0xF3,
    0xFF, 0x06, 0x70, 0x67, 0x06, 0x70, 0x07, 0x00, 0x70, 0x07, 0xE1, 0xF8, 0x7E, 0x1F, 0x87, 0xED,
    0xDF, 0x77, 0xFC, 0xFF, 0x0D, 0xC3, 0x70, 0xDC, 0x07, 0xE0, 0x0E, 0x00, 0xE0, 0x0E, 0x00, 0xE0,
    0x0E, 0x00, 0xFF, 0xCF, 0xFE, 0xF0, 0xFE, 0x07, 0xE0, 0x3E, 0x03, 0xE0, 0x3E, 0x03, 0xE0, 0x3E,
    0x03, 0xE0, 0x38, 0x0E, 0x03, 0x80, 0xFF, 0x3F, 0xEF, 0x1F, 0x87, 0xE1, 0xF8, 0x7E, 0x1F, 0x87,
    0xE1, 0xF8, 0x7E, 0x1F, 0x87, 0x01, 0xF8, 0x03, 0xFF, 0x03, 0xC3, 0x81, 0xC0, 0xED, 0xC0, 0x76,
    0xE0, 0x1B, 0xF0, 0x0F, 0xFF, 0xFF, 0x7F, 0xFF, 0x8E, 0x00, 0x07, 0x00, 0x03, 0x80, 0xE0, 0xE0,
    0x70, 0x78, 0x70, 0x1F, 0xF8, 0x03, 0xF0, 0x03, 0xF0, 0x1F, 0xE0, 0xE3, 0xF3, 0x07, 0xEC, 0x1D,
    0xFF, 0xF3, 0xFF, 0xC3, 0x00, 0x0E, 0x08, 0x3C, 0x70, 0x7F, 0x80, 0xFC, 0x01, 0xF8, 0x03, 0xFF,
    0x03, 0xC3, 0x81, 0xC0, 0xED, 0xC0, 0x76, 0xE0, 0x1B, 0xF0, 0x0F, 0xFF, 0xFF, 0x7F, 0xFF, 0x8E,
    0x00, 0x07, 0x00, 0x03, 0x80, 0xE0, 0xE0, 0x70, 0x78, 0x70, 0x1F, 0xF8, 0x03, 0xF0, 0x00, 0xE0,
    0x00, 0x70, 0x00, 0x38, 0x00, 0x03, 0xF0, 0x1F, 0xE0, 0xE3, 0xF3, 0x07, 0xEC, 0x1D, 0xFF, 0xF3,
    0xFF, 0xC3, 0x00, 0x0E, 0x08, 0x3C, 0x70, 0x7F, 0x80, 0xFC, 0x00, 0xE0, 0x03, 0xC0, 0x07, 0x00,
    0x78, 0x00, 0x80, 0xFF, 0xFF, 0xFF, 0xFF, 0xFF, 0xFF, 0x01, 0x98, 0x00, 0x1F, 0x80, 0x00, 0xF0,
    0x00, 0x00, 0x00, 0x00, 0x00, 0x07, 0x06, 0x0E, 0x78, 0x60, 0xE3, 0x86, 0x1C, 0x1C, 0x63, 0x81,
    0xC6, 0x38, 0x0E, 0x67, 0x00, 0xE6, 0x70, 0x07, 0xFE, 0x00, 0x7F, 0xE0, 0x0E, 0x67, 0x01, 0xC6,
    0x38, 0x1C, 0x63, 0x83, 0x86, 0x1C, 0x38, 0x61, 0xC7, 0x06, 0x0E, 0xE0, 0x60, 0x70, 0x06, 0x70,
    0x03, 0xF0, 0x00, 0xF8, 0x00, 0x00, 0x00, 0x00, 0x03, 0x8E, 0x39, 0xC7, 0x38, 0x73, 0x9C, 0x1D,
    0xDC, 0x06, 0xFC, 0x03, 0xFE, 0x01, 0xFE, 0x00, 0xFF, 0x80, 0xEE, 0xE0, 0xE7, 0x38, 0xE3, 0x9E,
    0x71, 0xC7, 0x00, 0xE0, 0x77, 0x07, 0x38, 0x79, 0xC3, 0x8E, 0x38, 0x73, 0x83, 0xB8, 0x1F, 0xF0,
    0xFF, 0xC7, 0x07, 0x38, 0x1D, 0xC0, 0xEE, 0x03, 0x70, 0x3B, 0x81, 0xDC, 0x0E, 0x00, 0xF0, 0x0F,
    0x00, 0xF0, 0xE1, 0xDC, 0x73, 0x9C, 0x77, 0x8E, 0xE1, 0xFC, 0x3F, 0xE7, 0x1E, 0xE1, 0xDC, 0x1B,
    0x83, 0xF0, 0x60, 0x3C, 0x07, 0x00, 0xC0, 0x1F, 0xF8, 0x3F, 0xF0, 0x60, 0xE0, 0xC1, 0xC1, 0x83,
    0x83, 0x07, 0x06, 0x0E, 0x1C, 0x1C, 0x38, 0x38, 0x70, 0x70, 0xE0, 0xE1, 0xC1, 0xC3, 0x83, 0x86,
    0x07, 0x3C, 0x0F, 0xF0, 0x1F, 0x00, 0x0C, 0x00, 0x18, 0x00, 0x70, 0x00, 0xE0, 0x3F, 0xE1, 0xFF,
    0x0E, 0x38, 0x71, 0xC3, 0x8E, 0x1C, 0x70, 0xE3, 0x87, 0x1C, 0x30, 0xE3, 0x87, 0x3C, 0x3F, 0xC1,
    0xE0, 0x07, 0x00, 0x38, 0x01, 0xC0, 0x0C, 0xE0, 0x3F, 0x01, 0xF8, 0x0F, 0xC0, 0x7E, 0x03, 0xF0,
    0x1F, 0xFF, 0xFF, 0xFF, 0xE0, 0x3F, 0x01, 0xF8, 0x0F, 0xC0, 0x7E, 0x03, 0xF0, 0x1F, 0x80, 0xFC,
    0x07, 0x00, 0x38, 0x01, 0xC0, 0x3E, 0x01, 0xE0, 0xE1, 0xF8, 0x7E, 0x1F, 0x87, 0xFF, 0xFF, 0xFE,
    0x1F, 0x87, 0xE1, 0xF8, 0x7E, 0x1F, 0x87, 0x01, 0xC0, 0x70, 0x7C, 0x1E, 0xE0, 0x39, 0xC0, 0x73,
    0x80, 0xE7, 0x01, 0xCE, 0x03, 0x9C, 0x07, 0x38, 0x0E, 0x7F, 0xFC, 0xFF, 0xF9, 0xC0, 0x73, 0x80,
    0xE7, 0x01, 0xCE, 0x03, 0x9C, 0x07, 0x38, 0x0F, 0xF0, 0x1F, 0x00, 0x0C, 0x00, 0x18, 0x00, 0x70,
    0x00, 0xC0, 0xE1, 0xCE, 0x1C, 0xE1, 0xCE, 0x1C, 0xE1, 0xCF, 0xFC, 0xFF, 0xCE, 0x1C, 0xE1, 0xCE,
    0x1C, 0xE1, 0xFE, 0x1F, 0x00, 0x60, 0x06, 0x00, 0xE0, 0x0C, 0xE0, 0x7E, 0x07, 0xE0, 0x7E, 0x07,
    0xE0, 0x7E, 0x07, 0xE0, 0x77, 0x0F, 0x7F, 0xF3, 0xFF, 0x00, 0x70, 0x07, 0x00, 0x70, 0x07, 0x01,
    0xF0, 0x1F, 0x01, 0xC0, 0x1C, 0x01, 0xC0, 0x1C, 0xE1, 0xF8, 0x7E, 0x1F, 0x87, 0xE1, 0xDC, 0x77,
    0xFC, 0xFF, 0x01, 0xC0, 0x70, 0x7C, 0x1F, 0x07, 0x01, 0xC0, 0x70, 0x18, 0xF0, 0x07, 0x3E, 0x03,
    0xCF, 0x80, 0xF3, 0xE0, 0x3C, 0xFC, 0x1F, 0x3F, 0x07, 0xCE, 0xC3, 0xB3, 0xB8, 0xEC, 0xEE, 0x33,
    0x39, 0x9C, 0xCE, 0x77, 0x33, 0x9D, 0x8C, 0xE3, 0xE3, 0x38, 0xF8, 0xCE, 0x1C, 0x3F, 0x87, 0x0F,
    0x00, 0x01, 0xC0, 0x00, 0x60, 0x00, 0x18, 0x00, 0x0E, 0xF0, 0x3C, 0xF0, 0x3C, 0xF8, 0x7C, 0xF8,
    0x7C, 0xF8, 0x7C, 0xFC, 0xFC, 0xEC, 0xDC, 0xEF, 0xDC, 0xEF, 0xDC, 0xE7, 0x9C, 0xE7, 0x9F, 0xE3,
    0x1E, 0x00, 0x06, 0x00, 0x0E, 0x00, 0x0E, 0x00, 0x0C, 0xFF, 0xFF, 0xFF, 0xFF, 0xFF, 0xFF, 0x0C,
    0xC0, 0x3F, 0x00, 0x78, 0x00, 0x00, 0x00, 0x00, 0x1E, 0x00, 0x78, 0x01, 0xF0, 0x0F, 0xC0, 0x3B,
    0x00, 0xCE, 0x07, 0x38, 0x1C, 0xE0, 0x71, 0xC3, 0x87, 0x0F, 0xFC, 0x3F, 0xF9, 0xC0, 0xE7, 0x01,
    0x98, 0x07, 0xE0, 0x1C, 0x39, 0x83, 0xF0, 0x7C, 0x00, 0x00, 0x00, 0x3F, 0x0F, 0xF3, 0x8E, 0x20,
    0xC0, 0x38, 0xFF, 0x3F, 0xE7, 0x0C, 0xC1, 0x9C, 0x73, 0xFE, 0x3E, 0xC0, 0x0C, 0xE0, 0x3B, 0x80,
    0xCE, 0x00, 0x00, 0x00, 0x00, 0x1E, 0x00, 0x78, 0x01, 0xF0, 0x0F, 0xC0, 0x3B, 0x00, 0xCE, 0x07,
    0x38, 0x1C, 0xE0, 0x71, 0xC3, 0x87, 0x0F, 0xFC, 0x3F, 0xF9, 0xC0, 0xE7, 0x01, 0x98, 0x07, 0xE0,
    0x1C, 0x39, 0x87, 0x70, 0xE6, 0x00, 0x00, 0x00, 0x3F, 0x0F, 0xF3, 0x8E, 0x20, 0xC0, 0x38, 0xFF,
    0x3F, 0xE7, 0x0C, 0xC1, 0x9C, 0x73, 0xFE, 0x3E, 0xC0, 0x01, 0xFF, 0xF0, 0x1F, 0xFF, 0x03, 0xB0,
    0x00, 0x3B, 0x00, 0x07, 0x30, 0x00, 0x73, 0x00, 0x0E, 0x30, 0x00, 0xE3, 0xFE, 0x0C, 0x3F, 0xE1,
    0xC3, 0x00, 0x1F, 0xF0, 0x03, 0xFF, 0x00, 0x38, 0x30, 0x07, 0x03, 0x00, 0x70, 0x3F, 0xFE, 0x03,
    0xFF, 0x1F, 0xBF, 0x07, 0xFF, 0xF1, 0xC7, 0xC7, 0x10, 0x70, 0xE0, 0x0C, 0x0C, 0x7F, 0xFF, 0x9F,
    0xFF, 0xF3, 0x86, 0x00, 0x60, 0xE0, 0x8E, 0x3E, 0x39, 0xFF, 0xFF, 0x1F, 0x9F, 0x80, 0x31, 0x83,
    0xE0, 0x7C, 0x00, 0x00, 0x01, 0xFF, 0xBF, 0xF7, 0x00, 0xE0, 0x1C, 0x03, 0x80, 0x70, 0x0F, 0xFD,
    0xFF, 0xB8, 0x07, 0x00, 0xE0, 0x1C, 0x03, 0x80, 0x7F, 0xEF, 0xFE, 0x33, 0x07, 0xE0, 0x78, 0x00,
    0x00, 0x00, 0x7E, 0x1F, 0xE3, 0x8E, 0xE1, 0xD8, 0x1B, 0xFF, 0x7F, 0xEC, 0x01, 0xC1, 0x1C, 0x73,
    0xFE, 0x3F, 0x00, 0x1F, 0xC0, 0xFF, 0x87, 0x8F, 0x3C, 0x0E, 0xE0, 0x38, 0x00, 0x60, 0x01, 0xFF,
    0xFF, 0xFF, 0xFF, 0x80, 0x7E, 0x01, 0xB8, 0x0E, 0x70, 0x39, 0xE3, 0xC3, 0xFE, 0x07, 0xF0, 0x3F,
    0x0F, 0xF3, 0x8F, 0x20, 0xE0, 0x0D, 0xFF, 0xBF, 0xF6, 0x06, 0xE1, 0xDE, 0x79, 0xFE, 0x1F, 0x80,
    0x1C, 0xC0, 0x77, 0x01, 0xDC, 0x00, 0x00, 0x00, 0x00, 0x7F, 0x03, 0xFE, 0x1E, 0x3C, 0xF0, 0x3B,
    0x80, 0xE0, 0x01, 0x80, 0x07, 0xFF, 0xFF, 0xFF, 0xFE, 0x01, 0xF8, 0x06, 0xE0, 0x39, 0xC0, 0xE7,
    0x8F, 0x0F, 0xF8, 0x1F, 0xC0, 0x33, 0x0F, 0x70, 0xCE, 0x00, 0x00, 0x00, 0x7E, 0x1F, 0xE7, 0x1E,
    0x41, 0xC0, 0x1B, 0xFF, 0x7F, 0xEC, 0x0D, 0xC3, 0xBC, 0xF3, 0xFC, 0x3F, 0x00, 0x01, 0x98, 0x00,
    0x39, 0xC0, 0x01, 0x98, 0x00, 0x00, 0x00, 0x00, 0x00, 0x07, 0x06, 0x0E, 0x78, 0x60, 0xE3, 0x86,
    0x1C, 0x1C, 0x63, 0x81, 0xC6, 0x38, 0x0E, 0x67, 0x00, 0xE6, 0x70, 0x07, 0xFE, 0x00, 0x7F, 0xE0,
    0x0E, 0x67, 0x01, 0xC6, 0x38, 0x1C, 0x63, 0x83, 0x86, 0x1C, 0x38, 0x61, 0xC7, 0x06, 0x0E, 0xE0,
    0x60, 0x70, 0x06, 0x70, 0x03, 0xB8, 0x01, 0xDC, 0x00, 0x00, 0x00, 0x00, 0x03, 0x8E, 0x39, 0xC7,
    0x38, 0x73, 0x9C, 0x1D, 0xDC, 0x06, 0xFC, 0x03, 0xFE, 0x01, 0xFE, 0x00, 0xFF, 0x80, 0xEE, 0xE0,
    0xE7, 0x38, 0xE3, 0x9E, 0x71, 0xC7, 0x00, 0x3B, 0x87, 0x70, 0xEE, 0x00, 0x00, 0x00, 0x7E, 0x1F,
    0xE3, 0x8E, 0xE0, 0xC8, 0x18, 0x07, 0x01, 0xE0, 0xF8, 0x1F, 0x80, 0x70, 0x07, 0x00, 0xFC, 0x1F,
    0xC7, 0xBF, 0xE3, 0xF8, 0x33, 0x1E, 0xE3, 0x38, 0x00, 0x00, 0x0F, 0xC7, 0xF9, 0xCE, 0x21, 0x80,
    0xE0, 0xF0, 0x3E, 0x03, 0x80, 0x77, 0x1D, 0xFE, 0x3F, 0x00, 0x7F, 0xCF, 0xF8, 0x0F, 0x03, 0xC0,
    0x70, 0x1C, 0x07, 0xC0, 0xFE, 0x03, 0xC0, 0x1C, 0x03, 0xE0, 0x7E, 0x0F, 0xE3, 0x9F, 0xF1, 0xFC,
    0x7F, 0xCF, 0xF8, 0x0F, 0x03, 0xC0, 0x70, 0x1C, 0x07, 0xC0, 0xFE, 0x03, 0xC0, 0x1C, 0x03, 0xE0,
    0x7E, 0x0F, 0xE3, 0x9F, 0xF1, 0xFC, 0x0F, 0xC0, 0x7E, 0x00, 0x00, 0x00, 0x0E, 0x03, 0xF0, 0x3F,
    0x81, 0xFC, 0x1F, 0xE1, 0xDF, 0x0E, 0xF8, 0xE7, 0xC7, 0x3E, 0x71, 0xF7, 0x8F, 0xB8, 0x7F, 0x83,
    0xFC, 0x1F, 0xC0, 0xFC, 0x07, 0xE0, 0x30, 0x3F, 0x0F, 0xC0, 0x00, 0x00, 0xE1, 0xF8, 0x7E, 0x3F,
    0x9F, 0xE7, 0xFB, 0xFE, 0xDF, 0xF7, 0xF9, 0xFC, 0x7F, 0x1F, 0x87, 0x0C, 0xC0, 0xEF, 0x07, 0x30,
    0x00, 0x00, 0x00, 0x70, 0x1F, 0x81, 0xFC, 0x0F, 0xE0, 0xFF, 0x0E, 0xF8, 0x77, 0xC7, 0x3E, 0x39,
    0xF3, 0x8F, 0xBC, 0x7D, 0xC3, 0xFC, 0x1F, 0xE0, 0xFE, 0x07, 0xE0, 0x3F, 0x01, 0x80, 0x33, 0x1E,
    0xE3, 0x38, 0x00, 0x00, 0x38, 0x7E, 0x1F, 0x8F, 0xE7, 0xF9, 0xFE, 0xFF, 0xB7, 0xFD, 0xFE, 0x7F,
    0x1F, 0xC7, 0xE1, 0xC0, 0x0C, 0xC0, 0x73, 0x80, 0xCC, 0x00, 0x00, 0x00, 0x00, 0x3F, 0x03, 0xFF,
    0x1E, 0x1C, 0x70, 0x3B, 0x80, 0x6E, 0x01, 0xF8, 0x07, 0xE0, 0x1F, 0x80, 0x7E, 0x01, 0xF8, 0x07,
    0xE0, 0x19, 0xC0, 0xE7, 0x87, 0x0F, 0xFC, 0x0F, 0xC0, 0x33, 0x87, 0x70, 0xCE, 0x00, 0x00, 0x00,
    0x7E, 0x1F, 0xE3, 0x8E, 0xE0, 0xD8, 0x1F, 0x03, 0xE0, 0x7C, 0x0F, 0xC1, 0x9C, 0x73, 0xFC, 0x3F,
    0x00, 0x0F, 0xC0, 0xFF, 0xC7, 0x87, 0x1C, 0x0E, 0xE0, 0x1B, 0x80, 0x7E, 0x01, 0xFF, 0xFF, 0xFF,
    0xFF, 0x80, 0x7E, 0x01, 0xF8, 0x06, 0x70, 0x39, 0xE1, 0xC3, 0xFF, 0x03, 0xF0, 0x3F, 0x0F, 0xF1,
    0xC7, 0x70, 0x6C, 0x0F, 0xFF, 0xFF, 0xFE, 0x07, 0xE0, 0xCE, 0x39, 0xFE, 0x1F, 0x80, 0x0C, 0xC0,
    0x73, 0x80, 0xCC, 0x00, 0x00, 0x00, 0x00, 0x3F, 0x03, 0xFF, 0x1E, 0x1C, 0x70, 0x3B, 0x80, 0x6E,
    0x01, 0xF8, 0x07, 0xFF, 0xFF, 0xFF, 0xFE, 0x01, 0xF8, 0x07, 0xE0, 0x19, 0xC0, 0xE7, 0x87, 0x0F,
    0xFC, 0x0F, 0xC0, 0x33, 0x87, 0x70, 0xCE, 0x00, 0x00, 0x00, 0x7E, 0x1F, 0xE3, 0x8E, 0xE0, 0xD8,
    0x1F, 0xFF, 0xFF, 0xFC, 0x0F, 0xC1, 0x9C, 0x73, 0xFC, 0x3F, 0x00, 0x19, 0xC0, 0xEE, 0x06, 0x70,
    0x00, 0x00, 0x00, 0x0F, 0xE0, 0xFF, 0x8E, 0x1E, 0xE0, 0x77, 0x01, 0xC0, 0x0E, 0x00, 0x30, 0xFF,
    0x87, 0xFC, 0x00, 0x60, 0x07, 0xE0, 0x3F, 0x03, 0x9C, 0x3C, 0x7F, 0xC1, 0xFC, 0x00, 0x73, 0x1D,
    0xC7, 0x30, 0x00, 0x00, 0x0F, 0xC7, 0xFB, 0x8E, 0xC1, 0xC0, 0x71, 0xFC, 0x7F, 0x01, 0xF0, 0x7E,
    0x39, 0xFE, 0x3F, 0x00, 0x1F, 0xC0, 0xFE, 0x00, 0x00, 0x00, 0x0E, 0x03, 0xB8, 0x19, 0xC1, 0xC6,
    0x0E, 0x38, 0xE1, 0xC7, 0x07, 0x30, 0x3B, 0x80, 0xDC, 0x07, 0xC0, 0x1E, 0x00, 0xE0, 0x07, 0x00,
    0x38, 0x0F, 0x80, 0x78, 0x00, 0x1F, 0x81, 0xF8, 0x00, 0x00, 0x00, 0xE0, 0x66, 0x0E, 0x70, 0xE7,
    0x0C, 0x31, 0xC3, 0x98, 0x1B, 0x81, 0xF8, 0x1F, 0x00, 0xF0, 0x0F, 0x00, 0xE0, 0x0E, 0x00, 0xC0,
    0x7C, 0x07, 0x80, 0x1D, 0xC0, 0xEE, 0x07, 0x70, 0x00, 0x00, 0x00, 0x70, 0x1D, 0xC0, 0xCE, 0x0E,
    0x30, 0x71, 0xC7, 0x0E, 0x38, 0x39, 0x81, 0xDC, 0x06, 0xE0, 0x3E, 0x00, 0xF0, 0x07, 0x00, 0x38,
    0x01, 0xC0, 0x7C, 0x03, 0xC0, 0x00, 0x19, 0x83, 0xBC, 0x39, 0x80, 0x00, 0x00, 0x0E, 0x06, 0x60,
    0xE7, 0x0E, 0x70, 0xC3, 0x1C, 0x39, 0x81, 0xB8, 0x1F, 0x81, 0xF0, 0x0F, 0x00, 0xF0, 0x0E, 0x00,
    0xE0, 0x0C, 0x07, 0xC0, 0x78, 0x00, 0x0E, 0xC0, 0x6E, 0x06, 0x60, 0x00, 0x0E, 0x03, 0xB8, 0x19,
    0xC1, 0xC6, 0x0E, 0x38, 0xE1, 0xC7, 0x07, 0x30, 0x3B, 0x80, 0xDC, 0x07, 0xC0, 0x1E, 0x00, 0xE0,
    0x07, 0x00, 0x38, 0x0F, 0x80, 0x78, 0x00, 0x1D, 0xC1, 0xB8, 0x3B, 0x00, 0x00, 0xE0, 0x66, 0x0E,
    0x70, 0xE7, 0x0C, 0x31, 0xC3, 0x98, 0x1B, 0x81, 0xF8, 0x1F, 0x00, 0xF0, 0x0F, 0x00, 0xE0, 0x0E,
    0x00, 0xC0, 0x7C, 0x07, 0x80, 0x19, 0xC1, 0xDC, 0x19, 0xC0, 0x00, 0x00, 0x0E, 0x07, 0xE0, 0x7E,
    0x07, 0xE0, 0x7E, 0x07, 0xE0, 0x7E, 0x07, 0x70, 0xF7, 0xFF, 0x3F, 0xF0, 0x07, 0x00, 0x70, 0x07,
    0x00, 0x70, 0x07, 0x00, 0x70, 0x33, 0x1C, 0xE3, 0x30, 0x00, 0x00, 0x38, 0x7E, 0x1F, 0x87, 0xE1,
    0xF8, 0x77, 0x1D, 0xFF, 0x3F, 0xC0, 0x70, 0x1C, 0x07, 0x01, 0xC0, 0xFF, 0xDF, 0xFB, 0x80, 0x70,
    0x0E, 0x01, 0xC0, 0x38, 0x07, 0x00, 0xE0, 0x1C, 0x03, 0x80, 0x70, 0x0E, 0x01, 0xC0, 0x3E, 0x07,
    0xC0, 0x38, 0x07, 0x00, 0xE0, 0x18, 0x00, 0xFF, 0xFF, 0xE0, 0xE0, 0xE0, 0xE0, 0xE0, 0xE0, 0xE0,
    0xE0, 0xF0, 0xF0, 0x30, 0x30, 0x30, 0x30, 0x0E, 0x60, 0x0E, 0xF0, 0x0E, 0x60, 0x00, 0x00, 0x00,
    0x00, 0xE0, 0x07, 0xE0, 0x07, 0xE0, 0x07, 0xE0, 0x07, 0xE0, 0x07, 0xE0, 0x07, 0xFF, 0x87, 0xFF,
    0xE7, 0xE1, 0xE7, 0xE0, 0x77, 0xE0, 0x77, 0xE0, 0x77, 0xE0, 0x77, 0xE0, 0xE7, 0xFF, 0xE7, 0xFF,
    0xC7, 0x1C, 0xC0, 0xEE, 0x07, 0x70, 0x00, 0x00, 0x00, 0x70, 0x0F, 0x80, 0x7C, 0x03, 0xE0, 0x1F,
    0xF8, 0xFF, 0xE7, 0xC7, 0xBE, 0x1D, 0xF0, 0xEF, 0x87, 0x7F, 0xF3, 0xFF, 0x18, 0x3F, 0xF3, 0xFF,
    0x30, 0x03, 0x00, 0x30, 0x03, 0x00, 0x30, 0x0F, 0xF8, 0xFF, 0x83, 0x00, 0x30, 0x03, 0x00, 0x30,
    0x03, 0x00, 0x3C, 0x03, 0xC0, 0x0C, 0x01, 0xC0, 0x7C, 0x07, 0x80, 0x7F, 0xBF, 0xDC, 0x0E, 0x07,
    0x03, 0x83, 0xF9, 0xF8, 0x70, 0x38, 0x1E, 0x0F, 0x81, 0x80, 0xC1, 0xE1, 0xE0, 0x70, 0x38, 0xF0,
    0x70, 0xE1, 0xC0, 0xE7, 0x01, 0xCE, 0x01, 0xF8, 0x01, 0xF0, 0x03, 0xC0, 0x07, 0x80, 0x0F, 0x80,
    0x3F, 0x00, 0xE7, 0x01, 0xC7, 0x07, 0x0E, 0x1C, 0x0F, 0xF8, 0x0F, 0x00, 0x0E, 0x00, 0x1C, 0x00,
    0xF8, 0x01, 0xE0, 0x61, 0xCE, 0x38, 0xEE, 0x1D, 0xC1, 0xF0, 0x3C, 0x03, 0x80, 0xF8, 0x3B, 0x87,
    0x71, 0xC7, 0x30, 0x60, 0x0C, 0x01, 0x81, 0xF0, 0x3C, 0x70, 0x39, 0xE0, 0xE3, 0x87, 0x07, 0x38,
    0x0E, 0xE0, 0x3F, 0x03, 0xFF, 0x1F, 0xFE, 0x3F, 0xF0, 0x3F, 0x00, 0xFE, 0x07, 0x38, 0x38, 0x70,
    0xE1, 0xC7, 0x03, 0xBC, 0x07, 0x70, 0xEE, 0x38, 0xEE, 0x0F, 0xC1, 0xF0, 0xFF, 0xDF, 0xF0, 0xF8,
    0x3B, 0x87, 0x39, 0xC7, 0x30, 0x70, 0x70, 0x39, 0xC1, 0xC7, 0x0C, 0x1C, 0xE1, 0xF7, 0x1F, 0xF1,
    0xCF, 0x0E, 0x38, 0x70, 0xC3, 0x07, 0x18, 0x1D, 0xC0, 0xE0, 0x7F, 0x87, 0xF8, 0x01, 0xC0, 0x1C,
    0x01, 0xC0, 0x1C, 0x01, 0xC0, 0x1C, 0x01, 0xC0, 0x1C, 0x7F, 0xEF, 0xFE, 0x7C, 0x7E, 0x0E, 0x0E,
    0x0E, 0x0E, 0x0E, 0x0E, 0x0E, 0x1E, 0xF6, 0xE7, 0x00, 0xFF, 0xEF, 0xFC, 0x0E, 0x01, 0xC0, 0x38,
    0x07, 0x00, 0xE0, 0x1C, 0x03, 0x80, 0x70, 0x0E, 0x01, 0xC0, 0xFF, 0xDF, 0xF8, 0x03, 0x80, 0x70,
    0x0F, 0xC1, 0xF8, 0x3F, 0x07, 0xE0, 0xFC, 0x1F, 0x83, 0xF0, 0x70, 0x7B, 0xCE, 0x73, 0x9C, 0xE7,
    0x39, 0xCE, 0x70, 0xFE, 0xF8, 0xE1, 0x87, 0x0E, 0x1C, 0x18, 0x30, 0x70, 0xE1, 0xC0, 0x7F, 0xE3,
    0xFF, 0x8C, 0x0C, 0x60, 0x73, 0x03, 0x98, 0x1C, 0xC0, 0xE6, 0x07, 0x30, 0x39, 0x81, 0xCC, 0x0E,
    0x60, 0x70, 0xC7, 0xCC, 0x7E, 0xC0, 0xEC, 0x06, 0xC0, 0x6C, 0x06, 0xE0, 0x6E, 0x06, 0xE0, 0xE7,
    0x1E, 0x7F, 0xC3, 0xF8, 0x7B, 0xCE, 0x73, 0x9C, 0xE0, 0x7F, 0x9F, 0xF0, 0x1C, 0x03, 0x00, 0xC0,
    0x30, 0x0C, 0x03, 0x00, 0xC0, 0x30, 0x0C, 0x03, 0x00, 0xC0, 0x30, 0x0C, 0x03, 0x7F, 0x1F, 0xE0,
    0x38, 0x07, 0x01, 0xC0, 0x70, 0x1C, 0x07, 0x01, 0xC0, 0xE7, 0xF9, 0xFC, 0x60, 0x1C, 0x03, 0x80,
    0x70, 0x0F, 0xFD, 0xFF, 0x80, 0x70, 0x0E, 0x03, 0x80, 0x70, 0x0C, 0x03, 0x80, 0x70, 0x0C, 0x03,
    0x80, 0x70, 0xFF, 0xEF, 0xFF, 0x70, 0x77, 0x07, 0x70, 0x77, 0x07, 0x70, 0x77, 0x07, 0x70, 0x77,
    0x07, 0x7F, 0xF7, 0xFF, 0x67, 0xE3, 0xBF, 0x9F, 0x1E, 0x70, 0x73, 0x81, 0x9C, 0x0C, 0xE0, 0x66,
    0x07, 0x30, 0x3B, 0x83, 0xDD, 0xFC, 0xEF, 0xC0, 0x7B, 0xCE, 0x73, 0x9C, 0xE7, 0x39, 0xCE, 0x73,
    0x9C, 0xE7, 0xFB, 0xE1, 0xC7, 0x1C, 0x71, 0xC7, 0x1C, 0x7F, 0xFF, 0x7F, 0xE3, 0xFF, 0x8E, 0x1C,
    0x60, 0x77, 0x03, 0xB8, 0x1D, 0xC0, 0xEE, 0x07, 0x30, 0x71, 0xC3, 0x8F, 0xF8, 0x1F, 0x80, 0x00,
    0x07, 0x07, 0x70, 0x73, 0x07, 0x30, 0x73, 0x86, 0x38, 0x61, 0x8E, 0x18, 0xE1, 0xCC, 0x1D, 0xC1,
    0xF8, 0x7F, 0x0F, 0x80, 0x00, 0x00, 0x3F, 0x0F, 0xF3, 0x87, 0x60, 0x6C, 0x0F, 0xC1, 0xFC, 0x3B,
    0xC7, 0x00, 0xE0, 0x1C, 0x03, 0x80, 0x70, 0x0E, 0x01, 0xC0, 0x38, 0x07, 0x3F, 0x0F, 0xF3, 0x87,
    0x60, 0x6C, 0x0F, 0xC1, 0xFE, 0x39, 0xC7, 0x00, 0xC0, 0x7B, 0xFE, 0x7F, 0x80, 0xE0, 0xCE, 0x19,
    0xC7, 0x1C, 0xE3, 0x9C, 0x37, 0x07, 0xE0, 0xF0, 0x0C, 0x01, 0xC0, 0x38, 0x03, 0x00, 0x70, 0x0E,
    0x01, 0xC0, 0x18, 0x70, 0xEF, 0x1C, 0xE3, 0x8E, 0x61, 0xDC, 0x1F, 0x81, 0xE0, 0x38, 0x03, 0x80,
    0x39, 0xFF, 0x3F, 0xE0, 0xFF, 0xFF, 0xFE, 0x00, 0xE0, 0x0E, 0x60, 0xE6, 0x0C, 0x61, 0xC6, 0x1C,
    0x61, 0x86, 0x38, 0x63, 0x86, 0x30, 0x60, 0x06, 0x00, 0x60, 0x06, 0x00, 0x7F, 0x1F, 0xE0, 0x1C,
    0x07, 0x01, 0xC0, 0x70, 0x1C, 0x07, 0x01, 0xC0, 0x70, 0x1C, 0x07, 0xE7, 0x1F, 0x38, 0xF9, 0xC7,
    0xCE, 0x3E, 0xE1, 0xFF, 0x0F, 0xF0, 0xFC, 0x07, 0x60, 0x3B, 0x83, 0x8F, 0xF8, 0x3F, 0x80, 0x7F,
    0xF3, 0xFF, 0xC6, 0x0E, 0x30, 0x71, 0x83, 0x8C, 0x1C, 0x60, 0xE3, 0x07, 0x18, 0x38, 0xC1, 0xDE,
    0x0F, 0xE0, 0x70, 0x27, 0x67, 0x70, 0x33, 0x77, 0x6E, 0x00, 0x6E, 0xE4, 0x00, 0x3F, 0xBF, 0xFC,
    0x2C, 0x07, 0x03, 0x80, 0xE0, 0x38, 0x0E, 0x03, 0x01, 0x80, 0x00, 0x60, 0x78, 0x3C, 0x0C, 0x00,
    0x1C, 0x3E, 0x7C, 0x60, 0x60, 0x73, 0x3F, 0xFE, 0xF8, 0x00, 0xFF, 0xFC, 0x00, 0x77, 0x30, 0xFF,
    0x00, 0x6F, 0xF2, 0x0C, 0xEE, 0x66, 0x67, 0x77, 0x77, 0x73, 0x30, 0x00, 0x18, 0x76, 0x19, 0xFE,
    0x7F, 0x1F, 0x07, 0x00, 0xC0, 0x30, 0x0C, 0x03, 0x00, 0xC0, 0x38, 0x0E, 0x03, 0x80, 0x00, 0x00,
    0x06, 0x36, 0x67, 0x67, 0x77, 0x7F, 0xE7, 0xFE, 0x70, 0x03, 0x00, 0x30, 0x03, 0x00, 0x30, 0x03,
    0x00, 0x38, 0x03, 0x80, 0x38, 0x00, 0x00, 0x00, 0x07, 0x03, 0xE1, 0xE0, 0x60, 0x38, 0x0F, 0xC1,
    0xF0, 0x3C, 0x1C, 0x06, 0x03, 0x80, 0xE0, 0x1F, 0xE3, 0xF8, 0x00, 0x1E, 0x0F, 0xC7, 0x39, 0x86,
    0x61, 0xB8, 0x7E, 0x1D, 0x86, 0x61, 0x9F, 0xE3, 0xF0, 0x00, 0x00, 0x3F, 0xCF, 0xF0, 0x2C, 0x03,
    0x00, 0xE0, 0x38, 0x0E, 0x03, 0x80, 0xE0, 0x18, 0x06, 0x01, 0x80, 0x70, 0x1C, 0x00, 0x40, 0x0E,
    0x07, 0xE0, 0x67, 0x0E, 0x70, 0xE3, 0x0C, 0x39, 0xC3, 0x98, 0x19, 0x81, 0xF8, 0x1F, 0x00, 0xF0,
    0x0F, 0x00, 0xE0, 0x06, 0x00, 0x00, 0x02, 0x00, 0x60, 0x07, 0x00, 0xF0, 0x0F, 0x00, 0xF8, 0x1F,
    0x81, 0x98, 0x39, 0xC3, 0x9C, 0x30, 0xC7, 0x0E, 0x70, 0xEE, 0x06, 0xE0, 0x70, 0x00, 0x08, 0x0F,
    0x87, 0xF1, 0x9C, 0xE3, 0x38, 0xC7, 0xF1, 0xFC, 0x1F, 0x80, 0xE0, 0x38, 0x06, 0x01, 0x80, 0x60,
    0x18, 0x00, 0x00, 0x10, 0x00, 0xE0, 0x03, 0x98, 0x06, 0x60, 0x1B, 0x80, 0x7E, 0x01, 0xF8, 0x06,
    0xE0, 0x39, 0xE3, 0xC3, 0xFF, 0x07, 0xF0, 0x7D, 0xF0, 0x18, 0x1C, 0x3E, 0x7E, 0x67, 0xE3, 0xE3,
    0xE3, 0x7F, 0x7E, 0x6F, 0xF2, 0x0C, 0xEE, 0x66, 0x67, 0x77, 0x77, 0x73, 0x30, 0x00, 0x18, 0x76,
    0x19, 0xFE, 0x7F, 0x1F, 0x07, 0x00, 0xC0, 0x30, 0x0C, 0x03, 0x00, 0xC0, 0x38, 0x0E, 0x03, 0x80,
    0x00, 0x00, 0x06, 0x36, 0x67, 0x67, 0x77, 0x7F, 0xE7, 0xFE, 0x70, 0x03, 0x00, 0x30, 0x03, 0x00,
    0x30, 0x03, 0x00, 0x38, 0x03, 0x80, 0x38, 0x00, 0x00, 0x00, 0x39, 0xE6, 0xF1, 0xB0, 0x7F, 0x9F,
    0xE7, 0xE1, 0xC0, 0x30, 0x0C, 0x03, 0x00, 0xC0, 0x30, 0x0C, 0x03, 0x00, 0x00, 0x07, 0x01, 0xE0,
    0x78, 0x1F, 0x0E, 0xC3, 0x39, 0xC6, 0x61, 0xB8, 0x6E, 0x1F, 0x87, 0xED, 0xDF, 0xE7, 0xF8, 0x00,
    0x3E, 0x7E, 0x60, 0x60, 0x60, 0x73, 0x3F, 0x1E, 0x1C, 0x38, 0x70, 0x60, 0xE0, 0xC0, 0x00, 0x40,
    0x0E, 0x07, 0xE0, 0x67, 0x0E, 0x70, 0xE3, 0x0C, 0x39, 0xC3, 0x98, 0x19, 0x81, 0xF8, 0x1F, 0x00,
    0xF0, 0x0F, 0x00, 0xE0, 0x06, 0x00, 0x00, 0x02, 0x00, 0x60, 0x07, 0x00, 0xF0, 0x0F, 0x00, 0xF8,
    0x1F, 0x81, 0x98, 0x39, 0xC3, 0x9C, 0x30, 0xC7, 0x0E, 0x70, 0xEE, 0x06, 0xE0, 0x70, 0x00, 0x08,
    0x0F, 0x87, 0xF1, 0x9C, 0xE3, 0x38, 0xC7, 0xF1, 0xFC, 0x1F, 0x80, 0xE0, 0x38, 0x06, 0x01, 0x80,
    0x60, 0x18, 0x00, 0x07, 0x80, 0x1E, 0x00, 0x7C, 0x03, 0xF0, 0x0E, 0xC0, 0x33, 0x81, 0xCE, 0x07,
    0x38, 0x1C, 0x70, 0xE1, 0xC3, 0xFF, 0x0F, 0xFE, 0x70, 0x39, 0xC0, 0x66, 0x01, 0xF8, 0x07, 0x00,
    0x00, 0x0C, 0x00, 0x38, 0x00, 0xE0, 0x1F, 0x87, 0xF9, 0xC7, 0x10, 0x60, 0x1C, 0x7F, 0x9F, 0xF3,
    0x86, 0x60, 0xCE, 0x39, 0xFF, 0x1F, 0x60, 0x00, 0x1C, 0x03, 0x80, 0x70, 0x07, 0x00, 0x1E, 0x00,
    0x18, 0x00, 0xC0, 0x00, 0x00, 0x1E, 0x00, 0x78, 0x01, 0xF0, 0x0F, 0xC0, 0x3B, 0x00, 0xCE, 0x07,
    0x38, 0x1C, 0xE0, 0x71, 0xC3, 0x87, 0x0F, 0xFC, 0x3F, 0xF9, 0xC0, 0xE7, 0x01, 0x98, 0x07, 0xE0,
    0x1C, 0x0E, 0x01, 0xC0, 0x18, 0x03, 0x00, 0x00, 0x3F, 0x0F, 0xF3, 0x8E, 0x20, 0xC0, 0x38, 0xFF,
    0x3F, 0xE7, 0x0C, 0xC1, 0x9C, 0x73, 0xFE, 0x3E, 0xC0, 0x00, 0x70, 0x01, 0xC0, 0x06, 0x00, 0x00,
    0x03, 0x80, 0x1F, 0x00, 0xEE, 0x00, 0x00, 0x07, 0x80, 0x1E, 0x00, 0x7C, 0x03, 0xF0, 0x0E, 0xC0,
    0x33, 0x81, 0xCE, 0x07, 0x38, 0x1C, 0x70, 0xE1, 0xC3, 0xFF, 0x0F, 0xFE, 0x70, 0x39, 0xC0, 0x66,
    0x01, 0xF8, 0x07, 0x00, 0xE0, 0x38, 0x06, 0x00, 0x00, 0xE0, 0x3E, 0x0E, 0xE0, 0x00, 0x1F, 0x87,
    0xF9, 0xC7, 0x10, 0x60, 0x1C, 0x7F, 0x9F, 0xF3, 0x86, 0x60, 0xCE, 0x39, 0xFF, 0x1F, 0x60, 0x01,
    0xC0, 0x03, 0x00, 0x0E, 0x00, 0x00, 0x03, 0x80, 0x1F, 0x00, 0xEE, 0x00, 0x00, 0x07, 0x80, 0x1E,
    0x00, 0x7C, 0x03, 0xF0, 0x0E, 0xC0, 0x33, 0x81, 0xCE, 0x07, 0x38, 0x1C, 0x70, 0xE1, 0xC3, 0xFF,
    0x0F, 0xFE, 0x70, 0x39, 0xC0, 0x66, 0x01, 0xF8, 0x07, 0x03, 0x00, 0x70, 0x06, 0x00, 0x00, 0xE0,
    0x3E, 0x0E, 0xE0, 0x00, 0x1F, 0x87, 0xF9, 0xC7, 0x10, 0x60, 0x1C, 0x7F, 0x9F, 0xF3, 0x86, 0x60,
    0xCE, 0x39, 0xFF, 0x1F, 0x60, 0x01, 0xE0, 0x07, 0x80, 0x06, 0x00, 0x10, 0x03, 0x80, 0x1F, 0x00,
    0xEE, 0x00, 0x00, 0x07, 0x80, 0x1E, 0x00, 0x7C, 0x03, 0xF0, 0x0E, 0xC0, 0x33, 0x81, 0xCE, 0x07,
    0x38, 0x1C, 0x70, 0xE1, 0xC3, 0xFF, 0x0F, 0xFE, 0x70, 0x39, 0xC0, 0x66, 0x01, 0xF8, 0x07, 0x03,
    0x80, 0x78, 0x06, 0x00, 0x80, 0xE0, 0x3E, 0x0E, 0xE0, 0x00, 0x1F, 0x87, 0xF9, 0xC7, 0x10, 0x60,
    0x1C, 0x7F, 0x9F, 0xF3, 0x86, 0x60, 0xCE, 0x39, 0xFF, 0x1F, 0x60, 0x00, 0x00, 0x3F, 0x00, 0xFC,
    0x03, 0x20, 0x03, 0x80, 0x1F, 0x00, 0xEE, 0x00, 0x00, 0x07, 0x80, 0x1E, 0x00, 0x7C, 0x03, 0xF0,
    0x0E, 0xC0, 0x33, 0x81, 0xCE, 0x07, 0x38, 0x1C, 0x70, 0xE1, 0xC3, 0xFF, 0x0F, 0xFE, 0x70, 0x39,
    0xC0, 0x66, 0x01, 0xF8, 0x07, 0x00, 0x03, 0xF0, 0x7E, 0x08, 0x80, 0xE0, 0x3E, 0x0E, 0xE0, 0x00,
    0x1F, 0x87, 0xF9, 0xC7, 0x10, 0x60, 0x1C, 0x7F, 0x9F, 0xF3, 0x86, 0x60, 0xCE, 0x39, 0xFF, 0x1F,
    0x60, 0x07, 0x80, 0x1F, 0x00, 0xEC, 0x00, 0x00, 0x00, 0x00, 0x1E, 0x00, 0x78, 0x01, 0xF0, 0x0F,
    0xC0, 0x3B, 0x00, 0xCE, 0x07, 0x38, 0x1C, 0xE0, 0x71, 0xC3, 0x87, 0x0F, 0xFC, 0x3F, 0xF9, 0xC0,
    0xE7, 0x01, 0x98, 0x07, 0xE0, 0x1C, 0x00, 0x00, 0x30, 0x00, 0xE0, 0x03, 0x80, 0x0E, 0x03, 0xE0,
    0xEE, 0x00, 0x00, 0x00, 0x3F, 0x0F, 0xF3, 0x8E, 0x20, 0xC0, 0x38, 0xFF, 0x3F, 0xE7, 0x0C, 0xC1,
    0x9C, 0x73, 0xFE, 0x3E, 0xC0, 0x00, 0x38, 0x07, 0x00, 0xE0, 0x01, 0xC0, 0x06, 0x00, 0x38, 0x00,
    0x00, 0x0C, 0xE0, 0x3F, 0x00, 0x7C, 0x00, 0xC0, 0x07, 0x80, 0x1E, 0x00, 0x7C, 0x03, 0xF0, 0x0E,
    0xC0, 0x33, 0x81, 0xCE, 0x07, 0x38, 0x1C, 0x70, 0xE1, 0xC3, 0xFF, 0x0F, 0xFE, 0x70, 0x39, 0xC0,
    0x66, 0x01, 0xF8, 0x07, 0x03, 0x80, 0xE0, 0x18, 0x00, 0x03, 0x98, 0x3F, 0x07, 0xC0, 0x30, 0x1F,
    0x87, 0xF9, 0xC7, 0x10, 0x60, 0x1C, 0x7F, 0x9F, 0xF3, 0x86, 0x60, 0xCE, 0x39, 0xFF, 0x1F, 0x60,
    0x0E, 0x00, 0x1C, 0x00, 0x30, 0x00, 0x00, 0x0C, 0xC0, 0x3F, 0x00, 0x7C, 0x00, 0xC0, 0x07, 0x80,
    0x1E, 0x00, 0x7C, 0x03, 0xF0, 0x0E, 0xC0, 0x33, 0x81, 0xCE, 0x07, 0x38, 0x1C, 0x70, 0xE1, 0xC3,
    0xFF, 0x0F, 0xFE, 0x70, 0x39, 0xC0, 0x66, 0x01, 0xF8, 0x07, 0x1C, 0x03, 0x80, 0x38, 0x00, 0x03,
    0x18, 0x3F, 0x07, 0xC0, 0x20, 0x1F, 0x87, 0xF9, 0xC7, 0x10, 0x60, 0x1C, 0x7F, 0x9F, 0xF3, 0x86,
    0x60, 0xCE, 0x39, 0xFF, 0x1F, 0x60, 0x07, 0x80, 0x1E, 0x00, 0x18, 0x00, 0x40, 0x0C, 0xC0, 0x3F,
    0x00, 0x78, 0x00, 0x00, 0x07, 0x80, 0x1E, 0x00, 0x7C, 0x03, 0xF0, 0x0E, 0xC0, 0x33, 0x81, 0xCE,
    0x07, 0x38, 0x1C, 0x70, 0xE1, 0xC3, 0xFF, 0x0F, 0xFE, 0x70, 0x39, 0xC0, 0x66, 0x01, 0xF8, 0x07,
    0x0E, 0x01, 0xE0, 0x18, 0x02, 0x03, 0x98, 0x3F, 0x03, 0xC0, 0x00, 0x1F, 0x87, 0xF9, 0xC7, 0x10,
    0x60, 0x1C, 0x7F, 0x9F, 0xF3, 0x86, 0x60, 0xCE, 0x39, 0xFF, 0x1F, 0x60, 0x07, 0x60, 0x3F, 0x00,
    0xFC, 0x00, 0x00, 0x0C, 0xC0, 0x3F, 0x00, 0x78, 0x00, 0x00, 0x07, 0x80, 0x1E, 0x00, 0x7C, 0x03,
    0xF0, 0x0E, 0xC0, 0x33, 0x81, 0xCE, 0x07, 0x38, 0x1C, 0x70, 0xE1, 0xC3, 0xFF, 0x0F, 0xFE, 0x70,
    0x39, 0xC0, 0x66, 0x01, 0xF8, 0x07, 0x1D, 0x83, 0xF0, 0xFC, 0x00, 0x03, 0x98, 0x3F, 0x03, 0xC0,
    0x00, 0x1F, 0x87, 0xF9, 0xC7, 0x10, 0x60, 0x1C, 0x7F, 0x9F, 0xF3, 0x86, 0x60, 0xCE, 0x39, 0xFF,
    0x1F, 0x60, 0x0C, 0xC0, 0x3F, 0x00, 0x78, 0x00, 0x00, 0x00, 0x00, 0x1E, 0x00, 0x78, 0x01, 0xF0,
    0x0F, 0xC0, 0x3B, 0x00, 0xCE, 0x07, 0x38, 0x1C, 0xE0, 0x71, 0xC3, 0x87, 0x0F, 0xFC, 0x3F, 0xF9,
    0xC0, 0xE7, 0x01, 0x98, 0x07, 0xE0, 0x1C, 0x00, 0x00, 0x30, 0x00, 0xE0, 0x03, 0x80, 0x39, 0x83,
    0xF0, 0x7C, 0x00, 0x00, 0x00, 0x3F, 0x0F, 0xF3, 0x8E, 0x20, 0xC0, 0x38, 0xFF, 0x3F, 0xE7, 0x0C,
    0xC1, 0x9C, 0x73, 0xFE, 0x3E, 0xC0, 0x00, 0x38, 0x07, 0x00, 0xE0, 0xFF, 0xDF, 0xFB, 0x80, 0x70,
    0x0E, 0x01, 0xC0, 0x38, 0x07, 0xFE, 0xFF, 0xDC, 0x03, 0x80, 0x70, 0x0E, 0x01, 0xC0, 0x3F, 0xF7,
    0xFF, 0x00, 0x01, 0xC0, 0x38, 0x07, 0x00, 0x3F, 0x0F, 0xF1, 0xC7, 0x70, 0xEC, 0x0D, 0xFF, 0xBF,
    0xF6, 0x00, 0xE0, 0x8E, 0x39, 0xFF, 0x1F, 0x80, 0x00, 0x18, 0x03, 0x80, 0x70, 0x1E, 0x03, 0xC0,
    0x18, 0x03, 0x00, 0x01, 0xFF, 0xBF, 0xF7, 0x00, 0xE0, 0x1C, 0x03, 0x80, 0x70, 0x0F, 0xFD, 0xFF,
    0xB8, 0x07, 0x00, 0xE0, 0x1C, 0x03, 0x80, 0x7F, 0xEF, 0xFE, 0x1C, 0x03, 0xC0, 0x18, 0x06, 0x00,
    0x00, 0x7E, 0x1F, 0xE3, 0x8E, 0xE1, 0xD8, 0x1B, 0xFF, 0x7F, 0xEC, 0x01, 0xC1, 0x1C, 0x73, 0xFE,
    0x3F, 0x00, 0x00, 0x03, 0xF0, 0xFC, 0x09, 0x00, 0x01, 0xFF, 0xBF, 0xF7, 0x00, 0xE0, 0x1C, 0x03,
    0x80, 0x70, 0x0F, 0xFD, 0xFF, 0xB8, 0x07, 0x00, 0xE0, 0x1C, 0x03, 0x80, 0x7F, 0xEF, 0xFE, 0x00,
    0x07, 0xE0, 0xFC, 0x11, 0x00, 0x00, 0x7E, 0x1F, 0xE3, 0x8E, 0xE1, 0xD8, 0x1B, 0xFF, 0x7F, 0xEC,
    0x01, 0xC1, 0x1C, 0x73, 0xFE, 0x3F, 0x00, 0x00, 0xE0, 0x38, 0x06, 0x00, 0x00, 0xE0, 0x3E, 0x0E,
    0xE0, 0x00, 0xFF, 0xDF, 0xFB, 0x80, 0x70, 0x0E, 0x01, 0xC0, 0x38, 0x07, 0xFE, 0xFF, 0xDC, 0x03,
    0x80, 0x70, 0x0E, 0x01, 0xC0, 0x3F, 0xF7, 0xFF, 0x01, 0xC0, 0x38, 0x0E, 0x00, 0x01, 0xE0, 0x3E,
    0x0E, 0xE0, 0x00, 0x3F, 0x0F, 0xF1, 0xC7, 0x70, 0xEC, 0x0D, 0xFF, 0xBF, 0xF6, 0x00, 0xE0, 0x8E,
    0x39, 0xFF, 0x1F, 0x80, 0x07, 0x00, 0x70, 0x06, 0x00, 0x00, 0xE0, 0x3E, 0x0E, 0xE0, 0x00, 0xFF,
    0xDF, 0xFB, 0x80, 0x70, 0x0E, 0x01, 0xC0, 0x38, 0x07, 0xFE, 0xFF, 0xDC, 0x03, 0x80, 0x70, 0x0E,
    0x01, 0xC0, 0x3F, 0xF7, 0xFF, 0x07, 0x00, 0x60, 0x0E, 0x00, 0x01, 0xE0, 0x3E, 0x0E, 0xE0, 0x00,
    0x3F, 0x0F, 0xF1, 0xC7, 0x70, 0xEC, 0x0D, 0xFF, 0xBF, 0xF6, 0x00, 0xE0, 0x8E, 0x39, 0xFF, 0x1F,
    0x80, 0x03, 0x80, 0x70, 0x06, 0x00, 0x80, 0xE0, 0x3E, 0x0E, 0xE0, 0x00, 0xFF, 0xDF, 0xFB, 0x80,
    0x70, 0x0E, 0x01, 0xC0, 0x38, 0x07, 0xFE, 0xFF, 0xDC, 0x03, 0x80, 0x70, 0x0E, 0x01, 0xC0, 0x3F,
    0xF7, 0xFF, 0x07, 0x80, 0xF0, 0x06, 0x00, 0x81, 0xE0, 0x3E, 0x0E, 0xE0, 0x00, 0x3F, 0x0F, 0xF1,
    0xC7, 0x70, 0xEC, 0x0D, 0xFF, 0xBF, 0xF6, 0x00, 0xE0, 0x8E, 0x39, 0xFF, 0x1F, 0x80, 0x00, 0x03,
    0xF0, 0xFC, 0x09, 0x00, 0xE0, 0x3E, 0x0E, 0xE0, 0x00, 0xFF, 0xDF, 0xFB, 0x80, 0x70, 0x0E, 0x01,
    0xC0, 0x38, 0x07, 0xFE, 0xFF, 0xDC, 0x03, 0x80, 0x70, 0x0E, 0x01, 0xC0, 0x3F, 0xF7, 0xFF, 0x00,
    0x07, 0xE0, 0xFC, 0x19, 0x01, 0xE0, 0x3E, 0x0E, 0xE0, 0x00, 0x3F, 0x0F, 0xF1, 0xC7, 0x70, 0xEC,
    0x0D, 0xFF, 0xBF, 0xF6, 0x00, 0xE0, 0x8E, 0x39, 0xFF, 0x1F, 0x80, 0x0E, 0x03, 0xE0, 0xEE, 0x00,
    0x00, 0x01, 0xFF, 0xBF, 0xF7, 0x00, 0xE0, 0x1C, 0x03, 0x80, 0x70, 0x0F, 0xFD, 0xFF, 0xB8, 0x07,
    0x00, 0xE0, 0x1C, 0x03, 0x80, 0x7F, 0xEF, 0xFE, 0x00, 0x03, 0x80, 0x70, 0x0E, 0x00, 0x1E, 0x03,
    0xE0, 0xEC, 0x00, 0x00, 0x00, 0x7E, 0x1F, 0xE3, 0x8E, 0xE1, 0xD8, 0x1B, 0xFF, 0x7F, 0xEC, 0x01,
    0xC1, 0x1C, 0x73, 0xFE, 0x3F, 0x00, 0x00, 0x30, 0x07, 0x00, 0xE0, 0xEF, 0x66, 0x0E, 0xEE, 0xEE,
    0xEE, 0xEE, 0xEE, 0xEE, 0xEE, 0xE0, 0x77, 0x8C, 0x60, 0x39, 0xCE, 0x73, 0x9C, 0xE7, 0x39, 0xCE,
    0x70, 0xEE, 0xEE, 0xEE, 0xEE, 0xEE, 0xEE, 0xEE, 0xEE, 0x06, 0xEE, 0xFF, 0x81, 0xFF, 0xFF, 0xFF,
    0xFF, 0xE3, 0xFE, 0x0F, 0xC0, 0xFF, 0xC7, 0x87, 0x1C, 0x0E, 0xE0, 0x1B, 0x80, 0x7E, 0x01, 0xF8,
    0x07, 0xE0, 0x1F, 0x80, 0x7E, 0x01, 0xF8, 0x06, 0x70, 0x39, 0xE1, 0xC3, 0xFF, 0x03, 0xF0, 0x00,
    0x00, 0x0C, 0x00, 0x78, 0x00, 0xC0, 0x3F, 0x0F, 0xF1, 0xC7, 0x70, 0x6C, 0x0F, 0x81, 0xF0, 0x3E,
    0x07, 0xE0, 0xCE, 0x39, 0xFE, 0x1F, 0x80, 0x00, 0x1C, 0x03, 0x80, 0x70, 0x07, 0x00, 0x1E, 0x00,
    0x38, 0x00, 0xC0, 0x00, 0x00, 0x3F, 0x03, 0xFF, 0x1E, 0x1C, 0x70, 0x3B, 0x80, 0x6E, 0x01, 0xF8,
    0x07, 0xE0, 0x1F, 0x80, 0x7E, 0x01, 0xF8, 0x07, 0xE0, 0x19, 0xC0, 0xE7, 0x87, 0x0F, 0xFC, 0x0F,
    0xC0, 0x1C, 0x03, 0xC0, 0x18, 0x06, 0x00, 0x00, 0x7E, 0x1F, 0xE3, 0x8E, 0xE0, 0xD8, 0x1F, 0x03,
    0xE0, 0x7C, 0x0F, 0xC1, 0x9C, 0x73, 0xFC, 0x3F, 0x00, 0x00, 0x70, 0x01, 0x80, 0x0E, 0x00, 0x00,
    0x07, 0x80, 0x3F, 0x00, 0xCC, 0x00, 0x00, 0x0F, 0xC0, 0xFF, 0xC7, 0x87, 0x1C, 0x0E, 0xE0, 0x1B,
    0x80, 0x7E, 0x01, 0xF8, 0x07, 0xE0, 0x1F, 0x80, 0x7E, 0x01, 0xF8, 0x06, 0x70, 0x39, 0xE1, 0xC3,
    0xFF, 0x03, 0xF0, 0x01, 0xC0, 0x38, 0x06, 0x00, 0x00, 0xE0, 0x3E, 0x0E, 0xE0, 0x00, 0x3F, 0x0F,
    0xF1, 0xC7, 0x70, 0x6C, 0x0F, 0x81, 0xF0, 0x3E, 0x07, 0xE0, 0xCE, 0x39, 0xFE, 0x1F, 0x80, 0x01,
    0xC0, 0x07, 0x00, 0x0E, 0x00, 0x00, 0x07, 0x80, 0x3F, 0x00, 0xCC, 0x00, 0x00, 0x0F, 0xC0, 0xFF,
    0xC7, 0x87, 0x1C, 0x0E, 0xE0, 0x1B, 0x80, 0x7E, 0x01, 0xF8, 0x07, 0xE0, 0x1F, 0x80, 0x7E, 0x01,
    0xF8, 0x06, 0x70, 0x39, 0xE1, 0xC3, 0xFF, 0x03, 0xF0, 0x07, 0x00, 0x60, 0x0E, 0x00, 0x00, 0xE0,
    0x3E, 0x0E, 0xE0, 0x00, 0x3F, 0x0F, 0xF1, 0xC7, 0x70, 0x6C, 0x0F, 0x81, 0xF0, 0x3E, 0x07, 0xE0,
    0xCE, 0x39, 0xFE, 0x1F, 0x80, 0x01, 0xE0, 0x07, 0x80, 0x0E, 0x00, 0x10, 0x07, 0x80, 0x3F, 0x00,
    0xCC, 0x00, 0x00, 0x0F, 0xC0, 0xFF, 0xC7, 0x87, 0x1C, 0x0E, 0xE0, 0x1B, 0x80, 0x7E, 0x01, 0xF8,
    0x07, 0xE0, 0x1F, 0x80, 0x7E, 0x01, 0xF8, 0x06, 0x70, 0x39, 0xE1, 0xC3, 0xFF, 0x03, 0xF0, 0x07,
    0x80, 0xF0, 0x06, 0x00, 0x80, 0xE0, 0x3E, 0x0E, 0xE0, 0x00, 0x3F, 0x0F, 0xF1, 0xC7, 0x70, 0x6C,
    0x0F, 0x81, 0xF0, 0x3E, 0x07, 0xE0, 0xCE, 0x39, 0xFE, 0x1F, 0x80, 0x00, 0x00, 0x3F, 0x00, 0xFC,
    0x02, 0x20, 0x07, 0x80, 0x3F, 0x00, 0xCC, 0x00, 0x00, 0x0F, 0xC0, 0xFF, 0xC7, 0x87, 0x1C, 0x0E,
    0xE0, 0x1B, 0x80, 0x7E, 0x01, 0xF8, 0x07, 0xE0, 0x1F, 0x80, 0x7E, 0x01, 0xF8, 0x06, 0x70, 0x39,
    0xE1, 0xC3, 0xFF, 0x03, 0xF0, 0x00, 0x07, 0xF0, 0xFC, 0x19, 0x00, 0xE0, 0x3E, 0x0E, 0xE0, 0x00,
    0x3F, 0x0F, 0xF1, 0xC7, 0x70, 0x6C, 0x0F, 0x81, 0xF0, 0x3E, 0x07, 0xE0, 0xCE, 0x39, 0xFE, 0x1F,
    0x80, 0x07, 0x80, 0x3E, 0x00, 0xCC, 0x00, 0x00, 0x00, 0x00, 0x3F, 0x03, 0xFF, 0x1E, 0x1C, 0x70,
    0x3B, 0x80, 0x6E, 0x01, 0xF8, 0x07, 0xE0, 0x1F, 0x80, 0x7E, 0x01, 0xF8, 0x07, 0xE0, 0x19, 0xC0,
    0xE7, 0x87, 0x0F, 0xFC, 0x0F, 0xC0, 0x00, 0x00, 0x30, 0x01, 0xE0, 0x03, 0x00, 0x1E, 0x03, 0xE0,
    0xEE, 0x00, 0x00, 0x00, 0x7E, 0x1F, 0xE3, 0x8E, 0xE0, 0xD8, 0x1F, 0x03, 0xE0, 0x7C, 0x0F, 0xC1,
    0x9C, 0x73, 0xFC, 0x3F, 0x00, 0x00, 0x38, 0x07, 0x00, 0xE0, 0x01, 0xC0, 0x0E, 0x30, 0x30, 0xC0,
    0x03, 0x0F, 0xFC, 0xFF, 0xE7, 0x87, 0x1C, 0x0E, 0xE0, 0x1B, 0x80, 0x7E, 0x01, 0xF8, 0x07, 0xE0,
    0x1F, 0x80, 0x7E, 0x01, 0xF8, 0x06, 0x70, 0x39, 0xE1, 0xC3, 0xFF, 0x03, 0xF0, 0x07, 0x00, 0xCC,
    0x39, 0x80, 0x33, 0xFE, 0xFF, 0x1C, 0x77, 0x06, 0xC0, 0xF8, 0x1F, 0x03, 0xE0, 0x7E, 0x0C, 0xE3,
    0x9F, 0xE1, 0xF8, 0x0E, 0x00, 0x18, 0x30, 0x30, 0xC0, 0x03, 0x0F, 0xFC, 0xFF, 0xE7, 0x87, 0x1C,
    0x0E, 0xE0, 0x1B, 0x80, 0x7E, 0x01, 0xF8, 0x07, 0xE0, 0x1F, 0x80, 0x7E, 0x01, 0xF8, 0x06, 0x70,
    0x39, 0xE1, 0xC3, 0xFF, 0x03, 0xF0, 0x38, 0x03, 0x8C, 0x31, 0x80, 0x33, 0xFE, 0xFF, 0x1C, 0x77,
    0x06, 0xC0, 0xF8, 0x1F, 0x03, 0xE0, 0x7E, 0x0C, 0xE3, 0x9F, 0xE1, 0xF8, 0x07, 0x00, 0x1E, 0x00,
    0x38, 0xC0, 0xC3, 0x00, 0x0C, 0x3F, 0xF3, 0xFF, 0x9E, 0x1C, 0x70, 0x3B, 0x80, 0x6E, 0x01, 0xF8,
    0x07, 0xE0, 0x1F, 0x80, 0x7E, 0x01, 0xF8, 0x07, 0xE0, 0x19, 0xC0, 0xE7, 0x87, 0x0F, 0xFC, 0x0F,
    0xC0, 0x1C, 0x03, 0xC0, 0x19, 0x86, 0x30, 0x06, 0x7F, 0xDF, 0xE3, 0x8E, 0xE0, 0xD8, 0x1F, 0x03,
    0xE0, 0x7C, 0x0F, 0xC1, 0x9C, 0x73, 0xFC, 0x3F, 0x00, 0x00, 0x00, 0x3F, 0x00, 0xFC, 0xC2, 0x23,
    0x00, 0x0C, 0x3F, 0xF3, 0xFF, 0x9E, 0x1C, 0x70, 0x3B, 0x80, 0x6E, 0x01, 0xF8, 0x07, 0xE0, 0x1F,
    0x80, 0x7E, 0x01, 0xF8, 0x07, 0xE0, 0x19, 0xC0, 0xE7, 0x87, 0x0F, 0xFC, 0x0F, 0xC0, 0x19, 0x07,
    0xE0, 0xFD, 0x80, 0x30, 0x06, 0x7F, 0xDF, 0xE3, 0x8E, 0xE0, 0xD8, 0x1F, 0x03, 0xE0, 0x7C, 0x0F,
    0xC1, 0x9C, 0x73, 0xFC, 0x3F, 0x00, 0x00, 0x0C, 0x00, 0x30, 0x00, 0xC3, 0xFF, 0x3F, 0xF9, 0xE1,
    0xC7, 0x03, 0xB8, 0x06, 0xE0, 0x1F, 0x80, 0x7E, 0x01, 0xF8, 0x07, 0xE0, 0x1F, 0x80, 0x7E, 0x01,
    0x9C, 0x0E, 0x78, 0x70, 0xFF, 0xC0, 0xFC, 0x00, 0x00, 0x03, 0x00, 0x1E, 0x00, 0x30, 0x00, 0x00,
    0x60, 0x0C, 0x01, 0x9F, 0xF7, 0xF8, 0xE3, 0xB8, 0x36, 0x07, 0xC0, 0xF8, 0x1F, 0x03, 0xF0, 0x67,
    0x1C, 0xFF, 0x0F, 0xC0, 0x00, 0x0E, 0x01, 0xC0, 0x38, 0x00, 0xE0, 0x3F, 0x01, 0xF8, 0x0F, 0xC0,
    0x7E, 0x03, 0xF0, 0x1F, 0x80, 0xFC, 0x07, 0xE0, 0x3F, 0x01, 0xF8, 0x0E, 0xC0, 0x77, 0x03, 0xBC,
    0x38, 0xFF, 0x83, 0xF8, 0x00, 0x00, 0x18, 0x01, 0xC0, 0x0E, 0x00, 0xE1, 0xF8, 0x7E, 0x1F, 0x87,
    0xE1, 0xF8, 0x7E, 0x1F, 0x87, 0xE1, 0xDC, 0xF7, 0xFC, 0xFB, 0x00, 0x03, 0x00, 0xE0, 0x38, 0x07,
    0x00, 0x3C, 0x00, 0xC0, 0x06, 0x00, 0x00, 0x70, 0x1F, 0x80, 0xFC, 0x07, 0xE0, 0x3F, 0x01, 0xF8,
    0x0F, 0xC0, 0x7E, 0x03, 0xF0, 0x1F, 0x80, 0xFC, 0x07, 0x60, 0x3B, 0x81, 0xDE, 0x1C, 0x7F, 0xC1,
    0xFC, 0x00, 0x1C, 0x07, 0x80, 0x60, 0x30, 0x00, 0x38, 0x7E, 0x1F, 0x87, 0xE1, 0xF8, 0x7E, 0x1F,
    0x87, 0xE1, 0xF8, 0x77, 0x3D, 0xFF, 0x3E, 0xC0, 0x01, 0xC0, 0x07, 0x00, 0x0C, 0x38, 0x00, 0x7E,
    0x03, 0xFC, 0x07, 0xB8, 0x0E, 0x70, 0x1C, 0xE0, 0x39, 0xC0, 0x73, 0x80, 0xE7, 0x01, 0xCE, 0x03,
    0x9C, 0x07, 0x38, 0x0E, 0x30, 0x1C, 0x70, 0x38, 0xF0, 0xE0, 0xFF, 0x80, 0xFE, 0x00, 0x07, 0x00,
    0x63, 0x0E, 0x70, 0x07, 0xE1, 0xFE, 0x1E, 0xE1, 0xCE, 0x1C, 0xE1, 0xCE, 0x1C, 0xE1, 0xCE, 0x1C,
    0xE1, 0xC7, 0x3C, 0x7F, 0xC3, 0xEC, 0x0E, 0x00, 0x0C, 0x00, 0x1C, 0x38, 0x00, 0x7E, 0x03, 0xFC,
    0x07, 0xB8, 0x0E, 0x70, 0x1C, 0xE0, 0x39, 0xC0, 0x73, 0x80, 0xE7, 0x01, 0xCE, 0x03, 0x9C, 0x07,
    0x38, 0x0E, 0x30, 0x1C, 0x70, 0x38, 0xF0, 0xE0, 0xFF, 0x80, 0xFE, 0x00, 0x38, 0x01, 0xC3, 0x0C,
    0x70, 0x07, 0xE1, 0xFE, 0x1E, 0xE1, 0xCE, 0x1C, 0xE1, 0xCE, 0x1C, 0xE1, 0xCE, 0x1C, 0xE1, 0xC7,
    0x3C, 0x7F, 0xC3, 0xEC, 0x07, 0x00, 0x0F, 0x00, 0x0C, 0x00, 0x18, 0x70, 0x00, 0xFC, 0x07, 0xF8,
    0x0F, 0x70, 0x1C, 0xE0, 0x39, 0xC0, 0x73, 0x80, 0xE7, 0x01, 0xCE, 0x03, 0x9C, 0x07, 0x38, 0x0E,
    0x70, 0x1C, 0x60, 0x38, 0xE0, 0x71, 0xE1, 0xC1, 0xFF, 0x01, 0xFC, 0x00, 0x1C, 0x01, 0xE0, 0x06,
    0x30, 0xC7, 0x00, 0x7E, 0x1F, 0xE1, 0xEE, 0x1C, 0xE1, 0xCE, 0x1C, 0xE1, 0xCE, 0x1C, 0xE1, 0xCE,
    0x1C, 0x73, 0xC7, 0xFC, 0x3E, 0xC0, 0x00, 0x00, 0x1F, 0x80, 0x3F, 0x00, 0x44, 0x70, 0x00, 0xFC,
    0x07, 0xF8, 0x0F, 0x70, 0x1C, 0xE0, 0x39, 0xC0, 0x73, 0x80, 0xE7, 0x01, 0xCE, 0x03, 0x9C, 0x07,
    0x38, 0x0E, 0x70, 0x1C, 0x60, 0x38, 0xE0, 0x71, 0xE1, 0xC1, 0xFF, 0x01, 0xFC, 0x00, 0x00, 0x03,
    0xF0, 0x3F, 0x32, 0x27, 0x00, 0x7E, 0x1F, 0xE1, 0xEE, 0x1C, 0xE1, 0xCE, 0x1C, 0xE1, 0xCE, 0x1C,
    0xE1, 0xCE, 0x1C, 0x73, 0xC7, 0xFC, 0x3E, 0xC0, 0x00, 0x0E, 0x00, 0x1F, 0x80, 0xFF, 0x01, 0xEE,
    0x03, 0x9C, 0x07, 0x38, 0x0E, 0x70, 0x1C, 0xE0, 0x39, 0xC0, 0x73, 0x80, 0xE7, 0x01, 0xCE, 0x03,
    0x8C, 0x07, 0x1C, 0x0E, 0x3C, 0x38, 0x3F, 0xE0, 0x3F, 0x80, 0x00, 0x00, 0x18, 0x00, 0x70, 0x00,
    0xE0, 0x00, 0x00, 0x30, 0x07, 0x00, 0x7E, 0x1F, 0xE1, 0xEE, 0x1C, 0xE1, 0xCE, 0x1C, 0xE1, 0xCE,
    0x1C, 0xE1, 0xCE, 0x1C, 0x73, 0xC7, 0xFC, 0x3E, 0xC0, 0x00, 0x0C, 0x00, 0xE0, 0x0E, 0x00, 0x0E,
    0x00, 0x1C, 0x00, 0x30, 0x00, 0x00, 0xE0, 0x1D, 0xC0, 0xE3, 0x83, 0x8E, 0x1C, 0x1C, 0xE0, 0x73,
    0x80, 0xFC, 0x01, 0xF0, 0x07, 0x80, 0x0C, 0x00, 0x30, 0x00, 0xC0, 0x03, 0x00, 0x0C, 0x00, 0x30,
    0x00, 0xC0, 0x1C, 0x00, 0xC0, 0x0E, 0x00, 0x00, 0xE0, 0x66, 0x0E, 0x70, 0xE7, 0x0C, 0x31, 0xC3,
    0x98, 0x1B, 0x81, 0xF8, 0x1F, 0x00, 0xF0, 0x0F, 0x00, 0xE0, 0x0E, 0x00, 0xC0, 0x7C, 0x07, 0x80,
    0xE0, 0x1D, 0xC0, 0xE3, 0x83, 0x8E, 0x1C, 0x1C, 0xE0, 0x73, 0x80, 0xFC, 0x01, 0xF0, 0x07, 0x80,
    0x0C, 0x00, 0x30, 0x00, 0xC0, 0x03, 0x00, 0x0C, 0x00, 0x30, 0x00, 0xC0, 0x00, 0x00, 0x0C, 0x00,
    0x78, 0x00, 0xC0, 0xE0, 0x66, 0x0E, 0x70, 0xE7, 0x0C, 0x31, 0xC3, 0x98, 0x1B, 0x81, 0xF8, 0x1F,
    0x00, 0xF0, 0x0F, 0x00, 0xE0, 0x0E, 0x00, 0xDC, 0x7D, 0xC7, 0x9C, 0x07, 0x00, 0x1E, 0x00, 0x18,
    0x00, 0xC0, 0x00, 0x03, 0x80, 0x77, 0x03, 0x8E, 0x0E, 0x38, 0x70, 0x73, 0x81, 0xCE, 0x03, 0xF0,
    0x07, 0xC0, 0x1E, 0x00, 0x30, 0x00, 0xC0, 0x03, 0x00, 0x0C, 0x00, 0x30, 0x00, 0xC0, 0x03, 0x00,
    0x0E, 0x00, 0xF0, 0x07, 0x00, 0x60, 0x00, 0x0E, 0x06, 0x60, 0xE7, 0x0E, 0x70, 0xC3, 0x1C, 0x39,
    0x81, 0xB8, 0x1F, 0x81, 0xF0, 0x0F, 0x00, 0xF0, 0x0E, 0x00, 0xE0, 0x0C, 0x07, 0xC0, 0x78, 0x00,
    0x00, 0x00, 0x3F, 0x00, 0xFC, 0x02, 0x20, 0x00, 0x03, 0x80, 0x77, 0x03, 0x8E, 0x0E, 0x38, 0x70,
    0x73, 0x81, 0xCE, 0x03, 0xF0, 0x07, 0xC0, 0x1E, 0x00, 0x30, 0x00, 0xC0, 0x03, 0x00, 0x0C, 0x00,
    0x30, 0x00, 0xC0, 0x03, 0x00, 0x00, 0x01, 0xF8, 0x1F, 0x81, 0x10, 0x00, 0x0E, 0x06, 0x60, 0xE7,
    0x0E, 0x70, 0xC3, 0x1C, 0x39, 0x81, 0xB8, 0x1F, 0x81, 0xF0, 0x0F, 0x00, 0xF0, 0x0E, 0x00, 0xE0,
    0x0C, 0x07, 0xC0, 0x78, 0x00, 0xFF, 0xFF, 0xFF, 0xFF, 0x49, 0xE3, 0x1E, 0x78, 0xC3, 0x0C, 0x30,
    0xC3, 0x0C, 0x30, 0xC3, 0x0C, 0x00, 0x47, 0xBF, 0xFB, 0x4C, 0x30, 0xC3, 0x0C, 0x30, 0xC3, 0x0C,
    0x30, 0xC0, 0x00, 0x00, 0x87, 0xBF, 0x7C, 0xB0, 0xC3, 0x0C, 0x30, 0xC3, 0x0C, 0x30, 0xC3, 0x0C,
    0x00, 0xFE, 0xFE, 0xFE, 0xFE, 0x7F, 0xFB, 0xFF, 0xC0, 0xFF, 0xFF, 0xFC, 0xFF, 0xFF, 0xFF, 0xFF,
    0xFF, 0xC0, 0xFF, 0xFF, 0xFF, 0xFF, 0xFF, 0xC0, 0xFF, 0xFF, 0xFF, 0xFF, 0xFF, 0xFF, 0xFF, 0xFF,
    0xFF, 0xFF, 0xFF, 0xFF, 0xFF, 0xFF, 0xFF, 0xFF, 0xFF, 0xFF, 0xFF, 0xF0, 0x7F, 0xEF, 0xFC, 0x00,
    0x3F, 0xF7, 0xFE, 0x37, 0x76, 0x6E, 0x77, 0x66, 0xEE, 0x66, 0xEE, 0xCC, 0x67, 0x77, 0x33, 0x37,
    0x77, 0x76, 0x66, 0x6E, 0xEE, 0x77, 0x76, 0x66, 0x6E, 0xEE, 0xEC, 0x6E, 0xDF, 0xBF, 0x6C, 0xD9,
    0x80, 0x6E, 0x76, 0x76, 0x77, 0x37, 0x33, 0x18, 0x0C, 0x06, 0x1F, 0xEF, 0xF0, 0xC0, 0x60, 0x30,
    0x18, 0x0C, 0x06, 0x03, 0x00, 0x18, 0x0C, 0x06, 0x1F, 0xEF, 0xF0, 0xC0, 0x60, 0x30, 0xFF, 0x7F,
    0x86, 0x03, 0x01, 0x80, 0xC0, 0x60, 0x30, 0x3C, 0x7E, 0xFE, 0xFE, 0xFE, 0x7E, 0x3C, 0x01, 0xC3,
    0xC7, 0xEF, 0xDE, 0x38, 0x00, 0x6F, 0x60, 0x61, 0xBC, 0xF6, 0x18, 0x61, 0x86, 0xF3, 0xCF, 0x61,
    0x86, 0x6F, 0x60, 0x7C, 0x0C, 0x00, 0xFC, 0x1C, 0x00, 0xCE, 0x38, 0x00, 0xCE, 0x30, 0x00, 0xCE,
    0x70, 0x00, 0xFC, 0x60, 0x00, 0x7C, 0xC0, 0x00, 0x01, 0xC0, 0x00, 0x01, 0x9E, 0x1C, 0x03, 0x3F,
    0x3E, 0x07, 0x3B, 0x77, 0x06, 0x33, 0x73, 0x0E, 0x33, 0x63, 0x1C, 0x33, 0x77, 0x18, 0x3F, 0x3E,
    0x38, 0x1E, 0x3E, 0x7C, 0x0C, 0x00, 0x01, 0xF8, 0x38, 0x00, 0x03, 0x38, 0xE0, 0x00, 0x06, 0x71,
    0x80, 0x00, 0x0C, 0xE7, 0x00, 0x00, 0x1F, 0x8C, 0x00, 0x00, 0x1F, 0x30, 0x00, 0x00, 0x00, 0xE0,
    0x00, 0x00, 0x01, 0x9E, 0x1C, 0x3C, 0x06, 0x7E, 0x7C, 0xFC, 0x1C, 0xED, 0xDD, 0xB8, 0x31, 0x9B,
    0x9B, 0x30, 0xE3, 0x36, 0x36, 0x63, 0x86, 0x6E, 0xEC, 0xC6, 0x0F, 0xCF, 0x9F, 0x9C, 0x0F, 0x1F,
    0x1E, 0xFF, 0x6D, 0x80, 0xE6, 0xE6, 0xC6, 0xCE, 0xCE, 0xCC, 0xE6, 0x7E, 0x67, 0xC6, 0x7C, 0xE6,
    0xCE, 0x6C, 0xC6, 0xDF, 0xF6, 0xC0, 0xCE, 0xE6, 0xE6, 0xE6, 0x66, 0x67, 0xCE, 0x7E, 0x67, 0xE6,
    0x7E, 0x63, 0x66, 0x36, 0x73, 0x1C, 0x0F, 0x0F, 0x8E, 0xE6, 0x38, 0x1C, 0x70, 0xE3, 0x8E, 0x1C,
    0x1C, 0x1C, 0x38, 0x38, 0x70, 0x70, 0xE0, 0xE0, 0xE1, 0xC7, 0x1C, 0x38, 0xE0, 0x00, 0x02, 0xE0,
    0x7E, 0xC7, 0x9C, 0x3F, 0x8F, 0xF6, 0xEF, 0x71, 0xF8, 0x3B, 0xC7, 0x1C, 0x7E, 0xC0, 0xE0, 0x61,
    0x98, 0x66, 0x19, 0x86, 0x61, 0x98, 0x66, 0x19, 0x86, 0x61, 0x98, 0x66, 0x18, 0x00, 0x00, 0x18,
    0x6F, 0x3D, 0x86, 0x3F, 0x1F, 0xE7, 0x1D, 0x87, 0x0D, 0xC3, 0x70, 0xF8, 0x3C, 0x0E, 0x03, 0x00,
    0xC0, 0x00, 0x00, 0x03, 0x01, 0xE0, 0x70, 0x7F, 0xFF, 0xFC, 0x40, 0x01, 0x3C, 0x07, 0x8F, 0xFF,
    0xC3, 0xFF, 0x80, 0x03, 0xF0, 0x0F, 0xFE, 0x1F, 0xFF, 0xCE, 0x00, 0xE0, 0x00, 0x00, 0x01, 0x81,
    0x81, 0xC0, 0xC0, 0xE0, 0x60, 0x70, 0x78, 0x36, 0x3B, 0x98, 0xC0, 0x00, 0x0A, 0x80, 0x7C, 0x07,
    0xF0, 0x1F, 0x00, 0xF8, 0x01, 0x41, 0xF3, 0xCF, 0xBE, 0xFF, 0xFB, 0xC7, 0x9F, 0x7C, 0xE1, 0xE0,
    0xFF, 0xF0, 0x00, 0x18, 0x00, 0xE0, 0x07, 0x00, 0x18, 0x00, 0xE0, 0x07, 0x00, 0x18, 0x00, 0xE0,
    0x07, 0x00, 0x18, 0x00, 0xE0, 0x07, 0x00, 0x18, 0x00, 0xE0, 0x07, 0x00, 0x18, 0x00, 0xFF, 0xF1,
    0x8C, 0x63, 0x18, 0xC7, 0xFF, 0x8C, 0x63, 0x18, 0xC6, 0x3F, 0xF0, 0xFF, 0xCE, 0x73, 0x9C, 0xE7,
    0x3F, 0xFE, 0x73, 0x9C, 0xE7, 0x39, 0xFF, 0xF0, 0x3F, 0x07, 0xE3, 0xFC, 0x7F, 0x9C, 0x77, 0x9C,
    0xC3, 0xB8, 0x74, 0x1C, 0x83, 0x80, 0xE0, 0x18, 0x0E, 0x03, 0xC0, 0xF0, 0x3C, 0x0E, 0x01, 0xC0,
    0x60, 0x1C, 0x03, 0x00, 0xE0, 0x00, 0x00, 0x00, 0x00, 0x00, 0x06, 0x01, 0xC0, 0x78, 0x0E, 0x03,
    0x80, 0x70, 0x3F, 0x0E, 0xFF, 0x1D, 0xC7, 0x3B, 0x0E, 0x74, 0x1C, 0xE0, 0x39, 0xC0, 0xE3, 0x83,
    0xC7, 0x0E, 0x0E, 0x18, 0x1C, 0x30, 0x38, 0x00, 0x00, 0x00, 0x01, 0x81, 0xC7, 0x83, 0x8E, 0x07,
    0x61, 0xF8, 0xC7, 0xF9, 0x8E, 0x3B, 0x18, 0x76, 0x20, 0xEC, 0x01, 0xD8, 0x07, 0x30, 0x1E, 0x60,
    0x70, 0xC0, 0xC1, 0x81, 0x80, 0x00, 0x00, 0x00, 0x0C, 0x1C, 0x3C, 0x3C, 0x30, 0x70, 0xFF, 0xFE,
    0x06, 0x06, 0x06, 0x06, 0x06, 0x06, 0x0E, 0x0E, 0x0E, 0x0E, 0x0C, 0x0C, 0x0C, 0x0C, 0xFF, 0x9F,
    0xFB, 0xBF, 0x77, 0xFE, 0xFF, 0xDF, 0xFB, 0xFF, 0x7E, 0xEF, 0xDD, 0xF3, 0x80, 0x70, 0x0E, 0x01,
    0xC0, 0x38, 0x07, 0x00, 0x3F, 0xDF, 0xFF, 0xDF, 0xF7, 0xFD, 0xFF, 0x7F, 0xDD, 0xFF, 0x3F, 0xC0,
    0xFF, 0x3F, 0xEE, 0xFF, 0xBF, 0xEF, 0xFB, 0xFE, 0xFF, 0xFE, 0xFF, 0x00, 0x18, 0x0C, 0xBE, 0xDF,
    0xE3, 0xC3, 0xFB, 0xFC, 0x32, 0x18, 0x00, 0x6F, 0x60, 0x00, 0x00, 0x07, 0x77, 0x33, 0x30, 0x07,
    0xF0, 0x1F, 0xFE, 0x1F, 0xFF, 0xCE, 0x00, 0xE0, 0x00, 0x00, 0x00, 0x00, 0x00, 0x00, 0x00, 0x00,
    0x00, 0x00, 0x00, 0x00, 0x00, 0x00, 0x00, 0x00, 0x00, 0x00, 0x00, 0x00, 0x00, 0x00, 0x00, 0x00,
    0x00, 0x00, 0x00, 0x00, 0x00, 0x10, 0x00, 0xCF, 0x01, 0xE7, 0xFF, 0xE0, 0xFF, 0xE0, 0x18, 0x0C,
    0xBE, 0xDF, 0xE3, 0xC3, 0xFB, 0xEE, 0xB2, 0x18, 0x00, 0x06, 0x03, 0x2F, 0xB7, 0xF8, 0xF0, 0xFE,
    0xFB, 0xAC, 0x86, 0x00, 0x00, 0x38, 0x00, 0xCE, 0x07, 0x3C, 0x38, 0xE0, 0xC0, 0x07, 0x00, 0x38,
    0x00, 0xC0, 0x07, 0x00, 0x38, 0x00, 0xC0, 0x07, 0x0E, 0x38, 0x38, 0xC0, 0xE7, 0x00, 0x18, 0x00,
    0x7C, 0x07, 0xF8, 0xBB, 0xFE, 0x03, 0xE0, 0x0F, 0xF8, 0x1F, 0xFF, 0x1F, 0x0F, 0xCC, 0x00, 0x60,
    0x0C, 0x1F, 0xC3, 0xF3, 0xFE, 0xFF, 0x8F, 0x87, 0xF1, 0xBC, 0x0C, 0x00, 0xE6, 0x73, 0xF3, 0x39,
    0xB1, 0x9C, 0xD9, 0xCC, 0x6C, 0xE6, 0x36, 0x63, 0x38, 0x3E, 0x3F, 0x9C, 0xEC, 0x76, 0x3B, 0x1D,
    0xCE, 0xFE, 0x3E, 0x00, 0xD8, 0x6D, 0xB6, 0xD8, 0x1E, 0x1E, 0x3E, 0x7E, 0x6E, 0xFE, 0xFF, 0xFF,
    0x0E, 0x7E, 0xFE, 0xE0, 0xFE, 0xFE, 0x07, 0xC6, 0xFE, 0x7C, 0x3E, 0x3F, 0x98, 0xCF, 0xE7, 0xF3,
    0x1D, 0x8E, 0xFE, 0x3E, 0x00, 0xFF, 0x7F, 0x06, 0x0E, 0x0C, 0x1C, 0x18, 0x38, 0x70, 0x3E, 0x3F,
    0x98, 0xCE, 0xE3, 0xE3, 0xF9, 0x8E, 0xFF, 0x3F, 0x00, 0x3E, 0x3F, 0x98, 0xCC, 0x77, 0x79, 0xFD,
    0x8C, 0xFE, 0x3E, 0x00, 0x38, 0x73, 0xFF, 0xF3, 0x87, 0x00, 0x01, 0xFF, 0xF8, 0x01, 0xFD, 0xF0,
    0x0F, 0xEF, 0x80, 0x37, 0x6E, 0xEE, 0xEE, 0x67, 0x30, 0x63, 0x9C, 0x63, 0x18, 0xC6, 0x73, 0x98,
    0xFD, 0xFF, 0x1E, 0x3C, 0x78, 0xF1, 0x80, 0x3E, 0x3F, 0x9C, 0xEC, 0x76, 0x3B, 0x1D, 0xCE, 0xFE,
    0x3E, 0x00, 0x77, 0xBC, 0x63, 0x18, 0xC6, 0x30, 0x7C, 0xFE, 0xC6, 0x0E, 0x1E, 0x3C, 0x78, 0xFE,
    0xFE, 0x7C, 0xFE, 0xC6, 0x0E, 0x3C, 0x1E, 0xC7, 0xFE, 0x7E, 0x1E, 0x1E, 0x3E, 0x7E, 0x6E, 0xFE,
    0xFF, 0xFF, 0x0E, 0x7E, 0xFE, 0xE0, 0xFE, 0xFE, 0x07, 0xC6, 0xFE, 0x7C, 0x3E, 0x3F, 0x98, 0xCF,
    0xE7, 0xF3, 0x1D, 0x8E, 0xFE, 0x3E, 0x00, 0xFF, 0x7F, 0x06, 0x0E, 0x0C, 0x1C, 0x18, 0x38, 0x70,
    0x3E, 0x3F, 0x98, 0xCE, 0xE3, 0xE3, 0xF9, 0x8E, 0xFF, 0x3F, 0x00, 0x3E, 0x3F, 0x98, 0xCC, 0x77,
    0x79, 0xFD, 0x8C, 0xFE, 0x3E, 0x00, 0x38, 0x73, 0xFF, 0xF3, 0x87, 0x00, 0x01, 0xFF, 0xF8, 0x01,
    0xFD, 0xF0, 0x0F, 0xEF, 0x80, 0x37, 0x6E, 0xEE, 0xEE, 0x67, 0x30, 0x63, 0x9C, 0x63, 0x18, 0xC6,
    0x73, 0x98, 0x3E, 0x7E, 0x0F, 0x7F, 0xE7, 0xFF, 0x7F, 0x3E, 0x7F, 0x63, 0x7F, 0x7F, 0x7F, 0x3E,
    0x3E, 0x3F, 0x98, 0xCC, 0x66, 0x33, 0xF8, 0xF8, 0x67, 0x7E, 0x3C, 0x3C, 0x3E, 0x7E, 0xE7, 0x00,
    0x7C, 0xFE, 0x07, 0xFF, 0xFF, 0xEE, 0x7E, 0x10, 0xC1, 0x83, 0xF7, 0xFC, 0x78, 0xF1, 0xE3, 0xC6,
    0xC1, 0x83, 0x3E, 0xEF, 0x9F, 0x3E, 0x6E, 0xCE, 0xFF, 0xFF, 0xC0, 0xFF, 0xDF, 0xFF, 0x39, 0xE7,
    0x3C, 0xE7, 0x9C, 0xF3, 0x98, 0xFD, 0xFF, 0x1E, 0x3C, 0x78, 0xF1, 0x80, 0xFC, 0xFE, 0xC6, 0xC7,
    0xC6, 0xFE, 0xFC, 0xC0, 0xC0, 0x7E, 0x7E, 0x78, 0x7E, 0x2F, 0x7E, 0x7E, 0x67, 0xFE, 0xC6, 0x31,
    0xEF, 0x1E, 0x01, 0xFC, 0x1F, 0xE0, 0xC3, 0x8E, 0x1C, 0x70, 0x03, 0x9F, 0xFC, 0xFF, 0xE6, 0x03,
    0xB0, 0x1F, 0xFC, 0x7F, 0xE0, 0x60, 0x03, 0x00, 0x18, 0x00, 0xFF, 0x07, 0xF8, 0x01, 0xB0, 0x06,
    0xC0, 0xFE, 0x0F, 0xFC, 0x7B, 0x71, 0xCD, 0xEE, 0x2D, 0xB9, 0xB0, 0xE6, 0x83, 0x9E, 0x0E, 0xD8,
    0x3B, 0x60, 0xED, 0x1B, 0xEC, 0x67, 0xB3, 0x9F, 0x9C, 0x3F, 0xF0, 0xFF, 0x03, 0x40, 0x0F, 0x00,
    0x0F, 0xC0, 0xFF, 0xC7, 0x87, 0x1C, 0x0E, 0xE0, 0x1B, 0x80, 0x0E, 0x00, 0x39, 0xFC, 0xE7, 0xF3,
    0x9E, 0x0E, 0x70, 0x39, 0xC6, 0x77, 0x39, 0xFD, 0xC3, 0xFF, 0x03, 0xF0, 0x1F, 0xF8, 0xFF, 0xC6,
    0x00, 0x30, 0x01, 0x80, 0x0C, 0x00, 0x60, 0x03, 0xFE, 0x1F, 0xF0, 0xC0, 0x06, 0x00, 0x30, 0x0F,
    0xF0, 0x3F, 0x00, 0x60, 0x03, 0x00, 0x1F, 0x87, 0xF8, 0xE7, 0xB8, 0x77, 0x00, 0xE0, 0x3F, 0xE7,
    0xFC, 0x70, 0x1F, 0xF3, 0xFE, 0x38, 0x07, 0x06, 0xE1, 0xFF, 0xFF, 0xFE, 0x00, 0x60, 0x00, 0xE0,
    0xFF, 0xFC, 0xFF, 0xFE, 0xF3, 0xCE, 0xE1, 0x87, 0xE3, 0x87, 0xE3, 0x87, 0xE3, 0x87, 0xE7, 0x87,
    0xE7, 0x87, 0xEF, 0x87, 0xEF, 0x87, 0xED, 0x87, 0x1C, 0x00, 0x18, 0x00, 0x38, 0x0C, 0x3C, 0x0C,
    0x3C, 0x0C, 0x3E, 0x0C, 0x3E, 0x0C, 0x37, 0x0C, 0xFF, 0xFF, 0xFF, 0xFF, 0x31, 0xCC, 0xFF, 0xFF,
    0xFF, 0xFF, 0x30, 0x6C, 0x30, 0x7C, 0x30, 0x3C, 0x30, 0x3C, 0x30, 0x1C, 0xFF, 0x80, 0x1F, 0xF8,
    0x63, 0x83, 0x8C, 0x70, 0x31, 0x8E, 0x07, 0xFF, 0xC0, 0xFF, 0xF8, 0x18, 0xC7, 0x07, 0x18, 0xFF,
    0xC3, 0x1F, 0xF0, 0x63, 0x80, 0x0C, 0x70, 0x01, 0x8E, 0x00, 0x31, 0xC0, 0x07, 0x38, 0x00, 0xFF,
    0x00, 0x0F, 0xFF, 0x80, 0x03, 0xFF, 0x00, 0x0E, 0x0E, 0x00, 0x38, 0x18, 0x00, 0xE0, 0x73, 0xF3,
    0x81, 0x9F, 0xEE, 0x0E, 0x73, 0xB8, 0x7B, 0x84, 0xFF, 0xC7, 0x03, 0xFE, 0x1F, 0xCE, 0x38, 0x1F,
    0xB8, 0x70, 0x0E, 0xE1, 0xC6, 0x1F, 0x83, 0xB8, 0xEE, 0x0E, 0x7F, 0xB8, 0x1C, 0xFC, 0xE0, 0xF0,
    0x7E, 0x0F, 0x06, 0x60, 0xF0, 0xE7, 0x0F, 0x0E, 0x71, 0xF8, 0xEF, 0xFF, 0xFF, 0xFF, 0xFF, 0xF3,
    0x99, 0x9C, 0x3B, 0x99, 0xCF, 0xFF, 0xFF, 0xFF, 0xFF, 0xF1, 0xF0, 0xF8, 0x1F, 0x0F, 0x80, 0xF0,
    0xF0, 0x0E, 0x07, 0x00, 0xE0, 0x70, 0xFF, 0x8F, 0xFF, 0x9F, 0x83, 0xBF, 0x07, 0x7E, 0xEE, 0xFD,
    0xDD, 0xFB, 0xBB, 0xF7, 0x77, 0xEE, 0x4F, 0xDC, 0x1B, 0xBF, 0xF7, 0x7F, 0xC0, 0x00, 0xE0, 0x0E,
    0x07, 0xF0, 0x7E, 0x3E, 0xE7, 0xFE, 0xF1, 0xEE, 0x1E, 0xC0, 0xEC, 0x0E, 0xC0, 0xEC, 0x0E, 0xE1,
    0xEF, 0x1E, 0x7F, 0xE3, 0xEE, 0x00, 0x00, 0x00, 0xFF, 0xCF, 0xFC, 0x07, 0xF0, 0x7F, 0xC7, 0x8E,
    0x38, 0x03, 0x80, 0x3F, 0xF3, 0xFF, 0x87, 0x00, 0x7F, 0xC7, 0xFC, 0x0E, 0x00, 0x30, 0x01, 0xC0,
    0x07, 0x1C, 0x3F, 0xE0, 0x7E, 0x38, 0x1C, 0x70, 0x70, 0xE1, 0xE1, 0xC7, 0x83, 0x8E, 0x07, 0x38,
    0x0E, 0xE0, 0x7F, 0xFF, 0xFF, 0xFE, 0x7F, 0x80, 0xF7, 0x01, 0xC7, 0x03, 0x87, 0x07, 0x07, 0x0E,
    0x0F, 0x1C, 0x0E, 0xFF, 0xFF, 0xFF, 0x0E, 0x00, 0xE0, 0x0E, 0xC0, 0xFC, 0x1F, 0x83, 0xE0, 0x3F,
    0xC0, 0xF8, 0x3E, 0x03, 0xE0, 0x0E, 0x00, 0xE0, 0x0E, 0x00, 0xE0, 0x0E, 0x00, 0x00, 0x01, 0xC0,
    0x00, 0x00, 0xFF, 0xC0, 0x00, 0x3F, 0xFC, 0x00, 0x03, 0xE3, 0xC0, 0x00, 0x1C, 0x1C, 0x00, 0x03,
    0x83, 0x87, 0xE0, 0x70, 0x31, 0xFE, 0x0E, 0x06, 0x71, 0xE1, 0xC0, 0xCE, 0x1C, 0x38, 0x19, 0x81,
    0x87, 0x03, 0x70, 0x37, 0xE0, 0x6E, 0x07, 0xFC, 0x1D, 0xC1, 0xF3, 0x83, 0xBC, 0x3E, 0x78, 0xE7,
    0x8E, 0xFF, 0xFC, 0xFF, 0xCF, 0x3F, 0x1D, 0xF0, 0x00, 0x03, 0x80, 0x00, 0x00, 0x70, 0x00, 0x00,
    0x0E, 0x00, 0x00, 0x01, 0xC0, 0x00, 0x3F, 0xC0, 0xFF, 0x83, 0x87, 0x3F, 0xFF, 0xFF, 0xFC, 0xE0,
    0xC3, 0x83, 0x3F, 0xFF, 0xFF, 0xFC, 0xE3, 0xC3, 0xFE, 0x0F, 0xF0, 0x38, 0x00, 0xE0, 0x03, 0x80,
    0x0E, 0x00, 0x03, 0x00, 0x0C, 0x00, 0x30, 0x07, 0xF8, 0x3F, 0xF1, 0xED, 0xE7, 0x33, 0xB8, 0xC6,
    0xE3, 0x03, 0x8C, 0x0E, 0x30, 0x38, 0xFF, 0xE3, 0xFF, 0x8C, 0x7E, 0x31, 0x9C, 0xCE, 0x7B, 0x78,
    0xFF, 0xC0, 0xFE, 0x00, 0xC0, 0x03, 0x00, 0x07, 0x80, 0x1E, 0x00, 0x7C, 0x03, 0xF0, 0x0E, 0xC0,
    0x33, 0x87, 0xFF, 0xDF, 0xFF, 0x18, 0x70, 0xE1, 0xC7, 0xFF, 0xDF, 0xFF, 0x70, 0x39, 0xC0, 0x66,
    0x01, 0xF8, 0x07, 0x3F, 0x87, 0xFC, 0x71, 0xC7, 0x0C, 0x01, 0xCF, 0xFE, 0xFF, 0xE0, 0x00, 0xFF,
    0xEF, 0xFE, 0x70, 0x06, 0x00, 0x60, 0xE7, 0x1C, 0x7F, 0xC3, 0xF8, 0x03, 0x00, 0x0C, 0x00, 0x30,
    0x03, 0xF0, 0x3F, 0xF1, 0xED, 0xC7, 0x33, 0xB8, 0xC6, 0xE3, 0x03, 0x8C, 0x0E, 0x30, 0x38, 0xC0,
    0xE3, 0x03, 0x8C, 0x0E, 0x31, 0x9C, 0xCE, 0x7B, 0x70, 0xFF, 0xC0, 0xFC, 0x00, 0xC0, 0x03, 0x00,
    0xFF, 0xFF, 0xFF, 0x00, 0x0F, 0xFF, 0xFF, 0xF0, 0xE0, 0x0E, 0x00, 0xE0, 0x0E, 0x00, 0xE0, 0x0E,
    0x00, 0xE0, 0x0E, 0x00, 0xE0, 0x0E, 0x00, 0xE0, 0x7F, 0xFF, 0xFC, 0x1E, 0x01, 0xC7, 0xFF, 0xFF,
    0xC1, 0xE7, 0xF8, 0xFE, 0x0E, 0x00, 0xE0, 0x0E, 0x00, 0xE0, 0x1E, 0x01, 0xE0, 0x30, 0x06, 0x60,
    0xFC, 0x1F, 0x0F, 0x81, 0xFE, 0x2F, 0xC3, 0xE0, 0xF8, 0x1E, 0x18, 0xC3, 0x18, 0xE3, 0x1C, 0x67,
    0x0F, 0xE1, 0xF0, 0x07, 0x00, 0x38, 0x01, 0xC0, 0x3F, 0x83, 0xFE, 0x3F, 0xB9, 0xDC, 0xDC, 0xE7,
    0xE7, 0x3F, 0x39, 0xF9, 0xCF, 0xCE, 0x70, 0x1F, 0xF0, 0x7F, 0xE1, 0x83, 0x86, 0x07, 0x18, 0x1C,
    0x60, 0x71, 0x81, 0xC6, 0x1E, 0xFF, 0xFB, 0xFF, 0x81, 0x80, 0x3F, 0xE0, 0xFF, 0x80, 0x60, 0x01,
    0x80, 0x06, 0x00, 0x0D, 0x80, 0x6C, 0x07, 0xF0, 0x7F, 0xC7, 0xDF, 0x3E, 0xFB, 0xB6, 0xFD, 0xB7,
    0xED, 0xBF, 0x00, 0x38, 0x00, 0xC0, 0x07, 0x00, 0x1C, 0x03, 0xFF, 0xFF, 0xFF, 0x1B, 0x01, 0xB0,
    0xFF, 0x8F, 0xFC, 0xE0, 0xEE, 0x0E, 0xE0, 0x6E, 0x0E, 0xE1, 0xCF, 0xF8, 0xFF, 0xEE, 0x0E, 0xE0,
    0x7E, 0x07, 0xE0, 0x7E, 0x0E, 0xFF, 0xEF, 0xFC, 0x1B, 0x01, 0xB0, 0x3E, 0x3F, 0xBD, 0xDC, 0x0C,
    0x06, 0x03, 0x81, 0xEE, 0x7F, 0x1F, 0x00, 0x1F, 0xFF, 0xF8, 0x02, 0x00, 0x07, 0x00, 0x0E, 0x00,
    0x1C, 0x00, 0x38, 0x00, 0x70, 0x00, 0xFF, 0xFF, 0xFF, 0xFF, 0x70, 0x00, 0x38, 0x00, 0x1C, 0x00,
    0x0E, 0x00, 0x07, 0x00, 0x03, 0x00, 0x00, 0x00, 0x0C, 0x00, 0x78, 0x03, 0xF0, 0x1F, 0xE0, 0xFF,
    0xC7, 0x77, 0x39, 0xCE, 0xC7, 0x18, 0x1C, 0x00, 0x70, 0x01, 0xC0, 0x07, 0x00, 0x1C, 0x00, 0x70,
    0x01, 0xC0, 0x07, 0x00, 0x00, 0xC0, 0x00, 0xE0, 0x00, 0xF0, 0x00, 0x78, 0x00, 0x3C, 0x00, 0x0E,
    0xFF, 0xFF, 0xFF, 0xFF, 0x00, 0x0E, 0x00, 0x1C, 0x00, 0x38, 0x00, 0x70, 0x00, 0xE0, 0x00, 0xC0,
    0x07, 0x00, 0x1C, 0x00, 0x70, 0x01, 0xC0, 0x07, 0x00, 0x1C, 0x00, 0x70, 0x01, 0xC0, 0xC7, 0x1B,
    0x9C, 0xE7, 0x77, 0x8F, 0xFC, 0x1F, 0xE0, 0x3F, 0x00, 0x78, 0x00, 0xC0, 0x00, 0x00, 0x02, 0x00,
    0x40, 0x07, 0x00, 0xE0, 0x0E, 0x00, 0x70, 0x1C, 0x00, 0x38, 0x38, 0x00, 0x1C, 0x70, 0x00, 0x0E,
    0xFF, 0xFF, 0xFF, 0xFF, 0xFF, 0xFF, 0x70, 0x00, 0x0E, 0x38, 0x00, 0x1C, 0x1C, 0x00, 0x38, 0x0E,
    0x00, 0x70, 0x07, 0x00, 0xE0, 0x03, 0x00, 0xC0, 0x00, 0x00, 0x00, 0x02, 0x00, 0x1C, 0x00, 0xF8,
    0x07, 0xF0, 0x3F, 0xE1, 0xDD, 0xCE, 0x73, 0xB1, 0xC6, 0x07, 0x00, 0x1C, 0x00, 0x70, 0x01, 0xC0,
    0x07, 0x00, 0x1C, 0x00, 0x70, 0x01, 0xC0, 0x47, 0x0B, 0x9C, 0x6F, 0x73, 0x9F, 0xDC, 0x3F, 0xE0,
    0x7F, 0x00, 0xF8, 0x01, 0xC0, 0x00, 0x00, 0xFF, 0xCF, 0xFC, 0xF0, 0x0F, 0x80, 0xFC, 0x0E, 0xE0,
    0xE7, 0x8E, 0x3C, 0xE1, 0xEC, 0x0F, 0x00, 0x70, 0x02, 0x3F, 0xF3, 0xFF, 0x00, 0xF0, 0x1F, 0x03,
    0xB0, 0x73, 0x0E, 0x31, 0xC3, 0x38, 0x37, 0x03, 0xE0, 0x04, 0x00, 0x40, 0x0E, 0x00, 0x70, 0x33,
    0x83, 0x1C, 0x30, 0xE3, 0x07, 0x30, 0x3B, 0x01, 0xF0, 0x0F, 0x3F, 0xF3, 0xFF, 0x00, 0x20, 0x07,
    0xC0, 0xFE, 0x1E, 0xE3, 0xCE, 0x78, 0xEF, 0x0F, 0xE0, 0xFC, 0x0F, 0x80, 0xFF, 0xCF, 0xFC, 0x00,
    0x03, 0xC0, 0x00, 0x3E, 0x02, 0x00, 0xF0, 0x70, 0x07, 0x0F, 0x00, 0x31, 0xE0, 0x03, 0x38, 0x00,
    0x77, 0x00, 0x0F, 0xFF, 0xFF, 0xEF, 0xFF, 0xFC, 0x70, 0x00, 0x03, 0x80, 0x00, 0x1C, 0x00, 0x00,
    0xE0, 0x00, 0x07, 0x00, 0x00, 0x20, 0x00, 0x1E, 0x00, 0x01, 0xF0, 0x00, 0x1E, 0x00, 0x80, 0xC0,
    0x0E, 0x06, 0x00, 0x78, 0x30, 0x01, 0xE1, 0x80, 0x07, 0x8F, 0x00, 0x0E, 0x3F, 0xFF, 0xF8, 0xFF,
    0xFF, 0xC0, 0x00, 0x1C, 0x00, 0x01, 0xC0, 0x00, 0x1C, 0x00, 0x01, 0xC0, 0x00, 0x1C, 0x00, 0x00,
    0xC0, 0x00, 0x00, 0x0C, 0x00, 0x0E, 0x00, 0x0F, 0x00, 0x0F, 0xFF, 0xFF, 0xFF, 0xFD, 0xE0, 0x0E,
    0x70, 0x07, 0x18, 0x03, 0x84, 0x01, 0xC0, 0x00, 0xE0, 0x00, 0x70, 0x00, 0x38, 0x00, 0x1C, 0x00,
    0x0E, 0x00, 0x07, 0x00, 0x01, 0x80, 0x00, 0x00, 0x00, 0x04, 0x00, 0x03, 0x00, 0x01, 0xCF, 0xFF,
    0xF7, 0xFF, 0xFF, 0x00, 0x3D, 0x80, 0x1C, 0xC0, 0x0C, 0x60, 0x04, 0x30, 0x00, 0x18, 0x00, 0x0C,
    0x00, 0x06, 0x00, 0x03, 0x00, 0x01, 0x80, 0x00, 0xC0, 0x00, 0x00, 0xC0, 0x00, 0x60, 0x00, 0x30,
    0x00, 0x18, 0x00, 0x0C, 0x00, 0x06, 0x00, 0x43, 0x00, 0x31, 0x80, 0x1C, 0xFF, 0xFF, 0x7F, 0xFF,
    0xC0, 0x03, 0xC0, 0x01, 0xC0, 0x00, 0xC0, 0x00, 0x40, 0xFF, 0xC3, 0xFF, 0x00, 0x0C, 0x00, 0x30,
    0x00, 0xC0, 0x03, 0x00, 0x0C, 0x00, 0x30, 0x00, 0xC0, 0x03, 0x00, 0x0C, 0x03, 0xFE, 0x07, 0xF8,
    0x0F, 0xC0, 0x1E, 0x00, 0x30, 0x00, 0x01, 0x80, 0x01, 0xC0, 0x00, 0xE0, 0x00, 0x70, 0x00, 0x38,
    0xC0, 0x1C, 0xE0, 0x0E, 0xF0, 0x07, 0xFF, 0xFF, 0xFF, 0xFF, 0xDE, 0x00, 0x07, 0x00, 0x01, 0x80,
    0x00, 0x40, 0x00, 0x00, 0x00, 0x01, 0x80, 0x03, 0x80, 0x07, 0x80, 0x0F, 0xF0, 0x0F, 0xF8, 0x07,
    0xBC, 0x03, 0x8E, 0x01, 0x86, 0x00, 0x07, 0x00, 0x07, 0xC0, 0x07, 0xE0, 0x07, 0xE0, 0x07, 0x60,
    0x0E, 0x70, 0x0E, 0x3C, 0x3C, 0x1F, 0xF8, 0x0F, 0xE0, 0x00, 0x00, 0x01, 0x80, 0x01, 0xC0, 0x01,
    0xE0, 0x0F, 0xF0, 0x1F, 0xF0, 0x3D, 0xE0, 0x71, 0xC0, 0x61, 0x80, 0xE0, 0x00, 0xE0, 0x00, 0xC0,
    0x03, 0xE0, 0x07, 0xE0, 0x07, 0x60, 0x0E, 0x70, 0x0E, 0x3C, 0x3C, 0x1F, 0xF8, 0x0F, 0xE0, 0x00,
    0x00, 0x03, 0x00, 0x07, 0x00, 0x0E, 0x00, 0x1C, 0x00, 0x3F, 0xFF, 0x7F, 0xFF, 0xE0, 0x00, 0x7F,
    0xFF, 0x3F, 0xFF, 0x1C, 0x00, 0x0E, 0x00, 0x07, 0x00, 0x03, 0x00, 0x00, 0x00, 0x00, 0xC0, 0x00,
    0xE0, 0x00, 0x70, 0x00, 0x38, 0xFF, 0xFC, 0xFF, 0xFE, 0x00, 0x0F, 0x00, 0x07, 0xFF, 0xFE, 0xFF,
    0xFC, 0x00, 0x38, 0x00, 0x70, 0x00, 0xE0, 0x00, 0xC0, 0x00, 0x00, 0x03, 0x00, 0xC0, 0x07, 0x00,
    0xE0, 0x0E, 0x00, 0x70, 0x1C, 0x00, 0x38, 0x3F, 0xFF, 0xFC, 0x7F, 0xFF, 0xFE, 0xE0, 0x00, 0x07,
    0xE0, 0x00, 0x07, 0x7F, 0xFF, 0xFE, 0x3F, 0xFF, 0xFC, 0x1C, 0x00, 0x38, 0x0E, 0x00, 0x70, 0x07,
    0x00, 0xE0, 0x03, 0x00, 0xC0, 0x00, 0x00, 0x00, 0x0C, 0x07, 0x83, 0xF1, 0xFE, 0x7F, 0xC3, 0x80,
    0xE0, 0xFE, 0x3F, 0x83, 0x83, 0xF8, 0xFE, 0x0E, 0x03, 0x80, 0xE0, 0x30, 0x0C, 0x03, 0x80, 0xE0,
    0x38, 0x3F, 0x8F, 0xE0, 0xE0, 0xFE, 0x3F, 0x83, 0x80, 0xE0, 0x38, 0x7F, 0xCF, 0xE1, 0xF0, 0x38,
    0x04, 0x00, 0x60, 0x00, 0x0C, 0x30, 0x01, 0x8E, 0x00, 0x33, 0xC0, 0x06, 0xFF, 0xFE, 0xDF, 0xFF,
    0xD9, 0xE0, 0x03, 0x1C, 0x00, 0x61, 0x80, 0x0C, 0x10, 0x00, 0x00, 0x00, 0xC0, 0x06, 0x1C, 0x00,
    0xE3, 0x80, 0x1E, 0x77, 0xFF, 0xEE, 0xFF, 0xFD, 0xC0, 0x0F, 0x38, 0x01, 0xC7, 0x00, 0x30, 0xE0,
    0x00, 0x18, 0x00, 0x40, 0x00, 0x1C, 0x00, 0x07, 0xC0, 0x01, 0xDC, 0x00, 0x71, 0xC0, 0x1C, 0x1C,
    0x07, 0x01, 0xC1, 0xC0, 0x1C, 0x7E, 0x0F, 0xCF, 0xC1, 0xF8, 0x18, 0x30, 0x03, 0x06, 0x00, 0x60,
    0xC0, 0x0C, 0x18, 0x01, 0x83, 0x00, 0x30, 0x60, 0x07, 0xFC, 0x00, 0x7F, 0x80, 0x00, 0x40, 0x00,
    0x1C, 0x00, 0x07, 0xC0, 0x01, 0xDC, 0x00, 0x71, 0xC0, 0x1C, 0x1C, 0x07, 0x01, 0xC1, 0xC0, 0x1C,
    0x7E, 0x0F, 0xCF, 0xC1, 0xF8, 0x18, 0x30, 0x03, 0x06, 0x00, 0x60, 0xC0, 0x0F, 0xF8, 0x00, 0xFF,
    0x00, 0x00, 0x00, 0x07, 0xFC, 0x00, 0xFF, 0x80, 0x18, 0x30, 0x03, 0xFE, 0x00, 0x3F, 0xC0, 0x3F,
    0x0F, 0xF0, 0xDF, 0x00, 0xE0, 0x0C, 0x3F, 0xCF, 0xFB, 0xDF, 0x70, 0xFC, 0x1F, 0x83, 0xF0, 0x77,
    0x0C, 0xE3, 0x8F, 0xE0, 0xF8, 0x00, 0x00, 0x3F, 0x61, 0xFF, 0x8F, 0x3C, 0x38, 0xF9, 0xC7, 0xE7,
    0x39, 0x9D, 0xC6, 0x7E, 0x39, 0xF0, 0xE3, 0xCF, 0x1F, 0xFC, 0x6F, 0xC0, 0x00, 0x00, 0x03, 0x80,
    0x1E, 0x00, 0x78, 0x03, 0xF0, 0x0F, 0xC0, 0x33, 0x01, 0xCE, 0x07, 0x38, 0x18, 0x60, 0xE1, 0xC3,
    0x87, 0x0C, 0x0C, 0x70, 0x39, 0xC0, 0xE7, 0xFF, 0xFF, 0xFF, 0x7F, 0xFB, 0xFF, 0xD8, 0x0E, 0xC0,
    0x76, 0x03, 0xB0, 0x1D, 0x80, 0xEC, 0x07, 0x60, 0x3B, 0x01, 0xD8, 0x0E, 0xC0, 0x76, 0x03, 0xB0,
    0x1D, 0x80, 0xEC, 0x07, 0x60, 0x3B, 0x01, 0x80, 0xFF, 0xF7, 0xFF, 0x9C, 0x00, 0x70, 0x01, 0xC0,
    0x07, 0x00, 0x3C, 0x00, 0xF0, 0x03, 0x80, 0x1C, 0x01, 0xE0, 0x0E, 0x00, 0xE0, 0x0E, 0x00, 0xE0,
    0x0E, 0x00, 0xFF, 0xFF, 0xFF, 0xC0, 0xFF, 0xFF, 0xF0, 0x00, 0x38, 0x03, 0x80, 0x1C, 0x00, 0xE0,
    0x0E, 0x00, 0x70, 0x03, 0x1F, 0x38, 0xF9, 0xC0, 0xCC, 0x07, 0xE0, 0x3F, 0x00, 0xF0, 0x07, 0x80,
    0x3C, 0x00, 0xC0, 0x3E, 0x1F, 0x1F, 0xDF, 0xEE, 0x7F, 0x3B, 0x07, 0x87, 0xC1, 0xE1, 0xF9, 0xFC,
    0xE7, 0xF7, 0xF8, 0xF8, 0x7C, 0x07, 0x87, 0x87, 0x03, 0x81, 0xC0, 0xE0, 0x70, 0x38, 0x1C, 0x0E,
    0x07, 0x03, 0x81, 0xC0, 0xE0, 0x70, 0x38, 0x1C, 0x0E, 0x07, 0x03, 0x07, 0x87, 0x80, 0x6F, 0x60,
    0x00, 0x00, 0x6F, 0x60, 0x3C, 0x67, 0xE6, 0xEF, 0xEE, 0x3C, 0x00, 0x07, 0xC6, 0x7E, 0x6E, 0x7E,
    0xE3, 0xC0, 0x03, 0x01, 0xC0, 0x63, 0xFF, 0xFF, 0xC3, 0x00, 0xC0, 0x70, 0xFF, 0xFF, 0xF3, 0x80,
    0xC0, 0x00, 0x40, 0xF0, 0xFD, 0xFC, 0xF8, 0x3F, 0x03, 0xF8, 0x3F, 0x01, 0xC0, 0x0F, 0xFF, 0xFF,
    0x80, 0x38, 0x0F, 0xC0, 0xFE, 0x07, 0xC3, 0xF7, 0xF3, 0xE0, 0xE0, 0x00, 0x0F, 0xFF, 0xFF, 0x00,
    0x1F, 0xC0, 0x00, 0x07, 0xFF, 0xC0, 0x00, 0xFE, 0x3F, 0x80, 0x0F, 0x80, 0x3E, 0x00, 0xF0, 0x00,
    0x78, 0x0F, 0x00, 0x01, 0xE0, 0xF0, 0x00, 0x07, 0x07, 0x00, 0x00, 0x1C, 0x70, 0x07, 0x00, 0x73,
    0x80, 0x38, 0x03, 0x98, 0x01, 0xC0, 0x0D, 0xC0, 0x0E, 0x00, 0x7E, 0x00, 0x70, 0x03, 0xE0, 0x03,
    0x80, 0x1F, 0x07, 0xFF, 0xF0, 0x78, 0x3F, 0xFF, 0x83, 0xC0, 0x07, 0x00, 0x3F, 0x00, 0x38, 0x01,
    0xF8, 0x01, 0xC0, 0x0E, 0xC0, 0x0E, 0x00, 0x66, 0x00, 0x70, 0x07, 0x38, 0x03, 0x80, 0x38, 0xE0,
    0x00, 0x03, 0x87, 0x00, 0x00, 0x1C, 0x1C, 0x00, 0x01, 0xC0, 0x70, 0x00, 0x1C, 0x01, 0xE0, 0x03,
    0xC0, 0x07, 0xC0, 0x7C, 0x00, 0x0F, 0xFF, 0x80, 0x00, 0x1F, 0xF0, 0x00, 0x00, 0x1F, 0xC0, 0x00,
    0x07, 0xFF, 0xC0, 0x00, 0xFE, 0x3F, 0x80, 0x0F, 0x80, 0x3E, 0x00, 0xF0, 0x00, 0x78, 0x0F, 0x00,
    0x01, 0xE0, 0xF0, 0x00, 0x07, 0x07, 0x00, 0x00, 0x1C, 0x70, 0x00, 0x00, 0x73, 0x80, 0x00, 0x03,
    0x98, 0x00, 0x00, 0x0D, 0xC0, 0x00, 0x00, 0x7E, 0x00, 0x00, 0x03, 0xE0, 0x00, 0x00, 0x1F, 0x01,
    0xFF, 0xC0, 0x78, 0x0F, 0xFE, 0x03, 0xC0, 0x00, 0x00, 0x3F, 0x00, 0x00, 0x01, 0xF8, 0x00, 0x00,
    0x0E, 0xC0, 0x00, 0x00, 0x66, 0x00, 0x00, 0x07, 0x38, 0x00, 0x00, 0x38, 0xE0, 0x00, 0x03, 0x87,
    0x00, 0x00, 0x1C, 0x1C, 0x00, 0x01, 0xC0, 0x70, 0x00, 0x1C, 0x01, 0xE0, 0x03, 0xC0, 0x07, 0xC0,
    0x7C, 0x00, 0x0F, 0xFF, 0x80, 0x00, 0x1F, 0xF0, 0x00, 0x00, 0x1F, 0xC0, 0x00, 0x07, 0xFF, 0xC0,
    0x00, 0xFE, 0x3F, 0x80, 0x0F, 0x80, 0x3E, 0x00, 0xF0, 0x00, 0x78, 0x0F, 0x00, 0x01, 0xE0, 0xF0,
    0x00, 0x07, 0x07, 0x00, 0x00, 0x1C, 0x70, 0x00, 0x00, 0x73, 0x80, 0x00, 0x03, 0x98, 0x0C, 0x18,
    0x0D, 0xC0, 0x71, 0xC0, 0x7E, 0x03, 0xDE, 0x03, 0xE0, 0x0F, 0xE0, 0x1F, 0x00, 0x3E, 0x00, 0x78,
    0x01, 0xF0, 0x03, 0xC0, 0x1F, 0xC0, 0x3F, 0x01, 0xEF, 0x01, 0xF8, 0x0E, 0x38, 0x0E, 0xC0, 0x60,
    0xC0, 0x66, 0x00, 0x00, 0x07, 0x38, 0x00, 0x00, 0x38, 0xE0, 0x00, 0x03, 0x87, 0x00, 0x00, 0x1C,
    0x1C, 0x00, 0x01, 0xC0, 0x70, 0x00, 0x1C, 0x01, 0xE0, 0x03, 0xC0, 0x07, 0xC0, 0x7C, 0x00, 0x0F,
    0xFF, 0x80, 0x00, 0x1F, 0xF0, 0x00, 0x00, 0x1F, 0xC0, 0x00, 0x07, 0xFF, 0xC0, 0x00, 0xFE, 0x3F,
    0x80, 0x0F, 0x80, 0x3E, 0x00, 0xF0, 0x00, 0x78, 0x0F, 0x00, 0x01, 0xE0, 0xF0, 0x00, 0x07, 0x07,
    0x00, 0x00, 0x1C, 0x70, 0x00, 0x00, 0x73, 0x80, 0x01, 0x83, 0x98, 0x00, 0x1C, 0x0D, 0xC0, 0x01,
    0xC0, 0x7E, 0x00, 0x1C, 0x03, 0xE0, 0x01, 0xE0, 0x1F, 0x00, 0x0E, 0x00, 0x78, 0x00, 0xE0, 0x03,
    0xC0, 0x0E, 0x00, 0x3F, 0x00, 0xE0, 0x01, 0xF8, 0x0E, 0x00, 0x0E, 0xC0, 0x70, 0x00, 0x66, 0x07,
    0x00, 0x07, 0x38, 0x10, 0x00, 0x38, 0xE0, 0x00, 0x03, 0x87, 0x00, 0x00, 0x1C, 0x1C, 0x00, 0x01,
    0xC0, 0x70, 0x00, 0x1C, 0x01, 0xE0, 0x03, 0xC0, 0x07, 0xC0, 0x7C, 0x00, 0x0F, 0xFF, 0x80, 0x00,
    0x1F, 0xF0, 0x00, 0x00, 0x00, 0x20, 0x00, 0x06, 0x60, 0x00, 0x7E, 0x00, 0x07, 0xE0, 0x00, 0x3E,
    0x00, 0x03, 0xE0, 0x00, 0x77, 0xFF, 0xFE, 0x3F, 0xFF, 0xC0, 0xFF, 0xC0, 0x00, 0x00, 0x00, 0x01,
    0x00, 0x01, 0xF8, 0x00, 0x0F, 0x80, 0x00, 0x60, 0x00, 0x06, 0x00, 0x00, 0x00, 0x00, 0x00, 0x00,
    0x00, 0x60, 0x00, 0x00, 0xE0, 0x00, 0x00, 0xE0, 0x00, 0x30, 0xE0, 0x00, 0x78, 0xE0, 0x01, 0xF8,
    0x7F, 0xFF, 0xFF, 0x3F, 0xFF, 0x1F, 0x0F, 0xF0, 0x00, 0x00, 0x00, 0x00, 0x00, 0x00, 0x00, 0x01,
    0xF0, 0x00, 0x01, 0xB0, 0x00, 0x00, 0xE0, 0x00, 0x00, 0xE0, 0x00, 0x00, 0x40, 0x00, 0x08, 0x71,
    0xC3, 0x0C, 0x30, 0xDF, 0x78, 0x00, 0x1F, 0x6C, 0xE3, 0x84, 0x1C, 0x0C, 0x06, 0x07, 0x0F, 0xFF,
    0xFC, 0x00, 0x00, 0x7C, 0x3E, 0x06, 0x07, 0x00, 0x00, 0x00, 0x00, 0x00, 0x0C, 0x00, 0x00, 0xF8,
    0x00, 0x0F, 0x80, 0x00, 0xF8, 0x00, 0x1F, 0x80, 0x00, 0xF0, 0x20, 0x00, 0x06, 0x60, 0x00, 0x7E,
    0x00, 0x07, 0xE0, 0x00, 0x3E, 0x00, 0x03, 0xE0, 0x00, 0x77, 0xFF, 0xFE, 0x3F, 0xFF, 0xC0, 0xFF,
    0xC0, 0x00, 0x00, 0x00, 0x00, 0xC0, 0x00, 0x00, 0xF8, 0x00, 0x00, 0xF8, 0x00, 0x00, 0xFC, 0x00,
    0x01, 0xF8, 0x00, 0x00, 0xF0, 0x00, 0x00, 0x00, 0x00, 0x60, 0x00, 0x00, 0xE0, 0x00, 0x00, 0xE0,
    0x00, 0x30, 0xE0, 0x00, 0x78, 0xE0, 0x01, 0xF8, 0x7F, 0xFF, 0xFF, 0x3F, 0xFF, 0x1F, 0x0F, 0xF0,
    0x00, 0x01, 0x87, 0x9F, 0x6F, 0xFF, 0x00, 0x10, 0xC3, 0x0E, 0x38, 0x63, 0xBC, 0xF0, 0x00, 0x00,
    0x18, 0x0F, 0x07, 0xC3, 0xE3, 0xF0, 0xF0, 0x00, 0x00, 0x0E, 0x06, 0x03, 0x03, 0x87, 0xFF, 0xFE,
    0x00, 0x7E, 0x07, 0xFE, 0x13, 0xFE, 0x07, 0xF0, 0xFC, 0x0F, 0x00, 0xE0, 0x0E, 0x00, 0x67, 0xC7,
    0x36, 0x30, 0xC1, 0x87, 0x0C, 0x00, 0x70, 0x01, 0xE0, 0x07, 0xFF, 0x1F, 0xF8, 0x0C, 0x00, 0x7E,
    0x00, 0x7F, 0xE0, 0x13, 0xFE, 0x00, 0x7F, 0x00, 0xFF, 0x00, 0xF3, 0x80, 0xE0, 0xE0, 0xE0, 0x7E,
    0x67, 0xDF, 0x73, 0x60, 0x30, 0xC0, 0x18, 0x70, 0x0C, 0x00, 0x07, 0x00, 0x01, 0xE0, 0x00, 0x7F,
    0xF0, 0x1F, 0xF8, 0x00, 0xC0, 0x00, 0x38, 0x07, 0xF0, 0x7F, 0x80, 0x1F, 0x03, 0xF0, 0xF8, 0xFE,
    0x0F, 0x80, 0x00, 0x00, 0x80, 0x1F, 0x81, 0xF0, 0x06, 0x00, 0xE0, 0x00, 0x00, 0x38, 0x00, 0xFE,
    0x01, 0xFE, 0x00, 0x0F, 0x80, 0x3F, 0x01, 0xFC, 0x3F, 0x9F, 0x7C, 0x1F, 0x00, 0x00, 0x00, 0x00,
    0x6C, 0x00, 0xD8, 0x00, 0xE0, 0x01, 0xC0, 0x01, 0x00, 0x00, 0x00, 0x0C, 0x07, 0x83, 0xE1, 0xB1,
    0xF0, 0xF0, 0x00, 0x00, 0x03, 0x03, 0x80, 0xE0, 0x30, 0x1C, 0x06, 0x03, 0x41, 0xBF, 0xDF, 0xC0,
    0x00, 0x00, 0x00, 0xC0, 0x07, 0x80, 0x3E, 0x01, 0xB0, 0x1F, 0x80, 0xF0, 0x00, 0x00, 0x00, 0x00,
    0x30, 0x03, 0x80, 0x0E, 0x00, 0x30, 0x01, 0xC0, 0x06, 0x00, 0x38, 0x41, 0xC3, 0xFF, 0x9F, 0xDC,
    0x00, 0x00, 0x00, 0x1C, 0x1C, 0x36, 0x3E, 0x12, 0x00, 0x00, 0x0C, 0x0E, 0x06, 0x07, 0x07, 0x07,
    0x06, 0x0E, 0x1C, 0x7C, 0xF0, 0x60, 0x00, 0x03, 0x80, 0x70, 0x1B, 0x03, 0xE0, 0x08, 0x00, 0x00,
    0x00, 0x0C, 0x01, 0xC0, 0x18, 0x03, 0x80, 0x70, 0x0F, 0x81, 0xF8, 0x70, 0x1C, 0x0F, 0x83, 0xE0,
    0x30, 0x00, 0x00, 0x18, 0x1E, 0x1F, 0x1B, 0x3F, 0x3C, 0x00, 0x00, 0x0C, 0x0E, 0x06, 0x07, 0x07,
    0x07, 0x06, 0x0E, 0x1C, 0x7C, 0xF0, 0x60, 0x00, 0x06, 0x00, 0x78, 0x0F, 0x83, 0xB0, 0x7C, 0x0F,
    0x00, 0x00, 0x00, 0x01, 0x80, 0x38, 0x03, 0x00, 0x70, 0x0E, 0x01, 0xF0, 0x3F, 0x0E, 0x03, 0x81,
    0xF0, 0x7C, 0x06, 0x00, 0x00, 0x00, 0x40, 0x00, 0x3C, 0x00, 0x1F, 0x00, 0x0F, 0x80, 0x03, 0xC0,
    0x00, 0x70, 0x00, 0x0F, 0x00, 0x00, 0xF0, 0x60, 0x07, 0x1C, 0x00, 0x73, 0x80, 0x06, 0x70, 0x00,
    0xCE, 0x00, 0x18, 0xFF, 0xFF, 0x0F, 0xFF, 0xC0, 0x7F, 0xC0, 0x00, 0x00, 0x40, 0x00, 0x07, 0x80,
    0x00, 0x7C, 0x00, 0x07, 0xC0, 0x00, 0x3C, 0x00, 0x00, 0xE0, 0x00, 0x03, 0xC0, 0x00, 0x07, 0x80,
    0x60, 0x0F, 0x03, 0x80, 0x1E, 0x0E, 0x00, 0x38, 0x38, 0x00, 0x70, 0xE0, 0x01, 0xE1, 0xFF, 0xFF,
    0xE3, 0xFF, 0xF7, 0xC3, 0xFE, 0x00, 0x01, 0x83, 0xC7, 0xCF, 0x87, 0x07, 0x01, 0xC0, 0x70, 0x1C,
    0x07, 0x01, 0x80, 0xE0, 0x77, 0xF3, 0xF0, 0x00, 0x01, 0x80, 0x78, 0x1F, 0x07, 0xC0, 0x70, 0x0E,
    0x00, 0x70, 0x03, 0x80, 0x1C, 0x00, 0xE0, 0x06, 0x00, 0x70, 0x07, 0x8F, 0xFF, 0xFC, 0xF0, 0x00,
    0x00, 0x00, 0x00, 0x00, 0x30, 0x00, 0x1E, 0x00, 0x0F, 0xA0, 0x03, 0xDE, 0x00, 0x6F, 0x80, 0x07,
    0xC0, 0x01, 0xE0, 0x00, 0x38, 0x00, 0x07, 0x80, 0x00, 0x78, 0x30, 0x03, 0x8E, 0x00, 0x39, 0xC0,
    0x03, 0x38, 0x00, 0x67, 0x00, 0x0C, 0x7F, 0xFF, 0x87, 0xFF, 0xE0, 0x3F, 0xE0, 0x00, 0x00, 0x00,
    0x00, 0x00, 0x06, 0x00, 0x00, 0x78, 0x00, 0x07, 0xD0, 0x00, 0x3D, 0xE0, 0x00, 0xDF, 0x00, 0x01,
    0xF0, 0x00, 0x0F, 0x00, 0x00, 0x38, 0x00, 0x00, 0xF0, 0x00, 0x01, 0xE0, 0x18, 0x03, 0xC0, 0xE0,
    0x07, 0x83, 0x80, 0x0E, 0x0E, 0x00, 0x1C, 0x38, 0x00, 0x78, 0x7F, 0xFF, 0xF8, 0xFF, 0xFD, 0xF0,
    0xFF, 0x80, 0x00, 0x00, 0x03, 0x87, 0xC7, 0xBF, 0x7E, 0xF9, 0xF0, 0xE0, 0xE0, 0x38, 0x0E, 0x03,
    0x80, 0xE0, 0x30, 0x1C, 0x0E, 0xFE, 0x7E, 0x00, 0x00, 0x00, 0x00, 0x70, 0x1F, 0x03, 0xD8, 0xF7,
    0x8D, 0xF0, 0x7C, 0x07, 0x00, 0xE0, 0x07, 0x00, 0x38, 0x01, 0xC0, 0x0E, 0x00, 0x60, 0x07, 0x00,
    0x78, 0xFF, 0xFF, 0xCF, 0x00, 0x00, 0x00, 0x10, 0x00, 0xE0, 0x03, 0x98, 0x06, 0x60, 0x1B, 0x80,
    0x7E, 0x01, 0xF8, 0x06, 0xE0, 0x39, 0xE3, 0xC3, 0xFF, 0x07, 0xF0, 0x00, 0x38, 0x00, 0x1C, 0x18,
    0x06, 0x0C, 0x03, 0x8E, 0x01, 0xF7, 0x00, 0xFF, 0x80, 0x61, 0xC0, 0x70, 0x78, 0x78, 0x1F, 0xF8,
    0x07, 0xF0, 0x00, 0x18, 0x1C, 0x3E, 0x7E, 0x67, 0xE3, 0xE3, 0xE3, 0x7F, 0x7E, 0x3E, 0x07, 0xE0,
    0xE6, 0x0E, 0x70, 0xE3, 0x0E, 0x3E, 0x61, 0xE0, 0x00, 0x11, 0x8C, 0x73, 0x8C, 0xFE, 0xF1, 0x08,
    0xE7, 0x00, 0x00, 0x06, 0x03, 0xC7, 0x79, 0xE3, 0x78, 0x7C, 0x07, 0x80, 0xF0, 0x0E, 0x00, 0x80,
    0x00, 0x00, 0x1C, 0x00, 0x78, 0x03, 0xF0, 0x0D, 0xE0, 0x73, 0xC1, 0xCF, 0x83, 0x76, 0x0F, 0x9B,
    0xFF, 0xEF, 0xFF, 0x8C, 0x18, 0x01, 0xC0, 0x0F, 0x80, 0x7E, 0x03, 0x98, 0x0E, 0x60, 0x33, 0x80,
    0xDC, 0x3F, 0xFF, 0xFF, 0xFC, 0x30, 0xC0, 0xE3, 0x03, 0xFC, 0x07, 0xF0, 0x07, 0x00, 0x00, 0x01,
    0xC0, 0x1E, 0x03, 0xF0, 0x37, 0x87, 0x3C, 0x73, 0xE3, 0x76, 0x3E, 0x6F, 0xFE, 0xFF, 0xE0, 0x18,
    0x07, 0x01, 0xF0, 0x1F, 0x83, 0xB8, 0x33, 0x83, 0x38, 0x77, 0x0F, 0xFF, 0xFF, 0xF7, 0x1C, 0x30,
    0xC3, 0xFC, 0x1F, 0x80, 0xF0, 0x06, 0x00, 0x01, 0xE0, 0x00, 0x7E, 0x00, 0x0F, 0xC0, 0x03, 0x98,
    0x00, 0xE0, 0x00, 0x38, 0x00, 0x07, 0x00, 0x00, 0x7F, 0xFF, 0xE7, 0xFF, 0xFC, 0x1F, 0xFC, 0x00,
    0x07, 0xF9, 0xFF, 0xFF, 0xF9, 0xC0, 0x0C, 0x00, 0x7C, 0x01, 0xFF, 0xE1, 0xFF, 0x38, 0x00, 0x07,
    0x00, 0x00, 0xC0, 0x00, 0x1E, 0x00, 0x03, 0x80, 0x00, 0x0C, 0x00, 0x03, 0xC0, 0x00, 0xFC, 0x00,
    0x1F, 0x80, 0x07, 0x30, 0x01, 0xC0, 0x00, 0x70, 0x00, 0x0E, 0x00, 0x00, 0xFF, 0xFF, 0xCF, 0xFF,
    0xF8, 0x3F, 0xF8, 0x38, 0x01, 0xC0, 0x0C, 0x00, 0x78, 0x03, 0x80, 0x03, 0xFC, 0xFF, 0xFF, 0xFC,
    0xE0, 0x06, 0x00, 0x3E, 0x00, 0xFF, 0xF0, 0xFF, 0x80, 0x00, 0x1E, 0x00, 0x7F, 0x00, 0x72, 0x00,
    0xE0, 0x00, 0xC0, 0x60, 0xE0, 0x60, 0xF8, 0xE0, 0x7E, 0xE0, 0x0E, 0xE0, 0x0E, 0xE0, 0x1E, 0x78,
    0x7C, 0x3F, 0xF8, 0x1F, 0xE0, 0x60, 0x00, 0x30, 0x1C, 0x38, 0x0F, 0xDC, 0x03, 0xFE, 0x00, 0x67,
    0x00, 0x71, 0xE0, 0xF0, 0x7F, 0xF0, 0x1F, 0xE0, 0x00, 0x08, 0x71, 0xC3, 0x0C, 0x30, 0xDF, 0x78,
    0x00, 0x1B, 0x6C, 0x1C, 0x0C, 0x06, 0x07, 0x0F, 0xFF, 0xFC, 0x00, 0x00, 0x7E, 0x3E, 0x00, 0x1C,
    0x3E, 0x7C, 0x60, 0x60, 0x73, 0x3F, 0xFE, 0xF8, 0x00, 0x78, 0x7F, 0x0E, 0x00, 0x18, 0x1C, 0x1C,
    0x1C, 0x1C, 0x1C, 0x1C, 0x1C, 0x1C, 0x1C, 0x1C, 0x1C, 0x1C, 0x1C, 0x78, 0x1F, 0xC0, 0xE0, 0x00,
    0x1C, 0x07, 0x01, 0xC0, 0x70, 0x1C, 0x07, 0x01, 0xC0, 0x70, 0x1C, 0x07, 0x00, 0xC0, 0x30, 0x0C,
    0x03, 0xE0, 0x78, 0x00, 0xF7, 0x31, 0xFE, 0x01, 0x8E, 0x73, 0x9C, 0xE7, 0x39, 0xCE, 0x73, 0x9C,
    0xE0, 0xF0, 0xE0, 0xC0, 0xF8, 0xE0, 0x00, 0x70, 0x70, 0x70, 0x70, 0x70, 0x70, 0x70, 0x70, 0x70,
    0x70, 0x30, 0x30, 0x30, 0x3E, 0x1E, 0x00, 0x1C, 0x1E, 0x0E, 0x03, 0xC3, 0xC0, 0x00, 0x78, 0x7E,
    0x77, 0x31, 0x98, 0xEF, 0xF3, 0xF0, 0x78, 0x1C, 0x7C, 0x7C, 0x38, 0x00, 0x1C, 0x07, 0x80, 0xE0,
    0x0F, 0x03, 0xC0, 0x00, 0x07, 0x81, 0xF8, 0x77, 0x0C, 0x61, 0x8E, 0x3F, 0xF3, 0xFE, 0x0E, 0x01,
    0xC1, 0xF0, 0x7C, 0x0E, 0x00, 0xE7, 0x39, 0xCE, 0x73, 0x9C, 0xE7, 0x39, 0xCE, 0x31, 0x80, 0xF7,
    0x31, 0xEE, 0x00, 0xE1, 0xC3, 0x87, 0x0E, 0x1C, 0x38, 0x70, 0xE1, 0xC1, 0x83, 0x06, 0x0F, 0x8F,
    0x00, 0xF1, 0xC3, 0x07, 0x8E, 0x00, 0x1C, 0x1E, 0x38, 0x7F, 0x30, 0x72, 0x3E, 0xE0, 0x3C, 0xC0,
    0x60, 0xE0, 0x60, 0xF8, 0xE0, 0x7E, 0xE0, 0x0E, 0xE0, 0x0E, 0xE0, 0x1E, 0x78, 0x7C, 0x3F, 0xF8,
    0x1F, 0xE0, 0x1C, 0x00, 0x1C, 0x00, 0x0C, 0x00, 0x07, 0xC0, 0x03, 0xC0, 0x03, 0x00, 0x01, 0x80,
    0xE1, 0xC0, 0x7E, 0xE0, 0x1F, 0xF0, 0x03, 0x38, 0x03, 0x8F, 0x07, 0x83, 0xFF, 0x80, 0xFF, 0x00,
    0x77, 0x30, 0xFF, 0x00, 0x46, 0x31, 0xCE, 0x33, 0xFB, 0xC0, 0x78, 0x38, 0x18, 0x0F, 0x07, 0x00,
    0x00, 0x60, 0x30, 0x38, 0x1C, 0x3F, 0xDD, 0xE0, 0x00, 0xFF, 0xFF, 0xFF, 0xFF, 0xFE, 0xD8, 0xE1,
    0xC3, 0x87, 0x0E, 0x1C, 0x38, 0x70, 0xE1, 0xC1, 0x83, 0x06, 0x0F, 0x8F, 0x00, 0x00, 0x00, 0x20,
    0x00, 0x06, 0x60, 0x00, 0x7E, 0x00, 0x07, 0xE0, 0x00, 0x3E, 0x00, 0x03, 0xE0, 0x00, 0x77, 0xFF,
    0xFE, 0x3F, 0xFF, 0xC0, 0xFF, 0xC0, 0x00, 0x00, 0x00, 0x06, 0x00, 0x00, 0x60, 0x00, 0x00, 0x00,
    0x00, 0x60, 0x00, 0x00, 0xE0, 0x00, 0x00, 0xE0, 0x00, 0x30, 0xE0, 0x00, 0x78, 0xE0, 0x01, 0xF8,
    0x7F, 0xFF, 0xFF, 0x3F, 0xFF, 0x1F, 0x0F, 0xF0, 0x00, 0x00, 0x00, 0x00, 0x00, 0xE0, 0x00, 0x00,
    0xE0, 0x00, 0x11, 0x8C, 0x73, 0x8C, 0xFE, 0xF0, 0x00, 0xE6, 0x00, 0x18, 0x0C, 0x0E, 0x07, 0x0F,
    0xF7, 0x78, 0x00, 0x00, 0x38, 0x1C, 0x00, 0x36, 0x3E, 0x04, 0x00, 0x18, 0x1C, 0x3E, 0x7E, 0x67,
    0xE3, 0xE3, 0xE3, 0x7F, 0x7E, 0x1F, 0x03, 0xF0, 0x12, 0x00, 0x00, 0x03, 0x00, 0x70, 0x1F, 0x03,
    0xF0, 0x73, 0x0E, 0x30, 0xE3, 0x07, 0xF0, 0x7F, 0x80, 0xFE, 0x01, 0xE0, 0x00, 0x00, 0xF8, 0x00,
    0x1F, 0x80, 0x00, 0x90, 0x20, 0x00, 0x06, 0x60, 0x00, 0x7E, 0x00, 0x07, 0xE0, 0x00, 0x3E, 0x00,
    0x03, 0xE0, 0x00, 0x77, 0xFF, 0xFE, 0x3F, 0xFF, 0xC0, 0xFF, 0xC0, 0x00, 0xF8, 0x00, 0x01, 0xF8,
    0x00, 0x00, 0x90, 0x00, 0x00, 0x00, 0x00, 0x60, 0x00, 0x00, 0xE0, 0x00, 0x00, 0xE0, 0x00, 0x30,
    0xE0, 0x00, 0x78, 0xE0, 0x01, 0xF8, 0x7F, 0xFF, 0xFF, 0x3F, 0xFF, 0x1F, 0x0F, 0xF0, 0x00, 0xDB,
    0xE4, 0x00, 0x10, 0xC3, 0x0E, 0x38, 0x63, 0xBC, 0xF0, 0x00, 0x3E, 0x3F, 0x09, 0x00, 0x01, 0xC0,
    0xC0, 0x60, 0x70, 0xFF, 0xFF, 0xC0, 0x00, 0x00, 0x00, 0x00, 0x06, 0x00, 0x00, 0x60, 0x00, 0x0F,
    0x80, 0x01, 0xF8, 0x00, 0x09, 0x02, 0x00, 0x00, 0x66, 0x00, 0x07, 0xE0, 0x00, 0x7E, 0x00, 0x03,
    0xE0, 0x00, 0x3E, 0x00, 0x07, 0x7F, 0xFF, 0xE3, 0xFF, 0xFC, 0x0F, 0xFC, 0x00, 0x00, 0x00, 0x00,
    0x00, 0x70, 0x00, 0x00, 0x60, 0x00, 0x00, 0xF8, 0x00, 0x01, 0xF8, 0x00, 0x00, 0x90, 0x00, 0x00,
    0x00, 0x00, 0x60, 0x00, 0x00, 0xE0, 0x00, 0x00, 0xE0, 0x00, 0x30, 0xE0, 0x00, 0x78, 0xE0, 0x01,
    0xF8, 0x7F, 0xFF, 0xFF, 0x3F, 0xFF, 0x1F, 0x0F, 0xF0, 0x00, 0x01, 0xC7, 0x36, 0xF9, 0x00, 0x04,
    0x30, 0xC3, 0x8E, 0x18, 0xEF, 0x3C, 0x00, 0x00, 0x0C, 0x06, 0x07, 0xC7, 0xE1, 0x20, 0x00, 0x38,
    0x18, 0x0C, 0x0E, 0x1F, 0xFF, 0xF8, 0x00, 0x7C, 0x07, 0xFC, 0x13, 0xFC, 0x07, 0xE0, 0xF8, 0x0F,
    0x00, 0xE0, 0x0E, 0x00, 0xE0, 0x07, 0x1C, 0x30, 0xE1, 0x80, 0x0C, 0x00, 0x70, 0x01, 0xC0, 0x4F,
    0xFF, 0x1F, 0xF0, 0x1C, 0x00, 0x7C, 0x01, 0xFF, 0x01, 0x3F, 0xC0, 0x1F, 0x80, 0xFC, 0x03, 0xD8,
    0x0E, 0x38, 0x38, 0x3F, 0xE0, 0x3F, 0xC7, 0x03, 0x0E, 0x06, 0x00, 0x0C, 0x00, 0x1C, 0x00, 0x1C,
    0x04, 0x3F, 0xFC, 0x1F, 0xF0, 0x07, 0x00, 0x38, 0x07, 0xF0, 0x7F, 0x80, 0x1F, 0x03, 0xF0, 0xF8,
    0xFE, 0x0F, 0x80, 0x00, 0x00, 0x00, 0x06, 0x00, 0x60, 0x38, 0x00, 0xFE, 0x01, 0xFE, 0x00, 0x0F,
    0x80, 0x3F, 0x01, 0xFC, 0x3F, 0x9F, 0x7C, 0x1F, 0x00, 0x00, 0x00, 0x00, 0x38, 0x00, 0x70, 0x00,
    0x7C, 0x07, 0xFC, 0x13, 0xFC, 0x07, 0xE0, 0xF8, 0x0F, 0x00, 0xE0, 0x0E, 0x00, 0xE0, 0x07, 0x00,
    0x30, 0x01, 0x80, 0x0C, 0x00, 0x70, 0x01, 0xC0, 0x4F, 0xFF, 0x1F, 0xF0, 0x1C, 0x00, 0x7C, 0x01,
    0xFF, 0x01, 0x3F, 0xC0, 0x1F, 0x80, 0xFC, 0x03, 0xD8, 0x0E, 0x38, 0x38, 0x3F, 0xE0, 0x3F, 0xC0,
    0x03, 0x00, 0x06, 0x00, 0x0C, 0x00, 0x1C, 0x00, 0x1C, 0x04, 0x3F, 0xFC, 0x1F, 0xF0, 0x07, 0x00,
    0x38, 0x07, 0xF0, 0x7F, 0x80, 0x1F, 0x03, 0xF0, 0xF8, 0xFE, 0x0F, 0x80, 0x00, 0x00, 0x38, 0x00,
    0xFE, 0x01, 0xFE, 0x00, 0x0F, 0x80, 0x3F, 0x01, 0xFC, 0x3F, 0x9F, 0x7C, 0x1F, 0x00, 0x00, 0x07,
    0x00, 0x38, 0x00, 0x80, 0x00, 0x07, 0xC0, 0x7F, 0xC1, 0x3F, 0xC0, 0x7E, 0x0F, 0x80, 0xF0, 0x0E,
    0x00, 0xE0, 0x0E, 0x00, 0x70, 0x03, 0x00, 0x18, 0x00, 0xC0, 0x07, 0x00, 0x1C, 0x04, 0xFF, 0xF1,
    0xFF, 0x01, 0xC0, 0x07, 0x00, 0x0E, 0x00, 0x08, 0x00, 0x00, 0x07, 0xC0, 0x1F, 0xF0, 0x13, 0xFC,
    0x01, 0xF8, 0x0F, 0xC0, 0x3D, 0x80, 0xE3, 0x83, 0x83, 0xFE, 0x03, 0xFC, 0x00, 0x30, 0x00, 0x60,
    0x00, 0xC0, 0x01, 0xC0, 0x01, 0xC0, 0x43, 0xFF, 0xC1, 0xFF, 0x00, 0x70, 0x00, 0x38, 0x03, 0x80,
    0x10, 0x00, 0x00, 0x38, 0x07, 0xF0, 0x7F, 0x80, 0x1F, 0x03, 0xF0, 0xF8, 0xFE, 0x0F, 0x80, 0x00,
    0x00, 0x30, 0x00, 0x70, 0x00, 0x40, 0x00, 0x00, 0x03, 0x80, 0x0F, 0xE0, 0x1F, 0xE0, 0x00, 0xF8,
    0x03, 0xF0, 0x1F, 0xC3, 0xF9, 0xF7, 0xC1, 0xF0, 0x00, 0x00, 0x06, 0x07, 0x01, 0xC0, 0x60, 0x38,
    0x0C, 0x06, 0x83, 0x7F, 0xBF, 0x80, 0x00, 0x06, 0x00, 0x70, 0x01, 0xC0, 0x06, 0x00, 0x38, 0x00,
    0xC0, 0x07, 0x08, 0x38, 0x7F, 0xF3, 0xFB, 0x80, 0x00, 0x1C, 0x0E, 0x02, 0x00, 0x00, 0x60, 0x70,
    0x1C, 0x06, 0x03, 0x80, 0xC0, 0x68, 0x37, 0xFB, 0xF8, 0x00, 0x1C, 0x00, 0xE0, 0x02, 0x00, 0x00,
    0x00, 0x60, 0x07, 0x00, 0x1C, 0x00, 0x60, 0x03, 0x80, 0x0C, 0x00, 0x70, 0x83, 0x87, 0xFF, 0x3F,
    0xB8, 0x00, 0x00, 0x00, 0x0C, 0x0E, 0x06, 0x07, 0x07, 0x07, 0x06, 0x0E, 0x1C, 0x7C, 0xF0, 0x60,
    0x00, 0x01, 0x80, 0x38, 0x03, 0x00, 0x70, 0x0E, 0x01, 0xF0, 0x3F, 0x0E, 0x03, 0x81, 0xF0, 0x7C,
    0x06, 0x00, 0x0C, 0x1C, 0x08, 0x00, 0x00, 0x0C, 0x0E, 0x06, 0x07, 0x07, 0x07, 0x06, 0x0E, 0x1C,
    0x7C, 0xF0, 0x60, 0x1C, 0x03, 0x80, 0x20, 0x00, 0x00, 0x00, 0x18, 0x03, 0x80, 0x30, 0x07, 0x00,
    0xE0, 0x1F, 0x03, 0xF0, 0xE0, 0x38, 0x1F, 0x07, 0xC0, 0x60, 0x00, 0x00, 0x00, 0x02, 0x00, 0x00,
    0x03, 0x80, 0x00, 0x01, 0xC0, 0x07, 0x0C, 0x60, 0x03, 0x86, 0x33, 0x00, 0xC3, 0x1D, 0x80, 0x73,
    0x8D, 0xC0, 0x3F, 0xFE, 0xE0, 0x1F, 0xFE, 0x70, 0x0C, 0x00, 0x38, 0x0E, 0x00, 0x0F, 0x0F, 0x00,
    0x03, 0xFF, 0x00, 0x00, 0xFE, 0x00, 0x00, 0x00, 0x00, 0x00, 0x00, 0x00, 0x00, 0x30, 0x00, 0x38,
    0x63, 0x00, 0x03, 0x86, 0x30, 0x60, 0x18, 0x63, 0x86, 0x01, 0xCE, 0x38, 0xE0, 0x1F, 0xFF, 0xFE,
    0x01, 0xFF, 0xEF, 0xE0, 0x18, 0x00, 0x0E, 0x03, 0x80, 0x00, 0x78, 0x78, 0x00, 0x03, 0xFF, 0x00,
    0x00, 0x1F, 0xC0, 0x00, 0x00, 0x00, 0x04, 0x00, 0x0E, 0x00, 0x06, 0x18, 0xC6, 0x38, 0xC7, 0x38,
    0xC7, 0x39, 0xC7, 0xFF, 0xFE, 0xFF, 0xFC, 0x00, 0x00, 0x00, 0x02, 0x00, 0x00, 0xC0, 0x63, 0x18,
    0x1C, 0x63, 0x83, 0x8C, 0x70, 0x73, 0x8E, 0x3F, 0xFF, 0xFF, 0xFF, 0xEF, 0x00, 0x00, 0x00, 0x00,
    0x00, 0x00, 0x00, 0x00, 0x60, 0x00, 0x00, 0x30, 0x00, 0x00, 0x3E, 0x00, 0x00, 0x3F, 0x00, 0x00,
    0x09, 0x10, 0x00, 0x00, 0x1C, 0x00, 0x00, 0x0E, 0x00, 0x38, 0x63, 0x00, 0x1C, 0x31, 0x98, 0x06,
    0x18, 0xEC, 0x03, 0x9C, 0x6E, 0x01, 0xFF, 0xF7, 0x00, 0xFF, 0xF3, 0x80, 0x60, 0x01, 0xC0, 0x70,
    0x00, 0x78, 0x78, 0x00, 0x1F, 0xF8, 0x00, 0x07, 0xF0, 0x00, 0x00, 0x00, 0x00, 0x00, 0x00, 0x00,
    0x0C, 0x00, 0x00, 0x00, 0xC0, 0x00, 0x00, 0x1F, 0x00, 0x00, 0x03, 0xF0, 0x00, 0x00, 0x12, 0x00,
    0x00, 0x00, 0x00, 0x00, 0x00, 0x00, 0x30, 0x00, 0x38, 0x63, 0x00, 0x03, 0x86, 0x30, 0x60, 0x18,
    0x63, 0x86, 0x01, 0xCE, 0x38, 0xE0, 0x1F, 0xFF, 0xFE, 0x01, 0xFF, 0xEF, 0xE0, 0x18, 0x00, 0x0E,
    0x03, 0x80, 0x00, 0x78, 0x78, 0x00, 0x03, 0xFF, 0x00, 0x00, 0x1F, 0xC0, 0x00, 0x00, 0x00, 0x00,
    0x00, 0xC0, 0x00, 0xC0, 0x03, 0xF0, 0x03, 0xF0, 0x01, 0x24, 0x00, 0x0E, 0x00, 0x06, 0x18, 0xC6,
    0x38, 0xC7, 0x38, 0xC7, 0x39, 0xC7, 0xFF, 0xFE, 0xFF, 0xFC, 0x00, 0x00, 0x00, 0x00, 0x00, 0x18,
    0x00, 0x03, 0x00, 0x01, 0xF8, 0x00, 0x3F, 0x00, 0x02, 0x40, 0x00, 0x00, 0x80, 0x00, 0x30, 0x18,
    0xC6, 0x07, 0x18, 0xE0, 0xE3, 0x1C, 0x1C, 0xE3, 0x8F, 0xFF, 0xFF, 0xFF, 0xFB, 0xC0, 0x00, 0x00,
    0x00, 0x00, 0x0F, 0x80, 0x00, 0x07, 0xF8, 0x00, 0xE1, 0xE7, 0x00, 0x1C, 0x70, 0x76, 0x01, 0x9C,
    0x0E, 0xC0, 0x3F, 0x03, 0xB8, 0x07, 0xFF, 0xF7, 0x00, 0xFF, 0xF8, 0xE0, 0x18, 0xF8, 0x1C, 0x07,
    0x00, 0x01, 0xE1, 0xE0, 0x00, 0x1F, 0xF8, 0x00, 0x01, 0xFC, 0x00, 0x00, 0x00, 0x00, 0x0F, 0x80,
    0x00, 0x00, 0xFF, 0x00, 0x03, 0x87, 0x9C, 0x00, 0x0E, 0x38, 0x38, 0x60, 0x19, 0xC0, 0xE1, 0x80,
    0x7E, 0x07, 0x0E, 0x01, 0xFF, 0xFF, 0xB8, 0x07, 0xFF, 0xFE, 0xE0, 0x18, 0xF8, 0x03, 0x80, 0xE0,
    0x00, 0x07, 0x87, 0x80, 0x00, 0x0F, 0xFC, 0x00, 0x00, 0x1F, 0xC0, 0x00, 0x00, 0x00, 0x0F, 0x00,
    0x0F, 0xE1, 0x87, 0x9C, 0x63, 0x83, 0x39, 0xC0, 0xCE, 0xE0, 0x7F, 0xFF, 0xFB, 0xBF, 0xFC, 0x03,
    0xF8, 0x00, 0x00, 0x0F, 0x00, 0x01, 0xFC, 0x06, 0x1E, 0x70, 0x31, 0xC1, 0x83, 0x9C, 0x0C, 0x1D,
    0xC0, 0xE3, 0xFF, 0xFF, 0xFD, 0xFF, 0xFF, 0x03, 0xF8, 0x00, 0x00, 0x00, 0x06, 0x00, 0x00, 0x00,
    0xC0, 0x00, 0x00, 0x00, 0x00, 0x00, 0x00, 0x00, 0x00, 0x00, 0xF8, 0x00, 0x00, 0x7F, 0x80, 0x0E,
    0x1E, 0x70, 0x01, 0xC7, 0x07, 0x60, 0x19, 0xC0, 0xEC, 0x03, 0xF0, 0x3B, 0x80, 0x7F, 0xFF, 0x70,
    0x0F, 0xFF, 0x8E, 0x01, 0x8F, 0x81, 0xC0, 0x70, 0x00, 0x1E, 0x1E, 0x00, 0x01, 0xFF, 0x80, 0x00,
    0x1F, 0xC0, 0x00, 0x00, 0x00, 0x00, 0x06, 0x00, 0x00, 0x00, 0x18, 0x00, 0x00, 0x00, 0x00, 0x00,
    0x00, 0x00, 0x00, 0x00, 0x00, 0x0F, 0x80, 0x00, 0x00, 0xFF, 0x00, 0x03, 0x87, 0x9C, 0x00, 0x0E,
    0x38, 0x38, 0x60, 0x19, 0xC0, 0xE1, 0x80, 0x7E, 0x07, 0x0E, 0x01, 0xFF, 0xFF, 0xB8, 0x07, 0xFF,
    0xFE, 0xE0, 0x18, 0xF8, 0x03, 0x80, 0xE0, 0x00, 0x07, 0x87, 0x80, 0x00, 0x0F, 0xFC, 0x00, 0x00,
    0x1F, 0xC0, 0x00, 0x00, 0x00, 0x0E, 0x00, 0x03, 0x80, 0x00, 0x40, 0x00, 0x00, 0x00, 0x0F, 0x00,
    0x0F, 0xE1, 0x87, 0x9C, 0x63, 0x83, 0x39, 0xC0, 0xCE, 0xE0, 0x7F, 0xFF, 0xFB, 0xBF, 0xFC, 0x03,
    0xF8, 0x00, 0x00, 0x0E, 0x00, 0x00, 0x70, 0x00, 0x01, 0x00, 0x00, 0x00, 0x00, 0x00, 0xF0, 0x00,
    0x1F, 0xC0, 0x61, 0xE7, 0x03, 0x1C, 0x18, 0x39, 0xC0, 0xC1, 0xDC, 0x0E, 0x3F, 0xFF, 0xFF, 0xDF,
    0xFF, 0xF0, 0x3F, 0x80, 0x00, 0x0C, 0x00, 0x0C, 0x00, 0x0C, 0x00, 0x0C, 0x00, 0x0C, 0x00, 0x0C,
    0x00, 0x0C, 0x00, 0x0C, 0x7C, 0x0D, 0xFE, 0x0F, 0xC7, 0x0F, 0x87, 0x0F, 0x07, 0x0E, 0x0E, 0xFF,
    0xFE, 0xFF, 0xF8, 0x1F, 0xC0, 0x0C, 0x00, 0x01, 0x80, 0x00, 0x30, 0x00, 0x06, 0x00, 0x00, 0xC0,
    0x00, 0x18, 0x00, 0x03, 0x00, 0x00, 0x63, 0xE0, 0x0D, 0xFE, 0x01, 0xF8, 0xE0, 0x3E, 0x1C, 0x07,
    0x83, 0x80, 0xE0, 0xE1, 0xFF, 0xFF, 0xBF, 0xFF, 0xF8, 0xFE, 0x00, 0x70, 0x01, 0xC0, 0x07, 0x00,
    0x1C, 0x00, 0x70, 0x01, 0xC0, 0x07, 0x00, 0x1C, 0x7C, 0x77, 0xF9, 0xFE, 0xE3, 0xE1, 0xCE, 0x06,
    0x70, 0x3B, 0xFF, 0xCF, 0xFE, 0x00, 0x00, 0x70, 0x00, 0x70, 0x00, 0x70, 0x00, 0x70, 0x00, 0x70,
    0x00, 0x70, 0x00, 0x70, 0x00, 0x71, 0xF0, 0x77, 0xF8, 0x7F, 0xB8, 0x3E, 0x1C, 0x38, 0x18, 0x70,
    0x38, 0xFF, 0xFF, 0xFF, 0xFF, 0x00, 0x00, 0x0C, 0x00, 0x0C, 0x00, 0x0C, 0x00, 0x0C, 0x18, 0x0C,
    0x38, 0x0C, 0x10, 0x0C, 0x00, 0x0C, 0x7C, 0x0D, 0xFE, 0x0F, 0xC7, 0x0F, 0x87, 0x0F, 0x07, 0x0E,
    0x0E, 0xFF, 0xFE, 0xFF, 0xF8, 0x1F, 0xC0, 0x0C, 0x00, 0x01, 0x80, 0x00, 0x30, 0x00, 0x06, 0x18,
    0x00, 0xC7, 0x00, 0x18, 0x40, 0x03, 0x00, 0x00, 0x63, 0xE0, 0x0D, 0xFE, 0x01, 0xF8, 0xE0, 0x3E,
    0x1C, 0x07, 0x83, 0x80, 0xE0, 0xE1, 0xFF, 0xFF, 0xBF, 0xFF, 0xF8, 0xFE, 0x00, 0x70, 0x01, 0xC0,
    0x07, 0x00, 0x1C, 0x70, 0x71, 0xC1, 0xC2, 0x07, 0x00, 0x1C, 0x7C, 0x77, 0xF9, 0xFE, 0xE3, 0xE1,
    0xCE, 0x06, 0x70, 0x3B, 0xFF, 0xCF, 0xFE, 0x00, 0x00, 0x70, 0x00, 0x70, 0x00, 0x70, 0x00, 0x71,
    0xC0, 0x71, 0xC0, 0x70, 0x80, 0x70, 0x00, 0x71, 0xF0, 0x77, 0xF8, 0x7F, 0xB8, 0x3E, 0x1C, 0x38,
    0x18, 0x70, 0x38, 0xFF, 0xFF, 0xFF, 0xFF, 0x00, 0x00, 0x1E, 0x01, 0xF0, 0x1F, 0x80, 0xC0, 0x0E,
    0x00, 0x30, 0xC1, 0xFE, 0x07, 0xF0, 0x3C, 0x03, 0x80, 0x18, 0x01, 0xC0, 0x0C, 0x00, 0x60, 0x03,
    0x00, 0x1C, 0x00, 0x70, 0x03, 0xFF, 0x87, 0xFC, 0x06, 0x00, 0x0F, 0x01, 0xFC, 0x1F, 0xF0, 0xE3,
    0x83, 0x98, 0x0F, 0xC0, 0x3C, 0x03, 0xFE, 0x3B, 0xF3, 0x80, 0x38, 0x01, 0x80, 0x0C, 0x00, 0x70,
    0x03, 0x80, 0x8F, 0xFE, 0x3F, 0xE0, 0x30, 0x00, 0x00, 0x07, 0xC3, 0xF1, 0xC0, 0x70, 0x1C, 0x03,
    0x80, 0xFF, 0xFF, 0xFF, 0x80, 0x00, 0x0F, 0x03, 0xF8, 0x7F, 0xC7, 0x1C, 0x79, 0x81, 0xF8, 0x1F,
    0x0F, 0xFF, 0xFB, 0xF0, 0x00, 0x0C, 0x00, 0x60, 0x00, 0x00, 0x00, 0x01, 0xE0, 0x1F, 0x01, 0xF8,
    0x0C, 0x00, 0xE0, 0x03, 0x0C, 0x1F, 0xE0, 0x7F, 0x03, 0xC0, 0x38, 0x01, 0x80, 0x1C, 0x00, 0xC0,
    0x06, 0x00, 0x30, 0x01, 0xC0, 0x07, 0x00, 0x3F, 0xF8, 0x7F, 0xC0, 0x60, 0x06, 0x00, 0x30, 0x00,
    0x80, 0x00, 0x00, 0xF0, 0x1F, 0xC1, 0xFF, 0x0E, 0x38, 0x39, 0x80, 0xFC, 0x03, 0xC0, 0x3F, 0xE3,
    0xBF, 0x38, 0x03, 0x80, 0x18, 0x00, 0xC0, 0x07, 0x00, 0x38, 0x08, 0xFF, 0xE3, 0xFE, 0x03, 0x00,
    0x0E, 0x03, 0x80, 0x40, 0x00, 0x00, 0x07, 0xC3, 0xF1, 0xC0, 0x70, 0x1C, 0x03, 0x80, 0xFF, 0xFF,
    0xFF, 0x80, 0x00, 0x06, 0x00, 0xE0, 0x04, 0x00, 0x00, 0x0F, 0x03, 0xF8, 0x7F, 0xC7, 0x1C, 0x79,
    0x81, 0xF8, 0x1F, 0x0F, 0xFF, 0xFB, 0xF0, 0x00, 0x00, 0x01, 0x80, 0x00, 0x38, 0x00, 0x01, 0x00,
    0x00, 0x00, 0x00, 0x01, 0xC0, 0x00, 0x3E, 0x00, 0x07, 0xE0, 0x00, 0x67, 0x60, 0x0E, 0x7E, 0x00,
    0xE7, 0xE0, 0x07, 0xFE, 0x00, 0x3F, 0xE0, 0x00, 0x77, 0xFF, 0xFE, 0x3F, 0xFF, 0xE0, 0xFF, 0xF0,
    0x00, 0x00, 0x60, 0x00, 0x00, 0xE0, 0x00, 0x00, 0x40, 0x00, 0x00, 0x00, 0x00, 0x00, 0xF0, 0x00,
    0x01, 0xF8, 0x60, 0x03, 0xF8, 0xE0, 0x03, 0x9C, 0xE0, 0x03, 0x1C, 0xE0, 0x03, 0x98, 0xE0, 0x01,
    0xF8, 0x7F, 0xFF, 0xFF, 0x3F, 0xFF, 0xFF, 0x0F, 0xFC, 0x00, 0x1C, 0x0E, 0x02, 0x00, 0x00, 0xC1,
    0xF8, 0xFC, 0xE6, 0x73, 0xB9, 0xCF, 0xE3, 0xF0, 0x77, 0xF3, 0xF0, 0x00, 0x0C, 0x00, 0xC0, 0x04,
    0x00, 0x00, 0x0E, 0x03, 0xF0, 0x3B, 0x87, 0x38, 0x71, 0x83, 0x38, 0x3F, 0x0F, 0xFE, 0xFF, 0xF0,
    0x00, 0x00, 0x6C, 0x00, 0x6C, 0x00, 0x00, 0x00, 0x00, 0x00, 0x3C, 0x00, 0x7E, 0x00, 0x6E, 0x00,
    0xE6, 0x60, 0xC7, 0x60, 0xFF, 0xE0, 0xFF, 0xE0, 0x3E, 0xE0, 0x06, 0xE0, 0x0E, 0x78, 0x3C, 0x3F,
    0xF8, 0x1F, 0xE0, 0x00, 0x7C, 0x00, 0x1F, 0x80, 0x02, 0x40, 0x00, 0x00, 0x00, 0x3C, 0x00, 0x1F,
    0x80, 0x0E, 0xE0, 0x03, 0x18, 0x70, 0xC7, 0x18, 0x3F, 0xFE, 0x07, 0xFF, 0x80, 0x18, 0xE0, 0x0E,
    0x1C, 0x07, 0x87, 0xCF, 0xC0, 0xFF, 0xE0, 0x0F, 0xE0, 0x00, 0x36, 0x1F, 0x04, 0x00, 0x00, 0xC1,
    0xF8, 0xFC, 0xE6, 0x73, 0xB9, 0xCF, 0xE3, 0xF0, 0x77, 0xF3, 0xF0, 0x00, 0x1F, 0x03, 0xF0, 0x12,
    0x00, 0x00, 0x0E, 0x03, 0xF0, 0x3B, 0x87, 0x38, 0x71, 0x83, 0x38, 0x3F, 0x0F, 0xFE, 0xFF, 0xF0,
    0x00, 0x00, 0x01, 0x80, 0x00, 0x60, 0x00, 0x18, 0x00, 0x06, 0x00, 0x61, 0x80, 0x38, 0x60, 0x0C,
    0x18, 0x03, 0x86, 0x60, 0x61, 0xB8, 0x78, 0x6E, 0x18, 0x1B, 0x80, 0x06, 0xE0, 0x03, 0x9F, 0xFF,
    0xE3, 0xFF, 0xF0, 0x3F, 0xE0, 0x00, 0x01, 0x80, 0x00, 0x0C, 0x00, 0x00, 0x60, 0x00, 0x03, 0x00,
    0x06, 0x18, 0x00, 0x70, 0xC0, 0x03, 0x06, 0x00, 0x1C, 0x30, 0x60, 0x61, 0x87, 0x0F, 0x0C, 0x38,
    0x60, 0x61, 0xC0, 0x03, 0x8E, 0x00, 0x3C, 0x3F, 0xFF, 0xF8, 0xFF, 0xFD, 0xE1, 0xFF, 0x00, 0x01,
    0x83, 0xC7, 0xCF, 0x87, 0x07, 0x01, 0xC0, 0x70, 0x1C, 0x07, 0x01, 0x80, 0xE0, 0x77, 0xF3, 0xF0,
    0x00, 0x01, 0x80, 0x78, 0x1F, 0x07, 0xC0, 0x70, 0x0E, 0x00, 0x70, 0x03, 0x80, 0x1C, 0x00, 0xE0,
    0x06, 0x00, 0x70, 0x07, 0x8F, 0xFF, 0xFC, 0xF0, 0x00, 0x00, 0x18, 0x00, 0x60, 0x01, 0x80, 0x06,
    0x00, 0x18, 0x00, 0x60, 0x01, 0x80, 0x06, 0x00, 0x18, 0x00, 0x60, 0x01, 0x98, 0x07, 0x60, 0x1B,
    0x80, 0x6E, 0x01, 0xB8, 0x06, 0xE0, 0x39, 0xE3, 0xC3, 0xFE, 0x07, 0xF0, 0x00, 0x18, 0x00, 0x0C,
    0x00, 0x06, 0x00, 0x03, 0x00, 0x01, 0x80, 0x00, 0xC0, 0x00, 0x60, 0x00, 0x30, 0x00, 0x18, 0x00,
    0x0C, 0x00, 0x06, 0x0C, 0x03, 0x86, 0x01, 0xC7, 0x00, 0xFB, 0x80, 0x7F, 0xC0, 0x30, 0xE0, 0x38,
    0x3C, 0x78, 0x0F, 0xF8, 0x03, 0xF8, 0x00, 0x31, 0x8C, 0x63, 0x18, 0xC6, 0x31, 0x8E, 0x73, 0x7B,
    0x80, 0x30, 0x30, 0x30, 0x30, 0x30, 0x30, 0x30, 0x30, 0x30, 0x30, 0x38, 0x38, 0x38, 0xFE, 0xEF,
    0x00, 0x1F, 0x0F, 0xE7, 0x39, 0x86, 0x01, 0xCF, 0xF7, 0xFB, 0x86, 0xE0, 0x38, 0x0E, 0x03, 0x80,
    0xE0, 0x18, 0x06, 0x01, 0x80, 0x00, 0x00, 0x07, 0x00, 0x7C, 0x0F, 0xE0, 0x73, 0x87, 0x8C, 0x7E,
    0x73, 0xFF, 0xF9, 0xFF, 0xC3, 0x06, 0x00, 0x30, 0x01, 0xC0, 0x0E, 0x00, 0x30, 0x01, 0x80, 0x0E,
    0x00, 0x00, 0x00, 0x07, 0x03, 0xE1, 0xFC, 0xE7, 0x30, 0xDE, 0x3F, 0xFF, 0xBE, 0x00, 0x00, 0x07,
    0x00, 0x3E, 0x01, 0xF8, 0x0E, 0x70, 0x38, 0xC1, 0xE3, 0x8F, 0xFF, 0xBB, 0xFE, 0x03, 0x00, 0x03,
    0x00, 0x0C, 0x00, 0x00, 0x00, 0x00, 0x00, 0x10, 0x00, 0xE0, 0x03, 0x98, 0x06, 0x60, 0x1B, 0x80,
    0x7E, 0x01, 0xF8, 0x06, 0xE0, 0x39, 0xE3, 0xC3, 0xFF, 0x07, 0xF0, 0x03, 0x00, 0x01, 0x80, 0x00,
    0x00, 0x00, 0x00, 0x00, 0x00, 0x00, 0x01, 0xC0, 0x00, 0xE0, 0xC0, 0x30, 0x60, 0x1C, 0x70, 0x0F,
    0xB8, 0x07, 0xFC, 0x03, 0x0E, 0x03, 0x83, 0xC3, 0xC0, 0xFF, 0xC0, 0x3F, 0x80, 0x73, 0x88, 0x01,
    0x18, 0xC7, 0x38, 0xCF, 0xEF, 0x00, 0x30, 0x1C, 0x04, 0x00, 0x01, 0x80, 0xC0, 0xE0, 0x70, 0xFF,
    0x77, 0x80, 0x00, 0x18, 0x1C, 0x3E, 0x7E, 0x67, 0xE3, 0xE3, 0xE3, 0x7F, 0x7E, 0x03, 0x00, 0x70,
    0x1F, 0x03, 0xF0, 0x73, 0x0E, 0x30, 0xE3, 0x07, 0xF0, 0x7F, 0x80, 0xFE, 0x01, 0xE0, 0x00, 0x00,
    0x01, 0xC0, 0x1E, 0x03, 0xF0, 0x37, 0x87, 0x3C, 0x73, 0xE3, 0x76, 0x3E, 0x6F, 0xFE, 0xFF, 0xE0,
    0x18, 0x07, 0x01, 0xF0, 0x1F, 0x83, 0xB8, 0x33, 0x83, 0x38, 0x77, 0x0F, 0xFF, 0xFF, 0xF7, 0x1C,
    0x30, 0xC3, 0xFC, 0x1F, 0x80, 0xF0, 0x00, 0x0F, 0x0F, 0xCE, 0xE6, 0x33, 0x1D, 0xFE, 0x7E, 0x0F,
    0x03, 0x8F, 0x8F, 0x87, 0x00, 0x00, 0x03, 0xC0, 0xFC, 0x3B, 0x86, 0x30, 0xC7, 0x1F, 0xF9, 0xFF,
    0x07, 0x00, 0xE0, 0xF8, 0x3E, 0x07, 0x00, 0x00, 0x1E, 0x00, 0x7F, 0x00, 0x72, 0x00, 0xE0, 0x00,
    0xC0, 0x60, 0xE0, 0x60, 0xF8, 0xE0, 0x7E, 0xE0, 0x0E, 0xE0, 0x0E, 0xE0, 0x1E, 0x78, 0x7C, 0x3F,
    0xF8, 0x1F, 0xE0, 0x60, 0x00, 0x30, 0x1C, 0x38, 0x0F, 0xDC, 0x03, 0xFE, 0x00, 0x67, 0x00, 0x71,
    0xE0, 0xF0, 0x7F, 0xF0, 0x1F, 0xE0, 0x00, 0x00, 0x1E, 0x00, 0x7F, 0x00, 0x72, 0x00, 0xE0, 0x00,
    0xC0, 0x60, 0xE0, 0x60, 0xF8, 0xE0, 0x7E, 0xE0, 0x0E, 0xE0, 0x0E, 0xE0, 0x1E, 0x78, 0x7C, 0x3F,
    0xF8, 0x1F, 0xE0, 0x00, 0x00, 0x00, 0x00, 0x06, 0xC0, 0x06, 0xC0, 0x60, 0x00, 0x30, 0x1C, 0x38,
    0x0F, 0xDC, 0x03, 0xFE, 0x00, 0x67, 0x00, 0x71, 0xE0, 0xF0, 0x7F, 0xF0, 0x1F, 0xE0, 0x00, 0x00,
    0x00, 0x00, 0x01, 0xF8, 0x00, 0xFC, 0x00, 0x08, 0x71, 0xC3, 0x0C, 0x30, 0xDF, 0x78, 0x00, 0x1B,
    0x6C, 0x1C, 0x0C, 0x06, 0x07, 0x0F, 0xFF, 0xFC, 0x00, 0x00, 0x7E, 0x3E, 0x00, 0x72, 0x07, 0xF9,
    0x83, 0x8C, 0x00, 0x61, 0x83, 0x0F, 0x18, 0x3C, 0xC0, 0xFE, 0x01, 0xF0, 0x07, 0x00, 0x3C, 0x03,
    0xF0, 0x39, 0x83, 0x8C, 0x3F, 0xE1, 0xFE, 0x38, 0x00, 0x7F, 0x30, 0x06, 0x30, 0x00, 0x30, 0x18,
    0x30, 0x1C, 0x30, 0x1E, 0x30, 0x0F, 0x30, 0x07, 0x30, 0x03, 0xB0, 0x01, 0xF0, 0x00, 0xF0, 0x00,
    0x70, 0x00, 0xF8, 0x1F, 0xFF, 0x1F, 0x9F, 0x00, 0x00, 0x70, 0x07, 0x00, 0x60, 0x07, 0x86, 0x70,
    0x60, 0x06, 0x30, 0x63, 0xC6, 0x1E, 0x60, 0xFE, 0x03, 0xE0, 0x1C, 0x01, 0xE0, 0x3F, 0x07, 0x30,
    0xE3, 0x1F, 0xF1, 0xFE, 0x70, 0x03, 0x80, 0x0C, 0x00, 0x3E, 0x30, 0xF0, 0xC0, 0x03, 0x06, 0x0C,
    0x1C, 0x30, 0x78, 0xC0, 0xF3, 0x01, 0xCC, 0x03, 0xB0, 0x07, 0xC0, 0x0F, 0x00, 0x1C, 0x00, 0xF8,
    0x7F, 0xFD, 0xF9, 0xF0, 0x00, 0x00, 0x00, 0xC0, 0x18, 0x03, 0x30, 0x67, 0x8C, 0x79, 0x87, 0xF0,
    0x3E, 0x03, 0x80, 0x78, 0x1F, 0x87, 0x31, 0xC6, 0x7F, 0xCF, 0xF0, 0x00, 0x38, 0x0F, 0x01, 0x80,
    0x1E, 0x07, 0x80, 0x00, 0xC0, 0x03, 0x00, 0x0C, 0x18, 0x30, 0x70, 0xC1, 0xE3, 0x03, 0xCC, 0x07,
    0x30, 0x0E, 0xC0, 0x1F, 0x00, 0x3C, 0x00, 0x70, 0x03, 0xE1, 0xFF, 0xF7, 0xE7, 0xC0, 0x00, 0x1C,
    0x00, 0x70, 0x01, 0x80, 0x07, 0x80, 0x1C, 0x00, 0x00, 0xC0, 0x18, 0x03, 0x30, 0x67, 0x8C, 0x79,
    0x87, 0xF0, 0x3E, 0x03, 0x80, 0x78, 0x1F, 0x87, 0x31, 0xC6, 0x7F, 0xCF, 0xF0, 0x00, 0xC0, 0x03,
    0x00, 0x0C, 0x18, 0x30, 0x70, 0xC1, 0xE3, 0x03, 0xCC, 0x07, 0x30, 0x0E, 0xC0, 0x1F, 0x00, 0x3C,
    0x00, 0x70, 0x03, 0xE1, 0xFF, 0xF7, 0xE7, 0xC0, 0x00,
};

static const EpdGlyph inter_10_regularGlyphs[] = {
    { 0, 0, 195, 0, 0, 0, 0 }, // U+0000
    { 0, 0, 87, 0, 0, 0, 0 }, // U+000D
    { 0, 0, 94, 0, 0, 0, 0 }, // U+0020
    { 4, 16, 96, 1, 16, 8, 0 }, // !
    { 6, 6, 155, 2, 16, 5, 8 }, // "
    { 13, 16, 211, 0, 16, 26, 13 }, // #
    { 12, 21, 214, 1, 19, 32, 39 }, // $
    { 17, 16, 327, 2, 16, 34, 71 }, // %
    { 13, 16, 215, 1, 16, 26, 105 }, // &
    { 3, 6, 100, 2, 16, 3, 131 }, // '
    { 5, 20, 122, 2, 17, 13, 134 }, // (
    { 6, 20, 122, 0, 17, 15, 147 }, // )
    { 9, 9, 167, 1, 16, 11, 162 }, // *
    { 11, 10, 220, 1, 11, 14, 173 }, // +
    { 4, 6, 96, 1, 3, 3, 187 }, // ,
    { 8, 2, 153, 1, 8, 2, 190 }, // -
    { 4, 3, 96, 1, 3, 2, 192 }, // .
    { 8, 19, 120, 0, 17, 19, 194 }, // /
    { 11, 16, 210, 1, 16, 22, 213 }, // 0
    { 7, 16, 136, 0, 16, 14, 235 }, // 1
    { 11, 16, 203, 1, 16, 22, 249 }, // 2
    { 11, 16, 206, 1, 16, 22, 271 }, // 3
    { 12, 16, 215, 1, 16, 24, 293 }, // 4
    { 11, 16, 198, 1, 16, 22, 317 }, // 5
    { 11, 16, 207, 1, 16, 22, 339 }, // 6
    { 10, 16, 189, 1, 16, 20, 361 }, // 7
    { 11, 16, 206, 1, 16, 22, 381 }, // 8
    { 11, 16, 207, 1, 16, 22, 403 }, // 9
    { 4, 11, 96, 1, 11, 6, 425 }, // :
    { 4, 14, 101, 1, 11, 7, 431 }, // ;
    { 11, 12, 220, 1, 12, 17, 438 }, // <
    { 10, 7, 220, 2, 10, 9, 455 }, // =
    { 11, 12, 220, 2, 12, 17, 464 }, // >
    { 10, 16, 170, 0, 16, 20, 481 }, // ?
    { 18, 20, 322, 1, 16, 45, 501 }, // @
    { 14, 16, 230, 0, 16, 28, 546 }, // A
    { 12, 16, 218, 1, 16, 24, 574 }, // B
    { 14, 16, 243, 1, 16, 28, 598 }, // C
    { 13, 16, 240, 1, 16, 26, 626 }, // D
    { 11, 16, 200, 1, 16, 22, 652 }, // E
    { 10, 16, 197, 1, 16, 20, 674 }, // F
    { 14, 16, 249, 1, 16, 28, 694 }, // G
    { 13, 16, 248, 1, 16, 26, 722 }, // H
    { 3, 16, 89, 1, 16, 6, 748 }, // I
    { 10, 16, 190, 1, 16, 20, 754 }, // J
    { 13, 16, 224, 1, 16, 26, 774 }, // K
    { 10, 16, 188, 1, 16, 20, 800 }, // L
    { 16, 16, 301, 1, 16, 32, 820 }, // M
    { 13, 16, 251, 1, 16, 26, 852 }, // N
    { 14, 16, 255, 1, 16, 28, 878 }, // O
    { 12, 16, 213, 1, 16, 24, 906 }, // P
    { 14, 18, 255, 1, 16, 32, 930 }, // Q
    { 12, 16, 214, 1, 16, 24, 962 }, // R
    { 12, 16, 214, 1, 16, 24, 986 }, // S
    { 12, 16, 215, 1, 16, 24, 1010 }, // T
    { 13, 16, 248, 1, 16, 26, 1034 }, // U
    { 14, 16, 230, 0, 16, 28, 1060 }, // V
    { 20, 16, 328, 0, 16, 40, 1088 }, // W
    { 14, 16, 227, 0, 16, 28, 1128 }, // X
    { 14, 16, 226, 0, 16, 28, 1156 }, // Y
    { 11, 16, 210, 1, 16, 22, 1184 }, // Z
    { 5, 20, 122, 2, 17, 13, 1206 }, // [
    { 8, 19, 120, 0, 17, 19, 1219 }, // <backslash>
    { 5, 20, 122, 1, 17, 13, 1238 }, // ]
    { 9, 7, 157, 0, 16, 8, 1251 }, // ^
    { 10, 2, 152, 0, 0, 3, 1259 }, // _
    { 4, 3, 108, 1, 16, 2, 1262 }, // `
    { 11, 12, 187, 0, 12, 17, 1264 }, // a
    { 11, 16, 204, 1, 16, 22, 1281 }, // b
    { 10, 12, 190, 1, 12, 15, 1303 }, // c
    { 11, 16, 204, 1, 16, 22, 1318 }, // d
    { 11, 12, 194, 1, 12, 17, 1340 }, // e
    { 8, 17, 123, 0, 17, 17, 1357 }, // f
    { 11, 16, 204, 1, 12, 22, 1374 }, // g
    { 10, 16, 197, 1, 16, 20, 1396 }, // h
    { 3, 17, 81, 1, 17, 7, 1416 }, // i
    { 5, 21, 81, -1, 17, 14, 1423 }, // j
    { 11, 16, 183, 1, 16, 22, 1437 }, // k
    { 3, 16, 81, 1, 16, 6, 1459 }, // l
    { 16, 12, 292, 1, 12, 24, 1465 }, // m
    { 10, 12, 197, 1, 12, 15, 1489 }, // n
    { 11, 12, 200, 1, 12, 17, 1504 }, // o
    { 11, 16, 204, 1, 12, 22, 1521 }, // p
    { 11, 16, 204, 1, 12, 22, 1543 }, // q
    { 7, 12, 125, 1, 12, 11, 1565 }, // r
    { 9, 12, 176, 1, 12, 14, 1576 }, // s
    { 7, 15, 109, 0, 15, 14, 1590 }, // t
    { 10, 12, 197, 1, 12, 15, 1604 }, // u
    { 12, 12, 187, 0, 12, 18, 1619 }, // v
    { 17, 12, 273, 0, 12, 26, 1637 }, // w
    { 11, 12, 182, 0, 12, 17, 1663 }, // x
    { 12, 16, 187, 0, 12, 24, 1680 }, // y
    { 10, 12, 184, 1, 12, 15, 1704 }, // z
    { 7, 21, 142, 1, 17, 19, 1719 }, // {
    { 3, 26, 111, 2, 21, 10, 1738 }, // |
    { 7, 21, 142, 1, 17, 19, 1748 }, // }
    { 12, 4, 220, 1, 8, 6, 1767 }, // ~
    { 0, 0, 94, 0, 0, 0, 1773 }, // U+00A0
    { 4, 16, 96, 1, 12, 8, 1773 }, // U+00A1
    { 10, 16, 190, 1, 16, 20, 1781 }, // U+00A2
    { 11, 16, 204, 1, 16, 22, 1801 }, // U+00A3
    { 13, 14, 241, 1, 14, 23, 1823 }, // U+00A4
    { 12, 16, 183, 0, 16, 24, 1846 }, // U+00A5
    { 3, 18, 90, 1, 16, 7, 1870 }, // U+00A6
    { 10, 19, 189, 1, 16, 24, 1877 }, // U+00A7
    { 8, 3, 197, 2, 17, 3, 1901 }, // U+00A8
    { 17, 16, 305, 1, 16, 34, 1904 }, // U+00A9
    { 9, 9, 151, 0, 16, 11, 1938 }, // U+00AA
    { 11, 10, 194, 1, 12, 14, 1949 }, // U+00AB
    { 9, 5, 220, 2, 8, 6, 1963 }, // U+00AC
    { 12, 13, 222, 1, 17, 20, 1969 }, // U+00AE
    { 6, 2, 159, 2, 16, 2, 1989 }, // U+00AF
    { 8, 7, 152, 1, 16, 7, 1991 }, // U+00B0
    { 10, 11, 220, 2, 12, 14, 1998 }, // U+00B1
    { 8, 9, 147, 1, 18, 9, 2012 }, // U+00B2
    { 8, 9, 149, 1, 18, 9, 2021 }, // U+00B3
    { 5, 3, 108, 1, 16, 2, 2030 }, // U+00B4
    { 12, 16, 195, 1, 12, 24, 2032 }, // U+00B5
    { 10, 16, 201, 1, 16, 20, 2056 }, // U+00B6
    { 4, 3, 96, 1, 9, 2, 2076 }, // U+00B7
    { 5, 6, 89, 1, 1, 4, 2078 }, // U+00B8
    { 5, 9, 101, 1, 18, 6, 2082 }, // U+00B9
    { 10, 9, 161, 0, 16, 12, 2088 }, // U+00BA
    { 12, 10, 194, 0, 12, 15, 2100 }, // U+00BB
    { 16, 16, 267, 0, 16, 32, 2115 }, // U+00BC
    { 17, 16, 282, 0, 16, 34, 2147 }, // U+00BD
    { 17, 16, 294, 1, 16, 34, 2181 }, // U+00BE
    { 9, 16, 170, 1, 12, 18, 2215 }, // U+00BF
    { 14, 20, 230, 0, 20, 35, 2233 }, // U+00C0
    { 14, 20, 230, 0, 20, 35, 2268 }, // U+00C1
    { 14, 21, 230, 0, 21, 37, 2303 }, // U+00C2
    { 14, 21, 230, 0, 21, 37, 2340 }, // U+00C3
    { 14, 21, 230, 0, 21, 37, 2377 }, // U+00C4
    { 14, 22, 230, 0, 22, 39, 2414 }, // U+00C5
    { 20, 16, 331, 0, 16, 40, 2453 }, // U+00C6
    { 14, 21, 243, 1, 16, 37, 2493 }, // U+00C7
    { 11, 20, 200, 1, 20, 28, 2530 }, // U+00C8
    { 11, 20, 200, 1, 20, 28, 2558 }, // U+00C9
    { 11, 21, 200, 1, 21, 29, 2586 }, // U+00CA
    { 11, 21, 200, 1, 21, 29, 2615 }, // U+00CB
    { 4, 20, 89, 0, 20, 10, 2644 }, // U+00CC
    { 5, 20, 89, 1, 20, 13, 2654 }, // U+00CD
    { 8, 21, 89, -1, 21, 21, 2667 }, // U+00CE
    { 8, 21, 89, -1, 21, 21, 2688 }, // U+00CF
    { 15, 16, 245, 0, 16, 30, 2709 }, // U+00D0
    { 13, 21, 251, 1, 21, 35, 2739 }, // U+00D1
    { 14, 20, 255, 1, 20, 35, 2774 }, // U+00D2
    { 14, 20, 255, 1, 20, 35, 2809 }, // U+00D3
    { 14, 21, 255, 1, 21, 37, 2844 }, // U+00D4
    { 14, 21, 255, 1, 21, 37, 2881 }, // U+00D5
    { 14, 21, 255, 1, 21, 37, 2918 }, // U+00D6
    { 10, 10, 220, 2, 11, 13, 2955 }, // U+00D7
    { 14, 17, 255, 1, 16, 30, 2968 }, // U+00D8
    { 13, 20, 248, 1, 20, 33, 2998 }, // U+00D9
    { 13, 20, 248, 1, 20, 33, 3031 }, // U+00DA
    { 13, 21, 248, 1, 21, 35, 3064 }, // U+00DB
    { 13, 21, 248, 1, 21, 35, 3099 }, // U+00DC
    { 14, 20, 226, 0, 20, 35, 3134 }, // U+00DD
    { 11, 16, 212, 1, 16, 22, 3169 }, // U+00DE
    { 11, 16, 205, 1, 16, 22, 3191 }, // U+00DF
    { 11, 16, 187, 0, 16, 22, 3213 }, // U+00E0
    { 11, 16, 187, 0, 16, 22, 3235 }, // U+00E1
    { 11, 17, 187, 0, 17, 24, 3257 }, // U+00E2
    { 11, 17, 187, 0, 17, 24, 3281 }, // U+00E3
    { 11, 17, 187, 0, 17, 24, 3305 }, // U+00E4
    { 11, 19, 187, 0, 19, 27, 3329 }, // U+00E5
    { 19, 12, 306, 0, 12, 29, 3356 }, // U+00E6
    { 10, 17, 190, 1, 12, 22, 3385 }, // U+00E7
    { 11, 16, 194, 1, 16, 22, 3407 }, // U+00E8
    { 11, 16, 194, 1, 16, 22, 3429 }, // U+00E9
    { 11, 17, 194, 1, 17, 24, 3451 }, // U+00EA
    { 11, 17, 194, 1, 17, 24, 3475 }, // U+00EB
    { 5, 16, 81, -1, 16, 10, 3499 }, // U+00EC
    { 5, 16, 81, 1, 16, 10, 3509 }, // U+00ED
    { 7, 17, 81, -1, 17, 15, 3519 }, // U+00EE
    { 7, 17, 81, -1, 17, 15, 3534 }, // U+00EF
    { 11, 18, 194, 1, 18, 25, 3549 }, // U+00F0
    { 10, 17, 197, 1, 17, 22, 3574 }, // U+00F1
    { 11, 16, 200, 1, 16, 22, 3596 }, // U+00F2
    { 11, 16, 200, 1, 16, 22, 3618 }, // U+00F3
    { 11, 17, 200, 1, 17, 24, 3640 }, // U+00F4
    { 11, 17, 200, 1, 17, 24, 3664 }, // U+00F5
    { 11, 17, 200, 1, 17, 24, 3688 }, // U+00F6
    { 10, 11, 220, 2, 12, 14, 3712 }, // U+00F7
    { 12, 13, 200, 0, 12, 20, 3726 }, // U+00F8
    { 10, 16, 197, 1, 16, 20, 3746 }, // U+00F9
    { 10, 16, 197, 1, 16, 20, 3766 }, // U+00FA
    { 10, 17, 197, 1, 17, 22, 3786 }, // U+00FB
    { 10, 17, 197, 1, 17, 22, 3808 }, // U+00FC
    { 12, 20, 187, 0, 16, 30, 3830 }, // U+00FD
    { 11, 20, 204, 1, 16, 28, 3860 }, // U+00FE
    { 12, 21, 187, 0, 17, 32, 3888 }, // U+00FF
    { 14, 20, 230, 0, 20, 35, 3920 }, // U+0100
    { 11, 16, 187, 0, 16, 22, 3955 }, // U+0101
    { 14, 21, 230, 0, 21, 37, 3977 }, // U+0102
    { 11, 17, 187, 0, 17, 24, 4014 }, // U+0103
    { 15, 20, 230, 0, 16, 38, 4038 }, // U+0104
    { 11, 16, 187, 0, 12, 22, 4076 }, // U+0105
    { 14, 20, 243, 1, 20, 35, 4098 }, // U+0106
    { 10, 16, 190, 1, 16, 20, 4133 }, // U+0107
    { 14, 21, 243, 1, 21, 37, 4153 }, // U+0108
    { 10, 17, 190, 1, 17, 22, 4190 }, // U+0109
    { 14, 21, 243, 1, 21, 37, 4212 }, // U+010A
    { 10, 17, 190, 1, 17, 22, 4249 }, // U+010B
    { 14, 21, 243, 1, 21, 37, 4271 }, // U+010C
    { 10, 17, 190, 1, 17, 22, 4308 }, // U+010D
    { 13, 21, 240, 1, 21, 35, 4330 }, // U+010E
    { 14, 17, 237, 1, 17, 30, 4365 }, // U+010F
    { 15, 16, 245, 0, 16, 30, 4395 }, // U+0110
    { 12, 16, 204, 1, 16, 24, 4425 }, // U+0111
    { 11, 20, 200, 1, 20, 28, 4449 }, // U+0112
    { 11, 16, 194, 1, 16, 22, 4477 }, // U+0113
    { 11, 21, 200, 1, 21, 29, 4499 }, // U+0114
    { 11, 17, 194, 1, 17, 24, 4528 }, // U+0115
    { 11, 21, 200, 1, 21, 29, 4552 }, // U+0116
    { 11, 17, 194, 1, 17, 24, 4581 }, // U+0117
    { 11, 21, 200, 1, 16, 29, 4605 }, // U+0118
    { 11, 16, 194, 1, 12, 22, 4634 }, // U+0119
    { 11, 21, 200, 1, 21, 29, 4656 }, // U+011A
    { 11, 17, 194, 1, 17, 24, 4685 }, // U+011B
    { 14, 21, 249, 1, 21, 37, 4709 }, // U+011C
    { 11, 21, 204, 1, 17, 29, 4746 }, // U+011D
    { 14, 21, 249, 1, 21, 37, 4775 }, // U+011E
    { 11, 21, 204, 1, 17, 29, 4812 }, // U+011F
    { 14, 21, 249, 1, 21, 37, 4841 }, // U+0120
    { 11, 21, 204, 1, 17, 29, 4878 }, // U+0121
    { 14, 21, 249, 1, 16, 37, 4907 }, // U+0122
    { 11, 22, 204, 1, 18, 31, 4944 }, // U+0123
    { 13, 21, 248, 1, 21, 35, 4975 }, // U+0124
    { 12, 21, 197, -1, 21, 32, 5010 }, // U+0125
    { 15, 16, 259, 1, 16, 30, 5042 }, // U+0126
    { 11, 16, 197, 0, 16, 22, 5072 }, // U+0127
    { 7, 21, 89, -1, 21, 19, 5094 }, // U+0128
    { 7, 17, 81, -1, 17, 15, 5113 }, // U+0129
    { 7, 20, 89, -1, 20, 18, 5128 }, // U+012A
    { 7, 16, 81, -1, 16, 14, 5146 }, // U+012B
    { 7, 21, 89, -1, 21, 19, 5160 }, // U+012C
    { 7, 17, 81, -1, 17, 15, 5179 }, // U+012D
    { 5, 21, 89, 0, 16, 14, 5194 }, // U+012E
    { 6, 22, 81, -1, 17, 17, 5208 }, // U+012F
    { 4, 21, 89, 1, 21, 11, 5225 }, // U+0130
    { 3, 12, 81, 1, 12, 5, 5236 }, // U+0131
    { 15, 16, 280, 1, 16, 30, 5241 }, // U+0132
    { 8, 21, 161, 1, 17, 21, 5271 }, // U+0133
    { 12, 21, 190, 1, 21, 32, 5292 }, // U+0134
    { 7, 21, 81, -1, 17, 19, 5324 }, // U+0135
    { 13, 21, 224, 1, 16, 35, 5343 }, // U+0136
    { 11, 21, 183, 1, 16, 29, 5378 }, // U+0137
    { 10, 12, 175, 1, 12, 15, 5407 }, // U+0138
    { 10, 20, 188, 1, 20, 25, 5422 }, // U+0139
    { 5, 20, 81, 1, 20, 13, 5447 }, // U+013A
    { 10, 21, 188, 1, 16, 27, 5460 }, // U+013B
    { 4, 21, 81, 0, 16, 11, 5487 }, // U+013C
    { 10, 17, 188, 1, 17, 22, 5498 }, // U+013D
    { 6, 17, 113, 1, 17, 13, 5520 }, // U+013E
    { 10, 16, 187, 1, 16, 20, 5533 }, // U+013F
    { 7, 16, 120, 1, 16, 14, 5553 }, // U+0140
    { 12, 16, 198, 0, 16, 24, 5567 }, // U+0141
    { 7, 16, 81, -1, 16, 14, 5591 }, // U+0142
    { 13, 20, 251, 1, 20, 33, 5605 }, // U+0143
    { 10, 16, 197, 1, 16, 20, 5638 }, // U+0144
    { 13, 21, 251, 1, 16, 35, 5658 }, // U+0145
    { 10, 17, 197, 1, 12, 22, 5693 }, // U+0146
    { 13, 21, 251, 1, 21, 35, 5715 }, // U+0147
    { 10, 17, 197, 1, 17, 22, 5750 }, // U+0148
    { 13, 20, 251, 1, 16, 33, 5772 }, // U+014A
    { 10, 16, 197, 1, 12, 20, 5805 }, // U+014B
    { 14, 20, 255, 1, 20, 35, 5825 }, // U+014C
    { 11, 16, 200, 1, 16, 22, 5860 }, // U+014D
    { 14, 21, 255, 1, 21, 37, 5882 }, // U+014E
    { 11, 17, 200, 1, 17, 24, 5919 }, // U+014F
    { 14, 20, 255, 1, 20, 35, 5943 }, // U+0150
    { 11, 16, 200, 1, 16, 22, 5978 }, // U+0151
    { 19, 16, 335, 1, 16, 38, 6000 }, // U+0152
    { 19, 12, 333, 1, 12, 29, 6038 }, // U+0153
    { 12, 20, 214, 1, 20, 30, 6067 }, // U+0154
    { 7, 16, 125, 1, 16, 14, 6097 }, // U+0155
    { 12, 21, 214, 1, 16, 32, 6111 }, // U+0156
    { 8, 17, 125, 0, 12, 17, 6143 }, // U+0157
    { 12, 21, 214, 1, 21, 32, 6160 }, // U+0158
    { 7, 17, 125, 1, 17, 15, 6192 }, // U+0159
    { 12, 20, 214, 1, 20, 30, 6207 }, // U+015A
    { 9, 16, 176, 1, 16, 18, 6237 }, // U+015B
    { 12, 21, 214, 1, 21, 32, 6255 }, // U+015C
    { 9, 17, 176, 1, 17, 20, 6287 }, // U+015D
    { 12, 21, 214, 1, 16, 32, 6307 }, // U+015E
    { 9, 17, 176, 1, 12, 20, 6339 }, // U+015F
    { 12, 21, 214, 1, 21, 32, 6359 }, // U+0160
    { 9, 17, 176, 1, 17, 20, 6391 }, // U+0161
    { 12, 21, 215, 1, 16, 32, 6411 }, // U+0162
    { 7, 20, 109, 0, 15, 18, 6443 }, // U+0163
    { 12, 21, 215, 1, 21, 32, 6461 }, // U+0164
    { 7, 18, 125, 0, 18, 16, 6493 }, // U+0165
    { 12, 16, 215, 1, 16, 24, 6509 }, // U+0166
    { 7, 15, 109, 0, 15, 14, 6533 }, // U+0167
    { 13, 21, 248, 1, 21, 35, 6547 }, // U+0168
    { 10, 17, 197, 1, 17, 22, 6582 }, // U+0169
    { 13, 20, 248, 1, 20, 33, 6604 }, // U+016A
    { 10, 16, 197, 1, 16, 20, 6637 }, // U+016B
    { 13, 21, 248, 1, 21, 35, 6657 }, // U+016C
    { 10, 17, 197, 1, 17, 22, 6692 }, // U+016D
    { 13, 22, 248, 1, 22, 36, 6714 }, // U+016E
    { 10, 19, 197, 1, 19, 24, 6750 }, // U+016F
    { 13, 20, 248, 1, 20, 33, 6774 }, // U+0170
    { 10, 16, 197, 1, 16, 20, 6807 }, // U+0171
    { 13, 20, 248, 1, 16, 33, 6827 }, // U+0172
    { 11, 17, 197, 1, 12, 24, 6860 }, // U+0173
    { 20, 21, 328, 0, 21, 53, 6884 }, // U+0174
    { 17, 17, 273, 0, 17, 37, 6937 }, // U+0175
    { 14, 21, 226, 0, 21, 37, 6974 }, // U+0176
    { 12, 21, 187, 0, 17, 32, 7011 }, // U+0177
    { 14, 21, 226, 0, 21, 37, 7043 }, // U+0178
    { 11, 20, 210, 1, 20, 28, 7080 }, // U+0179
    { 10, 16, 184, 1, 16, 20, 7108 }, // U+017A
    { 11, 21, 210, 1, 21, 29, 7128 }, // U+017B
    { 10, 17, 184, 1, 17, 22, 7157 }, // U+017C
    { 11, 21, 210, 1, 21, 29, 7179 }, // U+017D
    { 10, 17, 184, 1, 17, 22, 7208 }, // U+017E
    { 6, 17, 105, 1, 17, 13, 7230 }, // U+017F
    { 14, 19, 254, 1, 19, 34, 7243 }, // U+01A0
    { 11, 15, 199, 1, 15, 21, 7277 }, // U+01A1
    { 15, 18, 247, 1, 18, 34, 7298 }, // U+01AF
    { 12, 15, 206, 1, 15, 23, 7332 }, // U+01B0
    { 25, 17, 425, 1, 17, 54, 7355 }, // U+01C5
    { 22, 17, 388, 1, 17, 47, 7409 }, // U+01C6
    { 21, 16, 379, 1, 16, 42, 7456 }, // U+01C7
    { 15, 21, 269, 1, 17, 40, 7498 }, // U+01C8
    { 8, 21, 161, 1, 17, 21, 7538 }, // U+01C9
    { 25, 16, 441, 1, 16, 50, 7559 }, // U+01CA
    { 19, 21, 332, 1, 17, 50, 7609 }, // U+01CB
    { 16, 21, 278, 1, 17, 42, 7659 }, // U+01CC
    { 14, 21, 230, 0, 21, 37, 7701 }, // U+01CD
    { 11, 17, 187, 0, 17, 24, 7738 }, // U+01CE
    { 8, 21, 89, -1, 21, 21, 7762 }, // U+01CF
    { 7, 17, 81, -1, 17, 15, 7783 }, // U+01D0
    { 14, 21, 255, 1, 21, 37, 7798 }, // U+01D1
    { 11, 17, 200, 1, 17, 24, 7835 }, // U+01D2
    { 13, 21, 248, 1, 21, 35, 7859 }, // U+01D3
    { 10, 17, 197, 1, 17, 22, 7894 }, // U+01D4
    { 13, 23, 248, 1, 23, 38, 7916 }, // U+01D5
    { 10, 19, 197, 1, 19, 24, 7954 }, // U+01D6
    { 13, 24, 248, 1, 24, 39, 7978 }, // U+01D7
    { 10, 20, 197, 1, 20, 25, 8017 }, // U+01D8
    { 13, 24, 248, 1, 24, 39, 8042 }, // U+01D9
    { 10, 20, 197, 1, 20, 25, 8081 }, // U+01DA
    { 13, 24, 248, 1, 24, 39, 8106 }, // U+01DB
    { 10, 20, 197, 1, 20, 25, 8145 }, // U+01DC
    { 11, 12, 194, 1, 12, 17, 8170 }, // U+01DD
    { 14, 23, 230, 0, 23, 41, 8187 }, // U+01DE
    { 11, 19, 187, 0, 19, 27, 8228 }, // U+01DF
    { 14, 23, 230, 0, 23, 41, 8255 }, // U+01E0
    { 11, 19, 187, 0, 19, 27, 8296 }, // U+01E1
    { 20, 20, 331, 0, 20, 50, 8323 }, // U+01E2
    { 19, 16, 306, 0, 16, 38, 8373 }, // U+01E3
    { 14, 16, 249, 1, 16, 28, 8411 }, // U+01E4
    { 13, 16, 224, 1, 12, 26, 8439 }, // U+01E5
    { 14, 21, 249, 1, 21, 37, 8465 }, // U+01E6
    { 11, 21, 204, 1, 17, 29, 8502 }, // U+01E7
    { 13, 21, 224, 1, 21, 35, 8531 }, // U+01E8
    { 13, 21, 183, -1, 21, 35, 8566 }, // U+01E9
    { 14, 20, 255, 1, 16, 35, 8601 }, // U+01EA
    { 11, 16, 200, 1, 12, 22, 8636 }, // U+01EB
    { 14, 24, 255, 1, 20, 42, 8658 }, // U+01EC
    { 11, 20, 200, 1, 16, 28, 8700 }, // U+01ED
    { 13, 25, 228, 1, 21, 41, 8728 }, // U+01EE
    { 11, 21, 207, 1, 17, 29, 8769 }, // U+01EF
    { 7, 21, 81, -1, 17, 19, 8798 }, // U+01F0
    { 26, 16, 450, 1, 16, 52, 8817 }, // U+01F1
    { 25, 16, 425, 1, 16, 50, 8869 }, // U+01F2
    { 22, 16, 388, 1, 16, 44, 8919 }, // U+01F3
    { 14, 20, 249, 1, 20, 35, 8963 }, // U+01F4
    { 11, 20, 204, 1, 16, 28, 8998 }, // U+01F5
    { 21, 16, 373, 1, 16, 42, 9026 }, // U+01F6
    { 12, 20, 212, 1, 16, 30, 9068 }, // U+01F7
    { 13, 20, 251, 1, 20, 33, 9098 }, // U+01F8
    { 10, 16, 197, 1, 16, 20, 9131 }, // U+01F9
    { 14, 24, 230, 0, 24, 42, 9151 }, // U+01FA
    { 11, 21, 187, 0, 21, 29, 9193 }, // U+01FB
    { 20, 20, 331, 0, 20, 50, 9222 }, // U+01FC
    { 19, 16, 306, 0, 16, 38, 9272 }, // U+01FD
    { 14, 21, 255, 1, 20, 37, 9310 }, // U+01FE
    { 12, 17, 200, 0, 16, 26, 9347 }, // U+01FF
    { 14, 20, 230, 0, 20, 35, 9373 }, // U+0200
    { 11, 16, 187, 0, 16, 22, 9408 }, // U+0201
    { 14, 21, 230, 0, 21, 37, 9430 }, // U+0202
    { 11, 17, 187, 0, 17, 24, 9467 }, // U+0203
    { 11, 20, 200, 1, 20, 28, 9491 }, // U+0204
    { 11, 16, 194, 1, 16, 22, 9519 }, // U+0205
    { 11, 21, 200, 1, 21, 29, 9541 }, // U+0206
    { 11, 17, 194, 1, 17, 24, 9570 }, // U+0207
    { 8, 20, 89, -2, 20, 20, 9594 }, // U+0208
    { 8, 16, 81, -3, 16, 16, 9614 }, // U+0209
    { 7, 21, 89, -1, 21, 19, 9630 }, // U+020A
    { 7, 17, 81, -1, 17, 15, 9649 }, // U+020B
    { 14, 20, 255, 1, 20, 35, 9664 }, // U+020C
    { 11, 16, 200, 1, 16, 22, 9699 }, // U+020D
    { 14, 21, 255, 1, 21, 37, 9721 }, // U+020E
    { 11, 17, 200, 1, 17, 24, 9758 }, // U+020F
    { 12, 20, 214, 1, 20, 30, 9782 }, // U+0210
    { 9, 16, 125, -1, 16, 18, 9812 }, // U+0211
    { 12, 21, 214, 1, 21, 32, 9830 }, // U+0212
    { 7, 17, 125, 1, 17, 15, 9862 }, // U+0213
    { 13, 20, 248, 1, 20, 33, 9877 }, // U+0214
    { 10, 16, 197, 1, 16, 20, 9910 }, // U+0215
    { 13, 21, 248, 1, 21, 35, 9930 }, // U+0216
    { 10, 17, 197, 1, 17, 22, 9965 }, // U+0217
    { 12, 21, 214, 1, 16, 32, 9987 }, // U+0218
    { 9, 17, 176, 1, 12, 20, 10019 }, // U+0219
    { 12, 21, 215, 1, 16, 32, 10039 }, // U+021A
    { 7, 20, 109, 0, 15, 18, 10071 }, // U+021B
    { 11, 21, 211, 1, 16, 29, 10089 }, // U+021C
    { 9, 17, 181, 1, 12, 20, 10118 }, // U+021D
    { 13, 21, 248, 1, 21, 35, 10138 }, // U+021E
    { 12, 21, 197, -1, 21, 32, 10173 }, // U+021F
    { 4, 3, 0, 1, 16, 2, 10205 }, // U+0300
    { 5, 3, 0, 1, 16, 2, 10207 }, // U+0301
    { 7, 3, 0, 1, 17, 3, 10209 }, // U+0302
    { 7, 4, 0, 2, 17, 4, 10212 }, // U+0303
    { 6, 2, 0, 2, 16, 2, 10216 }, // U+0304
    { 6, 3, 0, 1, 17, 3, 10218 }, // U+0306
    { 3, 3, 0, 1, 17, 2, 10221 }, // U+0307
    { 8, 3, 0, 2, 17, 3, 10223 }, // U+0308
    { 4, 4, 0, 1, 17, 2, 10226 }, // U+0309
    { 6, 6, 0, 0, 19, 5, 10228 }, // U+030A
    { 9, 4, 0, -3, 17, 5, 10233 }, // U+030B
    { 7, 3, 0, 1, 17, 3, 10238 }, // U+030C
    { 8, 3, 0, 1, 16, 3, 10241 }, // U+030F
    { 4, 6, 0, -2, 15, 3, 10244 }, // U+0312
    { 4, 7, 0, 4, 11, 4, 10247 }, // U+0313
    { 4, 7, 0, 4, 11, 4, 10251 }, // U+0315
    { 4, 5, 0, -4, 15, 3, 10255 }, // U+031B
    { 3, 3, 81, 1, -1, 2, 10258 }, // U+0323
    { 3, 5, 0, -8, -2, 2, 10260 }, // U+0326
    { 5, 6, 0, 1, 1, 4, 10262 }, // U+0327
    { 6, 5, 0, 0, 0, 4, 10266 }, // U+0328
    { 7, 3, 0, 1, -1, 3, 10270 }, // U+032C
    { 9, 14, 0, -11, 13, 16, 10273 }, // U+0337
    { 12, 17, 0, -12, 16, 26, 10289 }, // U+0338
    { 7, 4, 0, -9, 17, 4, 10315 }, // U+0342
    { 4, 4, 0, 0, 13, 2, 10319 }, // U+0343
    { 8, 5, 0, -10, 18, 5, 10321 }, // U+0346
    { 7, 6, 0, -10, -1, 6, 10326 }, // U+0347
    { 5, 4, 0, -8, -1, 3, 10332 }, // U+0348
    { 5, 5, 0, -8, -1, 4, 10335 }, // U+0349
    { 8, 5, 0, -10, 17, 5, 10339 }, // U+034A
    { 9, 8, 0, -11, 20, 9, 10344 }, // U+034B
    { 8, 5, 0, -10, 18, 5, 10353 }, // U+034C
    { 10, 6, 0, -11, -1, 8, 10358 }, // U+034D
    { 6, 5, 0, -9, -1, 4, 10366 }, // U+034E
    { 0, 0, 0, 0, 0, 0, 10370 }, // U+034F
    { 9, 8, 0, -10, 21, 9, 10370 }, // U+0350
    { 3, 4, 0, -7, 16, 2, 10379 }, // U+0351
    { 8, 6, 0, -10, 18, 6, 10381 }, // U+0352
    { 6, 6, 0, -8, 0, 5, 10387 }, // U+0353
    { 6, 6, 0, -8, 0, 5, 10392 }, // U+0354
    { 6, 6, 0, -8, 0, 5, 10397 }, // U+0355
    { 12, 6, 0, -10, 0, 9, 10402 }, // U+0356
    { 4, 6, 0, 0, 19, 3, 10411 }, // U+0357
    { 3, 3, 0, 1, 17, 2, 10414 }, // U+0358
    { 6, 5, 0, -9, -1, 4, 10416 }, // U+0359
    { 9, 4, 0, -10, -1, 5, 10420 }, // U+035A
    { 5, 6, 0, -8, 18, 4, 10425 }, // U+035B
    { 16, 3, 0, -8, 0, 6, 10429 }, // U+035C
    { 16, 3, 0, -8, 16, 6, 10435 }, // U+035D
    { 14, 2, 0, -13, 16, 4, 10441 }, // U+035E
    { 14, 2, 0, -13, -1, 4, 10445 }, // U+035F
    { 20, 4, 0, -10, 16, 10, 10449 }, // U+0360
    { 16, 4, 0, -8, 16, 8, 10459 }, // U+0361
    { 17, 6, 0, -8, 0, 13, 10467 }, // U+0362
    { 6, 6, 0, -9, 19, 5, 10480 }, // U+0363
    { 6, 6, 0, -9, 19, 5, 10485 }, // U+0364
    { 3, 8, 0, -7, 21, 3, 10490 }, // U+0365
    { 6, 6, 0, -9, 19, 5, 10493 }, // U+0366
    { 6, 7, 0, -9, 19, 6, 10498 }, // U+0367
    { 6, 6, 0, -9, 19, 5, 10504 }, // U+0368
    { 6, 9, 0, -9, 22, 7, 10509 }, // U+0369
    { 6, 8, 0, -9, 21, 6, 10516 }, // U+036A
    { 9, 6, 0, -10, 19, 7, 10522 }, // U+036B
    { 4, 6, 0, -8, 19, 3, 10529 }, // U+036C
    { 4, 9, 0, 0, 21, 5, 10532 }, // U+036D
    { 6, 6, 0, -9, 19, 5, 10537 }, // U+036E
    { 6, 6, 0, -8, 19, 5, 10542 }, // U+036F
    { 11, 20, 200, 1, 20, 28, 10547 }, // U+0400
    { 11, 21, 200, 1, 21, 29, 10575 }, // U+0401
    { 16, 17, 280, 1, 16, 34, 10604 }, // U+0402
    { 11, 20, 193, 1, 20, 28, 10638 }, // U+0403
    { 14, 16, 243, 1, 16, 28, 10666 }, // U+0404
    { 12, 16, 214, 1, 16, 24, 10694 }, // U+0405
    { 3, 16, 89, 1, 16, 6, 10718 }, // U+0406
    { 8, 21, 89, -1, 21, 21, 10724 }, // U+0407
    { 10, 16, 190, 1, 16, 20, 10745 }, // U+0408
    { 22, 16, 371, 1, 16, 44, 10765 }, // U+0409
    { 22, 16, 375, 1, 16, 44, 10809 }, // U+040A
    { 16, 16, 295, 1, 16, 32, 10853 }, // U+040B
    { 13, 20, 224, 1, 20, 33, 10885 }, // U+040C
    { 13, 20, 251, 1, 20, 33, 10918 }, // U+040D
    { 13, 21, 209, 0, 21, 35, 10951 }, // U+040E
    { 13, 19, 241, 1, 16, 31, 10986 }, // U+040F
    { 14, 16, 230, 0, 16, 28, 11017 }, // U+0410
    { 12, 16, 215, 1, 16, 24, 11045 }, // U+0411
    { 12, 16, 218, 1, 16, 24, 11069 }, // U+0412
    { 11, 16, 193, 1, 16, 22, 11093 }, // U+0413
    { 16, 20, 273, 1, 16, 40, 11115 }, // U+0414
    { 11, 16, 200, 1, 16, 22, 11155 }, // U+0415
    { 20, 16, 320, 0, 16, 40, 11177 }, // U+0416
    { 11, 16, 206, 1, 16, 22, 11217 }, // U+0417
    { 13, 16, 251, 1, 16, 26, 11239 }, // U+0418
    { 13, 21, 251, 1, 21, 35, 11265 }, // U+0419
    { 13, 16, 224, 1, 16, 26, 11300 }, // U+041A
    { 13, 16, 249, 1, 16, 26, 11326 }, // U+041B
    { 16, 16, 301, 1, 16, 32, 11352 }, // U+041C
    { 13, 16, 248, 1, 16, 26, 11384 }, // U+041D
    { 14, 16, 255, 1, 16, 28, 11410 }, // U+041E
    { 13, 16, 248, 1, 16, 26, 11438 }, // U+041F
    { 12, 16, 213, 1, 16, 24, 11464 }, // U+0420
    { 14, 16, 243, 1, 16, 28, 11488 }, // U+0421
    { 12, 16, 215, 1, 16, 24, 11516 }, // U+0422
    { 13, 16, 209, 0, 16, 26, 11540 }, // U+0423
    { 15, 18, 276, 1, 17, 34, 11566 }, // U+0424
    { 14, 16, 227, 0, 16, 28, 11600 }, // U+0425
    { 14, 20, 240, 1, 16, 35, 11628 }, // U+0426
    { 12, 16, 233, 1, 16, 24, 11663 }, // U+0427
    { 18, 16, 319, 1, 16, 36, 11687 }, // U+0428
    { 19, 20, 324, 1, 16, 48, 11723 }, // U+0429
    { 15, 16, 272, 1, 16, 30, 11771 }, // U+042A
    { 16, 16, 294, 1, 16, 32, 11801 }, // U+042B
    { 12, 16, 216, 1, 16, 24, 11833 }, // U+042C
    { 13, 16, 243, 1, 16, 26, 11857 }, // U+042D
    { 19, 16, 338, 1, 16, 38, 11883 }, // U+042E
    { 12, 16, 214, 0, 16, 24, 11921 }, // U+042F
    { 11, 12, 187, 0, 12, 17, 11945 }, // U+0430
    { 11, 16, 198, 1, 16, 22, 11962 }, // U+0431
    { 10, 12, 188, 1, 12, 15, 11984 }, // U+0432
    { 8, 12, 145, 1, 12, 12, 11999 }, // U+0433
    { 13, 16, 204, 0, 12, 26, 12011 }, // U+0434
    { 11, 12, 194, 1, 12, 17, 12037 }, // U+0435
    { 17, 12, 270, 0, 12, 26, 12054 }, // U+0436
    { 10, 12, 165, 0, 12, 15, 12080 }, // U+0437
    { 10, 12, 197, 1, 12, 15, 12095 }, // U+0438
    { 10, 17, 197, 1, 17, 22, 12110 }, // U+0439
    { 10, 12, 181, 1, 12, 15, 12132 }, // U+043A
    { 11, 12, 192, 0, 12, 17, 12147 }, // U+043B
    { 14, 12, 257, 1, 12, 21, 12164 }, // U+043C
    { 10, 12, 196, 1, 12, 15, 12185 }, // U+043D
    { 11, 12, 200, 1, 12, 17, 12200 }, // U+043E
    { 10, 12, 196, 1, 12, 15, 12217 }, // U+043F
    { 11, 16, 204, 1, 12, 22, 12232 }, // U+0440
    { 10, 12, 190, 1, 12, 15, 12254 }, // U+0441
    { 10, 12, 155, 0, 12, 15, 12269 }, // U+0442
    { 12, 16, 187, 0, 12, 24, 12284 }, // U+0443
    { 13, 20, 229, 1, 16, 33, 12308 }, // U+0444
    { 11, 12, 182, 0, 12, 17, 12341 }, // U+0445
    { 12, 16, 199, 1, 12, 24, 12358 }, // U+0446
    { 10, 12, 192, 1, 12, 15, 12382 }, // U+0447
    { 15, 12, 274, 1, 12, 23, 12397 }, // U+0448
    { 17, 16, 279, 1, 12, 34, 12420 }, // U+0449
    { 13, 12, 214, 0, 12, 20, 12454 }, // U+044A
    { 13, 12, 245, 1, 12, 20, 12474 }, // U+044B
    { 10, 12, 186, 1, 12, 15, 12494 }, // U+044C
    { 10, 12, 190, 1, 12, 15, 12509 }, // U+044D
    { 16, 12, 281, 1, 12, 24, 12524 }, // U+044E
    { 10, 12, 185, 0, 12, 15, 12548 }, // U+044F
    { 11, 16, 194, 1, 16, 22, 12563 }, // U+0450
    { 11, 17, 194, 1, 17, 24, 12585 }, // U+0451
    { 11, 20, 197, 0, 16, 28, 12609 }, // U+0452
    { 8, 16, 145, 1, 16, 16, 12637 }, // U+0453
    { 10, 12, 190, 1, 12, 15, 12653 }, // U+0454
    { 9, 12, 176, 1, 12, 14, 12668 }, // U+0455
    { 3, 17, 81, 1, 17, 7, 12682 }, // U+0456
    { 7, 17, 81, -1, 17, 15, 12689 }, // U+0457
    { 5, 21, 81, -1, 17, 14, 12704 }, // U+0458
    { 19, 12, 308, 0, 12, 29, 12718 }, // U+0459
    { 17, 12, 299, 1, 12, 26, 12747 }, // U+045A
    { 11, 16, 197, 0, 16, 22, 12773 }, // U+045B
    { 10, 16, 181, 1, 16, 20, 12795 }, // U+045C
    { 10, 16, 197, 1, 16, 20, 12815 }, // U+045D
    { 12, 21, 187, 0, 17, 32, 12835 }, // U+045E
    { 10, 15, 196, 1, 12, 19, 12867 }, // U+045F
    { 16, 16, 299, 1, 16, 32, 12886 }, // U+0460
    { 15, 12, 269, 1, 12, 23, 12918 }, // U+0461
    { 14, 16, 229, 0, 16, 28, 12941 }, // U+0462
    { 12, 16, 205, 0, 16, 24, 12969 }, // U+0463
    { 18, 16, 319, 1, 16, 36, 12993 }, // U+0464
    { 15, 12, 261, 1, 12, 23, 13029 }, // U+0465
    { 14, 16, 230, 0, 16, 28, 13052 }, // U+0466
    { 12, 12, 190, 0, 12, 18, 13080 }, // U+0467
    { 18, 16, 312, 1, 16, 36, 13098 }, // U+0468
    { 15, 12, 259, 1, 12, 23, 13134 }, // U+0469
    { 16, 16, 284, 1, 16, 32, 13157 }, // U+046A
    { 14, 12, 231, 0, 12, 21, 13189 }, // U+046B
    { 22, 16, 382, 1, 16, 44, 13210 }, // U+046C
    { 18, 12, 319, 1, 12, 27, 13254 }, // U+046D
    { 10, 26, 181, 1, 21, 33, 13281 }, // U+046E
    { 10, 21, 174, 0, 17, 27, 13314 }, // U+046F
    { 16, 16, 293, 1, 16, 32, 13341 }, // U+0470
    { 14, 19, 259, 1, 15, 34, 13373 }, // U+0471
    { 14, 16, 255, 1, 16, 28, 13407 }, // U+0472
    { 11, 12, 200, 1, 12, 17, 13435 }, // U+0473
    { 15, 16, 235, 0, 16, 30, 13452 }, // U+0474
    { 12, 12, 198, 0, 12, 18, 13482 }, // U+0475
    { 15, 20, 235, 0, 20, 38, 13500 }, // U+0476
    { 12, 16, 198, 0, 16, 24, 13538 }, // U+0477
    { 27, 20, 442, 1, 16, 68, 13562 }, // U+0478
    { 23, 16, 381, 1, 12, 46, 13630 }, // U+0479
    { 13, 16, 237, 1, 16, 26, 13676 }, // U+0480
    { 10, 16, 188, 1, 12, 20, 13702 }, // U+0481
    { 11, 14, 211, 1, 14, 20, 13722 }, // U+0482
    { 8, 5, 0, -10, 17, 5, 13742 }, // U+0483
    { 9, 3, 0, -10, 17, 4, 13747 }, // U+0484
    { 3, 4, 0, -7, 17, 2, 13751 }, // U+0485
    { 4, 4, 0, -7, 17, 2, 13753 }, // U+0486
    { 9, 3, 0, -10, 17, 4, 13755 }, // U+0487
    { 21, 19, 0, -16, 16, 50, 13759 }, // U+0488
    { 20, 20, 0, -16, 16, 50, 13809 }, // U+0489
    { 15, 25, 251, 1, 21, 47, 13859 }, // U+048A
    { 12, 21, 197, 1, 17, 32, 13906 }, // U+048B
    { 14, 16, 229, 0, 16, 28, 13938 }, // U+048C
    { 12, 15, 205, 0, 15, 23, 13966 }, // U+048D
    { 12, 16, 212, 1, 16, 24, 13989 }, // U+048E
    { 11, 16, 203, 1, 12, 22, 14013 }, // U+048F
    { 11, 19, 193, 1, 19, 27, 14035 }, // U+0490
    { 8, 15, 145, 1, 15, 15, 14062 }, // U+0491
    { 13, 16, 193, -1, 16, 26, 14077 }, // U+0492
    { 9, 12, 145, 0, 12, 14, 14103 }, // U+0493
    { 12, 17, 217, 1, 16, 26, 14117 }, // U+0494
    { 10, 16, 180, 1, 12, 20, 14143 }, // U+0495
    { 21, 20, 326, 0, 16, 53, 14163 }, // U+0496
    { 18, 16, 276, 0, 12, 36, 14216 }, // U+0497
    { 11, 21, 206, 1, 16, 29, 14252 }, // U+0498
    { 10, 17, 165, 0, 12, 22, 14281 }, // U+0499
    { 14, 20, 235, 1, 16, 35, 14303 }, // U+049A
    { 11, 16, 187, 1, 12, 22, 14338 }, // U+049B
    { 13, 16, 222, 1, 16, 26, 14360 }, // U+049C
    { 11, 12, 195, 1, 12, 17, 14386 }, // U+049D
    { 16, 16, 280, 1, 16, 32, 14403 }, // U+04A0
    { 13, 12, 209, 0, 12, 20, 14435 }, // U+04A1
    { 15, 20, 253, 1, 16, 38, 14455 }, // U+04A2
    { 12, 16, 201, 1, 12, 24, 14493 }, // U+04A3
    { 19, 16, 328, 1, 16, 38, 14517 }, // U+04A4
    { 13, 12, 226, 1, 12, 20, 14555 }, // U+04A5
    { 22, 17, 369, 1, 16, 47, 14575 }, // U+04A6
    { 18, 15, 307, 1, 12, 34, 14622 }, // U+04A7
    { 19, 16, 328, 1, 16, 38, 14656 }, // U+04A8
    { 15, 12, 259, 1, 12, 23, 14694 }, // U+04A9
    { 14, 21, 243, 1, 16, 37, 14717 }, // U+04AA
    { 10, 17, 190, 1, 12, 22, 14754 }, // U+04AB
    { 12, 20, 215, 1, 16, 30, 14776 }, // U+04AC
    { 10, 16, 155, 0, 12, 20, 14806 }, // U+04AD
    { 14, 16, 226, 0, 16, 28, 14826 }, // U+04AE
    { 12, 16, 187, 0, 12, 24, 14854 }, // U+04AF
    { 14, 16, 226, 0, 16, 28, 14878 }, // U+04B0
    { 12, 16, 187, 0, 12, 24, 14906 }, // U+04B1
    { 15, 20, 234, 0, 16, 38, 14930 }, // U+04B2
    { 12, 16, 188, 0, 12, 24, 14968 }, // U+04B3
    { 18, 20, 305, 1, 16, 45, 14992 }, // U+04B4
    { 14, 16, 220, 0, 12, 28, 15037 }, // U+04B5
    { 14, 20, 238, 1, 16, 35, 15065 }, // U+04B6
    { 11, 16, 197, 1, 12, 22, 15100 }, // U+04B7
    { 12, 16, 233, 1, 16, 24, 15122 }, // U+04B8
    { 10, 12, 192, 1, 12, 15, 15146 }, // U+04B9
    { 12, 16, 233, 1, 16, 24, 15161 }, // U+04BA
    { 10, 16, 197, 1, 16, 20, 15185 }, // U+04BB
    { 17, 16, 280, 0, 16, 34, 15205 }, // U+04BC
    { 14, 12, 238, 0, 12, 21, 15239 }, // U+04BD
    { 17, 19, 280, 0, 16, 41, 15260 }, // U+04BE
    { 14, 17, 238, 0, 12, 30, 15301 }, // U+04BF
    { 3, 16, 89, 1, 16, 6, 15331 }, // U+04C0
    { 20, 21, 320, 0, 21, 53, 15337 }, // U+04C1
    { 17, 17, 270, 0, 17, 37, 15390 }, // U+04C2
    { 13, 19, 227, 1, 16, 31, 15427 }, // U+04C3
    { 11, 15, 196, 1, 12, 21, 15458 }, // U+04C4
    { 15, 20, 249, 1, 16, 38, 15479 }, // U+04C5
    { 13, 16, 192, 0, 12, 26, 15517 }, // U+04C6
    { 13, 20, 248, 1, 16, 33, 15543 }, // U+04C7
    { 10, 16, 196, 1, 12, 20, 15576 }, // U+04C8
    { 15, 20, 248, 1, 16, 38, 15596 }, // U+04C9
    { 12, 16, 196, 1, 12, 24, 15634 }, // U+04CA
    { 12, 20, 238, 1, 16, 30, 15658 }, // U+04CB
    { 10, 16, 197, 1, 12, 20, 15688 }, // U+04CC
    { 18, 20, 301, 1, 16, 45, 15708 }, // U+04CD
    { 16, 16, 257, 1, 12, 32, 15753 }, // U+04CE
    { 3, 16, 81, 1, 16, 6, 15785 }, // U+04CF
    { 14, 21, 230, 0, 21, 37, 15791 }, // U+04D0
    { 11, 17, 187, 0, 17, 24, 15828 }, // U+04D1
    { 14, 21, 230, 0, 21, 37, 15852 }, // U+04D2
    { 11, 17, 187, 0, 17, 24, 15889 }, // U+04D3
    { 20, 16, 331, 0, 16, 40, 15913 }, // U+04D4
    { 19, 12, 306, 0, 12, 29, 15953 }, // U+04D5
    { 11, 21, 200, 1, 21, 29, 15982 }, // U+04D6
    { 11, 17, 194, 1, 17, 24, 16011 }, // U+04D7
    { 14, 16, 248, 1, 16, 28, 16035 }, // U+04D8
    { 11, 12, 194, 1, 12, 17, 16063 }, // U+04D9
    { 14, 21, 248, 1, 21, 37, 16080 }, // U+04DA
    { 11, 17, 194, 1, 17, 24, 16117 }, // U+04DB
    { 20, 21, 320, 0, 21, 53, 16141 }, // U+04DC
    { 17, 17, 270, 0, 17, 37, 16194 }, // U+04DD
    { 11, 21, 206, 1, 21, 29, 16231 }, // U+04DE
    { 10, 17, 165, 0, 17, 22, 16260 }, // U+04DF
    { 11, 16, 207, 1, 16, 22, 16282 }, // U+04E0
    { 11, 16, 207, 1, 12, 22, 16304 }, // U+04E1
    { 13, 20, 251, 1, 20, 33, 16326 }, // U+04E2
    { 10, 16, 197, 1, 16, 20, 16359 }, // U+04E3
    { 13, 21, 251, 1, 21, 35, 16379 }, // U+04E4
    { 10, 17, 197, 1, 17, 22, 16414 }, // U+04E5
    { 14, 21, 255, 1, 21, 37, 16436 }, // U+04E6
    { 11, 17, 200, 1, 17, 24, 16473 }, // U+04E7
    { 14, 16, 255, 1, 16, 28, 16497 }, // U+04E8
    { 11, 12, 200, 1, 12, 17, 16525 }, // U+04E9
    { 14, 21, 255, 1, 21, 37, 16542 }, // U+04EA
    { 11, 17, 200, 1, 17, 24, 16579 }, // U+04EB
    { 13, 21, 243, 1, 21, 35, 16603 }, // U+04EC
    { 10, 17, 190, 1, 17, 22, 16638 }, // U+04ED
    { 13, 20, 209, 0, 20, 33, 16660 }, // U+04EE
    { 12, 20, 187, 0, 16, 30, 16693 }, // U+04EF
    { 13, 21, 209, 0, 21, 35, 16723 }, // U+04F0
    { 12, 21, 187, 0, 17, 32, 16758 }, // U+04F1
    { 13, 20, 209, 0, 20, 33, 16790 }, // U+04F2
    { 12, 20, 187, 0, 16, 30, 16823 }, // U+04F3
    { 12, 21, 233, 1, 21, 32, 16853 }, // U+04F4
    { 10, 17, 192, 1, 17, 22, 16885 }, // U+04F5
    { 11, 20, 193, 1, 16, 28, 16907 }, // U+04F6
    { 8, 16, 145, 1, 12, 16, 16935 }, // U+04F7
    { 16, 21, 294, 1, 21, 42, 16951 }, // U+04F8
    { 13, 17, 245, 1, 17, 28, 16993 }, // U+04F9
    { 12, 20, 197, 0, 16, 30, 17021 }, // U+04FA
    { 9, 16, 145, 0, 12, 18, 17051 }, // U+04FB
    { 15, 20, 234, 0, 16, 38, 17069 }, // U+04FC
    { 11, 16, 174, 0, 12, 22, 17107 }, // U+04FD
    { 14, 16, 227, 0, 16, 28, 17129 }, // U+04FE
    { 11, 12, 182, 0, 12, 17, 17157 }, // U+04FF
    { 13, 12, 211, 0, 12, 20, 17174 }, // U+05D0
    { 12, 12, 191, 0, 12, 18, 17194 }, // U+05D1
    { 8, 13, 125, 0, 12, 13, 17212 }, // U+05D2
    { 11, 12, 181, 0, 12, 17, 17225 }, // U+05D3
    { 11, 12, 209, 1, 12, 17, 17242 }, // U+05D4
    { 5, 12, 100, 0, 12, 8, 17259 }, // U+05D5
    { 7, 12, 110, 0, 12, 11, 17267 }, // U+05D6
    { 13, 12, 221, 0, 12, 20, 17278 }, // U+05D7
    { 12, 12, 211, 1, 12, 18, 17298 }, // U+05D8
    { 5, 8, 98, 0, 12, 5, 17316 }, // U+05D9
    { 10, 16, 182, 0, 12, 20, 17321 }, // U+05DA
    { 10, 12, 172, 0, 12, 15, 17341 }, // U+05DB
    { 11, 16, 174, 0, 16, 22, 17356 }, // U+05DC
    { 12, 12, 228, 1, 12, 18, 17378 }, // U+05DD
    { 13, 12, 220, 0, 12, 20, 17396 }, // U+05DE
    { 5, 16, 110, 0, 12, 10, 17416 }, // U+05DF
    { 6, 12, 126, 1, 12, 9, 17426 }, // U+05E0
    { 13, 12, 214, 0, 12, 20, 17435 }, // U+05E1
    { 12, 15, 198, 0, 13, 23, 17455 }, // U+05E2
    { 11, 16, 207, 1, 12, 22, 17478 }, // U+05E3
    { 11, 12, 200, 1, 12, 17, 17500 }, // U+05E4
    { 11, 16, 176, 0, 12, 22, 17517 }, // U+05E5
    { 11, 12, 185, 0, 12, 17, 17539 }, // U+05E6
    { 12, 16, 209, 1, 12, 24, 17556 }, // U+05E7
    { 10, 12, 174, 0, 12, 15, 17580 }, // U+05E8
    { 13, 12, 243, 1, 12, 20, 17595 }, // U+05E9
    { 13, 12, 228, 0, 12, 20, 17615 }, // U+05EA
    { 4, 6, 109, 1, 5, 3, 17635 }, // U+060C
    { 4, 12, 115, 1, 11, 6, 17638 }, // U+061B
    { 9, 17, 145, 0, 16, 20, 17644 }, // U+061F
    { 8, 10, 137, 0, 8, 10, 17664 }, // U+0621
    { 7, 3, 90, 0, 2, 3, 17674 }, // U+0640
    { 5, 5, 0, 0, 17, 4, 17677 }, // U+0654
    { 4, 4, 191, 4, 8, 2, 17681 }, // U+0660
    { 4, 16, 191, 4, 15, 8, 17683 }, // U+0661
    { 10, 16, 191, 1, 15, 20, 17691 }, // U+0662
    { 12, 16, 191, 0, 15, 24, 17711 }, // U+0663
    { 10, 16, 191, 1, 15, 20, 17735 }, // U+0664
    { 10, 12, 191, 1, 11, 15, 17755 }, // U+0665
    { 10, 16, 191, 1, 15, 20, 17770 }, // U+0666
    { 12, 16, 191, 0, 15, 24, 17790 }, // U+0667
    { 12, 16, 191, 0, 15, 24, 17814 }, // U+0668
    { 10, 16, 191, 1, 15, 20, 17838 }, // U+0669
    { 14, 12, 228, 0, 7, 21, 17858 }, // U+06BA
    { 6, 2, 100, 0, 2, 2, 17879 }, // U+06D4
    { 8, 10, 135, 0, 10, 10, 17881 }, // U+06D5
    { 4, 4, 191, 4, 8, 2, 17891 }, // U+06F0
    { 4, 16, 191, 4, 15, 8, 17893 }, // U+06F1
    { 10, 16, 191, 1, 15, 20, 17901 }, // U+06F2
    { 12, 16, 191, 0, 15, 24, 17921 }, // U+06F3
    { 10, 15, 191, 1, 15, 19, 17945 }, // U+06F4
    { 10, 15, 191, 1, 15, 19, 17964 }, // U+06F5
    { 8, 16, 191, 2, 15, 16, 17983 }, // U+06F6
    { 12, 16, 191, 0, 15, 24, 17999 }, // U+06F7
    { 12, 16, 191, 0, 15, 24, 18023 }, // U+06F8
    { 10, 16, 191, 1, 15, 20, 18047 }, // U+06F9
    { 14, 20, 230, 0, 16, 35, 18067 }, // U+1EA0
    { 11, 16, 187, 0, 12, 22, 18102 }, // U+1EA1
    { 14, 21, 230, 0, 21, 37, 18124 }, // U+1EA2
    { 11, 17, 187, 0, 17, 24, 18161 }, // U+1EA3
    { 14, 24, 230, 0, 24, 42, 18185 }, // U+1EA4
    { 11, 20, 187, 0, 20, 28, 18227 }, // U+1EA5
    { 14, 24, 230, 0, 24, 42, 18255 }, // U+1EA6
    { 11, 20, 187, 0, 20, 28, 18297 }, // U+1EA7
    { 14, 24, 230, 0, 24, 42, 18325 }, // U+1EA8
    { 11, 20, 187, 0, 20, 28, 18367 }, // U+1EA9
    { 14, 24, 230, 0, 24, 42, 18395 }, // U+1EAA
    { 11, 20, 187, 0, 20, 28, 18437 }, // U+1EAB
    { 14, 25, 230, 0, 21, 44, 18465 }, // U+1EAC
    { 11, 21, 187, 0, 17, 29, 18509 }, // U+1EAD
    { 14, 24, 230, 0, 24, 42, 18538 }, // U+1EAE
    { 11, 20, 187, 0, 20, 28, 18580 }, // U+1EAF
    { 14, 24, 230, 0, 24, 42, 18608 }, // U+1EB0
    { 11, 20, 187, 0, 20, 28, 18650 }, // U+1EB1
    { 14, 24, 230, 0, 24, 42, 18678 }, // U+1EB2
    { 11, 20, 187, 0, 20, 28, 18720 }, // U+1EB3
    { 14, 24, 230, 0, 24, 42, 18748 }, // U+1EB4
    { 11, 20, 187, 0, 20, 28, 18790 }, // U+1EB5
    { 14, 25, 230, 0, 21, 44, 18818 }, // U+1EB6
    { 11, 21, 187, 0, 17, 29, 18862 }, // U+1EB7
    { 11, 20, 200, 1, 16, 28, 18891 }, // U+1EB8
    { 11, 16, 194, 1, 12, 22, 18919 }, // U+1EB9
    { 11, 21, 200, 1, 21, 29, 18941 }, // U+1EBA
    { 11, 17, 194, 1, 17, 24, 18970 }, // U+1EBB
    { 11, 21, 200, 1, 21, 29, 18994 }, // U+1EBC
    { 11, 17, 194, 1, 17, 24, 19023 }, // U+1EBD
    { 11, 24, 200, 1, 24, 33, 19047 }, // U+1EBE
    { 11, 20, 194, 1, 20, 28, 19080 }, // U+1EBF
    { 11, 24, 200, 1, 24, 33, 19108 }, // U+1EC0
    { 11, 20, 194, 1, 20, 28, 19141 }, // U+1EC1
    { 11, 24, 200, 1, 24, 33, 19169 }, // U+1EC2
    { 11, 20, 194, 1, 20, 28, 19202 }, // U+1EC3
    { 11, 24, 200, 1, 24, 33, 19230 }, // U+1EC4
    { 11, 20, 194, 1, 20, 28, 19263 }, // U+1EC5
    { 11, 25, 200, 1, 21, 35, 19291 }, // U+1EC6
    { 11, 21, 194, 1, 17, 29, 19326 }, // U+1EC7
    { 4, 21, 89, 1, 21, 11, 19355 }, // U+1EC8
    { 5, 17, 81, 0, 17, 11, 19366 }, // U+1EC9
    { 4, 20, 89, 1, 16, 10, 19377 }, // U+1ECA
    { 3, 21, 81, 1, 17, 8, 19387 }, // U+1ECB
    { 14, 20, 255, 1, 16, 35, 19395 }, // U+1ECC
    { 11, 16, 200, 1, 12, 22, 19430 }, // U+1ECD
    { 14, 21, 255, 1, 21, 37, 19452 }, // U+1ECE
    { 11, 17, 200, 1, 17, 24, 19489 }, // U+1ECF
    { 14, 24, 255, 1, 24, 42, 19513 }, // U+1ED0
    { 11, 20, 200, 1, 20, 28, 19555 }, // U+1ED1
    { 14, 24, 255, 1, 24, 42, 19583 }, // U+1ED2
    { 11, 20, 200, 1, 20, 28, 19625 }, // U+1ED3
    { 14, 24, 255, 1, 24, 42, 19653 }, // U+1ED4
    { 11, 20, 200, 1, 20, 28, 19695 }, // U+1ED5
    { 14, 24, 255, 1, 24, 42, 19723 }, // U+1ED6
    { 11, 20, 200, 1, 20, 28, 19765 }, // U+1ED7
    { 14, 25, 255, 1, 21, 44, 19793 }, // U+1ED8
    { 11, 21, 200, 1, 17, 29, 19837 }, // U+1ED9
    { 14, 20, 254, 1, 20, 35, 19866 }, // U+1EDA
    { 11, 16, 199, 1, 16, 22, 19901 }, // U+1EDB
    { 14, 20, 254, 1, 20, 35, 19923 }, // U+1EDC
    { 11, 16, 199, 1, 16, 22, 19958 }, // U+1EDD
    { 14, 21, 254, 1, 21, 37, 19980 }, // U+1EDE
    { 11, 17, 199, 1, 17, 24, 20017 }, // U+1EDF
    { 14, 21, 254, 1, 21, 37, 20041 }, // U+1EE0
    { 11, 17, 199, 1, 17, 24, 20078 }, // U+1EE1
    { 14, 23, 254, 1, 19, 41, 20102 }, // U+1EE2
    { 11, 19, 199, 1, 15, 27, 20143 }, // U+1EE3
    { 13, 20, 248, 1, 16, 33, 20170 }, // U+1EE4
    { 10, 16, 197, 1, 12, 20, 20203 }, // U+1EE5
    { 13, 21, 248, 1, 21, 35, 20223 }, // U+1EE6
    { 10, 17, 197, 1, 17, 22, 20258 }, // U+1EE7
    { 15, 20, 247, 1, 20, 38, 20280 }, // U+1EE8
    { 12, 16, 206, 1, 16, 24, 20318 }, // U+1EE9
    { 15, 20, 247, 1, 20, 38, 20342 }, // U+1EEA
    { 12, 16, 206, 1, 16, 24, 20380 }, // U+1EEB
    { 15, 21, 247, 1, 21, 40, 20404 }, // U+1EEC
    { 12, 17, 206, 1, 17, 26, 20444 }, // U+1EED
    { 15, 21, 247, 1, 21, 40, 20470 }, // U+1EEE
    { 12, 17, 206, 1, 17, 26, 20510 }, // U+1EEF
    { 15, 22, 247, 1, 18, 42, 20536 }, // U+1EF0
    { 12, 19, 206, 1, 15, 29, 20578 }, // U+1EF1
    { 14, 20, 226, 0, 20, 35, 20607 }, // U+1EF2
    { 12, 20, 187, 0, 16, 30, 20642 }, // U+1EF3
    { 14, 20, 226, 0, 16, 35, 20672 }, // U+1EF4
    { 12, 16, 187, 0, 12, 24, 20707 }, // U+1EF5
    { 14, 21, 226, 0, 21, 37, 20731 }, // U+1EF6
    { 12, 21, 187, 0, 17, 32, 20768 }, // U+1EF7
    { 14, 21, 226, 0, 21, 37, 20800 }, // U+1EF8
    { 12, 21, 187, 0, 17, 32, 20837 }, // U+1EF9
    { 0, 0, 182, 0, 0, 0, 20869 }, // U+2000
    { 0, 0, 364, 0, 0, 0, 20869 }, // U+2001
    { 0, 0, 167, 0, 0, 0, 20869 }, // U+2002
    { 0, 0, 333, 0, 0, 0, 20869 }, // U+2003
    { 0, 0, 111, 0, 0, 0, 20869 }, // U+2004
    { 0, 0, 83, 0, 0, 0, 20869 }, // U+2005
    { 0, 0, 55, 0, 0, 0, 20869 }, // U+2006
    { 0, 0, 216, 0, 0, 0, 20869 }, // U+2007
    { 0, 0, 96, 0, 0, 0, 20869 }, // U+2008
    { 0, 0, 61, 0, 0, 0, 20869 }, // U+2009
    { 0, 0, 30, 0, 0, 0, 20869 }, // U+200A
    { 0, 0, 0, 0, 0, 0, 20869 }, // U+200B
    { 2, 16, 0, -1, 15, 4, 20869 }, // U+200C
    { 6, 16, 0, -3, 15, 12, 20873 }, // U+200D
    { 6, 18, 0, -1, 16, 14, 20885 }, // U+200E
    { 6, 18, 0, -5, 16, 14, 20899 }, // U+200F
    { 8, 2, 119, 0, 8, 2, 20913 }, // U+2010
    { 8, 2, 119, 0, 8, 2, 20915 }, // U+2011
    { 13, 2, 216, 0, 8, 4, 20917 }, // U+2012
    { 11, 2, 167, 0, 8, 3, 20921 }, // U+2013
    { 21, 2, 333, 0, 8, 6, 20924 }, // U+2014
    { 21, 2, 333, 0, 8, 6, 20930 }, // U+2015
    { 6, 26, 160, 2, 21, 20, 20936 }, // U+2016
    { 11, 5, 151, -1, 1, 7, 20956 }, // U+2017
    { 4, 6, 87, 1, 16, 3, 20963 }, // U+2018
    { 4, 6, 87, 1, 16, 3, 20966 }, // U+2019
    { 4, 6, 80, 1, 3, 3, 20969 }, // U+201A
    { 4, 6, 87, 0, 16, 3, 20972 }, // U+201B
    { 8, 6, 147, 1, 16, 6, 20975 }, // U+201C
    { 8, 6, 147, 1, 16, 6, 20981 }, // U+201D
    { 7, 6, 140, 1, 3, 6, 20987 }, // U+201E
    { 8, 6, 147, 0, 16, 6, 20993 }, // U+201F
    { 9, 12, 164, 1, 16, 14, 20999 }, // U+2020
    { 9, 16, 164, 1, 16, 18, 21013 }, // U+2021
    { 8, 7, 187, 2, 10, 7, 21031 }, // U+2022
    { 7, 8, 187, 3, 10, 7, 21038 }, // U+2023
    { 4, 3, 96, 1, 3, 2, 21045 }, // U+2024
    { 10, 3, 192, 1, 3, 4, 21047 }, // U+2025
    { 16, 3, 288, 1, 3, 6, 21051 }, // U+2026
    { 4, 3, 96, 1, 9, 2, 21057 }, // U+2027
    { 0, 0, 61, 0, 0, 0, 21059 }, // U+202F
    { 24, 16, 445, 2, 16, 48, 21059 }, // U+2030
    { 31, 16, 563, 2, 16, 62, 21107 }, // U+2031
    { 3, 6, 74, 1, 16, 3, 21169 }, // U+2032
    { 8, 6, 147, 1, 16, 6, 21172 }, // U+2033
    { 12, 6, 221, 1, 16, 9, 21178 }, // U+2034
    { 3, 6, 74, 1, 16, 3, 21187 }, // U+2035
    { 8, 6, 147, 1, 16, 6, 21190 }, // U+2036
    { 12, 6, 221, 1, 16, 9, 21196 }, // U+2037
    { 9, 5, 152, 0, -1, 6, 21205 }, // U+2038
    { 7, 10, 128, 1, 12, 9, 21211 }, // U+2039
    { 7, 10, 128, 0, 12, 9, 21220 }, // U+203A
    { 12, 12, 213, 1, 13, 18, 21229 }, // U+203B
    { 10, 16, 192, 1, 16, 20, 21247 }, // U+203C
    { 10, 16, 169, 0, 16, 20, 21267 }, // U+203D
    { 11, 2, 180, 0, 18, 3, 21287 }, // U+203E
    { 17, 4, 272, 0, -1, 9, 21290 }, // U+203F
    { 17, 5, 272, 0, 17, 11, 21299 }, // U+2040
    { 9, 12, 151, 0, 6, 14, 21310 }, // U+2041
    { 13, 12, 241, 1, 14, 20, 21324 }, // U+2042
    { 6, 2, 187, 3, 7, 2, 21344 }, // U+2043
    { 14, 16, 64, -5, 16, 28, 21346 }, // U+2044
    { 5, 20, 122, 2, 17, 13, 21374 }, // U+2045
    { 5, 20, 122, 1, 17, 13, 21387 }, // U+2046
    { 21, 16, 341, 0, 16, 42, 21400 }, // U+2047
    { 15, 16, 266, 0, 16, 30, 21442 }, // U+2048
    { 15, 16, 266, 1, 16, 30, 21472 }, // U+2049
    { 8, 16, 148, 1, 12, 16, 21502 }, // U+204A
    { 11, 16, 201, 1, 16, 22, 21518 }, // U+204B
    { 10, 9, 197, 1, 11, 12, 21540 }, // U+204C
    { 10, 9, 197, 1, 11, 12, 21552 }, // U+204D
    { 9, 9, 167, 1, 8, 11, 21564 }, // U+204E
    { 4, 15, 101, 1, 11, 8, 21575 }, // U+204F
    { 17, 22, 271, 0, 17, 47, 21583 }, // U+2050
    { 9, 19, 180, 2, 16, 22, 21630 }, // U+2051
    { 14, 16, 246, 1, 16, 28, 21652 }, // U+2052
    { 13, 4, 242, 1, 10, 7, 21680 }, // U+2053
    { 17, 4, 272, 0, -1, 9, 21687 }, // U+2054
    { 10, 9, 183, 1, 10, 12, 21696 }, // U+2055
    { 17, 6, 294, 1, 16, 13, 21708 }, // U+2057
    { 0, 0, 94, 0, 0, 0, 21721 }, // U+205F
    { 9, 9, 153, 0, 18, 11, 21721 }, // U+2070
    { 3, 10, 66, 1, 19, 4, 21732 }, // U+2071
    { 8, 9, 153, 1, 18, 9, 21736 }, // U+2074
    { 8, 9, 147, 1, 18, 9, 21745 }, // U+2075
    { 9, 9, 148, 0, 18, 11, 21754 }, // U+2076
    { 8, 9, 135, 0, 18, 9, 21765 }, // U+2077
    { 9, 9, 150, 0, 18, 11, 21774 }, // U+2078
    { 9, 9, 148, 0, 18, 11, 21785 }, // U+2079
    { 7, 6, 143, 1, 16, 6, 21796 }, // U+207A
    { 7, 3, 143, 1, 15, 3, 21802 }, // U+207B
    { 7, 6, 143, 1, 17, 6, 21805 }, // U+207C
    { 4, 11, 90, 1, 19, 6, 21811 }, // U+207D
    { 5, 11, 90, 0, 19, 7, 21817 }, // U+207E
    { 7, 7, 145, 1, 16, 7, 21824 }, // U+207F
    { 9, 9, 153, 0, 6, 11, 21831 }, // U+2080
    { 5, 9, 101, 1, 6, 6, 21842 }, // U+2081
    { 8, 9, 147, 1, 6, 9, 21848 }, // U+2082
    { 8, 9, 149, 1, 6, 9, 21857 }, // U+2083
    { 8, 9, 153, 1, 6, 9, 21866 }, // U+2084
    { 8, 9, 147, 1, 6, 9, 21875 }, // U+2085
    { 9, 9, 148, 0, 6, 11, 21884 }, // U+2086
    { 8, 9, 135, 0, 6, 9, 21895 }, // U+2087
    { 9, 9, 150, 0, 6, 11, 21904 }, // U+2088
    { 9, 9, 148, 0, 6, 11, 21915 }, // U+2089
    { 7, 6, 143, 1, 4, 6, 21926 }, // U+208A
    { 7, 3, 143, 1, 3, 3, 21932 }, // U+208B
    { 7, 6, 143, 1, 5, 6, 21935 }, // U+208C
    { 4, 11, 90, 1, 7, 6, 21941 }, // U+208D
    { 5, 11, 90, 0, 7, 7, 21947 }, // U+208E
    { 8, 7, 134, 0, 4, 7, 21954 }, // U+2090
    { 8, 7, 139, 0, 4, 7, 21961 }, // U+2091
    { 9, 7, 142, 0, 4, 8, 21968 }, // U+2092
    { 8, 7, 134, 0, 4, 7, 21976 }, // U+2093
    { 8, 9, 150, 1, 4, 9, 21983 }, // U+2094
    { 7, 9, 145, 1, 6, 8, 21992 }, // U+2095
    { 7, 9, 132, 1, 6, 8, 22000 }, // U+2096
    { 2, 9, 66, 1, 6, 3, 22008 }, // U+2097
    { 11, 7, 208, 1, 4, 10, 22011 }, // U+2098
    { 7, 7, 145, 1, 4, 7, 22021 }, // U+2099
    { 8, 9, 145, 1, 4, 9, 22028 }, // U+209A
    { 8, 7, 130, 0, 4, 7, 22037 }, // U+209B
    { 5, 8, 82, 0, 5, 5, 22044 }, // U+209C
    { 13, 17, 243, 1, 17, 28, 22049 }, // U+20A0
    { 14, 20, 243, 1, 18, 35, 22077 }, // U+20A1
    { 14, 16, 243, 1, 16, 28, 22112 }, // U+20A2
    { 13, 16, 201, -1, 16, 26, 22140 }, // U+20A3
    { 11, 16, 204, 1, 16, 22, 22166 }, // U+20A4
    { 16, 16, 286, 1, 14, 32, 22188 }, // U+20A5
    { 16, 16, 256, 0, 16, 32, 22220 }, // U+20A6
    { 19, 16, 322, 1, 16, 38, 22252 }, // U+20A7
    { 22, 16, 373, 1, 16, 44, 22290 }, // U+20A8
    { 20, 16, 318, 0, 16, 40, 22334 }, // U+20A9
    { 15, 12, 272, 1, 12, 23, 22374 }, // U+20AA
    { 12, 20, 204, 1, 16, 30, 22397 }, // U+20AB
    { 13, 16, 222, 0, 16, 26, 22427 }, // U+20AC
    { 15, 16, 237, 0, 16, 30, 22453 }, // U+20AD
    { 12, 16, 215, 1, 16, 24, 22483 }, // U+20AE
    { 27, 22, 463, 1, 18, 75, 22507 }, // U+20AF
    { 14, 16, 221, 0, 16, 28, 22582 }, // U+20B1
    { 14, 21, 249, 1, 19, 37, 22610 }, // U+20B2
    { 14, 16, 230, 0, 16, 28, 22647 }, // U+20B3
    { 12, 16, 211, 1, 16, 24, 22675 }, // U+20B4
    { 14, 21, 243, 1, 19, 37, 22699 }, // U+20B5
    { 12, 16, 215, 1, 16, 24, 22736 }, // U+20B8
    { 11, 15, 180, 0, 15, 21, 22760 }, // U+20B9
    { 11, 16, 198, 1, 16, 22, 22781 }, // U+20BA
    { 13, 12, 242, 1, 12, 20, 22803 }, // U+20BC
    { 14, 16, 234, 0, 16, 28, 22823 }, // U+20BD
    { 13, 16, 242, 1, 16, 26, 22851 }, // U+20BE
    { 12, 20, 218, 1, 18, 30, 22877 }, // U+20BF
    { 9, 13, 167, 1, 13, 15, 22907 }, // U+20C0
    { 16, 14, 318, 2, 14, 28, 22922 }, // U+2190
    { 14, 17, 278, 2, 17, 30, 22950 }, // U+2191
    { 16, 14, 318, 2, 14, 28, 22980 }, // U+2192
    { 14, 17, 278, 2, 16, 30, 23008 }, // U+2193
    { 24, 15, 447, 2, 14, 45, 23038 }, // U+2194
    { 14, 25, 278, 2, 19, 44, 23083 }, // U+2195
    { 12, 12, 258, 2, 12, 18, 23127 }, // U+2196
    { 12, 12, 258, 2, 12, 18, 23145 }, // U+2197
    { 12, 12, 258, 2, 12, 18, 23163 }, // U+2198
    { 12, 12, 258, 2, 12, 18, 23181 }, // U+2199
    { 20, 16, 381, 2, 16, 40, 23199 }, // U+21A9
    { 21, 16, 381, 1, 16, 42, 23239 }, // U+21AA
    { 17, 17, 329, 2, 16, 37, 23281 }, // U+21B0
    { 17, 17, 329, 2, 16, 37, 23318 }, // U+21B1
    { 17, 14, 329, 2, 16, 30, 23355 }, // U+21B3
    { 14, 16, 278, 2, 16, 28, 23385 }, // U+21B4
    { 17, 14, 329, 2, 16, 30, 23413 }, // U+21B5
    { 16, 19, 318, 2, 19, 38, 23443 }, // U+21BA
    { 16, 19, 318, 2, 19, 38, 23481 }, // U+21BB
    { 16, 15, 318, 2, 14, 30, 23519 }, // U+21D0
    { 16, 15, 318, 2, 14, 30, 23549 }, // U+21D2
    { 24, 15, 447, 2, 14, 45, 23579 }, // U+21D4
    { 10, 16, 203, 1, 16, 20, 23624 }, // U+21DE
    { 10, 17, 203, 1, 16, 22, 23644 }, // U+21DF
    { 19, 10, 338, 1, 13, 24, 23666 }, // U+21E4
    { 19, 10, 338, 1, 13, 24, 23690 }, // U+21E5
    { 19, 18, 344, 1, 17, 43, 23714 }, // U+21E7
    { 19, 21, 344, 1, 17, 50, 23757 }, // U+21EA
    { 11, 16, 211, 1, 16, 22, 23807 }, // U+2202
    { 14, 14, 228, 0, 13, 25, 23829 }, // U+2205
    { 14, 16, 227, 0, 16, 28, 23854 }, // U+2206
    { 13, 18, 241, 1, 15, 30, 23882 }, // U+220F
    { 13, 18, 211, 0, 15, 30, 23912 }, // U+2211
    { 10, 2, 220, 2, 7, 3, 23942 }, // U+2212
    { 13, 16, 210, 0, 15, 26, 23945 }, // U+221A
    { 18, 8, 312, 1, 10, 18, 23971 }, // U+221E
    { 9, 22, 122, -1, 18, 25, 23989 }, // U+222B
    { 4, 11, 96, 1, 13, 6, 24014 }, // U+2236
    { 12, 9, 220, 1, 11, 14, 24020 }, // U+2248
    { 10, 12, 220, 2, 12, 15, 24034 }, // U+2260
    { 10, 12, 220, 2, 13, 15, 24049 }, // U+2264
    { 10, 12, 220, 2, 13, 15, 24064 }, // U+2265
    { 29, 30, 463, 0, 23, 109, 24079 }, // U+2295
    { 29, 30, 463, 0, 23, 109, 24188 }, // U+2296
    { 29, 30, 463, 0, 23, 109, 24297 }, // U+2297
    { 29, 30, 463, 0, 23, 109, 24406 }, // U+2298
    { 20, 17, 331, 0, 9, 43, 24515 }, // U+FB56
    { 24, 16, 364, 0, 8, 48, 24558 }, // U+FB57
    { 6, 16, 100, -1, 9, 12, 24606 }, // U+FB58
    { 9, 13, 124, 0, 6, 15, 24618 }, // U+FB59
    { 20, 16, 331, 0, 15, 40, 24633 }, // U+FB66
    { 24, 16, 364, 0, 15, 48, 24673 }, // U+FB67
    { 6, 18, 90, 0, 17, 14, 24721 }, // U+FB68
    { 9, 16, 124, 0, 15, 18, 24735 }, // U+FB69
    { 13, 18, 220, 0, 9, 30, 24753 }, // U+FB7A
    { 17, 18, 240, 0, 9, 39, 24783 }, // U+FB7B
    { 12, 15, 196, 0, 8, 23, 24822 }, // U+FB7C
    { 15, 15, 212, 0, 8, 29, 24845 }, // U+FB7D
    { 9, 20, 159, 0, 19, 23, 24874 }, // U+FB88
    { 13, 20, 177, 0, 19, 33, 24897 }, // U+FB89
    { 8, 20, 122, -1, 15, 20, 24930 }, // U+FB8A
    { 11, 20, 132, -1, 15, 28, 24950 }, // U+FB8B
    { 8, 21, 122, -1, 16, 21, 24978 }, // U+FB8C
    { 11, 21, 132, -1, 16, 29, 24999 }, // U+FB8D
    { 19, 16, 292, 0, 15, 38, 25028 }, // U+FB8E
    { 22, 16, 325, 0, 15, 44, 25066 }, // U+FB8F
    { 9, 16, 137, 0, 15, 18, 25110 }, // U+FB90
    { 12, 16, 169, 0, 15, 24, 25128 }, // U+FB91
    { 19, 19, 292, 0, 18, 46, 25152 }, // U+FB92
    { 22, 19, 325, 0, 18, 53, 25198 }, // U+FB93
    { 9, 19, 137, 0, 18, 22, 25251 }, // U+FB94
    { 12, 19, 169, 0, 18, 29, 25273 }, // U+FB95
    { 14, 12, 228, 0, 7, 21, 25302 }, // U+FB9E
    { 17, 11, 243, 0, 6, 24, 25323 }, // U+FB9F
    { 8, 10, 135, 0, 10, 10, 25347 }, // U+FBA6
    { 12, 8, 160, 0, 7, 12, 25357 }, // U+FBA7
    { 5, 13, 90, 0, 9, 9, 25369 }, // U+FBA8
    { 11, 10, 146, 0, 4, 14, 25378 }, // U+FBA9
    { 14, 12, 224, 0, 11, 21, 25392 }, // U+FBAA
    { 14, 14, 205, 0, 9, 25, 25413 }, // U+FBAB
    { 12, 12, 191, 0, 11, 18, 25438 }, // U+FBAC
    { 12, 14, 169, 0, 9, 21, 25456 }, // U+FBAD
    { 19, 11, 314, 0, 10, 27, 25477 }, // U+FBAE
    { 13, 8, 183, 0, 2, 13, 25504 }, // U+FBAF
    { 19, 16, 314, 0, 15, 38, 25517 }, // U+FBB0
    { 13, 13, 183, 0, 7, 22, 25555 }, // U+FBB1
    { 16, 14, 253, 0, 9, 28, 25577 }, // U+FBFC
    { 17, 9, 245, 0, 4, 20, 25605 }, // U+FBFD
    { 6, 13, 100, -1, 9, 10, 25625 }, // U+FBFE
    { 9, 10, 124, 0, 6, 12, 25635 }, // U+FBFF
    { 8, 10, 137, 0, 8, 10, 25647 }, // U+FE80
    { 8, 18, 78, -2, 18, 18, 25657 }, // U+FE81
    { 10, 20, 97, -2, 19, 25, 25675 }, // U+FE82
    { 5, 20, 78, 0, 20, 13, 25700 }, // U+FE83
    { 8, 22, 97, 0, 21, 22, 25713 }, // U+FE84
    { 9, 18, 149, 0, 13, 21, 25735 }, // U+FE85
    { 11, 18, 157, 0, 13, 25, 25756 }, // U+FE86
    { 5, 21, 79, 1, 15, 14, 25781 }, // U+FE87
    { 7, 21, 97, 1, 15, 19, 25795 }, // U+FE88
    { 16, 14, 253, 0, 9, 28, 25814 }, // U+FE89
    { 17, 14, 245, 0, 9, 30, 25842 }, // U+FE8A
    { 5, 16, 90, 0, 15, 10, 25872 }, // U+FE8B
    { 9, 13, 114, 0, 12, 15, 25882 }, // U+FE8C
    { 3, 15, 79, 1, 15, 6, 25897 }, // U+FE8D
    { 7, 16, 97, 1, 15, 14, 25903 }, // U+FE8E
    { 20, 13, 331, 0, 9, 33, 25917 }, // U+FE8F
    { 24, 12, 364, 0, 8, 36, 25950 }, // U+FE90
    { 5, 13, 90, 0, 9, 9, 25986 }, // U+FE91
    { 9, 10, 114, 0, 6, 12, 25995 }, // U+FE92
    { 8, 14, 135, 0, 14, 14, 26007 }, // U+FE93
    { 12, 16, 162, 0, 15, 24, 26021 }, // U+FE94
    { 20, 12, 331, 0, 11, 30, 26045 }, // U+FE95
    { 24, 12, 364, 0, 11, 36, 26075 }, // U+FE96
    { 6, 14, 90, 0, 13, 11, 26111 }, // U+FE97
    { 9, 11, 124, 0, 10, 13, 26122 }, // U+FE98
    { 20, 15, 331, 0, 14, 38, 26135 }, // U+FE99
    { 24, 15, 364, 0, 14, 45, 26173 }, // U+FE9A
    { 6, 17, 90, 0, 16, 13, 26218 }, // U+FE9B
    { 9, 14, 124, 0, 13, 16, 26231 }, // U+FE9C
    { 13, 18, 213, 0, 9, 30, 26247 }, // U+FE9D
    { 15, 18, 216, 0, 9, 34, 26277 }, // U+FE9E
    { 12, 12, 196, 0, 8, 18, 26311 }, // U+FE9F
    { 15, 12, 212, 0, 8, 23, 26329 }, // U+FEA0
    { 13, 18, 213, 0, 9, 30, 26352 }, // U+FEA1
    { 15, 18, 216, 0, 9, 34, 26382 }, // U+FEA2
    { 12, 9, 196, 0, 8, 14, 26416 }, // U+FEA3
    { 15, 9, 212, 0, 8, 17, 26430 }, // U+FEA4
    { 13, 22, 213, 0, 13, 36, 26447 }, // U+FEA5
    { 15, 22, 216, 0, 13, 42, 26483 }, // U+FEA6
    { 12, 13, 196, 0, 12, 20, 26525 }, // U+FEA7
    { 15, 13, 212, 0, 12, 25, 26545 }, // U+FEA8
    { 9, 11, 159, 0, 10, 13, 26570 }, // U+FEA9
    { 13, 11, 177, 0, 10, 18, 26583 }, // U+FEAA
    { 9, 15, 159, 0, 14, 17, 26601 }, // U+FEAB
    { 13, 15, 177, 0, 14, 25, 26618 }, // U+FEAC
    { 8, 13, 122, -1, 8, 13, 26643 }, // U+FEAD
    { 11, 13, 132, -1, 8, 18, 26656 }, // U+FEAE
    { 8, 17, 122, -1, 12, 17, 26674 }, // U+FEAF
    { 11, 17, 132, -1, 12, 24, 26691 }, // U+FEB0
    { 25, 14, 403, 0, 9, 44, 26715 }, // U+FEB1
    { 28, 13, 423, 0, 8, 46, 26759 }, // U+FEB2
    { 16, 10, 261, 0, 9, 20, 26805 }, // U+FEB3
    { 19, 9, 283, 0, 8, 22, 26825 }, // U+FEB4
    { 25, 19, 403, 0, 14, 60, 26847 }, // U+FEB5
    { 28, 19, 423, 0, 14, 67, 26907 }, // U+FEB6
    { 16, 15, 261, 0, 14, 30, 26974 }, // U+FEB7
    { 19, 15, 283, 0, 14, 36, 27004 }, // U+FEB8
    { 27, 13, 435, 0, 8, 44, 27040 }, // U+FEB9
    { 30, 13, 451, 0, 8, 49, 27084 }, // U+FEBA
    { 18, 9, 301, 0, 8, 21, 27133 }, // U+FEBB
    { 21, 9, 316, 0, 8, 24, 27154 }, // U+FEBC
    { 27, 17, 435, 0, 12, 58, 27178 }, // U+FEBD
    { 30, 17, 451, 0, 12, 64, 27236 }, // U+FEBE
    { 18, 13, 301, 0, 12, 30, 27300 }, // U+FEBF
    { 21, 13, 316, 0, 12, 35, 27330 }, // U+FEC0
    { 16, 16, 263, 0, 15, 32, 27365 }, // U+FEC1
    { 19, 16, 277, 0, 15, 38, 27397 }, // U+FEC2
    { 14, 16, 226, 0, 15, 28, 27435 }, // U+FEC3
    { 16, 16, 237, 0, 15, 32, 27463 }, // U+FEC4
    { 16, 16, 263, 0, 15, 32, 27495 }, // U+FEC5
    { 19, 16, 277, 0, 15, 38, 27527 }, // U+FEC6
    { 14, 16, 226, 0, 15, 28, 27565 }, // U+FEC7
    { 16, 16, 237, 0, 15, 32, 27593 }, // U+FEC8
    { 13, 20, 169, 0, 11, 33, 27625 }, // U+FEC9
    { 13, 18, 177, 0, 9, 30, 27658 }, // U+FECA
    { 10, 11, 168, 0, 10, 14, 27688 }, // U+FECB
    { 12, 10, 174, 0, 9, 15, 27702 }, // U+FECC
    { 13, 24, 169, 0, 15, 39, 27717 }, // U+FECD
    { 13, 22, 177, 0, 13, 36, 27756 }, // U+FECE
    { 10, 15, 168, 0, 14, 19, 27792 }, // U+FECF
    { 12, 14, 174, 0, 13, 21, 27811 }, // U+FED0
    { 20, 16, 328, 0, 15, 40, 27832 }, // U+FED1
    { 24, 14, 366, 0, 13, 42, 27872 }, // U+FED2
    { 9, 16, 149, 0, 15, 18, 27914 }, // U+FED3
    { 12, 14, 165, 0, 13, 21, 27932 }, // U+FED4
    { 16, 17, 258, 0, 13, 34, 27953 }, // U+FED5
    { 18, 17, 269, 0, 11, 39, 27987 }, // U+FED6
    { 9, 16, 149, 0, 15, 18, 28026 }, // U+FED7
    { 12, 14, 165, 0, 13, 21, 28044 }, // U+FED8
    { 18, 16, 294, 0, 15, 36, 28065 }, // U+FED9
    { 21, 16, 307, 0, 15, 42, 28101 }, // U+FEDA
    { 9, 16, 137, 0, 15, 18, 28143 }, // U+FEDB
    { 12, 16, 169, 0, 15, 24, 28161 }, // U+FEDC
    { 14, 20, 232, 0, 15, 35, 28185 }, // U+FEDD
    { 17, 20, 243, 0, 15, 43, 28220 }, // U+FEDE
    { 5, 16, 87, 0, 15, 10, 28263 }, // U+FEDF
    { 8, 16, 100, 0, 15, 16, 28273 }, // U+FEE0
    { 10, 17, 161, 0, 8, 22, 28289 }, // U+FEE1
    { 13, 17, 187, 0, 8, 28, 28311 }, // U+FEE2
    { 10, 9, 175, 0, 8, 12, 28339 }, // U+FEE3
    { 14, 9, 193, 0, 8, 16, 28351 }, // U+FEE4
    { 14, 16, 228, 0, 11, 28, 28367 }, // U+FEE5
    { 17, 16, 243, 0, 11, 34, 28395 }, // U+FEE6
    { 5, 14, 90, 0, 13, 9, 28429 }, // U+FEE7
    { 9, 11, 114, 0, 10, 13, 28438 }, // U+FEE8
    { 8, 10, 135, 0, 10, 10, 28451 }, // U+FEE9
    { 12, 12, 162, 0, 11, 18, 28461 }, // U+FEEA
    { 12, 12, 191, 0, 11, 18, 28479 }, // U+FEEB
    { 12, 14, 169, 0, 9, 21, 28497 }, // U+FEEC
    { 9, 13, 149, 0, 8, 15, 28518 }, // U+FEED
    { 11, 13, 157, 0, 8, 18, 28533 }, // U+FEEE
    { 16, 14, 253, 0, 9, 28, 28551 }, // U+FEEF
    { 17, 9, 245, 0, 4, 20, 28579 }, // U+FEF0
    { 16, 18, 253, 0, 9, 36, 28599 }, // U+FEF1
    { 17, 13, 245, 0, 4, 28, 28635 }, // U+FEF2
    { 6, 13, 100, -1, 9, 10, 28663 }, // U+FEF3
    { 9, 10, 124, 0, 6, 12, 28673 }, // U+FEF4
    { 13, 16, 194, -2, 16, 26, 28685 }, // U+FEF5
    { 16, 17, 200, -2, 16, 34, 28711 }, // U+FEF6
    { 12, 18, 194, -1, 18, 27, 28745 }, // U+FEF7
    { 14, 19, 200, 0, 18, 34, 28772 }, // U+FEF8
    { 11, 21, 194, 0, 15, 29, 28806 }, // U+FEF9
    { 14, 21, 200, 0, 15, 37, 28835 }, // U+FEFA
    { 11, 15, 194, 0, 15, 21, 28872 }, // U+FEFB
    { 14, 16, 200, 0, 15, 28, 28893 }, // U+FEFC
};

static const EpdUnicodeInterval inter_10_regularIntervals[] = {
    { 0x0, 0x0, 0x0 },
    { 0xD, 0xD, 0x1 },
    { 0x20, 0x7E, 0x2 },
    { 0xA0, 0xAC, 0x61 },
    { 0xAE, 0x148, 0x6E },
    { 0x14A, 0x17F, 0x109 },
    { 0x1A0, 0x1A1, 0x13F },
    { 0x1AF, 0x1B0, 0x141 },
    { 0x1C5, 0x21F, 0x143 },
    { 0x300, 0x304, 0x19E },
    { 0x306, 0x30C, 0x1A3 },
    { 0x30F, 0x30F, 0x1AA },
    { 0x312, 0x313, 0x1AB },
    { 0x315, 0x315, 0x1AD },
    { 0x31B, 0x31B, 0x1AE },
    { 0x323, 0x323, 0x1AF },
    { 0x326, 0x328, 0x1B0 },
    { 0x32C, 0x32C, 0x1B3 },
    { 0x337, 0x338, 0x1B4 },
    { 0x342, 0x343, 0x1B6 },
    { 0x346, 0x36F, 0x1B8 },
    { 0x400, 0x479, 0x1E2 },
    { 0x480, 0x49D, 0x25C },
    { 0x4A0, 0x4FF, 0x27A },
    { 0x5D0, 0x5EA, 0x2DA },
    { 0x60C, 0x60C, 0x2F5 },
    { 0x61B, 0x61B, 0x2F6 },
    { 0x61F, 0x61F, 0x2F7 },
    { 0x621, 0x621, 0x2F8 },
    { 0x640, 0x640, 0x2F9 },
    { 0x654, 0x654, 0x2FA },
    { 0x660, 0x669, 0x2FB },
    { 0x6BA, 0x6BA, 0x305 },
    { 0x6D4, 0x6D5, 0x306 },
    { 0x6F0, 0x6F9, 0x308 },
    { 0x1EA0, 0x1EF9, 0x312 },
    { 0x2000, 0x2027, 0x36C },
    { 0x202F, 0x2055, 0x394 },
    { 0x2057, 0x2057, 0x3BB },
    { 0x205F, 0x205F, 0x3BC },
    { 0x2070, 0x2071, 0x3BD },
    { 0x2074, 0x208E, 0x3BF },
    { 0x2090, 0x209C, 0x3DA },
    { 0x20A0, 0x20AF, 0x3E7 },
    { 0x20B1, 0x20B5, 0x3F7 },
    { 0x20B8, 0x20BA, 0x3FC },
    { 0x20BC, 0x20C0, 0x3FF },
    { 0x2190, 0x2199, 0x404 },
    { 0x21A9, 0x21AA, 0x40E },
    { 0x21B0, 0x21B1, 0x410 },
    { 0x21B3, 0x21B5, 0x412 },
    { 0x21BA, 0x21BB, 0x415 },
    { 0x21D0, 0x21D0, 0x417 },
    { 0x21D2, 0x21D2, 0x418 },
    { 0x21D4, 0x21D4, 0x419 },
    { 0x21DE, 0x21DF, 0x41A },
    { 0x21E4, 0x21E5, 0x41C },
    { 0x21E7, 0x21E7, 0x41E },
    { 0x21EA, 0x21EA, 0x41F },
    { 0x2202, 0x2202, 0x420 },
    { 0x2205, 0x2206, 0x421 },
    { 0x220F, 0x220F, 0x423 },
    { 0x2211, 0x2212, 0x424 },
    { 0x221A, 0x221A, 0x426 },
    { 0x221E, 0x221E, 0x427 },
    { 0x222B, 0x222B, 0x428 },
    { 0x2236, 0x2236, 0x429 },
    { 0x2248, 0x2248, 0x42A },
    { 0x2260, 0x2260, 0x42B },
    { 0x2264, 0x2265, 0x42C },
    { 0x2295, 0x2298, 0x42E },
    { 0xFB56, 0xFB59, 0x432 },
    { 0xFB66, 0xFB69, 0x436 },
    { 0xFB7A, 0xFB7D, 0x43A },
    { 0xFB88, 0xFB95, 0x43E },
    { 0xFB9E, 0xFB9F, 0x44C },
    { 0xFBA6, 0xFBB1, 0x44E },
    { 0xFBFC, 0xFBFF, 0x45A },
    { 0xFE80, 0xFEFC, 0x45E },
};

static const uint16_t inter_10_regularKernLeftCodepoints[] = {
    0x0022, 0x0024, 0x0025, 0x0026, 0x0027, 0x0028, 0x0029, 0x002A, 0x002B, 0x002C, 0x002D, 0x002E,
    0x002F, 0x0030, 0x0031, 0x0032, 0x0033, 0x0034, 0x0035, 0x0036, 0x0037, 0x0038, 0x0039, 0x003A,
    0x003B, 0x003D, 0x003E, 0x003F, 0x0040, 0x0041, 0x0042, 0x0043, 0x0044, 0x0045, 0x0046, 0x0047,
    0x0048, 0x0049, 0x004A, 0x004B, 0x004C, 0x004D, 0x004E, 0x004F, 0x0050, 0x0051, 0x0052, 0x0053,
    0x0054, 0x0055, 0x0056, 0x0057, 0x0058, 0x0059, 0x005A, 0x005B, 0x005C, 0x005D, 0x005E, 0x005F,
    0x0061, 0x0062, 0x0063, 0x0064, 0x0065, 0x0066, 0x0067, 0x0068, 0x0069, 0x006A, 0x006B, 0x006C,
    0x006D, 0x006E, 0x006F, 0x0070, 0x0071, 0x0072, 0x0073, 0x0074, 0x0075, 0x0076, 0x0077, 0x0078,
    0x0079, 0x007A, 0x007B, 0x007C, 0x007D, 0x007E, 0x00A1, 0x00A2, 0x00A5, 0x00A9, 0x00AA, 0x00AB,
    0x00AC, 0x00AE, 0x00B0, 0x00B1, 0x00B2, 0x00B5, 0x00B6, 0x00B7, 0x00BA, 0x00BB, 0x00BF, 0x00C0,
    0x00C1, 0x00C2, 0x00C3, 0x00C4, 0x00C5, 0x00C6, 0x00C7, 0x00C8, 0x00C9, 0x00CA, 0x00CB, 0x00CC,
    0x00CD, 0x00CE, 0x00CF, 0x00D0, 0x00D1, 0x00D2, 0x00D3, 0x00D4, 0x00D5, 0x00D6, 0x00D7, 0x00D8,
    0x00D9, 0x00DA, 0x00DB, 0x00DC, 0x00DD, 0x00DE, 0x00DF, 0x00E0, 0x00E1, 0x00E2, 0x00E3, 0x00E4,
    0x00E5, 0x00E6, 0x00E7, 0x00E8, 0x00E9, 0x00EA, 0x00EB, 0x00EC, 0x00ED, 0x00EE, 0x00EF, 0x00F0,
    0x00F1, 0x00F2, 0x00F3, 0x00F4, 0x00F5, 0x00F6, 0x00F7, 0x00F8, 0x00F9, 0x00FA, 0x00FB, 0x00FC,
    0x00FD, 0x00FE, 0x00FF, 0x0100, 0x0101, 0x0102, 0x0103, 0x0104, 0x0105, 0x0106, 0x0107, 0x0108,
    0x0109, 0x010A, 0x010B, 0x010C, 0x010D, 0x010E, 0x010F, 0x0111, 0x0112, 0x0113, 0x0114, 0x0115,
    0x0116, 0x0117, 0x0118, 0x0119, 0x011A, 0x011B, 0x011C, 0x011D, 0x011E, 0x011F, 0x0120, 0x0121,
    0x0122, 0x0123, 0x0124, 0x0125, 0x0126, 0x0127, 0x0128, 0x0129, 0x012A, 0x012B, 0x012C, 0x012D,
    0x012E, 0x012F, 0x0130, 0x0131, 0x0133, 0x0134, 0x0135, 0x0136, 0x0137, 0x0138, 0x0139, 0x013A,
    0x013B, 0x013C, 0x013D, 0x013E, 0x013F, 0x0140, 0x0141, 0x0142, 0x0143, 0x0144, 0x0145, 0x0146,
    0x0147, 0x0148, 0x014A, 0x014C, 0x014D, 0x014E, 0x014F, 0x0150, 0x0151, 0x0152, 0x0153, 0x0154,
    0x0155, 0x0156, 0x0157, 0x0158, 0x0159, 0x015A, 0x015B, 0x015C, 0x015D, 0x015E, 0x015F, 0x0160,
    0x0161, 0x0162, 0x0163, 0x0164, 0x0165, 0x0166, 0x0167, 0x0168, 0x0169, 0x016A, 0x016B, 0x016C,
    0x016D, 0x016E, 0x016F, 0x0170, 0x0171, 0x0172, 0x0173, 0x0174, 0x0175, 0x0176, 0x0177, 0x0178,
    0x0179, 0x017A, 0x017B, 0x017C, 0x017D, 0x017E, 0x017F, 0x01A0, 0x01A1, 0x01AF, 0x01B0, 0x01C5,
    0x01C6, 0x01C8, 0x01C9, 0x01CB, 0x01CC, 0x01CD, 0x01CE, 0x01CF, 0x01D0, 0x01D1, 0x01D2, 0x01D3,
    0x01D4, 0x01D5, 0x01D6, 0x01D7, 0x01D8, 0x01D9, 0x01DA, 0x01DB, 0x01DC, 0x01DD, 0x01DE, 0x01DF,
    0x01E0, 0x01E1, 0x01E2, 0x01E3, 0x01E4, 0x01E5, 0x01E6, 0x01E7, 0x01E8, 0x01E9, 0x01EA, 0x01EB,
    0x01EC, 0x01ED, 0x01F0, 0x01F1, 0x01F2, 0x01F3, 0x01F4, 0x01F5, 0x01F6, 0x01F8, 0x01F9, 0x01FA,
    0x01FB, 0x01FC, 0x01FD, 0x01FE, 0x01FF, 0x0200, 0x0201, 0x0202, 0x0203, 0x0204, 0x0205, 0x0206,
    0x0207, 0x0208, 0x0209, 0x020A, 0x020B, 0x020C, 0x020D, 0x020E, 0x020F, 0x0210, 0x0211, 0x0212,
    0x0213, 0x0214, 0x0215, 0x0216, 0x0217, 0x0218, 0x0219, 0x021A, 0x021B, 0x021E, 0x021F, 0x0400,
    0x0401, 0x0402, 0x0403, 0x0404, 0x0405, 0x0406, 0x0407, 0x0408, 0x0409, 0x040A, 0x040B, 0x040C,
    0x040D, 0x040F, 0x0410, 0x0411, 0x0412, 0x0413, 0x0414, 0x0415, 0x0416, 0x0417, 0x0418, 0x0419,
    0x041A, 0x041B, 0x041C, 0x041D, 0x041E, 0x041F, 0x0420, 0x0421, 0x0422, 0x0423, 0x0424, 0x0425,
    0x0426, 0x0427, 0x0428, 0x0429, 0x042A, 0x042B, 0x042C, 0x042D, 0x042E, 0x0430, 0x0432, 0x0433,
    0x0434, 0x0435, 0x0436, 0x0437, 0x0438, 0x0439, 0x043A, 0x043B, 0x043C, 0x043D, 0x043E, 0x043F,
    0x0440, 0x0441, 0x0442, 0x0443, 0x0444, 0x0445, 0x0446, 0x0447, 0x0448, 0x0449, 0x044A, 0x044B,
    0x044C, 0x044D, 0x044E, 0x044F, 0x0450, 0x0451, 0x0452, 0x0453, 0x0454, 0x0455, 0x0456, 0x0457,
    0x0458, 0x0459, 0x045A, 0x045B, 0x045C, 0x045D, 0x045E, 0x045F, 0x0460, 0x0462, 0x0463, 0x0464,
    0x0465, 0x0466, 0x0467, 0x0468, 0x046E, 0x0472, 0x0473, 0x0474, 0x0475, 0x0476, 0x0477, 0x0479,
    0x0481, 0x048A, 0x048B, 0x048C, 0x048D, 0x048E, 0x048F, 0x0490, 0x0491, 0x0492, 0x0493, 0x0497,
    0x0498, 0x049A, 0x049B, 0x049C, 0x049D, 0x04A0, 0x04A1, 0x04A2, 0x04A3, 0x04A4, 0x04A5, 0x04A6,
    0x04A7, 0x04A9, 0x04AA, 0x04AB, 0x04AC, 0x04AD, 0x04AE, 0x04AF, 0x04B0, 0x04B1, 0x04B3, 0x04B5,
    0x04B7, 0x04B9, 0x04BA, 0x04BB, 0x04BD, 0x04BF, 0x04C0, 0x04C1, 0x04C3, 0x04C4, 0x04C6, 0x04C7,
    0x04C8, 0x04C9, 0x04CA, 0x04CC, 0x04CD, 0x04CE, 0x04CF, 0x04D0, 0x04D1, 0x04D2, 0x04D3, 0x04D4,
    0x04D5, 0x04D6, 0x04D7, 0x04D9, 0x04DA, 0x04DB, 0x04DC, 0x04E0, 0x04E2, 0x04E3, 0x04E4, 0x04E5,
    0x04E6, 0x04E7, 0x04E8, 0x04E9, 0x04EA, 0x04EB, 0x04ED, 0x04EF, 0x04F1, 0x04F3, 0x04F5, 0x04F6,
    0x04F7, 0x04F9, 0x04FA, 0x04FB, 0x04FC, 0x04FD, 0x04FE, 0x04FF, 0x05D0, 0x05D1, 0x05D2, 0x05D3,
    0x05D5, 0x05D6, 0x05D8, 0x05D9, 0x05DB, 0x05DC, 0x05DE, 0x05E0, 0x05E1, 0x05E2, 0x05E4, 0x05E6,
    0x05E8, 0x05E9, 0x05EA, 0x1EA0, 0x1EA1, 0x1EA2, 0x1EA3, 0x1EA4, 0x1EA5, 0x1EA6, 0x1EA7, 0x1EA8,
    0x1EA9, 0x1EAA, 0x1EAB, 0x1EAC, 0x1EAD, 0x1EAE, 0x1EAF, 0x1EB0, 0x1EB1, 0x1EB2, 0x1EB3, 0x1EB4,
    0x1EB5, 0x1EB6, 0x1EB7, 0x1EB8, 0x1EB9, 0x1EBA, 0x1EBB, 0x1EBC, 0x1EBD, 0x1EBE, 0x1EBF, 0x1EC0,
    0x1EC1, 0x1EC2, 0x1EC3, 0x1EC4, 0x1EC5, 0x1EC6, 0x1EC7, 0x1EC8, 0x1EC9, 0x1ECA, 0x1ECB, 0x1ECC,
    0x1ECD, 0x1ECE, 0x1ECF, 0x1ED0, 0x1ED1, 0x1ED2, 0x1ED3, 0x1ED4, 0x1ED5, 0x1ED6, 0x1ED7, 0x1ED8,
    0x1ED9, 0x1EDA, 0x1EDB, 0x1EDC, 0x1EDD, 0x1EDE, 0x1EDF, 0x1EE0, 0x1EE1, 0x1EE2, 0x1EE3, 0x1EE4,
    0x1EE5, 0x1EE6, 0x1EE7, 0x1EE8, 0x1EE9, 0x1EEA, 0x1EEB, 0x1EEC, 0x1EED, 0x1EEE, 0x1EEF, 0x1EF0,
    0x1EF1, 0x1EF2, 0x1EF3, 0x1EF4, 0x1EF5, 0x1EF6, 0x1EF7, 0x1EF8, 0x1EF9, 0x2018, 0x2019, 0x201A,
    0x201C, 0x201D, 0x201E, 0x2020, 0x2021, 0x2022, 0x2023, 0x2026, 0x2034, 0x2039, 0x203A, 0x203D,
    0x2043, 0x204B, 0x204C, 0x204D, 0x204F, 0x2071, 0x2074, 0x2077, 0x207A, 0x207B, 0x2080, 0x2081,
    0x2082, 0x2083, 0x2084, 0x2085, 0x2086, 0x2087, 0x2088, 0x2089, 0x208A, 0x208B, 0x208C, 0x208D,
    0x208E, 0x2090, 0x2091, 0x2092, 0x2093, 0x2095, 0x2096, 0x2097, 0x2098, 0x2099, 0x209A, 0x209B,
    0x209C, 0x20A1, 0x20A7, 0x20A8, 0x20A9, 0x20AF, 0x20B2, 0x20B5, 0x20BD, 0x20BF, 0x2190, 0x21D0,
    0x2206, 0x2212, 0x221E, 0x2248, 0x2260, 0x2264, 0x2265, 0xFB8C, 0xFEAD, 0xFEAE, 0xFEAF,
};

static const uint8_t inter_10_regularKernLeftClassIds[] = {
      1,   2,   3,   4,   1,   5,   6,   7,   8,   9,   8,   9,  10,  11,  12,  13,
     14,  15,  16,  17,  18,  14,  11,  19,  19,  20,  21,  22,  23,  24,  25,  26,
     23,  27,  28,  29,  12,  12,  30,  31,  32,  12,  12,  23,  33,  23,  34,   2,
     35,  30,  36,  37,  38,  39,  40,  41,  42,   6,   7,  43,  44,  45,  45,  12,
     45,  46,  47,  44,  48,  48,  49,  12,  44,  44,  45,  45,  47,  50,  51,  52,
     53,  54,  55,  56,  54,  57,   5,  12,   6,   8,  58,  45,  59,  23,  60,  61,
     47,  62,   7,  20,  63,  64,  12,  65,  60,  66,  67,  24,  24,  24,  24,  24,
     24,  27,  26,  27,  27,  27,  27,  12,  12,  68,  68,  23,  12,  23,  23,  23,
     23,  23,  69,  23,  30,  30,  30,  30,  39,  70,  71,  44,  44,  44,  44,  44,
     44,  72,  45,  45,  45,  45,  45,  48,  48,  73,  74,  45,  75,  45,  45,  45,
     76,  76,   8,  45,  53,  53,  53,  53,  54,  45,  54,  24,  77,  24,  44,  24,
     44,  26,  45,  26,  45,  26,  45,  26,  45,  23,  78,  79,  27,  45,  27,  45,
     27,  45,  27,  45,  27,  45,  29,  47,  29,  47,  29,  47,  29,  47,  12,  44,
     12,  44,  68,  80,  68,  81,  68,  82,  12,  48,  12,  48,  48,  30,  83,  31,
     49,  49,  84,  85,  32,  12,  86,  12,  87,  12,  88,  12,  12,  44,  12,  44,
     12,  44,  12,  23,  45,  23,  45,  23,  45,  27,  45,  34,  50,  34,  50,  34,
     50,   2,  51,   2,  51,   2,  51,   2,  51,  89,  52,  90,  52,  91,  52,  30,
     53,  30,  53,  30,  53,  30,  53,  30,  53,  30,  53,  37,  55,  39,  54,  39,
     40,  57,  40,  57,  40,  57,  92,  93,  94,  95,  96,  97,  57,  48,  48,  48,
     48,  24,  44,  85,  98,  23,  45,  30,  53,  30,  53,  30,  53,  30,  53,  30,
     53,  45,  24,  44,  24,  44,  27,  72,  29,  47,  29,  47,  31,  49,  23,  45,
     23,  45,  48,  99,  57,  57,  29,  47, 100,  12,  44,  24,  44,  27,  72,  23,
     45,  24,  44,  24,  44,  27,  45,  27,  45, 101, 102,  68, 103,  23,  45,  23,
     45,  34,  50,  34,  50,  30,  53,  30,  53,   2,  51,  35,  52,  12,  44,  27,
     27,  45,  35,  94,   2,  12,  68,  30,  45,  45,  44,  31,  12,  12,  24,  25,
     25,  35, 104,  27, 105,  14,  12,  12,  31,  12,  12,  12,  23,  12,  33,  26,
     35,  39, 106,  38, 104,  12,  12, 104,  45,  12,  45,  23, 107,  44,  51,  50,
    108,  45,  56,  44,  44,  44,  49,  44,  44,  44,  45,  44,  45,  45, 109,  54,
     45,  56, 108,  44,  44, 108, 110,  48, 110,  45,  45,  44,  45,  45,  44,  50,
     45,  51,  48,  74,  48, 110, 110,  44,  49,  44,  54,  53,  12,  45,  45,  26,
     45,  24,  24,  24,  25,  23,  45,  36,  54,  36,  54,  46,  45,  12,  52,  45,
     45,  33,  45,  35,  50,  35,  50,  56,  14,  31,  49,  31,  49,  31,  49,  52,
     52,  35,  50,  45, 110,  72,  26,  45,  35,  50,  39,  54,  39,  54,  56, 108,
     52,  44,  44,  44,  45,  72,  12,  38,  25,  44,  52,  12,  44,  52,  52,  44,
     12,  52,  12,  24,  44,  24,  44,  27,  72,  27,  45,  45,  23,  45,  38,  14,
     12,  44,  12,  44,  23,  45,  23,  45,  23,  45,  45,  54,  54,  54,  44,  35,
     50,  44,  35,  50,  38,  56,  38,  56, 111, 112, 113, 114, 115, 116, 117, 118,
    119, 120, 121, 122, 123, 124, 125, 126, 127, 128, 129,  24,  44,  24,  44,  24,
     44,  24,  44,  24,  44,  24,  44,  24,  44,  24,  44,  24,  44,  24,  44,  24,
     44,  24,  44,  27,  45,  27,  45,  27,  45,  27,  45,  27,  45,  27,  45,  27,
     45,  27,  45,  12, 102,  12, 130,  23,  45,  23,  45,  23,  45,  23,  45,  23,
     45,  23,  45,  23,  45,  23,  45,  23,  45,  23,  45,  23,  45,  23,  45,  30,
     53,  30,  53, 131,  53, 131,  53, 131,  96, 131,  53, 131,  53,  39,  54,  39,
     54,  39,  54,  39,  54, 132, 133, 134, 132, 133, 134,  60,  60, 135, 135, 136,
    133,  61,  66,  22, 135,  33,  44, 135,  19, 137, 138, 139, 140, 140, 141, 141,
    141, 141, 141, 142, 141, 143, 141, 141, 141, 141, 141, 141, 141, 141, 141, 141,
    141, 141, 141, 141, 141, 141, 141, 141, 141,  26,  52,  51, 144,  45,  29,  26,
    145,  25,   8,  20,  24,   8,  87,  20,  20,  20,  20, 146, 146, 146, 146,
};

static const uint16_t inter_10_regularKernRightCodepoints[] = {
    0x0022, 0x0023, 0x0024, 0x0026, 0x0027, 0x0029, 0x002A, 0x002B, 0x002C, 0x002D, 0x002E, 0x002F,
    0x0030, 0x0031, 0x0032, 0x0033, 0x0034, 0x0035, 0x0036, 0x0037, 0x0038, 0x0039, 0x003A, 0x003B,
    0x003C, 0x003D, 0x003F, 0x0040, 0x0041, 0x0042, 0x0043, 0x0044, 0x0045, 0x0046, 0x0047, 0x0048,
    0x0049, 0x004A, 0x004B, 0x004C, 0x004D, 0x004E, 0x004F, 0x0050, 0x0051, 0x0052, 0x0053, 0x0054,
    0x0055, 0x0056, 0x0057, 0x0058, 0x0059, 0x005A, 0x005C, 0x005D, 0x005E, 0x005F, 0x0061, 0x0062,
    0x0063, 0x0064, 0x0065, 0x0066, 0x0067, 0x0068, 0x0069, 0x006A, 0x006B, 0x006C, 0x006D, 0x006E,
    0x006F, 0x0070, 0x0071, 0x0072, 0x0073, 0x0074, 0x0075, 0x0076, 0x0077, 0x0078, 0x0079, 0x007A,
    0x007C, 0x007D, 0x007E, 0x00A2, 0x00A9, 0x00AA, 0x00AB, 0x00AC, 0x00AE, 0x00B0, 0x00B1, 0x00B2,
    0x00B5, 0x00B6, 0x00B7, 0x00B9, 0x00BA, 0x00BB, 0x00BF, 0x00C0, 0x00C1, 0x00C2, 0x00C3, 0x00C4,
    0x00C5, 0x00C6, 0x00C7, 0x00C8, 0x00C9, 0x00CA, 0x00CB, 0x00CC, 0x00CD, 0x00CE, 0x00CF, 0x00D0,
    0x00D1, 0x00D2, 0x00D3, 0x00D4, 0x00D5, 0x00D6, 0x00D7, 0x00D8, 0x00D9, 0x00DA, 0x00DB, 0x00DC,
    0x00DD, 0x00DE, 0x00DF, 0x00E0, 0x00E1, 0x00E2, 0x00E3, 0x00E4, 0x00E5, 0x00E6, 0x00E7, 0x00E8,
    0x00E9, 0x00EA, 0x00EB, 0x00EC, 0x00ED, 0x00EE, 0x00EF, 0x00F0, 0x00F1, 0x00F2, 0x00F3, 0x00F4,
    0x00F5, 0x00F6, 0x00F7, 0x00F8, 0x00F9, 0x00FA, 0x00FB, 0x00FC, 0x00FD, 0x00FE, 0x00FF, 0x0100,
    0x0101, 0x0102, 0x0103, 0x0104, 0x0105, 0x0106, 0x0107, 0x0108, 0x0109, 0x010A, 0x010B, 0x010C,
    0x010D, 0x010E, 0x010F, 0x0110, 0x0111, 0x0112, 0x0113, 0x0114, 0x0115, 0x0116, 0x0117, 0x0118,
    0x0119, 0x011A, 0x011B, 0x011C, 0x011D, 0x011E, 0x011F, 0x0120, 0x0121, 0x0122, 0x0123, 0x0124,
    0x0125, 0x0126, 0x0127, 0x0128, 0x0129, 0x012A, 0x012B, 0x012C, 0x012D, 0x012E, 0x012F, 0x0130,
    0x0131, 0x0133, 0x0134, 0x0135, 0x0136, 0x0137, 0x0138, 0x0139, 0x013A, 0x013B, 0x013C, 0x013D,
    0x013E, 0x0140, 0x0141, 0x0142, 0x0143, 0x0144, 0x0145, 0x0146, 0x0147, 0x0148, 0x014A, 0x014B,
    0x014C, 0x014D, 0x014E, 0x014F, 0x0150, 0x0151, 0x0152, 0x0153, 0x0154, 0x0155, 0x0156, 0x0157,
    0x0158, 0x0159, 0x015A, 0x015B, 0x015C, 0x015D, 0x015E, 0x015F, 0x0160, 0x0161, 0x0162, 0x0163,
    0x0164, 0x0165, 0x0166, 0x0167, 0x0168, 0x0169, 0x016A, 0x016B, 0x016C, 0x016D, 0x016E, 0x016F,
    0x0170, 0x0171, 0x0172, 0x0173, 0x0174, 0x0175, 0x0176, 0x0177, 0x0178, 0x0179, 0x017A, 0x017B,
    0x017C, 0x017D, 0x017E, 0x017F, 0x01A0, 0x01A1, 0x01AF, 0x01B0, 0x01C5, 0x01C6, 0x01C8, 0x01C9,
    0x01CB, 0x01CC, 0x01CD, 0x01CE, 0x01CF, 0x01D0, 0x01D1, 0x01D2, 0x01D3, 0x01D4, 0x01D5, 0x01D6,
    0x01D7, 0x01D8, 0x01D9, 0x01DA, 0x01DB, 0x01DC, 0x01DD, 0x01DE, 0x01DF, 0x01E0, 0x01E1, 0x01E2,
    0x01E3, 0x01E4, 0x01E5, 0x01E6, 0x01E7, 0x01E8, 0x01E9, 0x01EA, 0x01EB, 0x01EC, 0x01ED, 0x01EF,
    0x01F0, 0x01F2, 0x01F3, 0x01F4, 0x01F5, 0x01F6, 0x01F8, 0x01F9, 0x01FA, 0x01FB, 0x01FC, 0x01FD,
    0x01FE, 0x01FF, 0x0200, 0x0201, 0x0202, 0x0203, 0x0204, 0x0205, 0x0206, 0x0207, 0x0208, 0x0209,
    0x020A, 0x020B, 0x020C, 0x020D, 0x020E, 0x020F, 0x0210, 0x0211, 0x0212, 0x0213, 0x0214, 0x0215,
    0x0216, 0x0217, 0x0218, 0x0219, 0x021A, 0x021B, 0x021E, 0x021F, 0x0400, 0x0401, 0x0402, 0x0403,
    0x0404, 0x0405, 0x0406, 0x0407, 0x0408, 0x0409, 0x040A, 0x040B, 0x040C, 0x040D, 0x040F, 0x0410,
    0x0411, 0x0412, 0x0413, 0x0414, 0x0415, 0x0416, 0x0417, 0x0418, 0x0419, 0x041A, 0x041B, 0x041C,
    0x041D, 0x041E, 0x041F, 0x0420, 0x0421, 0x0422, 0x0423, 0x0424, 0x0425, 0x0426, 0x0427, 0x0428,
    0x0429, 0x042A, 0x042B, 0x042C, 0x042D, 0x042E, 0x0430, 0x0431, 0x0432, 0x0433, 0x0434, 0x0435,
    0x0436, 0x0437, 0x0438, 0x0439, 0x043A, 0x043B, 0x043C, 0x043D, 0x043E, 0x043F, 0x0440, 0x0441,
    0x0442, 0x0443, 0x0444, 0x0445, 0x0446, 0x0447, 0x0448, 0x0449, 0x044A, 0x044B, 0x044C, 0x044D,
    0x044E, 0x044F, 0x0450, 0x0451, 0x0452, 0x0453, 0x0454, 0x0455, 0x0456, 0x0457, 0x0458, 0x0459,
    0x045A, 0x045B, 0x045C, 0x045D, 0x045E, 0x045F, 0x0460, 0x0463, 0x0464, 0x0465, 0x0466, 0x0467,
    0x0468, 0x046C, 0x046E, 0x0472, 0x0473, 0x0474, 0x0475, 0x0476, 0x0477, 0x0478, 0x0479, 0x0481,
    0x048A, 0x048B, 0x048D, 0x048E, 0x048F, 0x0490, 0x0491, 0x0493, 0x0494, 0x0495, 0x0497, 0x049A,
    0x049B, 0x049C, 0x049D, 0x04A0, 0x04A1, 0x04A2, 0x04A3, 0x04A4, 0x04A5, 0x04A6, 0x04A7, 0x04A9,
    0x04AA, 0x04AB, 0x04AC, 0x04AD, 0x04AE, 0x04AF, 0x04B0, 0x04B1, 0x04B2, 0x04B3, 0x04B4, 0x04B5,
    0x04B7, 0x04B9, 0x04BA, 0x04BB, 0x04BD, 0x04C0, 0x04C1, 0x04C3, 0x04C4, 0x04C6, 0x04C7, 0x04C8,
    0x04C9, 0x04CA, 0x04CD, 0x04CE, 0x04CF, 0x04D0, 0x04D1, 0x04D2, 0x04D3, 0x04D4, 0x04D5, 0x04D6,
    0x04D7, 0x04D9, 0x04DA, 0x04DB, 0x04DC, 0x04E1, 0x04E2, 0x04E3, 0x04E4, 0x04E5, 0x04E6, 0x04E7,
    0x04E8, 0x04E9, 0x04EA, 0x04EB, 0x04ED, 0x04EF, 0x04F1, 0x04F3, 0x04F7, 0x04F9, 0x04FB, 0x04FC,
    0x04FD, 0x04FE, 0x04FF, 0x05D0, 0x05D1, 0x05D2, 0x05D3, 0x05D4, 0x05D6, 0x05D7, 0x05D8, 0x05D9,
    0x05DA, 0x05DB, 0x05DC, 0x05DD, 0x05DE, 0x05E1, 0x05E2, 0x05E3, 0x05E4, 0x05E5, 0x05E7, 0x05E8,
    0x05E9, 0x05EA, 0x06D5, 0x1EA0, 0x1EA1, 0x1EA2, 0x1EA3, 0x1EA4, 0x1EA5, 0x1EA6, 0x1EA7, 0x1EA8,
    0x1EA9, 0x1EAA, 0x1EAB, 0x1EAC, 0x1EAD, 0x1EAE, 0x1EAF, 0x1EB0, 0x1EB1, 0x1EB2, 0x1EB3, 0x1EB4,
    0x1EB5, 0x1EB6, 0x1EB7, 0x1EB8, 0x1EB9, 0x1EBA, 0x1EBB, 0x1EBC, 0x1EBD, 0x1EBE, 0x1EBF, 0x1EC0,
    0x1EC1, 0x1EC2, 0x1EC3, 0x1EC4, 0x1EC5, 0x1EC6, 0x1EC7, 0x1EC8, 0x1EC9, 0x1ECA, 0x1ECB, 0x1ECC,
    0x1ECD, 0x1ECE, 0x1ECF, 0x1ED0, 0x1ED1, 0x1ED2, 0x1ED3, 0x1ED4, 0x1ED5, 0x1ED6, 0x1ED7, 0x1ED8,
    0x1ED9, 0x1EDA, 0x1EDB, 0x1EDC, 0x1EDD, 0x1EDE, 0x1EDF, 0x1EE0, 0x1EE1, 0x1EE2, 0x1EE3, 0x1EE4,
    0x1EE5, 0x1EE6, 0x1EE7, 0x1EE8, 0x1EE9, 0x1EEA, 0x1EEB, 0x1EEC, 0x1EED, 0x1EEE, 0x1EEF, 0x1EF0,
    0x1EF1, 0x1EF2, 0x1EF3, 0x1EF4, 0x1EF5, 0x1EF6, 0x1EF7, 0x1EF8, 0x1EF9, 0x2018, 0x2019, 0x201A,
    0x201B, 0x201C, 0x201D, 0x201E, 0x201F, 0x2020, 0x2021, 0x2022, 0x2023, 0x2026, 0x2034, 0x2039,
    0x203A, 0x203D, 0x2043, 0x2044, 0x204A, 0x204B, 0x204C, 0x204D, 0x204F, 0x2074, 0x2077, 0x2079,
    0x207E, 0x207F, 0x2080, 0x2081, 0x2082, 0x2083, 0x2084, 0x2086, 0x2087, 0x2088, 0x2089, 0x208A,
    0x208B, 0x208C, 0x208D, 0x208E, 0x2091, 0x2092, 0x2093, 0x2095, 0x2096, 0x2097, 0x2098, 0x2099,
    0x209A, 0x209B, 0x209C, 0x20A1, 0x20A7, 0x20A8, 0x20AB, 0x20B2, 0x20B4, 0x20B5, 0x20B8, 0x20BF,
    0x2192, 0x21D2, 0x2206, 0x2212, 0x221E, 0x222B, 0x2236, 0x2248, 0x2260, 0x2264, 0x2265, 0xFB8E,
    0xFBA6, 0xFBAA, 0xFE8D, 0xFEA3, 0xFEA9, 0xFEB1, 0xFEB3, 0xFEB9, 0xFEBB, 0xFEC1, 0xFEC3, 0xFECB,
    0xFEDB, 0xFEDF, 0xFEE1, 0xFEE3, 0xFEEB,
};

static const uint8_t inter_10_regularKernRightClassIds[] = {
      1,   2,   3,   4,   1,   5,   6,   7,   8,   9,  10,  11,  12,  13,  14,  15,
     16,  17,  12,  18,  19,  20,  21,  21,  22,  23,  24,  25,  26,  27,  25,  27,
     27,  27,  25,  27,  27,  28,  27,  27,  27,  27,  25,  27,  25,  27,   3,  29,
     30,  31,  32,  33,  34,  35,  31,   5,  36,  37,  38,  27,  39,  39,  39,  40,
     39,  27,  41,  42,  27,  27,  43,  43,  39,  43,  39,  43,  44,  45,  46,  47,
     48,  49,  47,  50,  27,   5,  51,  39,  25,  52,  53,  54,  55,  56,  23,  57,
     58,  59,  60,  61,  52,  62,  63,  26,  26,  26,  26,  26,  26,  26,  25,  27,
     27,  27,  27,  27,  27,  64,  64,  65,  27,  25,  25,  25,  25,  25,  66,  25,
     30,  30,  30,  30,  34,  27,  27,  38,  38,  38,  67,  68,  38,  38,  39,  39,
     39,  39,  69,  70,  41,  71,  72,  39,  43,  39,  39,  39,  73,  69,   7,  39,
     46,  46,  46,  74,  47,  27,  75,  26,  76,  26,  38,  26,  38,  25,  39,  25,
     39,  25,  39,  25,  39,  27,  39,  65,  39,  27,  39,  27,  39,  27,  39,  27,
     39,  27,  39,  25,  39,  25,  39,  25,  39,  25,  39,  27,  27,  27,  77,  64,
     78,  64,  79,  64,  72,  27,  41,  27,  41,  41,  28,  80,  27,  27,  43,  27,
     27,  27,  27,  27,  27,  27,  27,  27,  27,  43,  27,  43,  27,  43,  27,  43,
     25,  81,  25,  39,  25,  39,  25,  39,  27,  43,  27,  43,  27,  43,   3,  44,
      3,  44,   3,  44,   3,  44,  82,  45,  83,  45,  84,  45,  30,  85,  30,  46,
     30,  46,  30,  46,  30,  46,  30,  46,  32,  48,  34,  47,  34,  35,  50,  35,
     50,  35,  50,  27,  25,  39,  30,  46,  86,  39,  27,  27,  27,  43,  26,  38,
     27,  87,  25,  39,  30,  46,  30,  46,  30,  46,  30,  46,  30,  46,  81,  26,
     38,  26,  38,  26,  38,  25,  39,  25,  39,  27,  27,  25,  39,  25,  39,  45,
     42,  27,  81,  25,  39,  86,  27,  43,  26,  38,  26,  38,  25,  39,  26,  38,
     26,  38,  27,  39,  27,  39,  64,  88,  64,  89,  25,  39,  25,  39,  27,  43,
     27,  43,  30,  46,  30,  46,   3,  44,  29,  45,  27,  27,  27,  27,  29,  27,
     25,   3,  27,  64,  28,  90,  27,  29,  27,  27,  27,  26,  27,  27,  27,  91,
     27,  92,  93,  86,  27,  27,  90,  27,  27,  25,  27,  27,  25,  29,  31,  94,
     33,  27,  95,  27,  27,  96,  27,  27,  25,  27,  38,  12,  43,  43,  97,  39,
     49,  39,  43,  43,  43,  98,  43,  43,  39,  43,  43,  39,  99,  47,  39,  49,
     43, 100,  43,  43, 101,  41,  43,  39,  43, 102,  39,  39,  27,  43,  39,  44,
     41,  72,  42,  98,  43,  27,  43,  43,  47,  46,  27,  45,  27,  43,  26,  26,
     27,  27,  27,  25,  39,  31,  47,  31,  47,  25,  39,  39,  86,  43,  45,  27,
     43,  27,  43,  45,  27,  43,  49,  27,  43,  27,  43,  29,  45,  27,  43,  27,
     43,  27,  43,  39,  25,  39,  29,  45,  34,  47,  34,  47,  33,  49,  29,  45,
     38,  38,  27,  27,  45,  27,  33,  27,  43,  98,  86,  43,  27,  43,  27,  43,
     27,  26,  38,  26,  38,  26,  38,  27,  39,  39,  25,  39,  33,  45,  27,  43,
     27,  43,  25,  39,  25,  39,  25,  39,  39,  47,  47,  47,  43,  43,  45,  33,
     49,  33,  49, 103, 104, 105, 106, 107, 108, 109, 110, 111, 112, 113, 114, 115,
    116, 117, 118, 119, 120, 121, 122, 123, 124, 125, 126,  26,  38,  26,  38,  26,
     38,  26,  38,  26,  38,  26,  38,  26,  38,  26,  38,  26,  38,  26,  38,  26,
     38,  26,  38,  27,  39,  27,  39,  27,  39,  27,  39,  27,  39,  27,  39,  27,
     39,  27,  39,  27,  41,  27,  41,  25,  39,  25,  39,  25,  39,  25,  39,  25,
     39,  25,  39,  25,  39,  25,  39,  25,  39,  25,  39,  25,  39,  25,  39,  30,
     46,  30,  46,  30,  46,  30,  46,  30,  46,  30,  46,  30,  46,  34,  47,  34,
     47,  34,  47,  34,  47, 127, 128, 129, 130, 127, 128, 129, 131,  52,  52, 132,
    132, 133, 134,  53,  62,  24, 132, 135,  45,  27, 132,  43,  21, 136, 137, 138,
    139, 140, 141, 141, 141, 141, 142, 141, 143, 141, 141, 141, 141, 141, 141, 141,
    141, 141, 141, 141, 141, 141, 141, 141, 141, 141, 141,  25,  27,  27,  39,  25,
    144,  25, 145,  27,   7,  23,  26,   7, 146,  42,  21,  23,  23,  23,  23, 126,
    126, 126, 147, 126, 148, 148, 148, 148, 148, 148, 148, 147, 126, 147, 126, 126,
    126,
};

static const uint16_t inter_10_regularKernRowOffsets[] = {
        0,    13,    25,    28,    43,    50,    51,    63,    82,   106,   112,   126,   137,   138,   148,   157,
      161,   166,   204,   211,   227,   243,   244,   264,   312,   322,   330,   335,   360,   374,   382,   418,
      454,   471,   485,   544,   589,   622,   659,   711,   726,   733,   781,   821,   836,   866,   907,   912,
      917,   934,   985,   996,  1032,  1050,  1090,  1108,  1128,  1137,  1145,  1150,  1157,  1164,  1183,  1184,
     1202,  1221,  1246,  1256,  1261,  1272,  1286,  1296,  1301,  1306,  1335,  1350,  1380,  1395,  1426,  1445,
     1474,  1503,  1532,  1537,  1573,  1584,  1620,  1621,  1657,  1716,  1775,  1834,  1858,  1862,  1865,  1870,
     1879,  1888,  1893,  1894,  1912,  1917,  1922,  1951,  1959,  1996,  2016,  2021,  2051,  2102,  2121,  2127,
     2132,  2139,  2150,  2156,  2157,  2166,  2177,  2183,  2193,  2198,  2201,  2208,  2210,  2217,  2224,  2234,
     2241,  2251,  2256,  2260,  2280,  2330,  2356,  2367,  2391,  2392,  2394,  2398,  2400,  2416,  2417,  2418,
     2419,  2424,  2427,
};

static const uint8_t inter_10_regularKernSparseCols[] = {
      3,   7,   9,  15,  25,  27,  38,  68,  72,  80,  89,  90, 132,  28,  32,  71,
     77,  78,  81,  82,  83,  88,  91,  95, 141, 126, 127, 133,   0,  28,  30,  31,
     33,  46,  47,  51,  54,  74,  81,  82,  83,  95, 126,  38,  41,  68,  72,  79,
     80,  87, 126,   3,   7,   9,  15,  24,  25,  27,  36,  89,  90,  93, 132,  13,
     14,  17,  25,  27,  28,  30,  31,  32,  33,  48,  58,  81,  82,  83,  91,  92,
     95, 126,   0,  11,  12,  14,  16,  17,  18,  19,  23,  24,  28,  33,  58,  81,
     82,  83,  92,  93,  95,  99, 127, 129, 130, 133,   7,   9,  25,  27,  87, 132,
      7,   9,  17,  30,  32,  33,  36,  44,  91,  98, 100, 126, 128, 132,  44,  46,
     64,  71,  74,  77,  78,  87,  88,  98, 100,  15,   5,   7,   9,  32,  35,  52,
     55,  91, 128, 132,   5,   7,   9,  12,  35,  54,  55,  58, 132,   7,   9,  54,
    132,   7,   9,  36, 128, 132,   1,   3,   7,   9,  11,  14,  15,  16,  17,  18,
     19,  20,  21,  25,  27,  36,  37,  38,  42,  43,  52,  66,  67,  68,  71,  72,
     75,  77,  78,  80,  88,  89,  90,  92, 101, 128, 132, 141,  28,  30,  81,  82,
     83,  95, 126,  25,  28,  30,  31,  32,  33,  46,  48,  74,  81,  82,  83,  91,
     95, 126, 144,  17,  28,  30,  31,  32,  33,  34,  81,  82,  83,  89,  90,  91,
     95, 126, 144,  25,   7,   9,  10,  25,  28,  30,  32,  33,  36,  54,  81,  82,
     83,  91,  95, 126, 128, 132, 140, 141,   0,   5,   6,   8,  10,  12,  22,  23,
     24,  25,  28,  29,  30,  31,  33,  35,  40,  44,  46,  47,  50,  51,  52,  53,
     54,  55,  58,  59,  61,  65,  69,  70,  74,  81,  82,  83,  86,  93,  95,  98,
     99, 100, 126, 127, 131, 133, 134, 144,  28,  71,  77,  78,  81,  82,  83,  88,
     95, 126,  25,  32,  36,  71,  77,  78,  88,  91,  71,  77,  78,  87,  88,   7,
      9,  25,  27,  36,  37,  38,  42,  45,  46,  49,  57,  66,  67,  68,  72,  73,
     74,  75,  80,  84,  87, 128, 132, 141,  25,  28,  30,  32,  33,  71,  77,  78,
     81,  82,  83,  88,  91,  95,   7,   9,  10,  25,  36,  87, 128, 132,   2,   6,
      8,  21,  22,  24,  38,  40,  45,  46,  47,  50,  52,  53,  54,  57,  59,  65,
     68,  69,  70,  71,  72,  73,  74,  77,  78,  80,  84,  86,  87,  88,  93,  99,
    131, 145,   0,   5,   6,   8,  12,  24,  28,  30,  33,  35,  44,  46,  50,  51,
     52,  53,  54,  55,  58,  59,  65,  74,  81,  82,  83,  93,  95,  98,  99, 100,
    126, 127, 129, 130, 131, 133,   3,   6,   7,   8,   9,  25,  27,  38,  50,  53,
     59,  68,  72,  80, 128, 132, 141,  30,  33,  37,  38,  66,  67,  68,  71,  72,
     75,  77,  78,  80,  88,   3,   6,   7,   8,   9,  10,  11,  15,  17,  20,  21,
     22,  24,  25,  27,  33,  36,  37,  38,  42,  43,  44,  45,  46,  47,  48,  49,
     50,  52,  53,  57,  59,  61,  65,  66,  67,  68,  71,  72,  73,  74,  75,  77,
     78,  80,  84,  87,  88,  89,  90,  93,  98,  99, 100, 101, 128, 131, 132, 141,
      3,   6,   7,   8,   9,  10,  11,  15,  20,  21,  22,  24,  25,  27,  30,  36,
     37,  38,  43,  50,  52,  53,  59,  65,  66,  67,  68,  71,  72,  75,  77,  78,
     80,  87,  88,  89,  90,  93,  99, 101, 128, 131, 132, 140, 141,   3,   6,   7,
      8,   9,  15,  20,  21,  22,  25,  27,  31,  37,  38,  42,  43,  50,  52,  53,
     59,  66,  67,  68,  72,  75,  80,  87,  99, 101, 128, 132, 140, 141,   2,   6,
      8,  11,  14,  15,  18,  21,  22,  24,  28,  37,  38,  50,  52,  53,  54,  59,
     65,  66,  67,  68,  72,  75,  80,  81,  82,  83,  87,  92,  93,  94,  95,  98,
     99, 131, 143,   3,   6,   7,   8,   9,  15,  20,  21,  22,  24,  25,  27,  28,
     37,  38,  40,  42,  43,  45,  50,  52,  53,  54,  57,  59,  61,  65,  66,  67,
     68,  69,  70,  72,  73,  75,  80,  81,  82,  83,  84,  86,  87,  93,  95,  99,
    101, 128, 131, 132, 140, 141, 145,   6,   8,  21,  24,  50,  52,  53,  59,  71,
     77,  78,  87,  88,  93,  99,  38,  41,  68,  72,  79,  80,  87,   0,   5,   6,
      8,  10,  12,  22,  23,  24,  25,  28,  29,  30,  31,  33,  35,  40,  44,  46,
     47,  50,  51,  52,  53,  54,  55,  58,  59,  61,  65,  69,  70,  74,  81,  82,
     83,  86,  93,  95,  98,  99, 100, 126, 127, 131, 133, 134, 144,   5,  11,  12,
     14,  15,  16,  18,  19,  24,  26,  28,  29,  30,  35,  40,  41,  42,  46,  55,
     58,  69,  70,  74,  76,  79,  81,  82,  83,  85,  86,  89,  90,  92,  93,  94,
     95,  96,  97, 126, 144,  12,  28,  30,  31,  33,  46,  54,  74,  81,  82,  83,
     95, 126, 127, 133,   0,   4,  12,  25,  28,  30,  31,  32,  33,  37,  46,  47,
     48,  49,  51,  54,  66,  67,  74,  75,  81,  82,  83,  87,  91,  95,  99, 126,
    127, 133,   6,   7,   8,   9,  10,  15,  25,  27,  33,  36,  37,  38,  39,  43,
     44,  47,  50,  52,  53,  59,  65,  66,  67,  68,  71,  72,  75,  77,  78,  80,
     87,  88,  89,  90,  98, 100, 101, 128, 131, 132, 141,  28,  81,  82,  83,  95,
     71,  77,  78,  87,  88,   6,   8,  15,  21,  28,  38,  50,  52,  53,  59,  68,
     72,  80,  81,  82,  83,  95,   6,   7,   8,   9,  10,  21,  25,  26,  27,  28,
     34,  38,  39,  40,  41,  42,  44,  46,  47,  48,  50,  53,  59,  68,  69,  70,
     71,  72,  74,  76,  77,  78,  79,  80,  81,  82,  83,  85,  86,  88,  95,  96,
     97,  98, 100, 126, 127, 128, 132, 133, 141,  28,  30,  31,  33,  54,  81,  82,
     83,  95, 126, 128,   6,   8,  15,  21,  28,  30,  31,  33,  37,  38,  39,  41,
     43,  46,  47,  50,  53,  59,  65,  66,  67,  68,  72,  74,  75,  79,  80,  81,
     82,  83,  87,  95, 101, 126, 131, 141,   6,   8,  10,  21,  28,  33,  36,  50,
     53,  59,  81,  82,  83,  95, 126, 127, 133, 141,   6,   7,   8,   9,  10,  21,
     22,  25,  26,  27,  28,  33,  36,  37,  38,  39,  44,  50,  52,  53,  59,  66,
     67,  68,  72,  75,  76,  80,  81,  82,  83,  85,  95,  96,  97,  98, 100, 128,
    132, 141,   3,   7,   9,  25,  27,  28,  34,  38,  52,  68,  72,  80,  81,  82,
     83,  95, 128, 132,   6,   8,  22,  28,  38,  39,  44,  50,  52,  53,  59,  68,
     72,  80,  81,  82,  83,  95,  98, 100,  28,  38,  68,  72,  80,  81,  82,  83,
     95,  28,  30,  33,  81,  82,  83,  95, 126,  40,  69,  70,  86,  87,   3,  25,
     27,  38,  68,  72,  80,  25,  28,  33,  81,  82,  83,  95,   3,  15,  24,  25,
     27,  32,  33,  37,  38,  43,  66,  67,  68,  72,  75,  80,  91,  93, 101, 135,
      6,   8,  10,  21,  28,  33,  36,  50,  53,  59,  81,  82,  83,  95, 126, 127,
    133, 141,  13,  14,  17,  25,  27,  28,  30,  31,  32,  33,  48,  58,  81,  82,
     83,  91,  92,  95, 126,  12,  13,  14,  17,  18,  25,  28,  30,  31,  32,  33,
     34,  46,  47,  48,  74,  81,  82,  83,  89,  90,  91,  92,  95, 126,  28,  30,
     31,  81,  82,  83,  95, 126, 127, 133,  71,  77,  78,  87,  88,  25,  28,  30,
     32,  33,  81,  82,  83,  91,  95, 144,   7,   9,  25,  27,  28,  30,  34,  81,
     82,  83,  95, 126, 128, 132,  28,  71,  77,  78,  81,  82,  83,  88,  95, 126,
     28,  81,  82,  83,  95,  71,  77,  78,  87,  88,  12,  17,  26,  28,  30,  34,
     39,  40,  41,  42,  44,  63,  69,  70,  71,  76,  77,  78,  79,  81,  82,  83,
     85,  86,  87,  88,  95,  98, 100,  12,  28,  30,  31,  33,  46,  54,  74,  81,
     82,  83,  95, 126, 127, 133,   0,   4,  12,  25,  28,  30,  31,  32,  33,  37,
     46,  47,  48,  49,  51,  54,  66,  67,  74,  75,  81,  82,  83,  87,  91,  95,
     99, 126, 127, 133,  12,  28,  30,  31,  33,  46,  54,  74,  81,  82,  83,  95,
    126, 127, 133,   0,   4,   5,  12,  17,  26,  28,  35,  40,  41,  42,  51,  54,
     55,  69,  70,  71,  76,  77,  78,  79,  81,  82,  83,  85,  86,  87,  88,  95,
    126, 141,  26,  28,  40,  41,  69,  70,  71,  76,  77,  78,  79,  81,  82,  83,
     85,  86,  87,  88,  95,  12,  17,  26,  28,  30,  34,  39,  40,  41,  42,  44,
     63,  69,  70,  71,  76,  77,  78,  79,  81,  82,  83,  85,  86,  87,  88,  95,
     98, 100,  12,  17,  26,  28,  30,  34,  39,  40,  41,  42,  44,  63,  69,  70,
     71,  76,  77,  78,  79,  81,  82,  83,  85,  86,  87,  88,  95,  98, 100,  12,
     17,  26,  28,  30,  34,  39,  40,  41,  42,  44,  63,  69,  70,  71,  76,  77,
     78,  79,  81,  82,  83,  85,  86,  87,  88,  95,  98, 100,  71,  77,  78,  87,
     88,   0,   5,   6,   8,  12,  24,  28,  30,  33,  35,  44,  46,  50,  51,  52,
     53,  54,  55,  58,  59,  65,  74,  81,  82,  83,  93,  95,  98,  99, 100, 126,
    127, 129, 130, 131, 133,  44,  46,  64,  71,  74,  77,  78,  87,  88,  98, 100,
      0,   5,   6,   8,  12,  24,  28,  30,  33,  35,  44,  46,  50,  51,  52,  53,
     54,  55,  58,  59,  65,  74,  81,  82,  83,  93,  95,  98,  99, 100, 126, 127,
    129, 130, 131, 133,  33,   0,   5,   6,   8,  12,  24,  28,  30,  33,  35,  44,
     46,  50,  51,  52,  53,  54,  55,  58,  59,  65,  74,  81,  82,  83,  93,  95,
     98,  99, 100, 126, 127, 129, 130, 131, 133,   3,   6,   7,   8,   9,  10,  11,
     15,  17,  20,  21,  22,  24,  25,  27,  33,  36,  37,  38,  42,  43,  44,  45,
     46,  47,  48,  49,  50,  52,  53,  57,  59,  61,  65,  66,  67,  68,  71,  72,
     73,  74,  75,  77,  78,  80,  84,  87,  88,  89,  90,  93,  98,  99, 100, 101,
    128, 131, 132, 141,   3,   6,   7,   8,   9,  10,  11,  15,  17,  20,  21,  22,
     24,  25,  27,  33,  36,  37,  38,  42,  43,  44,  45,  46,  47,  48,  49,  50,
     52,  53,  57,  59,  61,  65,  66,  67,  68,  71,  72,  73,  74,  75,  77,  78,
     80,  84,  87,  88,  89,  90,  93,  98,  99, 100, 101, 128, 131, 132, 141,   3,
      6,   7,   8,   9,  10,  11,  15,  17,  20,  21,  22,  24,  25,  27,  33,  36,
     37,  38,  42,  43,  44,  45,  46,  47,  48,  49,  50,  52,  53,  57,  59,  61,
     65,  66,  67,  68,  71,  72,  73,  74,  75,  77,  78,  80,  84,  87,  88,  89,
     90,  93,  98,  99, 100, 101, 128, 131, 132, 141,  37,  38,  39,  42,  43,  44,
     45,  46,  47,  48,  49,  57,  66,  67,  68,  72,  73,  74,  75,  80,  84,  98,
    100, 101,   7,   9,  25, 132,   7,   9, 132,  28,  81,  82,  83,  95,  38,  44,
     46,  68,  72,  74,  80,  98, 100,  28,  38,  68,  72,  80,  81,  82,  83,  95,
     71,  77,  78,  87,  88,  87,   6,   8,  10,  21,  28,  33,  36,  50,  53,  59,
     81,  82,  83,  95, 126, 127, 133, 141,  71,  77,  78,  87,  88,  71,  77,  78,
     87,  88,  12,  17,  26,  28,  30,  34,  39,  40,  41,  42,  44,  63,  69,  70,
     71,  76,  77,  78,  79,  81,  82,  83,  85,  86,  87,  88,  95,  98, 100,  28,
     36,  81,  82,  83,  89,  90,  95,   2,   6,   8,  11,  14,  15,  18,  21,  22,
     24,  28,  37,  38,  50,  52,  53,  54,  59,  65,  66,  67,  68,  72,  75,  80,
     81,  82,  83,  87,  92,  93,  94,  95,  98,  99, 131, 143,   7,   9,  10,  25,
     28,  30,  32,  33,  36,  54,  81,  82,  83,  91,  95, 126, 128, 132, 140, 141,
      7,   9,  36, 128, 132,   0,   5,   6,   7,   8,   9,  11,  15,  18,  35,  38,
     39,  44,  46,  47,  50,  53,  55,  58,  59,  68,  72,  74,  80,  98,  99, 100,
    127, 132, 133,   6,   7,   8,   9,  10,  21,  25,  26,  27,  28,  34,  38,  39,
     40,  41,  42,  44,  46,  47,  48,  50,  53,  59,  68,  69,  70,  71,  72,  74,
     76,  77,  78,  79,  80,  81,  82,  83,  85,  86,  88,  95,  96,  97,  98, 100,
    126, 127, 128, 132, 133, 141,   4,  28,  30,  32,  33,  44,  46,  47,  48,  51,
     74,  81,  82,  83,  91,  95,  98, 100, 126, 110, 112, 113, 119, 121, 123, 105,
    111, 116, 119, 122, 103, 109, 110, 112, 113, 115, 119, 103, 106, 109, 111, 112,
    114, 115, 116, 118, 119, 122, 103, 109, 114, 116, 119, 122, 103, 105, 109, 111,
    112, 118, 119, 120, 121, 122, 103, 106, 108, 109, 112, 114, 115, 116, 119, 122,
    124, 109, 112, 115, 116, 118, 119, 103, 104, 109, 111, 112, 116, 118, 119, 123,
    124, 112, 114, 115, 116, 119, 109, 110, 112, 109, 111, 113, 116, 118, 119, 122,
    109, 116, 111, 112, 113, 116, 118, 119, 123, 102, 103, 105, 110, 114, 116, 119,
    103, 109, 111, 112, 115, 116, 118, 119, 122, 124, 103, 109, 112, 114, 116, 119,
    122, 105, 107, 110, 112, 113, 115, 116, 117, 119, 123,  71,  77,  78,  87,  88,
      7,   9,  87, 132,   3,   7,   9,  10,  15,  25,  27,  38,  43,  62,  68,  72,
     80,  89,  90,  96,  97, 101, 128, 132,   1,   3,   6,   7,   8,   9,  10,  11,
     15,  17,  18,  20,  21,  22,  24,  25,  27,  36,  37,  38,  42,  43,  44,  45,
     46,  50,  52,  53,  57,  58,  59,  62,  66,  67,  68,  72,  73,  74,  75,  80,
     84,  89,  90,  93,  96,  97,  98, 100, 101, 132,  12,  24,  28,  30,  31,  33,
     37,  46,  66,  67,  74,  75,  81,  82,  83,  89,  90,  93,  94,  95,  96,  97,
     98, 126, 127, 133,  25,  28,  30,  32,  33,  81,  82,  83,  91,  95, 144,   0,
     11,  12,  14,  16,  17,  18,  19,  23,  24,  28,  33,  58,  81,  82,  83,  92,
     93,  95,  99, 127, 129, 130, 133, 138,  60, 136, 135, 136, 137, 139,  56, 136,
     12,  24,  28,  30,  31,  33,  46,  74,  81,  82,  83,  93,  94,  95, 141, 142,
    140, 141,  87,   7,   9,  10,  36, 132, 125, 146, 147,
};

static const int8_t inter_10_regularKernSparseValues[] = {
     -11,  -27,  -27,  -21,  -26,  -55,   -5,   -5,   -5,   -5,  -15,  -15,  -27,   -2,   -3,   15,
      15,   15,   -2,   -2,   -2,   15,   -3,   -2,  -23,  -21,  -23,  -23,  -11,  -19,  -21,  -13,
     -25,  -11,  -11,  -13,   -7,  -11,  -19,  -19,  -19,  -19,  -30,   -4,    9,   -4,   -4,    9,
      -4,   47,  -11,  -11,  -45,  -45,  -15,   -4,  -26,  -32,  -23,  -11,  -11,   -4,  -45,  -11,
      -4,   -7,  -11,  -15,  -25,  -17,  -17,  -11,  -26,   -7,   -6,  -36,  -36,  -25,  -47,  -21,
     -47,  -21,  -27,   -8,  -29,   -9,   -5,   -5,   -7,   -2,  -29,  -15,  -11,  -11,  -17,  -11,
     -11,  -11,   -9,  -15,  -11,  -11,  -19,  -45,  -45,  -19,  -13,  -13,   -8,  -21,   13,  -13,
      -8,   -8,   -7,   -3,  -11,  -11,  -15,    5,  -11,    5,    5,  -15,  -17,   -8,    5,    2,
      11,   20,    2,   20,   20,   11,   20,    5,    5,   -5,   -5,   -7,   -7,   -7,   -5,  -11,
      -5,   -7,  -17,   -7,   -7,  -11,  -11,   -7,   -7,   -2,   -7,  -13,  -11,   -9,   -9,   -2,
      -9,  -11,  -11,  -15,  -15,  -11,  -19,  -15,  -42,  -42,   -5,   -6,  -19,   -3,    7,   -5,
      -3,  -11,  -30,  -36,  -32,  -53,  -15,  -17,  -17,  -13,  -21,  -15,  -15,  -17,   30,  -17,
     -15,   30,   30,  -17,   30,  -34,  -34,   -6,  -13,  -47,  -42,  -30,  -11,  -21,  -11,  -11,
     -11,  -28,  -15,  -17,  -15,  -23,  -21,  -17,  -32,  -13,  -11,  -13,  -15,  -15,  -15,  -17,
     -15,  -19,  -13,  -25,  -26,  -25,  -25,  -19,  -30,  -21,  -26,  -26,  -26,  -11,  -11,  -17,
     -25,  -32,  -25,  -21,  -15,  -15,  -13,  -11,  -10,  -11,  -11,  -11,  -13,   -2,  -10,  -10,
     -10,  -28,  -21,  -11,  -13,  -15,  -13,  -33,  -26,  -26,  -11,  -11,    7,  -11,  -17,  -21,
     -11,    5,  -28,   -7,  -23,  -19,  -25,  -26,    2,   -7,  -23,  -23,  -11,  -25,  -11,  -11,
     -24,  -26,  -16,  -11,  -11,  -11,    2,    2,  -23,  -28,  -28,  -47,    2,  -11,  -28,   -7,
     -23,   -7,  -43,  -34,  -11,  -34,   -2,  -17,  -19,   11,   11,   11,  -19,  -19,  -19,   11,
     -19,  -21,   -7,   -2,  -13,   11,   11,   11,   11,   -2,   25,   25,   25,   11,   25,  -13,
     -24,  -30,  -23,  -11,   -8,  -13,  -10,  -11,  -11,  -11,  -11,   -8,   -8,  -13,  -13,  -11,
     -11,   -8,  -13,  -11,   24,  -40,  -42,  -19,   -7,  -10,   -7,   -2,   -7,   11,   11,   11,
     -10,  -10,  -10,   11,   -2,  -10,  -11,  -11,  -19,   -7,  -17,   11,  -26,  -11,   -3,  -36,
     -36,  -23,  -11,  -11,  -13,    5,  -11,  -13,  -21,  -36,  -17,  -53,   -5,  -11,  -51,  -11,
     -13,    5,    5,   28,  -13,  -11,  -13,   28,   28,  -13,  -11,    5,   28,   28,  -11,  -33,
     -11,  -11,  -30,  -57,  -28,  -45,  -15,   -9,  -32,  -23,  -11,  -43,   -7,  -23,  -42,  -32,
     -21,  -72,  -27,  -59,  -29,  -49,  -11,  -23,  -32,  -32,  -32,   -9,  -32,   -7,  -47,   -7,
     -28,  -13,  -15,  -15,  -11,  -36,  -11,  -15,  -13,  -15,  -24,  -25,  -32,   -2,  -15,  -15,
     -15,   -2,   -2,   -2,  -47,  -45,  -26,   -6,   -8,   -2,   -5,   -2,   -2,   -5,   15,   -5,
      -2,   15,   15,   -5,   15,  -11,  -25,  -11,  -25,  -11,  -43,  -11,  -23,  -26,  -11,  -26,
     -11,  -10,  -28,  -30,    7,  -19,  -24,  -26,  -19,  -25,  -34,  -25,  -21,  -21,  -21,  -15,
     -25,  -43,  -25,  -59,  -51,  -17,  -11,  -38,  -38,  -43,   30,  -43,  -42,  -32,  -24,   30,
      30,  -26,  -38,   42,   30,  -46,  -46,  -10,  -34,  -18,  -34,  -25,  -40,  -11,  -40,  -42,
     -17,  -17,  -32,  -17,  -32,  -16,   -3,  -11,  -21,  -25,  -21,  -11,  -23,  -32,    5,  -26,
     -17,  -17,  -15,  -17,  -19,  -38,  -30,  -13,  -17,  -30,  -17,   28,  -32,  -17,   28,   28,
     -17,   13,   28,  -42,  -42,  -11,   -3,  -15,  -38,  -13,  -32,  -41,  -50,  -17,  -17,  -32,
     -17,  -32,  -11,  -17,  -25,  -21,  -19,  -21,    8,  -17,  -17,  -11,  -11,  -17,  -19,  -17,
     -28,  -17,  -17,  -17,  -17,  -17,  -17,   28,  -11,  -11,  -36,  -32,  -28,  -36,   -3,  -11,
     -11,  -11,   -7,  -13,   -7,  -19,  -17,  -11,  -13,  -19,   -9,  -11,  -13,  -28,   -2,  -27,
     -15,  -19,  -19,   -9,   -9,  -19,   -9,  -13,  -13,  -13,   28,   -7,  -28,  -11,  -13,  -21,
     -26,  -15,  -11,  -21,  -26,  -11,  -26,  -11,  -23,  -21,  -34,  -32,  -11,  -25,  -11,    7,
     -24,  -26,   -9,  -13,  -23,  -13,  -26,  -30,  -43,   -3,  -13,  -43,  -21,  -28,  -24,  -40,
     -26,   -9,   -9,  -26,  -13,  -39,  -44,    7,    7,    7,  -13,   -9,   28,  -11,    7,  -16,
     -23,  -36,  -13,  -43,  -49,  -59,  -11,  -13,  -13,  -21,  -11,  -13,  -11,  -13,  -24,   28,
      28,   28,   11,   28,  -11,   -8,   -4,    9,   -4,   -4,    9,   -4,   28,  -26,  -26,  -11,
     -11,    7,  -11,  -17,  -21,  -11,    5,  -42,   -7,  -39,  -19,  -25,  -26,    2,   -7,  -40,
     -23,  -11,  -25,  -11,  -11,  -24,  -26,  -16,  -11,  -11,  -11,    2,    2,  -40,  -42,  -42,
     -42,    2,  -11,  -42,   -7,  -23,   -7,  -58,  -53,  -11,  -53,   -2,  -17,  -23,  -15,  -36,
     -15,  -19,  -15,  -15,  -15,  -13,   11,  -19,  -13,  -26,  -23,   11,   32,   11,  -26,  -23,
     -15,   11,   11,  -26,   11,   32,  -19,  -19,  -19,   11,   11,   19,   19,  -15,  -13,  -36,
     -17,   15,   15,  -13,  -17,  -13,  -23,  -17,  -17,  -25,   -5,   -3,   -5,  -23,  -23,  -23,
     -23,  -15,   -7,   -7,   -5,   -4,  -11,  -11,  -26,  -17,  -17,   -9,  -28,    3,   -7,   -6,
      -7,   -5,  -11,   -4,    3,    3,   -7,    3,  -26,  -26,  -26,   15,   -9,  -26,   -3,  -21,
      -8,   -8,   -9,  -19,   -9,  -19,   -9,  -21,  -11,  -21,    3,   -5,   -5,  -10,  -13,   -7,
     -11,    5,   -9,  -13,   -9,   -9,   -7,   -5,   -5,  -10,   34,  -10,   -5,   34,   47,  -10,
      15,   45,  -24,  -24,  -11,  -11,   -7,  -30,   -7,  -19,  -13,  -17,  -17,  -17,  -17,  -17,
      21,   32,   21,   28,   32,  -15,  -15,  -15,  -28,  -19,   -7,  -15,  -17,  -38,  -15,   -7,
      -7,   -7,  -19,  -19,  -19,  -19,  -13,  -21,  -13,  -21,  -11,  -13,  -13,    5,  -19,  -19,
     -11,   -6,    5,    3,    5,    5,    5,    5,    3,    5,  -13,  -24,  -13,   -6,    3,    3,
      11,   -6,    5,    5,   11,   11,    5,   -6,  -19,  -19,  -19,    5,    3,   11,  -19,   -5,
      -5,    5,    5,  -13,    5,  -26,  -21,    5,  -17,  -25,  -15,  -11,  -25,   -3,  -25,  -25,
     -25,  -25,  -17,   -5,   -7,   -7,   -5,   -9,  -11,   -3,   -3,   -5,    2,   -3,   -8,    3,
      -3,    7,    5,   -7,   -7,   -7,   -4,    2,    2,   -3,   -3,    7,    2,    3,   -3,  -11,
     -11,  -11,   15,  -11,   -3,  -13,   -4,   11,  -13,  -13,  -11,  -13,  -17,  -19,  -11,  -13,
     -24,  -13,  -17,  -42,  -17,  -17,  -13,    5,    5,  -21,  -13,  -15,  -13,  -15,  -19,  -11,
     -13,  -23,    2,  -21,  -11,  -11,  -26,   -2,   -7,    5,    5,  -13,  -13,  -13,  -13,   -2,
      -2,   -7,   -7,   -2,    2,   -7,  -11,  -32,  -11,    2,  -11,  -15,  -15,    5,    5,  -26,
     -39,  -17,  -11,  -25,  -25,  -23,  -19,  -17,  -11,   -6,  -11,   -6,   -6,   -6,  -17,  -17,
     -17,  -17,  -26,  -25,   -7,   -7,  -11,  -21,   -7,    7,    7,   -7,  -11,   -7,   -7,   -7,
      -7,   -7,  -21,  -21,  -21,  -21,    7,    7,  -11,   -5,   -5,   -5,   -5,  -11,  -11,  -11,
     -11,  -23,  -11,  -23,  -23,  -23,  -23,  -23,  -11,   11,   11,   11,   11,   15,  -13,  -25,
     -25,  -11,  -11,  -11,  -11,  -11,  -17,  -21,  -17,  -17,  -17,  -40,  -11,  -16,   -2,  -24,
     -24,   -2,   -3,   -4,   -9,   -4,   -4,   -4,   -9,   -9,   -4,   -9,   -2,   -2,   -4,   -3,
     -13,  -13,  -11,  -13,  -17,  -19,  -11,  -13,  -24,  -13,  -17,  -42,  -17,  -17,  -30,    5,
       5,  -21,  -11,   -4,   -7,  -11,  -15,  -51,  -30,  -17,  -27,  -43,   -7,   -6,  -51,  -51,
     -51,  -27,  -21,  -51,  -21,  -13,  -17,  -15,  -17,  -11,  -11,  -43,  -21,  -19,  -13,  -30,
     -11,  -11,  -11,  -11,  -11,  -43,  -43,  -43,  -11,  -11,  -30,  -15,  -66,  -28,  -23,  -26,
     -24,  -23,  -23,  -23,  -23,  -21,  -11,  -11,    7,    7,    7,   13,    7,  -11,  -30,  -13,
     -15,  -15,  -30,  -30,  -30,  -15,  -30,  -11,  -34,  -34,  -13,  -13,  -19,  -17,  -13,  -19,
     -19,  -19,  -19,  -19,  -42,  -34,  -19,   11,   11,   11,  -19,  -19,  -19,   11,  -19,  -43,
     -26,  -26,  -26,  -26,  -26,   32,   34,   32,   24,   32,   15,   30,   20,   30,   28,   30,
      13,   21,   21,   11,   17,    7,   32,   32,   55,   20,   55,   55,   32,   30,   30,   30,
      44,   32,   17,   55,   30,   17,   17,  -13,  -40,  -17,  -17,  -25,   -5,   -3,   -5,  -40,
     -40,  -40,  -40,  -15,   -7,   -7,   -5,   -4,  -11,  -11,  -43,  -17,  -17,   -9,  -28,    3,
      -7,   -6,   -7,   -5,  -11,   -4,    3,    3,   -7,    3,  -43,  -43,  -43,   15,   -9,  -43,
      -3,  -21,   -8,   -8,  -13,  -47,  -17,  -17,  -25,   -5,   -3,   -5,  -47,  -47,  -47,  -47,
     -15,   -7,   -7,   11,   29,   19,   15,   15,   11,   13,   19,   13,   11,   11,   13,    6,
      19,   13,   24,   11,   11,   11,   11,   11,   13,   13,   13,   11,   24,   15,   11,   13,
      11,  -13,   11,   11,   11,   13,   11,   13,   13,   13,   13,   13,   13,   11,   11,   11,
      11,   11,   13,   13,   11,   15,   30,   20,   30,   28,   30,   13,   34,   32,   11,   17,
       7,   34,   34,   55,   20,   55,   55,   32,   30,   30,   30,   44,   34,   36,   55,   30,
      17,   17,   15,   30,   20,   30,   28,   30,   13,   34,   34,   11,   17,    7,   34,   34,
      55,   20,   55,   55,   34,   30,   30,   30,   44,   34,   17,   55,   30,   17,   17,   15,
      30,   20,   30,   28,   30,   13,   34,   21,   11,   17,    7,   34,   34,   55,   20,   55,
      55,   32,   30,   30,   30,   44,   34,   17,   55,   30,   17,   17,   32,   34,   32,   24,
      34,  -30,  -59,  -45,  -45,  -15,   -9,  -32,  -23,  -11,  -59,   -7,  -23,  -43,  -32,  -21,
     -45,  -27,  -59,  -29,  -45,  -11,  -23,  -32,  -32,  -32,   -9,  -32,   -7,  -47,   -7,  -28,
     -13,  -15,  -15,  -11,  -36,    5,    2,   11,   20,    2,   20,   20,   24,   20,    5,    5,
     -30,  -57,  -42,  -42,  -15,   -9,  -32,  -23,  -11,  -43,   -7,  -23,  -40,  -32,  -21,  -42,
     -27,  -59,  -29,  -42,  -11,  -23,  -32,  -32,  -32,   -9,  -32,   -7,  -47,   -7,  -28,  -13,
     -15,  -15,  -11,  -36,  -11,  -30,  -55,  -28,  -45,  -15,   -9,  -32,  -23,  -11,  -55,   -7,
     -23,  -42,  -32,  -21,  -72,  -27,  -55,  -29,  -49,  -11,  -23,  -32,  -32,  -32,   -9,  -32,
      -7,  -47,   -7,  -28,  -24,  -15,  -15,  -11,  -24,  -11,  -36,  -11,  -36,  -11,  -43,  -11,
     -23,  -26,  -11,  -26,  -11,  -10,  -28,  -30,    7,  -19,  -24,  -26,  -19,  -25,  -34,  -36,
     -21,  -21,  -21,  -26,  -36,  -43,  -36,  -36,  -36,  -17,  -11,  -38,  -38,  -43,   30,  -43,
     -36,  -32,  -24,   30,   30,  -26,  -36,   42,   30,  -46,  -46,  -10,  -34,  -18,  -34,  -25,
     -40,  -11,  -40,  -42,  -11,  -36,  -11,  -36,  -11,  -43,  -11,  -23,  -26,  -11,  -26,  -11,
     -10,  -28,  -30,    7,  -19,  -24,  -26,  -19,  -25,  -34,  -25,  -21,  -21,  -21,  -15,  -36,
     -43,  -36,  -59,  -36,  -17,  -11,  -38,  -38,  -43,   30,  -43,  -42,  -32,  -24,   30,   30,
     -26,  -38,   42,   30,  -46,  -46,  -10,  -34,  -18,  -34,  -25,  -40,  -11,  -40,  -42,  -11,
     -25,  -11,  -25,  -11,  -43,  -11,  -23,  -26,  -11,  -26,  -11,  -10,  -47,  -70,    7,  -19,
     -24,  -26,  -19,  -25,  -34,  -25,  -21,  -21,  -21,  -15,  -25,  -43,  -25,  -59,  -51,  -17,
     -11,  -38,  -38,  -43,   30,  -43,  -42,  -32,  -24,   30,   30,  -26,  -38,   42,   30,  -46,
     -46,  -10,  -34,  -18,  -34,  -25,  -40,  -11,  -40,  -66,  -20,  -23,  -10,  -20,  -20,  -10,
     -20,  -20,  -20,  -20,  -20,  -20,  -20,  -20,  -23,  -23,  -20,  -20,  -20,  -23,  -20,  -10,
     -10,  -20,  -15,  -15,  -11,  -15,  -15,  -15,  -15,   13,   13,   13,   13,   13,  -11,   10,
       5,  -11,  -11,    5,  -11,   10,   10,  -24,   -5,   -5,   -5,   -5,  -24,  -24,  -24,  -24,
      32,   32,   32,   30,   32,   11,  -13,  -13,  -11,  -13,  -32,  -19,  -11,  -13,  -24,  -13,
     -32,  -32,  -32,  -32,  -13,    5,    5,  -21,    7,    7,    7,   24,    7,   32,   32,   32,
      28,   32,   15,   30,   20,   30,   28,   30,   13,   32,   34,   11,   17,    7,   32,   32,
      55,   20,   55,   55,   34,   30,   30,   30,   44,   32,   32,   69,   30,   17,   17,  -11,
      21,  -11,  -11,  -11,    8,    8,  -11,   -3,  -47,  -47,  -11,   -7,  -13,   -7,  -17,  -17,
     -11,  -13,  -19,   -9,  -47,  -30,  -47,   -2,  -47,  -15,  -19,  -19,   -9,   -9,  -19,   -9,
     -13,  -13,  -13,   28,   -7,  -28,  -11,  -13,  -21,  -26,  -15,  -11,  -15,  -15,  -13,  -11,
     -10,  -11,  -11,  -11,  -13,   -2,  -10,  -10,  -10,  -28,  -21,  -11,  -30,  -15,  -13,  -33,
     -15,  -15,  -13,  -11,  -15,  -10,  -10,  -10,    5,  -10,    5,   -3,   -8,   -3,  -10,   -5,
      -8,   -8,   -7,   -8,  -10,  -10,  -10,   -8,  -10,   -5,   -5,   -7,   -5,   -8,   -5,   -8,
     -10,    5,  -10,  -13,  -21,  -13,  -21,  -11,  -13,  -13,    5,  -19,  -19,  -11,   -6,    5,
       3,    5,    5,    5,    5,    3,    5,  -13,  -24,  -13,   -6,    3,    3,   11,   -6,    5,
       5,   11,   11,    5,   -6,  -19,  -19,  -19,    5,    3,   11,  -19,   -5,   -5,    5,    5,
     -13,    5,  -51,  -21,    5,  -17,   -9,  -33,  -33,   -9,  -57,   -7,   -9,   -9,   -7,  -19,
      -9,  -33,  -33,  -33,   -9,  -33,   -7,  -36,  -24,   -7,   -2,   -2,   -7,   -3,   -7,   -4,
      -6,  -11,  -11,   -8,    1,   -6,  -11,   -4,   -5,   -7,   -8,  -13,   -7,   -6,  -17,  -12,
      -8,   -4,  -11,  -17,  -12,  -12,   -2,   -5,   -3,   -2,   -7,   -4,   -6,   -4,   -7,   -6,
      -2,   -4,   -7,   -6,   -6,   -4,  -21,   -7,   -2,   -2,   -2,  -10,   -2,   -2,   -8,   -7,
      -7,   -6,   -4,   -5,   -5,   -9,   -9,  -13,   -1,   -6,  -10,   -9,   -6,  -12,   -5,    6,
      -2,   -7,   -4,   -7,   -7,   -9,   -5,   -5,   -8,   -1,  -10,   -1,   -1,  -10,   -4,   -4,
      -2,   -8,   -2,   -7,   -2,   -2,   -9,   -1,   -2,   -4,   -8,   -6,   -7,   -8,  -11,   -9,
     -13,   -7,   -5,   -6,   -2,   -4,  -10,   -4,   -7,   -7,   -8,   -1,   -8,   -2,   -4,   -2,
      -2,  -15,  -17,   -5,   -6,   -1,  -11,  -13,  -13,   -8,   -7,   21,   32,   21,   24,   32,
     -11,  -11,   13,  -11,  -21,  -28,  -28,  -32,  -21,  -32,  -49,  -13,   -7,  -21,  -13,  -13,
     -13,  -21,  -38,  -47,  -28,   -7,  -21,  -28,  -42,  -23,  -21,  -33,  -21,  -33,  -47,  -15,
     -32,  -21,  -13,  -19,  -32,  -19,  -19,  -46,  -42,  -13,  -19,  -21,   -7,  -26,    5,  -13,
       5,  -36,  -28,  -21,  -28,   -4,  -21,  -23,  -19,  -19,  -21,  -21,  -13,    5,  -19,  -21,
     -13,  -17,  -30,  -19,  -40,  -21,    5,    5,  -37,  -33,  -23,  -13,  -32,  -30,  -21,  -36,
     -11,  -17,  -11,  -11,  -17,  -11,  -32,  -32,  -32,   17,   17,  -13,  -21,  -49,   21,   21,
     -17,  -42,  -32,  -32,  -11,  -11,  -13,  -15,  -15,  -11,  -11,  -11,  -15,  -36,  -11,  -27,
      -8,  -29,   -9,   -5,   -5,   -7,   -2,  -29,  -15,  -11,  -11,  -17,  -11,  -11,  -11,   -9,
     -15,  -11,  -11,  -19,  -45,  -61,  -19,    7,   -2,   -5,  -18,    4,   -2,  -11,   -7,   -5,
     -30,  -13,  -42,  -41,  -28,  -49,  -17,  -17,  -42,  -42,  -66,  -13,  -13,  -53,   -8,   -5,
      -5,  -16,   13,  -23,  -23,  -13,  -17,  -23,  -13,   -8,  -10,
};

static const EpdFontData inter_10_regular = {
    inter_10_regularBitmaps,
    inter_10_regularGlyphs,
    inter_10_regularIntervals,
    79,
    25,
    21,
    -6,
    false,
    nullptr,
    0,
    nullptr,
    nullptr,  // kernLeftClasses: built-in fonts use the split arrays below
    nullptr,  // kernRightClasses
    inter_10_regularKernLeftCodepoints,
    inter_10_regularKernLeftClassIds,
    inter_10_regularKernRightCodepoints,
    inter_10_regularKernRightClassIds,
    nullptr,  // kernMatrix: built-in fonts use the sparse form below
    inter_10_regularKernRowOffsets,
    inter_10_regularKernSparseCols,
    inter_10_regularKernSparseValues,
    767,
    785,
    146,
    148,
    nullptr,
    0,
};
