/**
 * generated by fontconvert.py
 * name: inter_12_regular
 * size: 12
 * mode: 1-bit
 * Command used: fontconvert.py inter_12_regular 12 ../builtinFonts/source/Inter/Inter-Regular.ttf ../builtinFonts/source/NotoSansHebrew/NotoSansHebrew-Regular.ttf ../builtinFonts/source/NotoSansArabic/NotoSansArabic-Regular.ttf ../builtinFonts/source/Ubuntu/Ubuntu-Vietnamese-Regular.ttf --additional-intervals 0x05D0,0x05EA --additional-intervals 0x060C,0x060C --additional-intervals 0x061B,0x061B --additional-intervals 0x061F,0x061F --additional-intervals 0x0621,0x0621 --additional-intervals 0x0640,0x0640 --additional-intervals 0x0654,0x0654 --additional-intervals 0x0660,0x0669 --additional-intervals 0x06BA,0x06BA --additional-intervals 0x06D4,0x06D4 --additional-intervals 0x06D5,0x06D5 --additional-intervals 0x06F0,0x06F9 --additional-intervals 0xFB56,0xFB59 --additional-intervals 0xFB66,0xFB69 --additional-intervals 0xFB7A,0xFB7D --additional-intervals 0xFB88,0xFB95 --additional-intervals 0xFB9E,0xFB9F --additional-intervals 0xFBA6,0xFBB1 --additional-intervals 0xFBFC,0xFBFF --additional-intervals 0xFE80,0xFEFC
 */
#pragma once
#include "EpdFontData.h"

static const uint8_t inter_12_regularBitmaps[39874] = {
    0x73, 0x9C, 0xE7, 0x39, 0xCE, 0x73, 0x9C, 0xE0, 0x00, 0x0E, 0x7B, 0x80, 0xEE, 0xEE, 0xEE, 0xEE,
    0xE6, 0xE6, 0xE6, 0x06, 0x1C, 0x06, 0x1C, 0x0E, 0x18, 0x0E, 0x18, 0x7F, 0xFF, 0x7F, 0xFF, 0x0C,
    0x38, 0x0C, 0x38, 0x1C, 0x30, 0x1C, 0x30, 0x1C, 0x30, 0xFF, 0xFE, 0xFF, 0xFC, 0x18, 0x70, 0x18,
    0x60, 0x38, 0x60, 0x38, 0x60, 0x38, 0xE0, 0x03, 0x00, 0x0C, 0x00, 0x30, 0x00, 0xC0, 0x1F, 0xE0,
    0xFF, 0xC7, 0xF7, 0x9C, 0xCF, 0x73, 0x1D, 0xCC, 0x07, 0xB0, 0x1F, 0xC0, 0x1F, 0xE0, 0x1F, 0xC0,
    0x3F, 0x80, 0xCF, 0x03, 0x1F, 0x8C, 0x7F, 0x33, 0xDE, 0xDE, 0x7F, 0xF8, 0x7F, 0x80, 0x30, 0x00,
    0xC0, 0x03, 0x00, 0x3E, 0x01, 0xC7, 0xF0, 0x38, 0x77, 0x07, 0x0E, 0x30, 0x60, 0xE3, 0x0E, 0x07,
    0x71, 0xC0, 0x7F, 0x38, 0x03, 0xE3, 0x80, 0x00, 0x70, 0x00, 0x0E, 0x3E, 0x00, 0xE7, 0xE0, 0x1C,
    0xF7, 0x03, 0x8E, 0x70, 0x38, 0xE7, 0x07, 0x0E, 0x70, 0xE0, 0xF7, 0x0C, 0x07, 0xE1, 0xC0, 0x3E,
    0x1F, 0x80, 0x7F, 0x80, 0xF7, 0x83, 0x87, 0x07, 0x0E, 0x07, 0x3C, 0x0E, 0xF0, 0x0F, 0xC0, 0x1F,
    0x00, 0x7E, 0x01, 0xFE, 0x77, 0x9E, 0xEE, 0x1F, 0xDC, 0x1F, 0x38, 0x1E, 0x3C, 0xFC, 0x7F, 0xFC,
    0x3F, 0xBC, 0xFF, 0xFF, 0xF8, 0x1C, 0x73, 0x8E, 0x39, 0xC7, 0x1C, 0x73, 0x8E, 0x38, 0xE3, 0x8E,
    0x1C, 0x71, 0xC7, 0x0E, 0x38, 0x71, 0xC0, 0xE3, 0x87, 0x1C, 0x38, 0xE3, 0x8E, 0x1C, 0x71, 0xC7,
    0x1C, 0x71, 0xCE, 0x38, 0xE3, 0x9C, 0x73, 0x8E, 0x00, 0x0C, 0x01, 0x83, 0xB7, 0x7F, 0xE3, 0xF8,
    0x7E, 0x3F, 0xF7, 0x6E, 0x0C, 0x01, 0x80, 0x07, 0x00, 0x38, 0x01, 0xC0, 0x0E, 0x00, 0x70, 0x7F,
    0xFF, 0xFF, 0xE0, 0xE0, 0x07, 0x00, 0x38, 0x01, 0xC0, 0x0E, 0x00, 0x73, 0x9C, 0xE6, 0x73, 0x80,
    0xFF, 0xFF, 0xC0, 0x73, 0xDC, 0x03, 0x81, 0x81, 0xC0, 0xE0, 0x70, 0x30, 0x38, 0x1C, 0x0E, 0x06,
    0x07, 0x03, 0x81, 0x81, 0xC0, 0xE0, 0x70, 0x30, 0x38, 0x1C, 0x0E, 0x06, 0x07, 0x00, 0x0F, 0xC0,
    0xFF, 0x83, 0xCF, 0x1C, 0x1E, 0x70, 0x3B, 0xC0, 0xEE, 0x03, 0xB8, 0x07, 0xE0, 0x1F, 0x80, 0x7E,
    0x01, 0xF8, 0x0E, 0xF0, 0x39, 0xC0, 0xE7, 0x07, 0x8F, 0x3C, 0x3F, 0xE0, 0x3F, 0x00, 0x1E, 0x7F,
    0xFF, 0x7C, 0xF1, 0xC3, 0x87, 0x0E, 0x1C, 0x38, 0x70, 0xE1, 0xC3, 0x87, 0x0E, 0x1C, 0x1F, 0xC1,
    0xFF, 0x1F, 0x7C, 0xE0, 0xE7, 0x07, 0x30, 0x18, 0x01, 0xC0, 0x0E, 0x00, 0xE0, 0x0F, 0x00, 0xF0,
    0x0F, 0x00, 0xF0, 0x0F, 0x00, 0xF0, 0x0F, 0x00, 0x7F, 0xFF, 0xFF, 0xC0, 0x1F, 0xC1, 0xFF, 0x1F,
    0x3C, 0xE0, 0xF6, 0x03, 0x80, 0x38, 0x03, 0xC0, 0xFC, 0x07, 0xE0, 0x07, 0x80, 0x0E, 0x00, 0x70,
    0x03, 0xF0, 0x1F, 0xC0, 0xEF, 0x9E, 0x3F, 0xF0, 0xFE, 0x00, 0x00, 0xF0, 0x07, 0xC0, 0x3F, 0x00,
    0xFC, 0x07, 0x70, 0x3D, 0xC0, 0xE7, 0x07, 0x1C, 0x3C, 0x70, 0xE1, 0xC7, 0x07, 0x3C, 0x1C, 0xFF,
    0xFF, 0xFF, 0xF0, 0x07, 0x00, 0x1C, 0x00, 0x70, 0x01, 0xC0, 0x7F, 0xF3, 0xFF, 0x9C, 0x00, 0xE0,
    0x07, 0x00, 0x38, 0x01, 0xFF, 0x0F, 0xFC, 0x79, 0xF0, 0x03, 0x80, 0x1E, 0x00, 0x70, 0x03, 0xF0,
    0x3F, 0xC1, 0xCF, 0x3E, 0x3F, 0xE0, 0xFE, 0x00, 0x0F, 0xC0, 0x7F, 0xC3, 0xCF, 0x1E, 0x0E, 0x70,
    0x39, 0x80, 0x0E, 0xFC, 0x3F, 0xFC, 0xFC, 0xF3, 0xC1, 0xEF, 0x03, 0xB8, 0x0E, 0xE0, 0x39, 0xC0,
    0xE7, 0x07, 0x8F, 0x3C, 0x3F, 0xF0, 0x3F, 0x00, 0xFF, 0xFF, 0xFF, 0x00, 0x70, 0x0F, 0x00, 0xE0,
    0x1E, 0x01, 0xC0, 0x3C, 0x03, 0x80, 0x78, 0x07, 0x00, 0xF0, 0x0E, 0x01, 0xE0, 0x1C, 0x03, 0xC0,
    0x38, 0x07, 0x80, 0x1F, 0xC1, 0xFF, 0x1F, 0x3C, 0xE0, 0xF7, 0x03, 0xB8, 0x38, 0xF3, 0xC7, 0xFC,
    0x3F, 0xE3, 0xE7, 0x9C, 0x1F, 0xC0, 0x7E, 0x03, 0xF0, 0x1F, 0xC0, 0xEF, 0x9F, 0x3F, 0xF0, 0xFE,
    0x00, 0x1F, 0xC0, 0xFF, 0x87, 0xCF, 0x1C, 0x1C, 0xE0, 0x3B, 0x80, 0xEE, 0x03, 0xBC, 0x1E, 0x7C,
    0xF8, 0xFF, 0xE1, 0xFB, 0x80, 0x0E, 0x40, 0x3B, 0xC0, 0xE7, 0x07, 0x1F, 0x7C, 0x3F, 0xE0, 0x7F,
    0x00, 0x73, 0xDC, 0x00, 0x00, 0x00, 0x00, 0x1C, 0xF7, 0x00, 0x7B, 0xDE, 0x00, 0x00, 0x00, 0x00,
    0x00, 0xE7, 0x39, 0xCC, 0xE7, 0x00, 0x00, 0x30, 0x0F, 0x03, 0xF0, 0x7E, 0x1F, 0x87, 0xE0, 0xF0,
    0x0F, 0x80, 0x7E, 0x01, 0xF8, 0x07, 0xE0, 0x1F, 0x00, 0x70, 0x01, 0xFF, 0xFF, 0xFF, 0x00, 0x00,
    0x00, 0x00, 0x0F, 0xFF, 0xFF, 0xF0, 0x40, 0x03, 0x80, 0x1F, 0x00, 0x7E, 0x00, 0xFC, 0x01, 0xF8,
    0x03, 0xE0, 0x1F, 0x03, 0xF0, 0xFE, 0x1F, 0xC0, 0xF8, 0x07, 0x00, 0x20, 0x00, 0x3F, 0x8F, 0xFB,
    0xEF, 0x70, 0x7E, 0x0E, 0x01, 0xC0, 0x78, 0x1E, 0x07, 0x81, 0xE0, 0x38, 0x0E, 0x01, 0xC0, 0x00,
    0x00, 0x00, 0xE0, 0x1E, 0x03, 0x80, 0x01, 0xFF, 0x00, 0x1F, 0xFF, 0x01, 0xFC, 0x7E, 0x07, 0x80,
    0x3C, 0x38, 0x00, 0x71, 0xE0, 0x00, 0xE7, 0x0F, 0xB1, 0x9C, 0x7F, 0xC7, 0xE3, 0xCF, 0x1F, 0x8E,
    0x1C, 0x7E, 0x30, 0x31, 0xF9, 0xC0, 0xC7, 0xE7, 0x03, 0x1F, 0x8C, 0x1C, 0x7E, 0x38, 0x71, 0xDC,
    0xF3, 0xEE, 0x71, 0xFF, 0xF9, 0xE3, 0xE7, 0xC3, 0x80, 0x00, 0x07, 0x80, 0x00, 0x1F, 0xC3, 0x80,
    0x1F, 0xFE, 0x00, 0x1F, 0xF0, 0x00, 0x01, 0xC0, 0x01, 0xF0, 0x00, 0xF8, 0x00, 0x6E, 0x00, 0x77,
    0x00, 0x3B, 0x80, 0x3C, 0xE0, 0x1C, 0x70, 0x0E, 0x38, 0x0E, 0x0E, 0x07, 0x07, 0x03, 0xFF, 0xC3,
    0xFF, 0xE1, 0xC0, 0x70, 0xE0, 0x1C, 0xE0, 0x0E, 0x70, 0x07, 0x78, 0x01, 0xC0, 0xFF, 0xC7, 0xFF,
    0x38, 0x3D, 0xC0, 0xEE, 0x03, 0xF0, 0x1F, 0x81, 0xDC, 0x3E, 0xFF, 0xC7, 0xFF, 0xB8, 0x3F, 0xC0,
    0x7E, 0x03, 0xF0, 0x1F, 0x80, 0xFC, 0x1F, 0xFF, 0xF7, 0xFF, 0x00, 0x07, 0xF0, 0x1F, 0xFC, 0x3E,
    0x3E, 0x38, 0x0E, 0x70, 0x07, 0x70, 0x07, 0xE0, 0x00, 0xE0, 0x00, 0xE0, 0x00, 0xE0, 0x00, 0xE0,
    0x00, 0xE0, 0x00, 0x70, 0x07, 0x70, 0x07, 0x38, 0x0E, 0x3E, 0x3E, 0x1F, 0xFC, 0x07, 0xF0, 0xFF,
    0xC1, 0xFF, 0xE3, 0x87, 0xE7, 0x01, 0xCE, 0x01, 0xDC, 0x03, 0xB8, 0x03, 0xF0, 0x07, 0xE0, 0x0F,
    0xC0, 0x1F, 0x80, 0x3F, 0x00, 0x7E, 0x01, 0xDC, 0x03, 0xB8, 0x0E, 0x70, 0xFC, 0xFF, 0xF1, 0xFF,
    0x80, 0xFF, 0xFF, 0xFF, 0xE0, 0x0E, 0x00, 0xE0, 0x0E, 0x00, 0xE0, 0x0E, 0x00, 0xFF, 0xEF, 0xFE,
    0xE0, 0x0E, 0x00, 0xE0, 0x0E, 0x00, 0xE0, 0x0E, 0x00, 0xFF, 0xFF, 0xFF, 0xFF, 0xFF, 0xFF, 0xE0,
    0x0E, 0x00, 0xE0, 0x0E, 0x00, 0xE0, 0x0E, 0x00, 0xFF, 0xEF, 0xFE, 0xE0, 0x0E, 0x00, 0xE0, 0x0E,
    0x00, 0xE0, 0x0E, 0x00, 0xE0, 0x0E, 0x00, 0x07, 0xF0, 0x0F, 0xFE, 0x0F, 0x8F, 0x87, 0x01, 0xC7,
    0x00, 0x73, 0x80, 0x3B, 0x80, 0x01, 0xC0, 0x00, 0xE0, 0x00, 0x70, 0x3F, 0xB8, 0x1F, 0xDC, 0x00,
    0xE7, 0x00, 0x73, 0x80, 0x38, 0xE0, 0x3C, 0x7E, 0x7C, 0x1F, 0xFC, 0x03, 0xF8, 0x00, 0xE0, 0x0F,
    0xC0, 0x1F, 0x80, 0x3F, 0x00, 0x7E, 0x00, 0xFC, 0x01, 0xF8, 0x03, 0xF0, 0x07, 0xFF, 0xFF, 0xFF,
    0xFF, 0x80, 0x3F, 0x00, 0x7E, 0x00, 0xFC, 0x01, 0xF8, 0x03, 0xF0, 0x07, 0xE0, 0x0F, 0xC0, 0x1C,
    0xFF, 0xFF, 0xFF, 0xFF, 0xFF, 0xFF, 0xFC, 0x00, 0xE0, 0x0E, 0x00, 0xE0, 0x0E, 0x00, 0xE0, 0x0E,
    0x00, 0xE0, 0x0E, 0x00, 0xE0, 0x0E, 0x00, 0xEE, 0x0E, 0xE0, 0xEE, 0x0E, 0xE0, 0xEF, 0xBE, 0x7F,
    0xC3, 0xF8, 0xE0, 0x3D, 0xC0, 0xF3, 0x83, 0xC7, 0x0F, 0x0E, 0x3C, 0x1C, 0xF0, 0x39, 0xE0, 0x77,
    0x80, 0xFF, 0x01, 0xFE, 0x03, 0xFE, 0x07, 0x9E, 0x0E, 0x1E, 0x1C, 0x1C, 0x38, 0x3C, 0x70, 0x3C,
    0xE0, 0x39, 0xC0, 0x38, 0xE0, 0x1C, 0x03, 0x80, 0x70, 0x0E, 0x01, 0xC0, 0x38, 0x07, 0x00, 0xE0,
    0x1C, 0x03, 0x80, 0x70, 0x0E, 0x01, 0xC0, 0x38, 0x07, 0x00, 0xFF, 0xFF, 0xFC, 0xF0, 0x01, 0xFE,
    0x00, 0x7F, 0xE0, 0x0F, 0xFC, 0x03, 0xFF, 0xC0, 0x7F, 0xF8, 0x0F, 0xFF, 0x03, 0xBF, 0x70, 0x77,
    0xEE, 0x1C, 0xFD, 0xE3, 0x9F, 0x9C, 0x73, 0xF3, 0x9C, 0x7E, 0x3B, 0x8F, 0xC7, 0x61, 0xF8, 0xFC,
    0x3F, 0x0F, 0x87, 0xE1, 0xE0, 0xFC, 0x1C, 0x1C, 0xF0, 0x0F, 0xE0, 0x1F, 0xE0, 0x3F, 0xE0, 0x7F,
    0xC0, 0xFF, 0xC1, 0xFB, 0xC3, 0xF3, 0x87, 0xE7, 0x8F, 0xC7, 0x1F, 0x87, 0x3F, 0x0F, 0x7E, 0x0E,
    0xFC, 0x0F, 0xF8, 0x1F, 0xF0, 0x1F, 0xE0, 0x3F, 0xC0, 0x3C, 0x07, 0xF0, 0x0F, 0xFE, 0x0F, 0xCF,
    0x87, 0x01, 0xE7, 0x00, 0x73, 0x80, 0x3B, 0x80, 0x0F, 0xC0, 0x07, 0xE0, 0x03, 0xF0, 0x01, 0xF8,
    0x00, 0xFC, 0x00, 0x77, 0x00, 0x73, 0x80, 0x38, 0xE0, 0x3C, 0x7C, 0x7C, 0x1F, 0xFC, 0x03, 0xF8,
    0x00, 0xFF, 0xC7, 0xFF, 0x38, 0x3D, 0xC0, 0xFE, 0x03, 0xF0, 0x1F, 0x80, 0xFC, 0x0F, 0xE0, 0xF7,
    0xFF, 0x3F, 0xF1, 0xC0, 0x0E, 0x00, 0x70, 0x03, 0x80, 0x1C, 0x00, 0xE0, 0x07, 0x00, 0x00, 0x07,
    0xF0, 0x0F, 0xFE, 0x0F, 0xFF, 0x87, 0x81, 0xE7, 0x00, 0x73, 0x80, 0x3B, 0x80, 0x0F, 0xC0, 0x07,
    0xE0, 0x03, 0xF0, 0x01, 0xF8, 0x00, 0xFC, 0x00, 0x77, 0x0E, 0x73, 0x87, 0xB8, 0xE1, 0xF8, 0x7F,
    0xFC, 0x1F, 0xFC, 0x03, 0xFF, 0x00, 0x03, 0xC0, 0x00, 0xE0, 0xFF, 0xC3, 0xFF, 0x8E, 0x0F, 0x38,
    0x1E, 0xE0, 0x3B, 0x80, 0xEE, 0x03, 0xB8, 0x1E, 0xE0, 0xF3, 0xFF, 0xCF, 0xFC, 0x38, 0x70, 0xE1,
    0xE3, 0x83, 0x8E, 0x0F, 0x38, 0x1C, 0xE0, 0x7B, 0x80, 0xE0, 0x1F, 0xE0, 0xFF, 0xC7, 0xCF, 0x9C,
    0x0F, 0x70, 0x1D, 0xC0, 0x07, 0x80, 0x1F, 0xC0, 0x1F, 0xE0, 0x1F, 0xC0, 0x0F, 0x80, 0x0F, 0x00,
    0x1F, 0x80, 0x7F, 0x03, 0xDF, 0x3E, 0x3F, 0xF0, 0x7F, 0x80, 0xFF, 0xFF, 0xFF, 0xF0, 0x38, 0x00,
    0xE0, 0x03, 0x80, 0x0E, 0x00, 0x38, 0x00, 0xE0, 0x03, 0x80, 0x0E, 0x00, 0x38, 0x00, 0xE0, 0x03,
    0x80, 0x0E, 0x00, 0x38, 0x00, 0xE0, 0x03, 0x80, 0x0E, 0x00, 0xE0, 0x0F, 0xC0, 0x1F, 0x80, 0x3F,
    0x00, 0x7E, 0x00, 0xFC, 0x01, 0xF8, 0x03, 0xF0, 0x07, 0xE0, 0x0F, 0xC0, 0x1F, 0x80, 0x3F, 0x00,
    0x7E, 0x00, 0xFC, 0x03, 0xDC, 0x07, 0x3E, 0x3E, 0x3F, 0xF8, 0x3F, 0xC0, 0xF0, 0x03, 0xB8, 0x03,
    0x9C, 0x01, 0xC7, 0x00, 0xE3, 0x80, 0xE1, 0xC0, 0x70, 0x70, 0x78, 0x38, 0x38, 0x1E, 0x1C, 0x07,
    0x1E, 0x03, 0x8E, 0x00, 0xE7, 0x00, 0x77, 0x00, 0x3B, 0x80, 0x0F, 0xC0, 0x07, 0xC0, 0x03, 0xE0,
    0x00, 0xF0, 0x00, 0xF0, 0x3C, 0x07, 0x70, 0x3C, 0x07, 0x70, 0x3E, 0x07, 0x70, 0x3E, 0x0E, 0x38,
    0x7E, 0x0E, 0x38, 0x76, 0x0E, 0x38, 0x77, 0x0E, 0x38, 0x77, 0x1C, 0x1C, 0xE7, 0x1C, 0x1C, 0xE3,
    0x9C, 0x1C, 0xE3, 0x98, 0x1C, 0xC3, 0xB8, 0x0F, 0xC3, 0xB8, 0x0F, 0xC1, 0xB8, 0x0F, 0xC1, 0xF0,
    0x07, 0x81, 0xF0, 0x07, 0x80, 0xF0, 0x07, 0x80, 0xF0, 0x78, 0x07, 0x1C, 0x07, 0x0F, 0x07, 0x83,
    0xC3, 0x80, 0xE3, 0x80, 0x7B, 0xC0, 0x1F, 0xC0, 0x07, 0xC0, 0x01, 0xE0, 0x01, 0xF0, 0x00, 0xFC,
    0x00, 0xEE, 0x00, 0xF7, 0x80, 0xF1, 0xE0, 0x70, 0x70, 0x78, 0x3C, 0x78, 0x0F, 0x38, 0x03, 0x80,
    0x70, 0x07, 0x3C, 0x07, 0x8E, 0x03, 0x87, 0x83, 0xC1, 0xE3, 0xC0, 0x71, 0xC0, 0x3D, 0xE0, 0x0E,
    0xE0, 0x03, 0xE0, 0x01, 0xF0, 0x00, 0x70, 0x00, 0x38, 0x00, 0x1C, 0x00, 0x0E, 0x00, 0x07, 0x00,
    0x03, 0x80, 0x01, 0xC0, 0x00, 0xE0, 0x00, 0xFF, 0xFF, 0xFF, 0xE0, 0x03, 0x80, 0x1C, 0x00, 0xF0,
    0x03, 0x80, 0x1C, 0x00, 0xF0, 0x03, 0x80, 0x1C, 0x00, 0xF0, 0x07, 0x80, 0x1C, 0x00, 0xE0, 0x07,
    0x80, 0x1C, 0x00, 0xFF, 0xFF, 0xFF, 0xF0, 0xFF, 0xFE, 0x38, 0xE3, 0x8E, 0x38, 0xE3, 0x8E, 0x38,
    0xE3, 0x8E, 0x38, 0xE3, 0x8E, 0x38, 0xE3, 0xFF, 0xC0, 0xE0, 0x30, 0x1C, 0x0E, 0x07, 0x01, 0x80,
    0xE0, 0x70, 0x38, 0x0C, 0x07, 0x03, 0x80, 0xC0, 0x70, 0x38, 0x1C, 0x06, 0x03, 0x81, 0xC0, 0xE0,
    0x30, 0x1C, 0xFF, 0xF1, 0xC7, 0x1C, 0x71, 0xC7, 0x1C, 0x71, 0xC7, 0x1C, 0x71, 0xC7, 0x1C, 0x71,
    0xC7, 0x1F, 0xFF, 0xC0, 0x1E, 0x07, 0x83, 0xF0, 0xFC, 0x73, 0x9C, 0xEE, 0x1B, 0x87, 0xFF, 0xFF,
    0xFF, 0x73, 0x8E, 0x70, 0x1F, 0x87, 0xFC, 0x79, 0xEE, 0x0E, 0x00, 0xE0, 0x3E, 0x3F, 0xE7, 0xFE,
    0xF0, 0x6E, 0x0E, 0xE0, 0xEF, 0x3E, 0x7F, 0xE3, 0xF6, 0x70, 0x01, 0xC0, 0x07, 0x00, 0x1C, 0x00,
    0x7F, 0xC1, 0xFF, 0xC7, 0xCF, 0x1C, 0x1E, 0x70, 0x39, 0xC0, 0xE7, 0x03, 0x9C, 0x0E, 0x70, 0x39,
    0xC0, 0xE7, 0x07, 0x9F, 0x3C, 0x7F, 0xF1, 0xBF, 0x00, 0x1F, 0xC1, 0xFF, 0x1F, 0x7C, 0xE0, 0xEE,
    0x02, 0x70, 0x03, 0x80, 0x1C, 0x00, 0xE0, 0x07, 0x01, 0x1C, 0x1C, 0xFB, 0xE3, 0xFE, 0x0F, 0xE0,
    0x00, 0x38, 0x01, 0xC0, 0x0E, 0x00, 0x71, 0xFB, 0x9F, 0xFD, 0xE7, 0xEE, 0x0F, 0xE0, 0x7F, 0x01,
    0xF8, 0x0F, 0xC0, 0x7E, 0x03, 0xF0, 0x3D, 0xC1, 0xEF, 0x3F, 0x3F, 0xF8, 0xFD, 0xC0, 0x1F, 0xC1,
    0xFF, 0x1E, 0x7C, 0xE0, 0xEE, 0x07, 0x70, 0x1F, 0xFF, 0xFF, 0xFF, 0xE0, 0x07, 0x00, 0x1C, 0x1C,
    0xF9, 0xE3, 0xFE, 0x0F, 0xE0, 0x07, 0x8F, 0xC7, 0xE3, 0x81, 0xC7, 0xFF, 0xFE, 0x38, 0x1C, 0x0E,
    0x07, 0x03, 0x81, 0xC0, 0xE0, 0x70, 0x38, 0x1C, 0x0E, 0x07, 0x00, 0x1F, 0xB9, 0xFF, 0xDE, 0x7E,
    0xE0, 0xFE, 0x07, 0xF0, 0x1F, 0x80, 0xFC, 0x07, 0xE0, 0x3F, 0x03, 0xDC, 0x1E, 0xF3, 0xF3, 0xFF,
    0x8F, 0xDC, 0x00, 0xE4, 0x0F, 0x78, 0xF3, 0xFF, 0x07, 0xF0, 0x70, 0x07, 0x00, 0x70, 0x07, 0x00,
    0x7F, 0xC7, 0xFE, 0x7D, 0xF7, 0x07, 0x70, 0x77, 0x07, 0x70, 0x77, 0x07, 0x70, 0x77, 0x07, 0x70,
    0x77, 0x07, 0x70, 0x77, 0x07, 0x7F, 0xF0, 0x07, 0x77, 0x77, 0x77, 0x77, 0x77, 0x77, 0x70, 0x1C,
    0xF3, 0xC0, 0x00, 0x71, 0xC7, 0x1C, 0x71, 0xC7, 0x1C, 0x71, 0xC7, 0x1C, 0x71, 0xC6, 0x39, 0xEF,
    0xBC, 0x70, 0x03, 0x80, 0x1C, 0x00, 0xE0, 0x07, 0x0F, 0x38, 0xF1, 0xCF, 0x0E, 0xF0, 0x7F, 0x03,
    0xF0, 0x1F, 0x80, 0xFE, 0x07, 0x78, 0x39, 0xC1, 0xCF, 0x0E, 0x3C, 0x70, 0xF3, 0x83, 0x80, 0x77,
    0x77, 0x77, 0x77, 0x77, 0x77, 0x77, 0x77, 0x77, 0x6F, 0x8F, 0x8F, 0xFB, 0xF9, 0xE7, 0xE7, 0xB8,
    0x78, 0x77, 0x0F, 0x0E, 0xE1, 0xC1, 0xDC, 0x38, 0x3B, 0x87, 0x07, 0x70, 0xE0, 0xEE, 0x1C, 0x1D,
    0xC3, 0x83, 0xB8, 0x70, 0x77, 0x0E, 0x0E, 0xE1, 0xC1, 0xC0, 0x6F, 0xC7, 0xFE, 0x7D, 0xF7, 0x07,
    0x70, 0x77, 0x07, 0x70, 0x77, 0x07, 0x70, 0x77, 0x07, 0x70, 0x77, 0x07, 0x70, 0x77, 0x07, 0x1F,
    0xC1, 0xFF, 0x1F, 0x7C, 0xE0, 0xEE, 0x03, 0xF0, 0x1F, 0x80, 0xFC, 0x07, 0xE0, 0x3F, 0x01, 0xDC,
    0x1C, 0xFB, 0xE3, 0xFE, 0x0F, 0xE0, 0x6F, 0xC1, 0xFF, 0xC7, 0xCF, 0x1C, 0x1E, 0x70, 0x39, 0xC0,
    0xE7, 0x03, 0x9C, 0x0E, 0x70, 0x39, 0xC0, 0xE7, 0x07, 0x9F, 0x3C, 0x7F, 0xF1, 0xFF, 0x07, 0x00,
    0x1C, 0x00, 0x70, 0x01, 0xC0, 0x07, 0x00, 0x00, 0x1F, 0xB9, 0xFF, 0xDE, 0x7E, 0xE0, 0xFE, 0x07,
    0xF0, 0x1F, 0x80, 0xFC, 0x07, 0xE0, 0x3F, 0x03, 0xDC, 0x1E, 0xF3, 0xF3, 0xFF, 0x8F, 0xDC, 0x00,
    0xE0, 0x07, 0x00, 0x38, 0x01, 0xC0, 0x0E, 0x6F, 0x7F, 0x7C, 0x70, 0x70, 0x70, 0x70, 0x70, 0x70,
    0x70, 0x70, 0x70, 0x70, 0x70, 0x3F, 0x8F, 0xF9, 0xE7, 0xF0, 0x7E, 0x00, 0xF0, 0x1F, 0xE0, 0xFE,
    0x01, 0xE0, 0x1F, 0x83, 0xFC, 0xF7, 0xFC, 0x7F, 0x00, 0x38, 0x38, 0x38, 0x38, 0xFF, 0xFF, 0x38,
    0x38, 0x38, 0x38, 0x38, 0x38, 0x38, 0x38, 0x38, 0x38, 0x3F, 0x1F, 0x70, 0x77, 0x07, 0x70, 0x77,
    0x07, 0x70, 0x77, 0x07, 0x70, 0x77, 0x07, 0x70, 0x77, 0x07, 0x70, 0x77, 0x9F, 0x3F, 0xF1, 0xF7,
    0xF0, 0x3D, 0xC0, 0xE7, 0x03, 0x8E, 0x1C, 0x38, 0x70, 0xE1, 0xC1, 0xCE, 0x07, 0x38, 0x1C, 0xE0,
    0x3F, 0x00, 0xFC, 0x01, 0xE0, 0x07, 0x80, 0x1E, 0x00, 0x70, 0x70, 0x77, 0x0F, 0x0F, 0x70, 0xF0,
    0xE3, 0x8F, 0x8E, 0x38, 0xF8, 0xE3, 0x9D, 0x9C, 0x39, 0xD9, 0xC1, 0xD9, 0xDC, 0x1F, 0x9D, 0x81,
    0xF8, 0xF8, 0x0F, 0x8F, 0x80, 0xF0, 0xF8, 0x0F, 0x0F, 0x00, 0xF0, 0x70, 0x70, 0x79, 0xC3, 0x8F,
    0x38, 0x39, 0xC0, 0xFC, 0x07, 0xC0, 0x1E, 0x00, 0xF0, 0x0F, 0xC0, 0xFE, 0x07, 0x38, 0x71, 0xE7,
    0x87, 0x38, 0x1C, 0xF0, 0x3D, 0xC0, 0xE7, 0x03, 0x8E, 0x1C, 0x38, 0x70, 0xE1, 0xC1, 0xCE, 0x07,
    0x38, 0x1C, 0xE0, 0x3F, 0x00, 0xFC, 0x01, 0xE0, 0x07, 0x80, 0x1E, 0x00, 0x70, 0x01, 0xC0, 0x0E,
    0x00, 0xF8, 0x07, 0xC0, 0x00, 0xFF, 0xEF, 0xFE, 0x01, 0xE0, 0x1C, 0x03, 0x80, 0x78, 0x0F, 0x00,
    0xE0, 0x1E, 0x03, 0xC0, 0x38, 0x07, 0x00, 0xFF, 0xFF, 0xFF, 0x07, 0x87, 0xC7, 0x83, 0x81, 0xC0,
    0xE0, 0x70, 0x38, 0x1C, 0x0E, 0x0E, 0x1F, 0x0F, 0x81, 0xE0, 0x70, 0x38, 0x1C, 0x0E, 0x07, 0x03,
    0x81, 0xE0, 0x7C, 0x1E, 0xDB, 0x6D, 0xB6, 0xDB, 0x6D, 0xB6, 0xDB, 0x6D, 0xB6, 0xDB, 0x6D, 0xB0,
    0xF0, 0xF8, 0x78, 0x18, 0x1C, 0x1C, 0x1C, 0x1C, 0x1C, 0x1C, 0x1E, 0x0F, 0x0F, 0x1E, 0x1C, 0x1C,
    0x1C, 0x1C, 0x1C, 0x1C, 0x38, 0xF8, 0xF0, 0x7C, 0x3F, 0xF1, 0xFB, 0xDF, 0xCF, 0xEC, 0x1E, 0x00,
    0x73, 0xDC, 0x00, 0x01, 0xCE, 0x73, 0x9C, 0xE7, 0x39, 0xCE, 0x73, 0x80, 0x06, 0x00, 0x30, 0x03,
    0xE0, 0x7F, 0xC7, 0xFF, 0x3B, 0x3B, 0x98, 0x9C, 0xC0, 0xE6, 0x07, 0x30, 0x39, 0x81, 0xCC, 0x47,
    0x67, 0x3F, 0xF8, 0xFF, 0x83, 0xF8, 0x06, 0x00, 0x30, 0x00, 0x0F, 0xE0, 0xFF, 0x8F, 0xBE, 0x70,
    0x73, 0x83, 0x9C, 0x00, 0xE0, 0x07, 0x00, 0xFF, 0xE7, 0xFF, 0x0E, 0x00, 0x70, 0x03, 0x80, 0x1C,
    0x00, 0xE0, 0xEE, 0x07, 0xFF, 0xFF, 0xFF, 0x80, 0x00, 0x00, 0x67, 0xE6, 0xFF, 0xFF, 0x7E, 0x7E,
    0x38, 0x1C, 0x70, 0x0E, 0x70, 0x0E, 0x60, 0x07, 0xE0, 0x07, 0xE0, 0x07, 0x60, 0x07, 0x70, 0x0E,
    0x70, 0x0E, 0x38, 0x1E, 0x7E, 0x7E, 0xFF, 0xFF, 0x67, 0xE6, 0xF0, 0x3D, 0xC0, 0xE7, 0x07, 0x8E,
    0x1C, 0x38, 0xF0, 0x73, 0x81, 0xDE, 0x03, 0xF0, 0x0F, 0xC1, 0xFF, 0xC7, 0xFF, 0x01, 0xC0, 0x7F,
    0xF1, 0xFF, 0xC0, 0x70, 0x01, 0xC0, 0x07, 0x00, 0x1C, 0x00, 0xFF, 0xFF, 0xFF, 0x00, 0x01, 0xFF,
    0xFF, 0xFE, 0x1F, 0x83, 0xFC, 0x39, 0xE7, 0x0E, 0x70, 0x63, 0x80, 0x3C, 0x07, 0xF0, 0x63, 0x8E,
    0x0E, 0xE0, 0x6F, 0x07, 0x7C, 0x73, 0xFF, 0x1F, 0xF0, 0xFE, 0x03, 0xC0, 0x1E, 0x20, 0xE7, 0x0E,
    0x79, 0xE3, 0xFC, 0x1F, 0x80, 0xE3, 0x7B, 0xF9, 0xC0, 0x03, 0xF8, 0x01, 0xFF, 0xC0, 0x7C, 0x7C,
    0x1E, 0x03, 0xC7, 0x9F, 0x3C, 0xEF, 0xFB, 0xB9, 0xEF, 0x3F, 0x70, 0x77, 0xEE, 0x0E, 0xFD, 0xC0,
    0x1F, 0xB8, 0x33, 0xF7, 0x0F, 0x7E, 0x7B, 0xCE, 0xEF, 0xF3, 0x9C, 0x7C, 0xF1, 0xE0, 0x3C, 0x1F,
    0x1F, 0x01, 0xFF, 0xC0, 0x1F, 0xE0, 0x00, 0x1F, 0x9F, 0xF7, 0x1C, 0x07, 0x1F, 0xDF, 0xF7, 0xDF,
    0x87, 0x61, 0xDF, 0xF3, 0xFC, 0x0F, 0x78, 0xF7, 0x87, 0x38, 0x73, 0x87, 0xB8, 0x7B, 0xC3, 0xDE,
    0x0E, 0x70, 0x39, 0xC0, 0xE7, 0x07, 0xBC, 0x1E, 0xF0, 0xFF, 0xFF, 0xFC, 0x03, 0x80, 0x70, 0x0E,
    0x00, 0xC0, 0x0F, 0xE0, 0x3F, 0xE0, 0xF3, 0xE3, 0x81, 0xEE, 0xFD, 0xDD, 0xF9, 0xF3, 0xBB, 0xE7,
    0x67, 0xCF, 0xCF, 0xDF, 0x9F, 0xBB, 0xF3, 0x81, 0xE3, 0xCF, 0x83, 0xFE, 0x03, 0xF8, 0x00, 0xFF,
    0xFF, 0x3E, 0x3F, 0x9D, 0xFC, 0x7E, 0x3B, 0xBD, 0xFC, 0x7C, 0x07, 0x00, 0x38, 0x01, 0xC1, 0xFF,
    0xEF, 0xFF, 0x03, 0x80, 0x1C, 0x00, 0xE0, 0x07, 0x00, 0x00, 0x00, 0x01, 0xFF, 0xEF, 0xFF, 0x00,
    0x7E, 0x7F, 0xB8, 0xE0, 0x70, 0x70, 0x78, 0x70, 0xF0, 0xFF, 0xFF, 0xC0, 0x3F, 0x1F, 0xEE, 0x38,
    0x1E, 0x1F, 0x07, 0xE0, 0x3B, 0x8E, 0xFF, 0x9F, 0xC0, 0x73, 0xB9, 0xC0, 0x70, 0x71, 0xC1, 0xC7,
    0x07, 0x1C, 0x1C, 0x70, 0x71, 0xC1, 0xC7, 0x07, 0x1C, 0x1C, 0x70, 0x71, 0xC1, 0xC7, 0x07, 0x1E,
    0x3C, 0x7F, 0xFD, 0xFE, 0xF7, 0x00, 0x1C, 0x00, 0x70, 0x01, 0xC0, 0x07, 0x00, 0x00, 0x1F, 0xF3,
    0xFF, 0x7F, 0x7F, 0xF7, 0xFF, 0x7F, 0xF7, 0xFF, 0x7F, 0xF7, 0x7F, 0x77, 0xF7, 0x3F, 0x70, 0x77,
    0x00, 0x70, 0x07, 0x00, 0x70, 0x07, 0x00, 0x70, 0x07, 0x73, 0xDC, 0x61, 0x87, 0x86, 0x19, 0xE6,
    0x00, 0x7B, 0xEF, 0xA6, 0x18, 0x61, 0x86, 0x18, 0x60, 0x1F, 0x83, 0xFC, 0x78, 0xE7, 0x0E, 0x70,
    0x66, 0x06, 0x70, 0x67, 0x0E, 0x70, 0xE3, 0xFC, 0x1F, 0x80, 0x73, 0x80, 0xE7, 0x01, 0xDE, 0x07,
    0xBC, 0x0F, 0x78, 0x1C, 0xE0, 0x73, 0x83, 0xDE, 0x1E, 0xF0, 0x73, 0x83, 0x9C, 0x1C, 0xE0, 0x3C,
    0x03, 0x8F, 0x80, 0xE1, 0xF0, 0x1C, 0x2E, 0x07, 0x01, 0xC1, 0xC0, 0x38, 0x30, 0x07, 0x0E, 0x00,
    0xE3, 0x80, 0x1C, 0xE1, 0xC3, 0x9C, 0x78, 0x07, 0x0F, 0x01, 0xC3, 0xE0, 0x38, 0xEC, 0x0E, 0x1D,
    0x83, 0x87, 0x30, 0x70, 0xFF, 0x1C, 0x1F, 0xE7, 0x00, 0x18, 0x3C, 0x03, 0x87, 0xC0, 0x70, 0x7C,
    0x07, 0x05, 0xC0, 0xE0, 0x1C, 0x1C, 0x01, 0xC1, 0x80, 0x1C, 0x38, 0x01, 0xC7, 0x00, 0x1C, 0xE3,
    0xE1, 0xCE, 0x7F, 0x01, 0xC7, 0x70, 0x38, 0x07, 0x03, 0x80, 0x70, 0x70, 0x0E, 0x0E, 0x01, 0xC0,
    0xE0, 0x38, 0x1C, 0x07, 0xF3, 0x80, 0x7F, 0x7C, 0x01, 0xCF, 0xE0, 0x38, 0xEF, 0x03, 0x80, 0xE0,
    0x70, 0x3E, 0x0E, 0x03, 0xE0, 0xC0, 0x07, 0x1C, 0x0E, 0x73, 0x80, 0xFF, 0x70, 0xE7, 0xE7, 0x1E,
    0x00, 0xE1, 0xE0, 0x1C, 0x3E, 0x01, 0xC7, 0x60, 0x38, 0x76, 0x07, 0x0E, 0x60, 0x70, 0xFF, 0x0E,
    0x0F, 0xF1, 0xC0, 0x06, 0x0F, 0x01, 0xE0, 0x3C, 0x00, 0x00, 0x00, 0x0C, 0x03, 0x80, 0x70, 0x1E,
    0x07, 0xC1, 0xF0, 0x78, 0x0E, 0x01, 0xC0, 0x38, 0x3F, 0x07, 0xFB, 0xCF, 0xF8, 0xFE, 0x00, 0x07,
    0x00, 0x01, 0xC0, 0x00, 0xE0, 0x00, 0x38, 0x00, 0x00, 0x00, 0x00, 0x00, 0x00, 0x00, 0x03, 0x80,
    0x03, 0xE0, 0x01, 0xF0, 0x00, 0xDC, 0x00, 0xEE, 0x00, 0x77, 0x00, 0x79, 0xC0, 0x38, 0xE0, 0x1C,
    0x70, 0x1C, 0x1C, 0x0E, 0x0E, 0x07, 0xFF, 0x87, 0xFF, 0xC3, 0x80, 0xE1, 0xC0, 0x39, 0xC0, 0x1C,
    0xE0, 0x0E, 0xF0, 0x03, 0x80, 0x00, 0x70, 0x00, 0x78, 0x00, 0x38, 0x00, 0x18, 0x00, 0x00, 0x00,
    0x00, 0x00, 0x00, 0x00, 0x03, 0x80, 0x03, 0xE0, 0x01, 0xF0, 0x00, 0xDC, 0x00, 0xEE, 0x00, 0x77,
    0x00, 0x79, 0xC0, 0x38, 0xE0, 0x1C, 0x70, 0x1C, 0x1C, 0x0E, 0x0E, 0x07, 0xFF, 0x87, 0xFF, 0xC3,
    0x80, 0xE1, 0xC0, 0x39, 0xC0, 0x1C, 0xE0, 0x0E, 0xF0, 0x03, 0x80, 0x01, 0xC0, 0x01, 0xF0, 0x01,
    0xFC, 0x00, 0xEF, 0x00, 0x00, 0x00, 0x00, 0x00, 0x00, 0x00, 0x03, 0x80, 0x03, 0xE0, 0x01, 0xF0,
    0x00, 0xDC, 0x00, 0xEE, 0x00, 0x77, 0x00, 0x79, 0xC0, 0x38, 0xE0, 0x1C, 0x70, 0x1C, 0x1C, 0x0E,
    0x0E, 0x07, 0xFF, 0x87, 0xFF, 0xC3, 0x80, 0xE1, 0xC0, 0x39, 0xC0, 0x1C, 0xE0, 0x0E, 0xF0, 0x03,
    0x80, 0x03, 0xB0, 0x03, 0xF8, 0x01, 0xBC, 0x00, 0x00, 0x00, 0x00, 0x00, 0x00, 0x00, 0x07, 0x00,
    0x07, 0xC0, 0x03, 0xE0, 0x01, 0xB8, 0x01, 0xDC, 0x00, 0xEE, 0x00, 0xF3, 0x80, 0x71, 0xC0, 0x38,
    0xE0, 0x38, 0x38, 0x1C, 0x1C, 0x0F, 0xFF, 0x0F, 0xFF, 0x87, 0x01, 0xC3, 0x80, 0x73, 0x80, 0x39,
    0xC0, 0x1D, 0xE0, 0x07, 0x07, 0x38, 0x07, 0xBC, 0x01, 0xCE, 0x00, 0x00, 0x00, 0x00, 0x00, 0x00,
    0x00, 0x07, 0x00, 0x07, 0xC0, 0x03, 0xE0, 0x01, 0xB8, 0x01, 0xDC, 0x00, 0xEE, 0x00, 0xF3, 0x80,
    0x71, 0xC0, 0x38, 0xE0, 0x38, 0x38, 0x1C, 0x1C, 0x0F, 0xFF, 0x0F, 0xFF, 0x87, 0x01, 0xC3, 0x80,
    0x73, 0x80, 0x39, 0xC0, 0x1D, 0xE0, 0x07, 0x03, 0xE0, 0x03, 0xF8, 0x01, 0xDC, 0x00, 0xEE, 0x00,
    0x7F, 0x00, 0x1F, 0x00, 0x00, 0x00, 0x03, 0x80, 0x03, 0xE0, 0x01, 0xF0, 0x00, 0xDC, 0x00, 0xEE,
    0x00, 0x77, 0x00, 0x79, 0xC0, 0x38, 0xE0, 0x1C, 0x70, 0x1C, 0x1C, 0x0E, 0x0E, 0x07, 0xFF, 0x87,
    0xFF, 0xC3, 0x80, 0xE1, 0xC0, 0x39, 0xC0, 0x1C, 0xE0, 0x0E, 0xF0, 0x03, 0x80, 0x00, 0x7F, 0xFE,
    0x00, 0xFF, 0xFE, 0x00, 0xEE, 0x00, 0x01, 0xCE, 0x00, 0x01, 0xCE, 0x00, 0x03, 0x8E, 0x00, 0x03,
    0x8E, 0x00, 0x07, 0x0E, 0x00, 0x07, 0x0F, 0xFE, 0x0F, 0x0F, 0xFE, 0x0E, 0x0E, 0x00, 0x1F, 0xFE,
    0x00, 0x1F, 0xFE, 0x00, 0x3C, 0x0E, 0x00, 0x38, 0x0E, 0x00, 0x78, 0x0E, 0x00, 0x70, 0x0F, 0xFF,
    0xF0, 0x0F, 0xFF, 0x07, 0xF0, 0x1F, 0xFC, 0x3E, 0x3E, 0x38, 0x0E, 0x70, 0x07, 0x70, 0x07, 0xE0,
    0x00, 0xE0, 0x00, 0xE0, 0x00, 0xE0, 0x00, 0xE0, 0x00, 0xE0, 0x00, 0x70, 0x07, 0x70, 0x07, 0x38,
    0x0E, 0x3E, 0x3E, 0x1F, 0xFC, 0x07, 0xF0, 0x01, 0xC0, 0x01, 0xE0, 0x00, 0x70, 0x00, 0x70, 0x01,
    0xE0, 0x01, 0xC0, 0x3C, 0x01, 0xC0, 0x0C, 0x00, 0xE0, 0x00, 0x00, 0x00, 0x00, 0x0F, 0xFF, 0xFF,
    0xFE, 0x00, 0xE0, 0x0E, 0x00, 0xE0, 0x0E, 0x00, 0xE0, 0x0F, 0xFE, 0xFF, 0xEE, 0x00, 0xE0, 0x0E,
    0x00, 0xE0, 0x0E, 0x00, 0xE0, 0x0F, 0xFF, 0xFF, 0xF0, 0x03, 0x80, 0x38, 0x07, 0x00, 0x60, 0x00,
    0x00, 0x00, 0x00, 0x0F, 0xFF, 0xFF, 0xFE, 0x00, 0xE0, 0x0E, 0x00, 0xE0, 0x0E, 0x00, 0xE0, 0x0F,
    0xFE, 0xFF, 0xEE, 0x00, 0xE0, 0x0E, 0x00, 0xE0, 0x0E, 0x00, 0xE0, 0x0F, 0xFF, 0xFF, 0xF0, 0x0E,
    0x01, 0xF0, 0x1F, 0x83, 0x9C, 0x00, 0x00, 0x00, 0x00, 0x0F, 0xFF, 0xFF, 0xFE, 0x00, 0xE0, 0x0E,
    0x00, 0xE0, 0x0E, 0x00, 0xE0, 0x0F, 0xFE, 0xFF, 0xEE, 0x00, 0xE0, 0x0E, 0x00, 0xE0, 0x0E, 0x00,
    0xE0, 0x0F, 0xFF, 0xFF, 0xF0, 0x39, 0xC7, 0x9C, 0x39, 0xC0, 0x00, 0x00, 0x00, 0x00, 0xFF, 0xFF,
    0xFF, 0xE0, 0x0E, 0x00, 0xE0, 0x0E, 0x00, 0xE0, 0x0E, 0x00, 0xFF, 0xEF, 0xFE, 0xE0, 0x0E, 0x00,
    0xE0, 0x0E, 0x00, 0xE0, 0x0E, 0x00, 0xFF, 0xFF, 0xFF, 0xE3, 0x9C, 0x60, 0x00, 0x07, 0x39, 0xCE,
    0x73, 0x9C, 0xE7, 0x39, 0xCE, 0x73, 0x9C, 0xE7, 0x38, 0x3B, 0x9D, 0xC0, 0x00, 0x1C, 0xE7, 0x39,
    0xCE, 0x73, 0x9C, 0xE7, 0x39, 0xCE, 0x73, 0x9C, 0xE0, 0x1C, 0x1F, 0x1F, 0x9C, 0xE0, 0x00, 0x00,
    0x00, 0x38, 0x1C, 0x0E, 0x07, 0x03, 0x81, 0xC0, 0xE0, 0x70, 0x38, 0x1C, 0x0E, 0x07, 0x03, 0x81,
    0xC0, 0xE0, 0x70, 0x38, 0x1C, 0x00, 0xE7, 0x7B, 0xF9, 0xC0, 0x00, 0x00, 0x00, 0x70, 0x38, 0x1C,
    0x0E, 0x07, 0x03, 0x81, 0xC0, 0xE0, 0x70, 0x38, 0x1C, 0x0E, 0x07, 0x03, 0x81, 0xC0, 0xE0, 0x70,
    0x38, 0x3F, 0xF8, 0x1F, 0xFE, 0x0E, 0x0F, 0x87, 0x01, 0xE3, 0x80, 0x71, 0xC0, 0x1C, 0xE0, 0x0E,
    0x70, 0x07, 0xFF, 0xC3, 0xFF, 0xE1, 0xCE, 0x00, 0xE7, 0x00, 0x73, 0x80, 0x39, 0xC0, 0x38, 0xE0,
    0x3C, 0x70, 0x7C, 0x3F, 0xFC, 0x1F, 0xFC, 0x00, 0x06, 0x60, 0x1F, 0xC0, 0x3F, 0x80, 0x00, 0x00,
    0x00, 0x00, 0x00, 0x3C, 0x03, 0xF8, 0x07, 0xF8, 0x0F, 0xF8, 0x1F, 0xF0, 0x3F, 0xF0, 0x7E, 0xF0,
    0xFC, 0xE1, 0xF9, 0xE3, 0xF1, 0xC7, 0xE1, 0xCF, 0xC3, 0xDF, 0x83, 0xBF, 0x03, 0xFE, 0x07, 0xFC,
    0x07, 0xF8, 0x0F, 0xF0, 0x0F, 0x07, 0x00, 0x01, 0xC0, 0x00, 0xE0, 0x00, 0x38, 0x00, 0x00, 0x00,
    0x00, 0x00, 0x00, 0x00, 0x0F, 0xE0, 0x1F, 0xFC, 0x1F, 0x9F, 0x0E, 0x03, 0xCE, 0x00, 0xE7, 0x00,
    0x77, 0x00, 0x1F, 0x80, 0x0F, 0xC0, 0x07, 0xE0, 0x03, 0xF0, 0x01, 0xF8, 0x00, 0xEE, 0x00, 0xE7,
    0x00, 0x71, 0xC0, 0x78, 0xF8, 0xF8, 0x3F, 0xF8, 0x07, 0xF0, 0x00, 0x00, 0x70, 0x00, 0x78, 0x00,
    0x38, 0x00, 0x38, 0x00, 0x00, 0x00, 0x00, 0x00, 0x00, 0x00, 0x0F, 0xE0, 0x1F, 0xFC, 0x1F, 0x9F,
    0x0E, 0x03, 0xCE, 0x00, 0xE7, 0x00, 0x77, 0x00, 0x1F, 0x80, 0x0F, 0xC0, 0x07, 0xE0, 0x03, 0xF0,
    0x01, 0xF8, 0x00, 0xEE, 0x00, 0xE7, 0x00, 0x71, 0xC0, 0x78, 0xF8, 0xF8, 0x3F, 0xF8, 0x07, 0xF0,
    0x00, 0x01, 0xC0, 0x01, 0xF0, 0x01, 0xFC, 0x00, 0xEF, 0x00, 0x00, 0x00, 0x00, 0x00, 0x00, 0x00,
    0x0F, 0xE0, 0x1F, 0xFC, 0x1F, 0x9F, 0x0E, 0x03, 0xCE, 0x00, 0xE7, 0x00, 0x77, 0x00, 0x1F, 0x80,
    0x0F, 0xC0, 0x07, 0xE0, 0x03, 0xF0, 0x01, 0xF8, 0x00, 0xEE, 0x00, 0xE7, 0x00, 0x71, 0xC0, 0x78,
    0xF8, 0xF8, 0x3F, 0xF8, 0x07, 0xF0, 0x00, 0x03, 0xB0, 0x03, 0xF8, 0x01, 0xBC, 0x00, 0x00, 0x00,
    0x00, 0x00, 0x00, 0x00, 0x1F, 0xC0, 0x3F, 0xF8, 0x3F, 0x3E, 0x1C, 0x07, 0x9C, 0x01, 0xCE, 0x00,
    0xEE, 0x00, 0x3F, 0x00, 0x1F, 0x80, 0x0F, 0xC0, 0x07, 0xE0, 0x03, 0xF0, 0x01, 0xDC, 0x01, 0xCE,
    0x00, 0xE3, 0x80, 0xF1, 0xF1, 0xF0, 0x7F, 0xF0, 0x0F, 0xE0, 0x06, 0x38, 0x07, 0xBC, 0x01, 0x8E,
    0x00, 0x00, 0x00, 0x00, 0x00, 0x00, 0x00, 0x1F, 0xC0, 0x3F, 0xF8, 0x3F, 0x3E, 0x1C, 0x07, 0x9C,
    0x01, 0xCE, 0x00, 0xEE, 0x00, 0x3F, 0x00, 0x1F, 0x80, 0x0F, 0xC0, 0x07, 0xE0, 0x03, 0xF0, 0x01,
    0xDC, 0x01, 0xCE, 0x00, 0xE3, 0x80, 0xF1, 0xF1, 0xF0, 0x7F, 0xF0, 0x0F, 0xE0, 0x60, 0x27, 0x83,
    0x9E, 0x3C, 0x7B, 0xC1, 0xFC, 0x07, 0xC0, 0x3E, 0x03, 0xF8, 0x3D, 0xE3, 0xC7, 0xBC, 0x1C, 0xC0,
    0x40, 0x00, 0x02, 0x03, 0xFB, 0x87, 0xFF, 0x87, 0xE7, 0xC3, 0x81, 0xF3, 0x81, 0xF9, 0xC1, 0xFD,
    0xC0, 0xE7, 0xE0, 0xE3, 0xF0, 0xE1, 0xF8, 0x70, 0xFC, 0x70, 0x7E, 0x70, 0x3B, 0xF8, 0x39, 0xF8,
    0x1C, 0x78, 0x1E, 0x3E, 0x3E, 0x1F, 0xFE, 0x1D, 0xFC, 0x06, 0x00, 0x00, 0x0E, 0x00, 0x0E, 0x00,
    0x1C, 0x00, 0x18, 0x00, 0x00, 0x00, 0x00, 0x00, 0x00, 0x70, 0x07, 0xE0, 0x0F, 0xC0, 0x1F, 0x80,
    0x3F, 0x00, 0x7E, 0x00, 0xFC, 0x01, 0xF8, 0x03, 0xF0, 0x07, 0xE0, 0x0F, 0xC0, 0x1F, 0x80, 0x3F,
    0x00, 0x7E, 0x01, 0xEE, 0x03, 0x9F, 0x1F, 0x1F, 0xFC, 0x1F, 0xE0, 0x00, 0xE0, 0x03, 0x80, 0x07,
    0x00, 0x1C, 0x00, 0x00, 0x00, 0x00, 0x00, 0x00, 0x70, 0x07, 0xE0, 0x0F, 0xC0, 0x1F, 0x80, 0x3F,
    0x00, 0x7E, 0x00, 0xFC, 0x01, 0xF8, 0x03, 0xF0, 0x07, 0xE0, 0x0F, 0xC0, 0x1F, 0x80, 0x3F, 0x00,
    0x7E, 0x01, 0xEE, 0x03, 0x9F, 0x1F, 0x1F, 0xFC, 0x1F, 0xE0, 0x03, 0x80, 0x0F, 0x80, 0x3F, 0x00,
    0xE7, 0x00, 0x00, 0x00, 0x00, 0x00, 0x00, 0x70, 0x07, 0xE0, 0x0F, 0xC0, 0x1F, 0x80, 0x3F, 0x00,
    0x7E, 0x00, 0xFC, 0x01, 0xF8, 0x03, 0xF0, 0x07, 0xE0, 0x0F, 0xC0, 0x1F, 0x80, 0x3F, 0x00, 0x7E,
    0x01, 0xEE, 0x03, 0x9F, 0x1F, 0x1F, 0xFC, 0x1F, 0xE0, 0x1C, 0xE0, 0x3D, 0xE0, 0x73, 0x80, 0x00,
    0x00, 0x00, 0x00, 0x00, 0x38, 0x03, 0xF0, 0x07, 0xE0, 0x0F, 0xC0, 0x1F, 0x80, 0x3F, 0x00, 0x7E,
    0x00, 0xFC, 0x01, 0xF8, 0x03, 0xF0, 0x07, 0xE0, 0x0F, 0xC0, 0x1F, 0x80, 0x3F, 0x00, 0xF7, 0x01,
    0xCF, 0x8F, 0x8F, 0xFE, 0x0F, 0xF0, 0x00, 0x70, 0x00, 0x70, 0x00, 0x38, 0x00, 0x38, 0x00, 0x00,
    0x00, 0x00, 0x00, 0x00, 0x00, 0xE0, 0x0E, 0x78, 0x0F, 0x1C, 0x07, 0x0F, 0x07, 0x83, 0xC7, 0x80,
    0xE3, 0x80, 0x7B, 0xC0, 0x1D, 0xC0, 0x07, 0xC0, 0x03, 0xE0, 0x00, 0xE0, 0x00, 0x70, 0x00, 0x38,
    0x00, 0x1C, 0x00, 0x0E, 0x00, 0x07, 0x00, 0x03, 0x80, 0x01, 0xC0, 0x00, 0xE0, 0x0E, 0x00, 0xE0,
    0x0F, 0xF8, 0xFF, 0xEE, 0x1E, 0xE0, 0x7E, 0x07, 0xE0, 0x7E, 0x07, 0xE0, 0x7E, 0x1E, 0xFF, 0xEF,
    0xF8, 0xE0, 0x0E, 0x00, 0xE0, 0x0E, 0x00, 0x3F, 0x87, 0xFC, 0xFB, 0xEE, 0x0E, 0xE0, 0xEE, 0x0E,
    0xE0, 0xEE, 0x1C, 0xEF, 0x8E, 0xFE, 0xE1, 0xFE, 0x07, 0xE0, 0x7E, 0x07, 0xE0, 0x7E, 0x0F, 0xEF,
    0xEE, 0xFC, 0x3C, 0x01, 0xC0, 0x0E, 0x00, 0xE0, 0x00, 0x00, 0x00, 0x1F, 0x87, 0xFC, 0x79, 0xEE,
    0x0E, 0x00, 0xE0, 0x3E, 0x3F, 0xE7, 0xFE, 0xF0, 0x6E, 0x0E, 0xE0, 0xEF, 0x3E, 0x7F, 0xE3, 0xF6,
    0x03, 0x80, 0x38, 0x07, 0x00, 0x60, 0x00, 0x00, 0x00, 0x1F, 0x87, 0xFC, 0x79, 0xEE, 0x0E, 0x00,
    0xE0, 0x3E, 0x3F, 0xE7, 0xFE, 0xF0, 0x6E, 0x0E, 0xE0, 0xEF, 0x3E, 0x7F, 0xE3, 0xF6, 0x0E, 0x01,
    0xF0, 0x1F, 0x83, 0x9C, 0x00, 0x00, 0x00, 0x1F, 0x87, 0xFC, 0x79, 0xEE, 0x0E, 0x00, 0xE0, 0x3E,
    0x3F, 0xE7, 0xFE, 0xF0, 0x6E, 0x0E, 0xE0, 0xEF, 0x3E, 0x7F, 0xE3, 0xF6, 0x1D, 0xC3, 0xFC, 0x37,
    0x80, 0x00, 0x00, 0x01, 0xF8, 0x7F, 0xC7, 0x9E, 0xE0, 0xE0, 0x0E, 0x03, 0xE3, 0xFE, 0x7F, 0xEF,
    0x06, 0xE0, 0xEE, 0x0E, 0xF3, 0xE7, 0xFE, 0x3F, 0x60, 0x39, 0xC7, 0x9C, 0x39, 0xC0, 0x00, 0x00,
    0x01, 0xF8, 0x7F, 0xC7, 0x9E, 0xE0, 0xE0, 0x0E, 0x03, 0xE3, 0xFE, 0x7F, 0xEF, 0x06, 0xE0, 0xEE,
    0x0E, 0xF3, 0xE7, 0xFE, 0x3F, 0x60, 0x1F, 0x01, 0xF8, 0x3B, 0x83, 0xB8, 0x1F, 0x81, 0xF0, 0x00,
    0x01, 0xF8, 0x7F, 0xC7, 0x9E, 0xE0, 0xE0, 0x0E, 0x03, 0xE3, 0xFE, 0x7F, 0xEF, 0x06, 0xE0, 0xEE,
    0x0E, 0xF3, 0xE7, 0xFE, 0x3F, 0x60, 0x1F, 0x8F, 0xC3, 0xFE, 0xFF, 0x1E, 0x7F, 0x3D, 0xC1, 0xE0,
    0xE0, 0x0F, 0x03, 0x80, 0x30, 0x1C, 0xFF, 0xFF, 0xEF, 0xFF, 0xFF, 0xF8, 0x60, 0x07, 0x07, 0x80,
    0x38, 0x3C, 0x0F, 0xE7, 0xF9, 0xE7, 0xFF, 0xFF, 0x1F, 0x87, 0xE0, 0x1F, 0xC1, 0xFF, 0x1F, 0x7C,
    0xE0, 0xEE, 0x02, 0x70, 0x03, 0x80, 0x1C, 0x00, 0xE0, 0x07, 0x01, 0x1C, 0x1C, 0xFB, 0xE3, 0xFE,
    0x0F, 0xE0, 0x1C, 0x00, 0xF0, 0x01, 0xC0, 0x0E, 0x01, 0xE0, 0x0E, 0x00, 0x1C, 0x00, 0x70, 0x03,
    0x80, 0x0C, 0x00, 0x00, 0x00, 0x00, 0x7F, 0x07, 0xFC, 0x79, 0xF3, 0x83, 0xB8, 0x1D, 0xC0, 0x7F,
    0xFF, 0xFF, 0xFF, 0x80, 0x1C, 0x00, 0x70, 0x73, 0xE7, 0x8F, 0xF8, 0x3F, 0x80, 0x01, 0xC0, 0x1C,
    0x00, 0xE0, 0x0E, 0x00, 0x00, 0x00, 0x00, 0x7F, 0x07, 0xFC, 0x79, 0xF3, 0x83, 0xB8, 0x1D, 0xC0,
    0x7F, 0xFF, 0xFF, 0xFF, 0x80, 0x1C, 0x00, 0x70, 0x73, 0xE7, 0x8F, 0xF8, 0x3F, 0x80, 0x07, 0x00,
    0x7C, 0x07, 0xF0, 0x73, 0x80, 0x00, 0x00, 0x00, 0x7F, 0x07, 0xFC, 0x79, 0xF3, 0x83, 0xB8, 0x1D,
    0xC0, 0x7F, 0xFF, 0xFF, 0xFF, 0x80, 0x1C, 0x00, 0x70, 0x73, 0xE7, 0x8F, 0xF8, 0x3F, 0x80, 0x39,
    0xC1, 0xEF, 0x0E, 0x70, 0x00, 0x00, 0x00, 0x0F, 0xE0, 0xFF, 0x8F, 0x3E, 0x70, 0x77, 0x03, 0xB8,
    0x0F, 0xFF, 0xFF, 0xFF, 0xF0, 0x03, 0x80, 0x0E, 0x0E, 0x7C, 0xF1, 0xFF, 0x07, 0xF0, 0x71, 0xC3,
    0x8E, 0x00, 0x01, 0xC7, 0x1C, 0x71, 0xC7, 0x1C, 0x71, 0xC7, 0x1C, 0x71, 0xC7, 0x38, 0xE7, 0x1C,
    0x00, 0x07, 0x1C, 0x71, 0xC7, 0x1C, 0x71, 0xC7, 0x1C, 0x71, 0xC7, 0x1C, 0x1C, 0x3C, 0x7E, 0xE7,
    0x00, 0x00, 0x1C, 0x1C, 0x1C, 0x1C, 0x1C, 0x1C, 0x1C, 0x1C, 0x1C, 0x1C, 0x1C, 0x1C, 0x1C, 0x1C,
    0xE7, 0x73, 0xB9, 0xC0, 0x00, 0x00, 0xE0, 0x70, 0x38, 0x1C, 0x0E, 0x07, 0x03, 0x81, 0xC0, 0xE0,
    0x70, 0x38, 0x1C, 0x0E, 0x07, 0x00, 0x18, 0x00, 0xE3, 0x07, 0xF8, 0x1F, 0x01, 0xF8, 0x0C, 0xE0,
    0x03, 0x83, 0xFC, 0x3F, 0xF3, 0xCF, 0xBC, 0x1D, 0xC0, 0xFE, 0x03, 0xF0, 0x1F, 0x80, 0xFC, 0x0E,
    0xF0, 0x73, 0xCF, 0x8F, 0xF8, 0x3F, 0x80, 0x0C, 0xC1, 0xFC, 0x1F, 0xC0, 0x00, 0x00, 0x06, 0xFC,
    0x7F, 0xE7, 0xDF, 0x70, 0x77, 0x07, 0x70, 0x77, 0x07, 0x70, 0x77, 0x07, 0x70, 0x77, 0x07, 0x70,
    0x77, 0x07, 0x70, 0x70, 0x1C, 0x00, 0x70, 0x03, 0x80, 0x0E, 0x00, 0x00, 0x00, 0x00, 0x7F, 0x07,
    0xFC, 0x7D, 0xF3, 0x83, 0xB8, 0x0F, 0xC0, 0x7E, 0x03, 0xF0, 0x1F, 0x80, 0xFC, 0x07, 0x70, 0x73,
    0xEF, 0x8F, 0xF8, 0x3F, 0x80, 0x01, 0xC0, 0x1C, 0x00, 0xE0, 0x0E, 0x00, 0x00, 0x00, 0x00, 0x7F,
    0x07, 0xFC, 0x7D, 0xF3, 0x83, 0xB8, 0x0F, 0xC0, 0x7E, 0x03, 0xF0, 0x1F, 0x80, 0xFC, 0x07, 0x70,
    0x73, 0xEF, 0x8F, 0xF8, 0x3F, 0x80, 0x07, 0x00, 0x7C, 0x07, 0xF0, 0x7B, 0x80, 0x00, 0x00, 0x00,
    0x7F, 0x07, 0xFC, 0x7D, 0xF3, 0x83, 0xB8, 0x0F, 0xC0, 0x7E, 0x03, 0xF0, 0x1F, 0x80, 0xFC, 0x07,
    0x70, 0x73, 0xEF, 0x8F, 0xF8, 0x3F, 0x80, 0x0C, 0xC0, 0xFE, 0x07, 0xF0, 0x00, 0x00, 0x00, 0x0F,
    0xE0, 0xFF, 0x8F, 0xBE, 0x70, 0x77, 0x01, 0xF8, 0x0F, 0xC0, 0x7E, 0x03, 0xF0, 0x1F, 0x80, 0xEE,
    0x0E, 0x7D, 0xF1, 0xFF, 0x07, 0xF0, 0x38, 0xE1, 0xEF, 0x0E, 0x38, 0x00, 0x00, 0x00, 0x0F, 0xE0,
    0xFF, 0x8F, 0xBE, 0x70, 0x77, 0x01, 0xF8, 0x0F, 0xC0, 0x7E, 0x03, 0xF0, 0x1F, 0x80, 0xEE, 0x0E,
    0x7D, 0xF1, 0xFF, 0x07, 0xF0, 0x07, 0x00, 0xF0, 0x07, 0x00, 0x00, 0x00, 0x0F, 0xFF, 0xFF, 0xF0,
    0x00, 0x00, 0x00, 0x70, 0x0F, 0x00, 0x70, 0x00, 0x00, 0xFE, 0xCF, 0xFE, 0xFB, 0xE7, 0x0F, 0x70,
    0xFF, 0x8F, 0xFC, 0xF7, 0xE7, 0x3F, 0x71, 0xFF, 0x0E, 0xF0, 0xE7, 0xDF, 0x7F, 0xF3, 0xFF, 0x08,
    0x00, 0x1C, 0x00, 0xE0, 0x0E, 0x00, 0x60, 0x00, 0x00, 0x00, 0x70, 0x77, 0x07, 0x70, 0x77, 0x07,
    0x70, 0x77, 0x07, 0x70, 0x77, 0x07, 0x70, 0x77, 0x07, 0x70, 0x77, 0x9F, 0x3F, 0xF1, 0xF7, 0x01,
    0xC0, 0x38, 0x03, 0x80, 0x70, 0x00, 0x00, 0x00, 0x70, 0x77, 0x07, 0x70, 0x77, 0x07, 0x70, 0x77,
    0x07, 0x70, 0x77, 0x07, 0x70, 0x77, 0x07, 0x70, 0x77, 0x9F, 0x3F, 0xF1, 0xF7, 0x07, 0x00, 0xF8,
    0x1F, 0xC3, 0x9C, 0x00, 0x00, 0x00, 0x70, 0x77, 0x07, 0x70, 0x77, 0x07, 0x70, 0x77, 0x07, 0x70,
    0x77, 0x07, 0x70, 0x77, 0x07, 0x70, 0x77, 0x9F, 0x3F, 0xF1, 0xF7, 0x38, 0xC3, 0xDE, 0x39, 0xC0,
    0x00, 0x00, 0x07, 0x07, 0x70, 0x77, 0x07, 0x70, 0x77, 0x07, 0x70, 0x77, 0x07, 0x70, 0x77, 0x07,
    0x70, 0x77, 0x07, 0x79, 0xF3, 0xFF, 0x1F, 0x70, 0x01, 0xC0, 0x07, 0x00, 0x38, 0x00, 0xE0, 0x00,
    0x00, 0x00, 0x0F, 0x03, 0xDC, 0x0E, 0x70, 0x38, 0xE1, 0xC3, 0x87, 0x0E, 0x1C, 0x1C, 0xE0, 0x73,
    0x81, 0xCE, 0x03, 0xF0, 0x0F, 0xC0, 0x1E, 0x00, 0x78, 0x01, 0xE0, 0x07, 0x00, 0x1C, 0x00, 0xE0,
    0x0F, 0x80, 0x7C, 0x00, 0x70, 0x01, 0xC0, 0x07, 0x00, 0x1C, 0x00, 0x7F, 0xC1, 0xFF, 0xC7, 0xCF,
    0x1C, 0x1E, 0x70, 0x39, 0xC0, 0xE7, 0x03, 0x9C, 0x0E, 0x70, 0x39, 0xC0, 0xE7, 0x07, 0x9F, 0x3C,
    0x7F, 0xF1, 0xFF, 0x07, 0x00, 0x1C, 0x00, 0x70, 0x01, 0xC0, 0x07, 0x00, 0x00, 0x1C, 0xE0, 0x73,
    0x81, 0xCE, 0x00, 0x00, 0x00, 0x03, 0xC0, 0xF7, 0x03, 0x9C, 0x0E, 0x38, 0x70, 0xE1, 0xC3, 0x87,
    0x07, 0x38, 0x1C, 0xE0, 0x73, 0x80, 0xFC, 0x03, 0xF0, 0x07, 0x80, 0x1E, 0x00, 0x78, 0x01, 0xC0,
    0x07, 0x00, 0x38, 0x03, 0xE0, 0x1F, 0x00, 0x07, 0xF0, 0x03, 0xF8, 0x00, 0x00, 0x00, 0x00, 0x00,
    0x00, 0x00, 0x00, 0x00, 0x07, 0x00, 0x07, 0xC0, 0x03, 0xE0, 0x01, 0xB8, 0x01, 0xDC, 0x00, 0xEE,
    0x00, 0xF3, 0x80, 0x71, 0xC0, 0x38, 0xE0, 0x38, 0x38, 0x1C, 0x1C, 0x0F, 0xFF, 0x0F, 0xFF, 0x87,
    0x01, 0xC3, 0x80, 0x73, 0x80, 0x39, 0xC0, 0x1D, 0xE0, 0x07, 0x3F, 0xC3, 0xFC, 0x00, 0x00, 0x00,
    0x00, 0x01, 0xF8, 0x7F, 0xC7, 0x9E, 0xE0, 0xE0, 0x0E, 0x03, 0xE3, 0xFE, 0x7F, 0xEF, 0x06, 0xE0,
    0xEE, 0x0E, 0xF3, 0xE7, 0xFE, 0x3F, 0x60, 0x06, 0x30, 0x03, 0xB8, 0x01, 0xFC, 0x00, 0x7C, 0x00,
    0x00, 0x00, 0x00, 0x00, 0x00, 0x00, 0x03, 0x80, 0x03, 0xE0, 0x01, 0xF0, 0x00, 0xDC, 0x00, 0xEE,
    0x00, 0x77, 0x00, 0x79, 0xC0, 0x38, 0xE0, 0x1C, 0x70, 0x1C, 0x1C, 0x0E, 0x0E, 0x07, 0xFF, 0x87,
    0xFF, 0xC3, 0x80, 0xE1, 0xC0, 0x39, 0xC0, 0x1C, 0xE0, 0x0E, 0xF0, 0x03, 0x80, 0x31, 0xC3, 0x9C,
    0x3F, 0x81, 0xF0, 0x00, 0x00, 0x00, 0x1F, 0x87, 0xFC, 0x79, 0xEE, 0x0E, 0x00, 0xE0, 0x3E, 0x3F,
    0xE7, 0xFE, 0xF0, 0x6E, 0x0E, 0xE0, 0xEF, 0x3E, 0x7F, 0xE3, 0xF6, 0x01, 0xC0, 0x00, 0xF8, 0x00,
    0x3E, 0x00, 0x0D, 0xC0, 0x07, 0x70, 0x01, 0xDC, 0x00, 0xF3, 0x80, 0x38, 0xE0, 0x0E, 0x38, 0x07,
    0x07, 0x01, 0xC1, 0xC0, 0x7F, 0xF8, 0x3F, 0xFE, 0x0E, 0x03, 0x83, 0x80, 0x71, 0xC0, 0x1C, 0x70,
    0x07, 0x3C, 0x00, 0xE0, 0x00, 0x70, 0x00, 0x38, 0x00, 0x0E, 0x80, 0x03, 0xE0, 0x00, 0x7C, 0x1F,
    0x87, 0xFC, 0x79, 0xEE, 0x0E, 0x00, 0xE0, 0x3E, 0x3F, 0xE7, 0xFE, 0xF0, 0x6E, 0x0E, 0xE0, 0xEF,
    0x3E, 0x7F, 0xE3, 0xFE, 0x01, 0xE0, 0x1C, 0x01, 0xC0, 0x1F, 0x01, 0xF0, 0x00, 0x70, 0x00, 0xF0,
    0x00, 0xE0, 0x01, 0xC0, 0x00, 0x00, 0x00, 0x00, 0x00, 0x00, 0x07, 0xF0, 0x1F, 0xFC, 0x3E, 0x3E,
    0x38, 0x0E, 0x70, 0x07, 0x70, 0x07, 0xE0, 0x00, 0xE0, 0x00, 0xE0, 0x00, 0xE0, 0x00, 0xE0, 0x00,
    0xE0, 0x00, 0x70, 0x07, 0x70, 0x07, 0x38, 0x0E, 0x3E, 0x3E, 0x1F, 0xFC, 0x07, 0xF0, 0x01, 0xC0,
    0x1C, 0x00, 0xE0, 0x0E, 0x00, 0x00, 0x00, 0x00, 0x7F, 0x07, 0xFC, 0x7D, 0xF3, 0x83, 0xB8, 0x09,
    0xC0, 0x0E, 0x00, 0x70, 0x03, 0x80, 0x1C, 0x04, 0x70, 0x73, 0xEF, 0x8F, 0xF8, 0x3F, 0x80, 0x01,
    0xC0, 0x03, 0xE0, 0x07, 0xF0, 0x07, 0x78, 0x00, 0x00, 0x00, 0x00, 0x00, 0x00, 0x07, 0xF0, 0x1F,
    0xFC, 0x3E, 0x3E, 0x38, 0x0E, 0x70, 0x07, 0x70, 0x07, 0xE0, 0x00, 0xE0, 0x00, 0xE0, 0x00, 0xE0,
    0x00, 0xE0, 0x00, 0xE0, 0x00, 0x70, 0x07, 0x70, 0x07, 0x38, 0x0E, 0x3E, 0x3E, 0x1F, 0xFC, 0x07,
    0xF0, 0x07, 0x00, 0x7C, 0x07, 0xF0, 0x7B, 0x80, 0x00, 0x00, 0x00, 0x7F, 0x07, 0xFC, 0x7D, 0xF3,
    0x83, 0xB8, 0x09, 0xC0, 0x0E, 0x00, 0x70, 0x03, 0x80, 0x1C, 0x04, 0x70, 0x73, 0xEF, 0x8F, 0xF8,
    0x3F, 0x80, 0x01, 0xC0, 0x01, 0xC0, 0x01, 0xC0, 0x00, 0x00, 0x00, 0x00, 0x00, 0x00, 0x07, 0xF0,
    0x1F, 0xFC, 0x3E, 0x3E, 0x38, 0x0E, 0x70, 0x07, 0x70, 0x07, 0xE0, 0x00, 0xE0, 0x00, 0xE0, 0x00,
    0xE0, 0x00, 0xE0, 0x00, 0xE0, 0x00, 0x70, 0x07, 0x70, 0x07, 0x38, 0x0E, 0x3E, 0x3E, 0x1F, 0xFC,
    0x07, 0xF0, 0x07, 0x00, 0x38, 0x01, 0xC0, 0x00, 0x00, 0x00, 0x0F, 0xE0, 0xFF, 0x8F, 0xBE, 0x70,
    0x77, 0x01, 0x38, 0x01, 0xC0, 0x0E, 0x00, 0x70, 0x03, 0x80, 0x8E, 0x0E, 0x7D, 0xF1, 0xFF, 0x07,
    0xF0, 0x06, 0x38, 0x07, 0x70, 0x03, 0xE0, 0x01, 0xC0, 0x00, 0x00, 0x00, 0x00, 0x00, 0x00, 0x07,
    0xF0, 0x1F, 0xFC, 0x3E, 0x3E, 0x38, 0x0E, 0x70, 0x07, 0x70, 0x07, 0xE0, 0x00, 0xE0, 0x00, 0xE0,
    0x00, 0xE0, 0x00, 0xE0, 0x00, 0xE0, 0x00, 0x70, 0x07, 0x70, 0x07, 0x38, 0x0E, 0x3E, 0x3E, 0x1F,
    0xFC, 0x07, 0xF0, 0x18, 0xE0, 0xEE, 0x03, 0xE0, 0x0E, 0x00, 0x00, 0x00, 0x00, 0x7F, 0x07, 0xFC,
    0x7D, 0xF3, 0x83, 0xB8, 0x09, 0xC0, 0x0E, 0x00, 0x70, 0x03, 0x80, 0x1C, 0x04, 0x70, 0x73, 0xEF,
    0x8F, 0xF8, 0x3F, 0x80, 0x31, 0xC0, 0x77, 0x00, 0x7C, 0x00, 0x70, 0x00, 0x00, 0x00, 0x00, 0x00,
    0x00, 0x7F, 0xE0, 0xFF, 0xF1, 0xC3, 0xF3, 0x80, 0xE7, 0x00, 0xEE, 0x01, 0xDC, 0x01, 0xF8, 0x03,
    0xF0, 0x07, 0xE0, 0x0F, 0xC0, 0x1F, 0x80, 0x3F, 0x00, 0xEE, 0x01, 0xDC, 0x07, 0x38, 0x7E, 0x7F,
    0xF8, 0xFF, 0xC0, 0x00, 0x03, 0x80, 0x01, 0x80, 0x0E, 0xC0, 0x07, 0x60, 0x03, 0xB0, 0x01, 0xC0,
    0x7E, 0xE0, 0x7F, 0xF0, 0x79, 0xF8, 0x38, 0x3C, 0x38, 0x1E, 0x1C, 0x07, 0x0E, 0x03, 0x87, 0x01,
    0xC3, 0x80, 0xE1, 0xC0, 0xF0, 0x70, 0x78, 0x3C, 0xFC, 0x0F, 0xFE, 0x03, 0xF7, 0x00, 0x3F, 0xF8,
    0x1F, 0xFE, 0x0E, 0x0F, 0x87, 0x01, 0xE3, 0x80, 0x71, 0xC0, 0x1C, 0xE0, 0x0E, 0x70, 0x07, 0xFF,
    0xC3, 0xFF, 0xE1, 0xCE, 0x00, 0xE7, 0x00, 0x73, 0x80, 0x39, 0xC0, 0x38, 0xE0, 0x3C, 0x70, 0x7C,
    0x3F, 0xFC, 0x1F, 0xFC, 0x00, 0x00, 0x38, 0x07, 0xFC, 0x0F, 0xF8, 0x01, 0xC1, 0xFB, 0x87, 0xFF,
    0x1E, 0x7E, 0x38, 0x3C, 0xE0, 0x79, 0xC0, 0x73, 0x80, 0xE7, 0x01, 0xCE, 0x03, 0x9C, 0x0F, 0x1C,
    0x1E, 0x3C, 0xFC, 0x3F, 0xF8, 0x3F, 0x70, 0x3F, 0xC3, 0xFC, 0x00, 0x00, 0x00, 0x00, 0x00, 0x00,
    0xFF, 0xFF, 0xFF, 0xE0, 0x0E, 0x00, 0xE0, 0x0E, 0x00, 0xE0, 0x0E, 0x00, 0xFF, 0xEF, 0xFE, 0xE0,
    0x0E, 0x00, 0xE0, 0x0E, 0x00, 0xE0, 0x0E, 0x00, 0xFF, 0xFF, 0xFF, 0x1F, 0xC0, 0xFE, 0x00, 0x00,
    0x00, 0x00, 0x00, 0x0F, 0xE0, 0xFF, 0x8F, 0x3E, 0x70, 0x77, 0x03, 0xB8, 0x0F, 0xFF, 0xFF, 0xFF,
    0xF0, 0x03, 0x80, 0x0E, 0x0E, 0x7C, 0xF1, 0xFF, 0x07, 0xF0, 0x31, 0xC3, 0x9C, 0x3F, 0x81, 0xF0,
    0x00, 0x00, 0x00, 0x00, 0x0F, 0xFF, 0xFF, 0xFE, 0x00, 0xE0, 0x0E, 0x00, 0xE0, 0x0E, 0x00, 0xE0,
    0x0F, 0xFE, 0xFF, 0xEE, 0x00, 0xE0, 0x0E, 0x00, 0xE0, 0x0E, 0x00, 0xE0, 0x0F, 0xFF, 0xFF, 0xF0,
    0x18, 0xC0, 0xEE, 0x07, 0xF0, 0x1F, 0x00, 0x00, 0x00, 0x00, 0x7F, 0x07, 0xFC, 0x79, 0xF3, 0x83,
    0xB8, 0x1D, 0xC0, 0x7F, 0xFF, 0xFF, 0xFF, 0x80, 0x1C, 0x00, 0x70, 0x73, 0xE7, 0x8F, 0xF8, 0x3F,
    0x80, 0x0E, 0x00, 0xF0, 0x0E, 0x00, 0x00, 0x00, 0x00, 0x00, 0xFF, 0xFF, 0xFF, 0xE0, 0x0E, 0x00,
    0xE0, 0x0E, 0x00, 0xE0, 0x0E, 0x00, 0xFF, 0xEF, 0xFE, 0xE0, 0x0E, 0x00, 0xE0, 0x0E, 0x00, 0xE0,
    0x0E, 0x00, 0xFF, 0xFF, 0xFF, 0x07, 0x00, 0x38, 0x01, 0xC0, 0x00, 0x00, 0x00, 0x0F, 0xE0, 0xFF,
    0x8F, 0x3E, 0x70, 0x77, 0x03, 0xB8, 0x0F, 0xFF, 0xFF, 0xFF, 0xF0, 0x03, 0x80, 0x0E, 0x0E, 0x7C,
    0xF1, 0xFF, 0x07, 0xF0, 0xFF, 0xF7, 0xFF, 0xB8, 0x01, 0xC0, 0x0E, 0x00, 0x70, 0x03, 0x80, 0x1C,
    0x00, 0xFF, 0xE7, 0xFF, 0x38, 0x01, 0xC0, 0x0E, 0x00, 0x70, 0x03, 0x80, 0x1C, 0x00, 0xFF, 0xF7,
    0xFF, 0x80, 0x38, 0x03, 0x80, 0x1C, 0x00, 0xF8, 0x03, 0xC0, 0x1F, 0xC1, 0xFF, 0x1E, 0x7C, 0xE0,
    0xEE, 0x07, 0x70, 0x1F, 0xFF, 0xFF, 0xFF, 0xE0, 0x07, 0x00, 0x1C, 0x1C, 0xF9, 0xE3, 0xFF, 0x0F,
    0xF0, 0x07, 0x00, 0x38, 0x01, 0xC0, 0x0F, 0x80, 0x7C, 0x31, 0xC3, 0xB8, 0x1F, 0x80, 0xF0, 0x00,
    0x00, 0x00, 0x00, 0x0F, 0xFF, 0xFF, 0xFE, 0x00, 0xE0, 0x0E, 0x00, 0xE0, 0x0E, 0x00, 0xE0, 0x0F,
    0xFE, 0xFF, 0xEE, 0x00, 0xE0, 0x0E, 0x00, 0xE0, 0x0E, 0x00, 0xE0, 0x0F, 0xFF, 0xFF, 0xF0, 0x38,
    0xC0, 0xEE, 0x03, 0xE0, 0x1E, 0x00, 0x00, 0x00, 0x00, 0x7F, 0x07, 0xFC, 0x79, 0xF3, 0x83, 0xB8,
    0x1D, 0xC0, 0x7F, 0xFF, 0xFF, 0xFF, 0x80, 0x1C, 0x00, 0x70, 0x73, 0xE7, 0x8F, 0xF8, 0x3F, 0x80,
    0x01, 0xC0, 0x01, 0xF0, 0x01, 0xFC, 0x01, 0xEE, 0x00, 0x00, 0x00, 0x00, 0x00, 0x00, 0x00, 0x0F,
    0xE0, 0x1F, 0xFC, 0x1F, 0x1F, 0x0E, 0x03, 0x8E, 0x00, 0xE7, 0x00, 0x77, 0x00, 0x03, 0x80, 0x01,
    0xC0, 0x00, 0xE0, 0x7F, 0x70, 0x3F, 0xB8, 0x01, 0xCE, 0x00, 0xE7, 0x00, 0x71, 0xC0, 0x78, 0xFC,
    0xF8, 0x3F, 0xF8, 0x07, 0xF0, 0x00, 0x07, 0x00, 0x7C, 0x07, 0xF0, 0x73, 0x80, 0x00, 0x00, 0x00,
    0x7E, 0xE7, 0xFF, 0x79, 0xFB, 0x83, 0xF8, 0x1F, 0xC0, 0x7E, 0x03, 0xF0, 0x1F, 0x80, 0xFC, 0x0F,
    0x70, 0x7B, 0xCF, 0xCF, 0xFE, 0x3F, 0x70, 0x03, 0x90, 0x3D, 0xE3, 0xCF, 0xFC, 0x1F, 0xC0, 0x06,
    0x30, 0x03, 0xB8, 0x01, 0xFC, 0x00, 0x7C, 0x00, 0x00, 0x00, 0x00, 0x00, 0x00, 0x00, 0x0F, 0xE0,
    0x1F, 0xFC, 0x1F, 0x1F, 0x0E, 0x03, 0x8E, 0x00, 0xE7, 0x00, 0x77, 0x00, 0x03, 0x80, 0x01, 0xC0,
    0x00, 0xE0, 0x7F, 0x70, 0x3F, 0xB8, 0x01, 0xCE, 0x00, 0xE7, 0x00, 0x71, 0xC0, 0x78, 0xFC, 0xF8,
    0x3F, 0xF8, 0x07, 0xF0, 0x00, 0x18, 0xC0, 0xEE, 0x07, 0xF0, 0x1F, 0x00, 0x00, 0x00, 0x00, 0x7E,
    0xE7, 0xFF, 0x79, 0xFB, 0x83, 0xF8, 0x1F, 0xC0, 0x7E, 0x03, 0xF0, 0x1F, 0x80, 0xFC, 0x0F, 0x70,
    0x7B, 0xCF, 0xCF, 0xFE, 0x3F, 0x70, 0x03, 0x90, 0x3D, 0xE3, 0xCF, 0xFC, 0x1F, 0xC0, 0x01, 0xC0,
    0x00, 0xE0, 0x00, 0x70, 0x00, 0x00, 0x00, 0x00, 0x00, 0x00, 0x00, 0x1F, 0xC0, 0x3F, 0xF8, 0x3E,
    0x3E, 0x1C, 0x07, 0x1C, 0x01, 0xCE, 0x00, 0xEE, 0x00, 0x07, 0x00, 0x03, 0x80, 0x01, 0xC0, 0xFE,
    0xE0, 0x7F, 0x70, 0x03, 0x9C, 0x01, 0xCE, 0x00, 0xE3, 0x80, 0xF1, 0xF9, 0xF0, 0x7F, 0xF0, 0x0F,
    0xE0, 0x07, 0x00, 0x38, 0x01, 0xC0, 0x00, 0x00, 0x00, 0x0F, 0xDC, 0xFF, 0xEF, 0x3F, 0x70, 0x7F,
    0x03, 0xF8, 0x0F, 0xC0, 0x7E, 0x03, 0xF0, 0x1F, 0x81, 0xEE, 0x0F, 0x79, 0xF9, 0xFF, 0xC7, 0xEE,
    0x00, 0x72, 0x07, 0xBC, 0x79, 0xFF, 0x83, 0xF8, 0x07, 0xF0, 0x0F, 0xFE, 0x0F, 0x8F, 0x87, 0x01,
    0xC7, 0x00, 0x73, 0x80, 0x3B, 0x80, 0x01, 0xC0, 0x00, 0xE0, 0x00, 0x70, 0x3F, 0xB8, 0x1F, 0xDC,
    0x00, 0xE7, 0x00, 0x73, 0x80, 0x38, 0xE0, 0x3C, 0x7E, 0x7C, 0x1F, 0xFC, 0x03, 0xF8, 0x00, 0x00,
    0x00, 0x38, 0x00, 0x18, 0x00, 0x1C, 0x00, 0x0E, 0x00, 0x07, 0x00, 0x00, 0x00, 0x1C, 0x01, 0xC0,
    0x0E, 0x00, 0x70, 0x03, 0x80, 0x00, 0x03, 0xF7, 0x3F, 0xFB, 0xCF, 0xDC, 0x1F, 0xC0, 0xFE, 0x03,
    0xF0, 0x1F, 0x80, 0xFC, 0x07, 0xE0, 0x7B, 0x83, 0xDE, 0x7E, 0x7F, 0xF1, 0xFB, 0x80, 0x1C, 0x81,
    0xEF, 0x1E, 0x7F, 0xE0, 0xFE, 0x00, 0x03, 0x80, 0x0F, 0x80, 0x3F, 0x00, 0xE7, 0x00, 0x00, 0x00,
    0x00, 0x00, 0x00, 0x70, 0x07, 0xE0, 0x0F, 0xC0, 0x1F, 0x80, 0x3F, 0x00, 0x7E, 0x00, 0xFC, 0x01,
    0xF8, 0x03, 0xFF, 0xFF, 0xFF, 0xFF, 0xC0, 0x1F, 0x80, 0x3F, 0x00, 0x7E, 0x00, 0xFC, 0x01, 0xF8,
    0x03, 0xF0, 0x07, 0xE0, 0x0E, 0x1C, 0x00, 0xF0, 0x07, 0xE0, 0x39, 0xC0, 0x00, 0x00, 0x00, 0x00,
    0x00, 0x07, 0x00, 0x1C, 0x00, 0x70, 0x01, 0xC0, 0x07, 0xFC, 0x1F, 0xF8, 0x7D, 0xF1, 0xC1, 0xC7,
    0x07, 0x1C, 0x1C, 0x70, 0x71, 0xC1, 0xC7, 0x07, 0x1C, 0x1C, 0x70, 0x71, 0xC1, 0xC7, 0x07, 0x1C,
    0x1C, 0x70, 0x07, 0x1C, 0x01, 0xC7, 0x00, 0x73, 0xFF, 0xFF, 0xFF, 0xFF, 0xDC, 0x01, 0xC7, 0x00,
    0x71, 0xC0, 0x1C, 0x7F, 0xFF, 0x1F, 0xFF, 0xC7, 0x00, 0x71, 0xC0, 0x1C, 0x70, 0x07, 0x1C, 0x01,
    0xC7, 0x00, 0x71, 0xC0, 0x1C, 0x70, 0x07, 0x1C, 0x01, 0xC0, 0x38, 0x07, 0xF8, 0x3F, 0xC0, 0x70,
    0x03, 0xFE, 0x1F, 0xF8, 0xFB, 0xE7, 0x07, 0x38, 0x39, 0xC1, 0xCE, 0x0E, 0x70, 0x73, 0x83, 0x9C,
    0x1C, 0xE0, 0xE7, 0x07, 0x38, 0x39, 0xC1, 0xC0, 0x33, 0x7F, 0x7F, 0x00, 0x00, 0x00, 0x1C, 0x1C,
    0x1C, 0x1C, 0x1C, 0x1C, 0x1C, 0x1C, 0x1C, 0x1C, 0x1C, 0x1C, 0x1C, 0x1C, 0x1C, 0x1C, 0x1C, 0x1C,
    0x73, 0xFF, 0xFE, 0x00, 0x00, 0x1C, 0x1C, 0x1C, 0x1C, 0x1C, 0x1C, 0x1C, 0x1C, 0x1C, 0x1C, 0x1C,
    0x1C, 0x1C, 0x1C, 0x7F, 0x7F, 0x00, 0x00, 0x00, 0x00, 0x1C, 0x1C, 0x1C, 0x1C, 0x1C, 0x1C, 0x1C,
    0x1C, 0x1C, 0x1C, 0x1C, 0x1C, 0x1C, 0x1C, 0x1C, 0x1C, 0x1C, 0x1C, 0xFF, 0xFF, 0x00, 0x00, 0x00,
    0x1C, 0x1C, 0x1C, 0x1C, 0x1C, 0x1C, 0x1C, 0x1C, 0x1C, 0x1C, 0x1C, 0x1C, 0x1C, 0x1C, 0x63, 0x77,
    0x7F, 0x3E, 0x00, 0x00, 0x00, 0x1C, 0x1C, 0x1C, 0x1C, 0x1C, 0x1C, 0x1C, 0x1C, 0x1C, 0x1C, 0x1C,
    0x1C, 0x1C, 0x1C, 0x1C, 0x1C, 0x1C, 0x1C, 0xC3, 0xE7, 0x7E, 0x3C, 0x00, 0x00, 0x1C, 0x1C, 0x1C,
    0x1C, 0x1C, 0x1C, 0x1C, 0x1C, 0x1C, 0x1C, 0x1C, 0x1C, 0x1C, 0x1C, 0x38, 0xE3, 0x8E, 0x38, 0xE3,
    0x8E, 0x38, 0xE3, 0x8E, 0x38, 0xE3, 0x8E, 0x38, 0xE7, 0x38, 0xEB, 0xE7, 0x80, 0x1C, 0xF3, 0xC0,
    0x00, 0x71, 0xC7, 0x1C, 0x71, 0xC7, 0x1C, 0x71, 0xC7, 0x1C, 0x73, 0xDC, 0x71, 0xC7, 0xDF, 0x77,
    0x70, 0x00, 0x77, 0x77, 0x77, 0x77, 0x77, 0x77, 0x77, 0x77, 0x77, 0x77, 0x77, 0x77, 0x77, 0x77,
    0x77, 0x77, 0xE0, 0x03, 0xF0, 0x01, 0xF8, 0x00, 0xFC, 0x00, 0x7E, 0x00, 0x3F, 0x00, 0x1F, 0x80,
    0x0F, 0xC0, 0x07, 0xE0, 0x03, 0xF0, 0x01, 0xF8, 0x00, 0xFC, 0x60, 0x7E, 0x38, 0x3F, 0x1C, 0x1F,
    0x8E, 0x0F, 0xC7, 0xDF, 0xE1, 0xFF, 0x70, 0x7F, 0x00, 0x71, 0xFC, 0xFF, 0x1C, 0x00, 0x00, 0x1C,
    0x77, 0x1D, 0xC7, 0x71, 0xDC, 0x77, 0x1D, 0xC7, 0x71, 0xDC, 0x77, 0x1D, 0xC7, 0x71, 0xDC, 0x77,
    0x1C, 0x07, 0x01, 0xC0, 0xE0, 0xF8, 0x3C, 0x00, 0xE0, 0x03, 0xC0, 0x1F, 0x80, 0xE7, 0x00, 0x00,
    0x00, 0x00, 0x00, 0x00, 0x38, 0x00, 0xE0, 0x03, 0x80, 0x0E, 0x00, 0x38, 0x00, 0xE0, 0x03, 0x80,
    0x0E, 0x00, 0x38, 0x00, 0xE0, 0x03, 0x8E, 0x0E, 0x38, 0x38, 0xE0, 0xE3, 0x83, 0x8F, 0xBE, 0x1F,
    0xF0, 0x3F, 0x80, 0x1C, 0x3C, 0x7E, 0xE7, 0x00, 0x00, 0x1C, 0x1C, 0x1C, 0x1C, 0x1C, 0x1C, 0x1C,
    0x1C, 0x1C, 0x1C, 0x1C, 0x1C, 0x1C, 0x1C, 0x18, 0x38, 0x78, 0xF8, 0xF0, 0xE0, 0x3D, 0xC0, 0xF3,
    0x83, 0xC7, 0x0F, 0x0E, 0x3C, 0x1C, 0xF0, 0x39, 0xE0, 0x77, 0x80, 0xFF, 0x01, 0xFE, 0x03, 0xFE,
    0x07, 0x9E, 0x0E, 0x1E, 0x1C, 0x1C, 0x38, 0x3C, 0x70, 0x3C, 0xE0, 0x39, 0xC0, 0x38, 0x00, 0x00,
    0x38, 0x00, 0x70, 0x00, 0xC0, 0x03, 0x80, 0x07, 0x00, 0x70, 0x03, 0x80, 0x1C, 0x00, 0xE0, 0x07,
    0x0F, 0x38, 0xF1, 0xCF, 0x0E, 0xF0, 0x7F, 0x03, 0xF0, 0x1F, 0x80, 0xFE, 0x07, 0x78, 0x39, 0xC1,
    0xCF, 0x0E, 0x3C, 0x70, 0xF3, 0x83, 0x80, 0x00, 0x1C, 0x00, 0xE0, 0x07, 0x00, 0x30, 0x01, 0x80,
    0x70, 0xF7, 0x1E, 0x71, 0xC7, 0x38, 0x77, 0x87, 0xF0, 0x7E, 0x07, 0xE0, 0x7F, 0x07, 0x70, 0x73,
    0x87, 0x3C, 0x71, 0xE7, 0x0F, 0x38, 0x0E, 0x01, 0xC0, 0x70, 0x00, 0x00, 0x00, 0x00, 0x07, 0x00,
    0xE0, 0x1C, 0x03, 0x80, 0x70, 0x0E, 0x01, 0xC0, 0x38, 0x07, 0x00, 0xE0, 0x1C, 0x03, 0x80, 0x70,
    0x0E, 0x01, 0xC0, 0x38, 0x07, 0xFF, 0xFF, 0xE0, 0x38, 0xE7, 0x1C, 0x00, 0x00, 0x1C, 0x71, 0xC7,
    0x1C, 0x71, 0xC7, 0x1C, 0x71, 0xC7, 0x1C, 0x71, 0xC7, 0x1C, 0x70, 0xE0, 0x1C, 0x03, 0x80, 0x70,
    0x0E, 0x01, 0xC0, 0x38, 0x07, 0x00, 0xE0, 0x1C, 0x03, 0x80, 0x70, 0x0E, 0x01, 0xC0, 0x38, 0x07,
    0x00, 0xFF, 0xFF, 0xFC, 0x00, 0x07, 0x00, 0xE0, 0x18, 0x07, 0x00, 0xE0, 0x39, 0xCE, 0x73, 0x9C,
    0xE7, 0x39, 0xCE, 0x73, 0x9C, 0xE7, 0x39, 0xC0, 0xE7, 0x39, 0x8C, 0x07, 0x00, 0xE3, 0x9C, 0x73,
    0x8E, 0x71, 0xC0, 0x38, 0x07, 0x00, 0xE0, 0x1C, 0x03, 0x80, 0x70, 0x0E, 0x01, 0xC0, 0x38, 0x07,
    0x00, 0xE0, 0x1C, 0x03, 0xFF, 0xFF, 0xF0, 0x0E, 0x0E, 0x7E, 0x7E, 0x7E, 0x70, 0x70, 0x70, 0x70,
    0x70, 0x70, 0x70, 0x70, 0x70, 0x70, 0x70, 0x70, 0x70, 0x70, 0x70, 0xE0, 0x1C, 0x03, 0x80, 0x70,
    0x0E, 0x01, 0xC0, 0x39, 0xC7, 0x3C, 0xE7, 0x1C, 0x03, 0x80, 0x70, 0x0E, 0x01, 0xC0, 0x38, 0x07,
    0x00, 0xFF, 0xFF, 0xFC, 0x70, 0x70, 0x70, 0x70, 0x70, 0x70, 0x70, 0x77, 0x7F, 0x77, 0x70, 0x70,
    0x70, 0x70, 0x70, 0x70, 0x70, 0x70, 0x1C, 0x00, 0x70, 0x01, 0xC0, 0x07, 0x00, 0x1C, 0xC0, 0x7F,
    0x01, 0xFC, 0x07, 0xC0, 0x7C, 0x03, 0xF0, 0x0F, 0xC0, 0x27, 0x00, 0x1C, 0x00, 0x70, 0x01, 0xC0,
    0x07, 0x00, 0x1F, 0xFC, 0x7F, 0xF0, 0x1C, 0x1C, 0x1C, 0x1C, 0x1F, 0x1F, 0x3E, 0x7C, 0xFC, 0x5C,
    0x1C, 0x1C, 0x1C, 0x1C, 0x1C, 0x1C, 0x1C, 0x1C, 0x00, 0xE0, 0x03, 0x80, 0x07, 0x00, 0x1C, 0x00,
    0x00, 0x00, 0x00, 0x00, 0x00, 0x78, 0x07, 0xF0, 0x0F, 0xF0, 0x1F, 0xF0, 0x3F, 0xE0, 0x7F, 0xE0,
    0xFD, 0xE1, 0xF9, 0xC3, 0xF3, 0xC7, 0xE3, 0x8F, 0xC3, 0x9F, 0x87, 0xBF, 0x07, 0x7E, 0x07, 0xFC,
    0x0F, 0xF8, 0x0F, 0xF0, 0x1F, 0xE0, 0x1E, 0x01, 0xC0, 0x38, 0x03, 0x80, 0x70, 0x00, 0x00, 0x00,
    0x6F, 0xC7, 0xFE, 0x7D, 0xF7, 0x07, 0x70, 0x77, 0x07, 0x70, 0x77, 0x07, 0x70, 0x77, 0x07, 0x70,
    0x77, 0x07, 0x70, 0x77, 0x07, 0xF0, 0x0F, 0xE0, 0x1F, 0xE0, 0x3F, 0xE0, 0x7F, 0xC0, 0xFF, 0xC1,
    0xFB, 0xC3, 0xF3, 0x87, 0xE7, 0x8F, 0xC7, 0x1F, 0x87, 0x3F, 0x0F, 0x7E, 0x0E, 0xFC, 0x0F, 0xF8,
    0x1F, 0xF0, 0x1F, 0xE0, 0x3F, 0xC0, 0x3C, 0x00, 0x00, 0x1C, 0x00, 0x30, 0x00, 0xE0, 0x01, 0xC0,
    0x03, 0x80, 0x6F, 0xC7, 0xFE, 0x7D, 0xF7, 0x07, 0x70, 0x77, 0x07, 0x70, 0x77, 0x07, 0x70, 0x77,
    0x07, 0x70, 0x77, 0x07, 0x70, 0x77, 0x07, 0x00, 0x00, 0x70, 0x06, 0x00, 0xE0, 0x0E, 0x00, 0xC0,
    0x1C, 0x60, 0x1D, 0xC0, 0x1F, 0x00, 0x1C, 0x00, 0x00, 0x00, 0x00, 0x00, 0x00, 0x78, 0x07, 0xF0,
    0x0F, 0xF0, 0x1F, 0xF0, 0x3F, 0xE0, 0x7F, 0xE0, 0xFD, 0xE1, 0xF9, 0xC3, 0xF3, 0xC7, 0xE3, 0x8F,
    0xC3, 0x9F, 0x87, 0xBF, 0x07, 0x7E, 0x07, 0xFC, 0x0F, 0xF8, 0x0F, 0xF0, 0x1F, 0xE0, 0x1E, 0x38,
    0xC1, 0xDC, 0x0F, 0x80, 0xF0, 0x00, 0x00, 0x00, 0x6F, 0xC7, 0xFE, 0x7D, 0xF7, 0x07, 0x70, 0x77,
    0x07, 0x70, 0x77, 0x07, 0x70, 0x77, 0x07, 0x70, 0x77, 0x07, 0x70, 0x77, 0x07, 0xF0, 0x0F, 0xE0,
    0x1F, 0xE0, 0x3F, 0xE0, 0x7F, 0xC0, 0xFF, 0xC1, 0xFB, 0xC3, 0xF3, 0x87, 0xE7, 0x8F, 0xC7, 0x1F,
    0x87, 0x3F, 0x0F, 0x7E, 0x0E, 0xFC, 0x0F, 0xF8, 0x1F, 0xF0, 0x1F, 0xE0, 0x3F, 0xC0, 0x3C, 0x00,
    0x38, 0x00, 0x70, 0x00, 0xE0, 0x07, 0xC0, 0x0F, 0x00, 0x6F, 0xC7, 0xFE, 0x7D, 0xF7, 0x07, 0x70,
    0x77, 0x07, 0x70, 0x77, 0x07, 0x70, 0x77, 0x07, 0x70, 0x77, 0x07, 0x70, 0x77, 0x07, 0x00, 0x70,
    0x07, 0x00, 0x70, 0x1F, 0x01, 0xE0, 0x07, 0xF0, 0x03, 0xF8, 0x00, 0x00, 0x00, 0x00, 0x00, 0x00,
    0x00, 0x00, 0x00, 0x1F, 0xC0, 0x3F, 0xF8, 0x3F, 0x3E, 0x1C, 0x07, 0x9C, 0x01, 0xCE, 0x00, 0xEE,
    0x00, 0x3F, 0x00, 0x1F, 0x80, 0x0F, 0xC0, 0x07, 0xE0, 0x03, 0xF0, 0x01, 0xDC, 0x01, 0xCE, 0x00,
    0xE3, 0x80, 0xF1, 0xF1, 0xF0, 0x7F, 0xF0, 0x0F, 0xE0, 0x1F, 0xC0, 0xFE, 0x00, 0x00, 0x00, 0x00,
    0x00, 0x0F, 0xE0, 0xFF, 0x8F, 0xBE, 0x70, 0x77, 0x01, 0xF8, 0x0F, 0xC0, 0x7E, 0x03, 0xF0, 0x1F,
    0x80, 0xEE, 0x0E, 0x7D, 0xF1, 0xFF, 0x07, 0xF0, 0x06, 0x30, 0x03, 0xB8, 0x01, 0xFC, 0x00, 0x7C,
    0x00, 0x00, 0x00, 0x00, 0x00, 0x00, 0x00, 0x0F, 0xE0, 0x1F, 0xFC, 0x1F, 0x9F, 0x0E, 0x03, 0xCE,
    0x00, 0xE7, 0x00, 0x77, 0x00, 0x1F, 0x80, 0x0F, 0xC0, 0x07, 0xE0, 0x03, 0xF0, 0x01, 0xF8, 0x00,
    0xEE, 0x00, 0xE7, 0x00, 0x71, 0xC0, 0x78, 0xF8, 0xF8, 0x3F, 0xF8, 0x07, 0xF0, 0x00, 0x18, 0xC0,
    0xEE, 0x07, 0xF0, 0x1F, 0x00, 0x00, 0x00, 0x00, 0x7F, 0x07, 0xFC, 0x7D, 0xF3, 0x83, 0xB8, 0x0F,
    0xC0, 0x7E, 0x03, 0xF0, 0x1F, 0x80, 0xFC, 0x07, 0x70, 0x73, 0xEF, 0x8F, 0xF8, 0x3F, 0x80, 0x03,
    0xB8, 0x03, 0x9C, 0x01, 0xDC, 0x01, 0xCC, 0x00, 0x00, 0x00, 0x00, 0x00, 0x00, 0x00, 0x0F, 0xE0,
    0x1F, 0xFC, 0x1F, 0x9F, 0x0E, 0x03, 0xCE, 0x00, 0xE7, 0x00, 0x77, 0x00, 0x1F, 0x80, 0x0F, 0xC0,
    0x07, 0xE0, 0x03, 0xF0, 0x01, 0xF8, 0x00, 0xEE, 0x00, 0xE7, 0x00, 0x71, 0xC0, 0x78, 0xF8, 0xF8,
    0x3F, 0xF8, 0x07, 0xF0, 0x00, 0x1E, 0xE0, 0xEF, 0x07, 0x70, 0x77, 0x00, 0x00, 0x00, 0x00, 0x7F,
    0x07, 0xFC, 0x7D, 0xF3, 0x83, 0xB8, 0x0F, 0xC0, 0x7E, 0x03, 0xF0, 0x1F, 0x80, 0xFC, 0x07, 0x70,
    0x73, 0xEF, 0x8F, 0xF8, 0x3F, 0x80, 0x07, 0xFF, 0xFE, 0x3F, 0xFF, 0xFC, 0xFC, 0x70, 0x01, 0xC0,
    0xE0, 0x07, 0x01, 0xC0, 0x0E, 0x03, 0x80, 0x38, 0x07, 0x00, 0x70, 0x0E, 0x00, 0xE0, 0x1F, 0xFD,
    0xC0, 0x3F, 0xFB, 0x80, 0x70, 0x07, 0x00, 0xE0, 0x07, 0x01, 0xC0, 0x0E, 0x03, 0x80, 0x0E, 0x07,
    0x00, 0x1F, 0x8E, 0x00, 0x1F, 0xFF, 0xFE, 0x0F, 0xFF, 0xFC, 0x1F, 0xC3, 0xF0, 0x7F, 0xDF, 0xF1,
    0xF7, 0xFC, 0xF3, 0x83, 0xE0, 0xFE, 0x03, 0xC0, 0xFC, 0x07, 0x01, 0xF8, 0x0F, 0xFF, 0xF0, 0x1F,
    0xFF, 0xE0, 0x38, 0x01, 0xC0, 0x78, 0x01, 0xC1, 0xF0, 0x3B, 0xEF, 0xF9, 0xE3, 0xFE, 0xFF, 0xC3,
    0xF8, 0x7F, 0x00, 0x03, 0x80, 0x0E, 0x00, 0x70, 0x01, 0xC0, 0x00, 0x00, 0x00, 0x00, 0x00, 0x3F,
    0xF0, 0xFF, 0xE3, 0x83, 0xCE, 0x07, 0xB8, 0x0E, 0xE0, 0x3B, 0x80, 0xEE, 0x07, 0xB8, 0x3C, 0xFF,
    0xF3, 0xFF, 0x0E, 0x1C, 0x38, 0x78, 0xE0, 0xE3, 0x83, 0xCE, 0x07, 0x38, 0x1E, 0xE0, 0x38, 0x07,
    0x0E, 0x0C, 0x1C, 0x00, 0x00, 0x6F, 0x7F, 0x7C, 0x70, 0x70, 0x70, 0x70, 0x70, 0x70, 0x70, 0x70,
    0x70, 0x70, 0x70, 0xFF, 0xC3, 0xFF, 0x8E, 0x0F, 0x38, 0x1E, 0xE0, 0x3B, 0x80, 0xEE, 0x03, 0xB8,
    0x1E, 0xE0, 0xF3, 0xFF, 0xCF, 0xFC, 0x38, 0x70, 0xE1, 0xE3, 0x83, 0x8E, 0x0F, 0x38, 0x1C, 0xE0,
    0x7B, 0x80, 0xE0, 0x00, 0x01, 0xC0, 0x0E, 0x00, 0x38, 0x00, 0xE0, 0x03, 0x00, 0x37, 0x9F, 0xCF,
    0x87, 0x03, 0x81, 0xC0, 0xE0, 0x70, 0x38, 0x1C, 0x0E, 0x07, 0x03, 0x81, 0xC0, 0x00, 0xE0, 0x70,
    0x38, 0x18, 0x0C, 0x00, 0x39, 0xC0, 0xEF, 0x01, 0xF8, 0x03, 0xC0, 0x00, 0x00, 0x00, 0x00, 0x00,
    0x3F, 0xF0, 0xFF, 0xE3, 0x83, 0xCE, 0x07, 0xB8, 0x0E, 0xE0, 0x3B, 0x80, 0xEE, 0x07, 0xB8, 0x3C,
    0xFF, 0xF3, 0xFF, 0x0E, 0x1C, 0x38, 0x78, 0xE0, 0xE3, 0x83, 0xCE, 0x07, 0x38, 0x1E, 0xE0, 0x38,
    0xE7, 0x3B, 0x9F, 0x87, 0x80, 0x00, 0x01, 0xBC, 0xFE, 0x7C, 0x38, 0x1C, 0x0E, 0x07, 0x03, 0x81,
    0xC0, 0xE0, 0x70, 0x38, 0x1C, 0x0E, 0x00, 0x01, 0xC0, 0x07, 0x00, 0x38, 0x00, 0xE0, 0x00, 0x00,
    0x00, 0x00, 0x00, 0x07, 0xF8, 0x3F, 0xF1, 0xF3, 0xE7, 0x03, 0xDC, 0x07, 0x70, 0x01, 0xE0, 0x07,
    0xF0, 0x07, 0xF8, 0x07, 0xF0, 0x03, 0xE0, 0x03, 0xC0, 0x07, 0xE0, 0x1F, 0xC0, 0xF7, 0xCF, 0x8F,
    0xFC, 0x1F, 0xE0, 0x03, 0x80, 0x70, 0x1C, 0x03, 0x00, 0x00, 0x00, 0x0F, 0xE3, 0xFE, 0x79, 0xFC,
    0x1F, 0x80, 0x3C, 0x07, 0xF8, 0x3F, 0x80, 0x78, 0x07, 0xE0, 0xFF, 0x3D, 0xFF, 0x1F, 0xC0, 0x07,
    0x80, 0x1E, 0x00, 0xFC, 0x07, 0x38, 0x00, 0x00, 0x00, 0x00, 0x00, 0x07, 0xF8, 0x3F, 0xF1, 0xF3,
    0xE7, 0x03, 0xDC, 0x07, 0x70, 0x01, 0xE0, 0x07, 0xF0, 0x07, 0xF8, 0x07, 0xF0, 0x03, 0xE0, 0x03,
    0xC0, 0x07, 0xE0, 0x1F, 0xC0, 0xF7, 0xCF, 0x8F, 0xFC, 0x1F, 0xE0, 0x0E, 0x03, 0xE0, 0x7E, 0x1C,
    0xE0, 0x00, 0x00, 0x0F, 0xE3, 0xFE, 0x79, 0xFC, 0x1F, 0x80, 0x3C, 0x07, 0xF8, 0x3F, 0x80, 0x78,
    0x07, 0xE0, 0xFF, 0x3D, 0xFF, 0x1F, 0xC0, 0x1F, 0xE0, 0xFF, 0xC7, 0xCF, 0x9C, 0x0F, 0x70, 0x1D,
    0xC0, 0x07, 0x80, 0x1F, 0xC0, 0x1F, 0xE0, 0x1F, 0xC0, 0x0F, 0x80, 0x0F, 0x00, 0x1F, 0x80, 0x7F,
    0x03, 0xDF, 0x3E, 0x3F, 0xF0, 0x7F, 0x80, 0x30, 0x00, 0xF0, 0x00, 0xC0, 0x03, 0x00, 0x7C, 0x00,
    0xC0, 0x3F, 0x8F, 0xF9, 0xE7, 0xF0, 0x7E, 0x00, 0xF0, 0x1F, 0xE0, 0xFE, 0x01, 0xE0, 0x1F, 0x83,
    0xFC, 0xF7, 0xFC, 0x7F, 0x01, 0x80, 0x7C, 0x03, 0x80, 0x70, 0x3E, 0x07, 0x00, 0x1C, 0xE0, 0x73,
    0x80, 0xFC, 0x01, 0xE0, 0x00, 0x00, 0x00, 0x00, 0x00, 0x07, 0xF8, 0x3F, 0xF1, 0xF3, 0xE7, 0x03,
    0xDC, 0x07, 0x70, 0x01, 0xE0, 0x07, 0xF0, 0x07, 0xF8, 0x07, 0xF0, 0x03, 0xE0, 0x03, 0xC0, 0x07,
    0xE0, 0x1F, 0xC0, 0xF7, 0xCF, 0x8F, 0xFC, 0x1F, 0xE0, 0x31, 0xC7, 0x70, 0x7E, 0x07, 0x80, 0x00,
    0x00, 0x0F, 0xE3, 0xFE, 0x79, 0xFC, 0x1F, 0x80, 0x3C, 0x07, 0xF8, 0x3F, 0x80, 0x78, 0x07, 0xE0,
    0xFF, 0x3D, 0xFF, 0x1F, 0xC0, 0xFF, 0xFF, 0xFF, 0xF0, 0x38, 0x00, 0xE0, 0x03, 0x80, 0x0E, 0x00,
    0x38, 0x00, 0xE0, 0x03, 0x80, 0x0E, 0x00, 0x38, 0x00, 0xE0, 0x03, 0x80, 0x0E, 0x00, 0x38, 0x00,
    0xE0, 0x03, 0x80, 0x0E, 0x00, 0x30, 0x00, 0xF0, 0x00, 0xC0, 0x03, 0x00, 0x7C, 0x00, 0xC0, 0x38,
    0x1C, 0x0E, 0x07, 0x0F, 0xF7, 0xF8, 0xE0, 0x70, 0x38, 0x1C, 0x0E, 0x07, 0x03, 0x81, 0xC0, 0xE0,
    0x70, 0x3F, 0x0F, 0x83, 0x01, 0xE0, 0x30, 0x18, 0x3C, 0x18, 0x1C, 0xE0, 0x3B, 0x80, 0xFC, 0x01,
    0xE0, 0x00, 0x00, 0x00, 0x00, 0x00, 0x3F, 0xFF, 0xFF, 0xFC, 0x0E, 0x00, 0x38, 0x00, 0xE0, 0x03,
    0x80, 0x0E, 0x00, 0x38, 0x00, 0xE0, 0x03, 0x80, 0x0E, 0x00, 0x38, 0x00, 0xE0, 0x03, 0x80, 0x0E,
    0x00, 0x38, 0x00, 0xE0, 0x03, 0x80, 0x03, 0x01, 0x80, 0xC7, 0x63, 0xB1, 0xC0, 0xE1, 0xFE, 0xFF,
    0x1C, 0x0E, 0x07, 0x03, 0x81, 0xC0, 0xE0, 0x70, 0x38, 0x1C, 0x0E, 0x07, 0xE1, 0xF0, 0xFF, 0xFF,
    0xFF, 0xF0, 0x38, 0x00, 0xE0, 0x03, 0x80, 0x0E, 0x00, 0x38, 0x00, 0xE0, 0x3F, 0xF0, 0xFF, 0xC0,
    0x38, 0x00, 0xE0, 0x03, 0x80, 0x0E, 0x00, 0x38, 0x00, 0xE0, 0x03, 0x80, 0x0E, 0x00, 0x38, 0x38,
    0x38, 0x38, 0xFF, 0xFF, 0x38, 0x38, 0xFF, 0xFF, 0x38, 0x38, 0x38, 0x38, 0x38, 0x38, 0x1F, 0x1F,
    0x0E, 0x60, 0x1F, 0xC0, 0x7F, 0x80, 0x00, 0x00, 0x00, 0x00, 0x00, 0x38, 0x03, 0xF0, 0x07, 0xE0,
    0x0F, 0xC0, 0x1F, 0x80, 0x3F, 0x00, 0x7E, 0x00, 0xFC, 0x01, 0xF8, 0x03, 0xF0, 0x07, 0xE0, 0x0F,
    0xC0, 0x1F, 0x80, 0x3F, 0x00, 0xF7, 0x01, 0xCF, 0x8F, 0x8F, 0xFE, 0x0F, 0xF0, 0x0C, 0xC1, 0xFC,
    0x1F, 0xC0, 0x00, 0x00, 0x07, 0x07, 0x70, 0x77, 0x07, 0x70, 0x77, 0x07, 0x70, 0x77, 0x07, 0x70,
    0x77, 0x07, 0x70, 0x77, 0x07, 0x79, 0xF3, 0xFF, 0x1F, 0x70, 0x0F, 0xE0, 0x1F, 0xC0, 0x00, 0x00,
    0x00, 0x00, 0x00, 0x00, 0x00, 0x38, 0x03, 0xF0, 0x07, 0xE0, 0x0F, 0xC0, 0x1F, 0x80, 0x3F, 0x00,
    0x7E, 0x00, 0xFC, 0x01, 0xF8, 0x03, 0xF0, 0x07, 0xE0, 0x0F, 0xC0, 0x1F, 0x80, 0x3F, 0x00, 0xF7,
    0x01, 0xCF, 0x8F, 0x8F, 0xFE, 0x0F, 0xF0, 0x1F, 0xC1, 0xFC, 0x00, 0x00, 0x00, 0x00, 0x07, 0x07,
    0x70, 0x77, 0x07, 0x70, 0x77, 0x07, 0x70, 0x77, 0x07, 0x70, 0x77, 0x07, 0x70, 0x77, 0x07, 0x79,
    0xF3, 0xFF, 0x1F, 0x70, 0x0C, 0x60, 0x1D, 0xC0, 0x3F, 0x80, 0x3E, 0x00, 0x00, 0x00, 0x00, 0x00,
    0x00, 0x70, 0x07, 0xE0, 0x0F, 0xC0, 0x1F, 0x80, 0x3F, 0x00, 0x7E, 0x00, 0xFC, 0x01, 0xF8, 0x03,
    0xF0, 0x07, 0xE0, 0x0F, 0xC0, 0x1F, 0x80, 0x3F, 0x00, 0x7E, 0x01, 0xEE, 0x03, 0x9F, 0x1F, 0x1F,
    0xFC, 0x1F, 0xE0, 0x18, 0xC1, 0xDC, 0x1F, 0xC0, 0xF8, 0x00, 0x00, 0x00, 0x70, 0x77, 0x07, 0x70,
    0x77, 0x07, 0x70, 0x77, 0x07, 0x70, 0x77, 0x07, 0x70, 0x77, 0x07, 0x70, 0x77, 0x9F, 0x3F, 0xF1,
    0xF7, 0x07, 0xC0, 0x1F, 0x80, 0x3B, 0x80, 0x77, 0x00, 0xFC, 0x00, 0xF8, 0x00, 0x00, 0x70, 0x07,
    0xE0, 0x0F, 0xC0, 0x1F, 0x80, 0x3F, 0x00, 0x7E, 0x00, 0xFC, 0x01, 0xF8, 0x03, 0xF0, 0x07, 0xE0,
    0x0F, 0xC0, 0x1F, 0x80, 0x3F, 0x00, 0x7E, 0x01, 0xEE, 0x03, 0x9F, 0x1F, 0x1F, 0xFC, 0x1F, 0xE0,
    0x0F, 0x81, 0xFC, 0x1D, 0xC1, 0xDC, 0x1F, 0xC0, 0xF8, 0x00, 0x07, 0x07, 0x70, 0x77, 0x07, 0x70,
    0x77, 0x07, 0x70, 0x77, 0x07, 0x70, 0x77, 0x07, 0x70, 0x77, 0x07, 0x79, 0xF3, 0xFF, 0x1F, 0x70,
    0x0E, 0x70, 0x1D, 0xC0, 0x33, 0x80, 0xEE, 0x00, 0x00, 0x00, 0x00, 0x00, 0x00, 0x70, 0x07, 0xE0,
    0x0F, 0xC0, 0x1F, 0x80, 0x3F, 0x00, 0x7E, 0x00, 0xFC, 0x01, 0xF8, 0x03, 0xF0, 0x07, 0xE0, 0x0F,
    0xC0, 0x1F, 0x80, 0x3F, 0x00, 0x7E, 0x01, 0xEE, 0x03, 0x9F, 0x1F, 0x1F, 0xFC, 0x1F, 0xE0, 0x1C,
    0xE1, 0xDC, 0x19, 0xC3, 0xB8, 0x00, 0x00, 0x00, 0x70, 0x77, 0x07, 0x70, 0x77, 0x07, 0x70, 0x77,
    0x07, 0x70, 0x77, 0x07, 0x70, 0x77, 0x07, 0x70, 0x77, 0x9F, 0x3F, 0xF1, 0xF7, 0xE0, 0x0F, 0xC0,
    0x1F, 0x80, 0x3F, 0x00, 0x7E, 0x00, 0xFC, 0x01, 0xF8, 0x03, 0xF0, 0x07, 0xE0, 0x0F, 0xC0, 0x1F,
    0x80, 0x3F, 0x00, 0x7E, 0x00, 0xFC, 0x03, 0xDC, 0x07, 0x3E, 0x3E, 0x3F, 0xF8, 0x3F, 0xC0, 0x0E,
    0x00, 0x38, 0x00, 0x70, 0x00, 0xF8, 0x00, 0xF0, 0x00, 0x70, 0x73, 0x83, 0x9C, 0x1C, 0xE0, 0xE7,
    0x07, 0x38, 0x39, 0xC1, 0xCE, 0x0E, 0x70, 0x73, 0x83, 0x9C, 0x1C, 0xF3, 0xE3, 0xFF, 0x0F, 0xB8,
    0x03, 0x80, 0x38, 0x01, 0xD0, 0x0F, 0xC0, 0x3E, 0x00, 0x1C, 0x00, 0x00, 0x3E, 0x00, 0x00, 0x7E,
    0x00, 0x00, 0xE7, 0x00, 0x00, 0x00, 0x00, 0x00, 0x00, 0x00, 0x00, 0x00, 0x00, 0xF0, 0x3C, 0x07,
    0x70, 0x3C, 0x07, 0x70, 0x3E, 0x07, 0x70, 0x3E, 0x0E, 0x38, 0x7E, 0x0E, 0x38, 0x76, 0x0E, 0x38,
    0x77, 0x0E, 0x38, 0x77, 0x1C, 0x1C, 0xE7, 0x1C, 0x1C, 0xE3, 0x9C, 0x1C, 0xE3, 0x98, 0x1C, 0xC3,
    0xB8, 0x0F, 0xC3, 0xB8, 0x0F, 0xC1, 0xB8, 0x0F, 0xC1, 0xF0, 0x07, 0x81, 0xF0, 0x07, 0x80, 0xF0,
    0x07, 0x80, 0xF0, 0x00, 0x70, 0x00, 0x0F, 0x80, 0x01, 0xF8, 0x00, 0x39, 0xC0, 0x00, 0x00, 0x00,
    0x00, 0x00, 0x70, 0x70, 0x77, 0x0F, 0x0F, 0x70, 0xF0, 0xE3, 0x8F, 0x8E, 0x38, 0xF8, 0xE3, 0x9D,
    0x9C, 0x39, 0xD9, 0xC1, 0xD9, 0xDC, 0x1F, 0x9D, 0x81, 0xF8, 0xF8, 0x0F, 0x8F, 0x80, 0xF0, 0xF8,
    0x0F, 0x0F, 0x00, 0xF0, 0x70, 0x01, 0xC0, 0x01, 0xF0, 0x01, 0xFC, 0x01, 0xEE, 0x00, 0x00, 0x00,
    0x00, 0x00, 0x00, 0x00, 0xE0, 0x0E, 0x78, 0x0F, 0x1C, 0x07, 0x0F, 0x07, 0x83, 0xC7, 0x80, 0xE3,
    0x80, 0x7B, 0xC0, 0x1D, 0xC0, 0x07, 0xC0, 0x03, 0xE0, 0x00, 0xE0, 0x00, 0x70, 0x00, 0x38, 0x00,
    0x1C, 0x00, 0x0E, 0x00, 0x07, 0x00, 0x03, 0x80, 0x01, 0xC0, 0x00, 0x03, 0x80, 0x1E, 0x00, 0xFC,
    0x07, 0x38, 0x00, 0x00, 0x00, 0x0F, 0x03, 0xDC, 0x0E, 0x70, 0x38, 0xE1, 0xC3, 0x87, 0x0E, 0x1C,
    0x1C, 0xE0, 0x73, 0x81, 0xCE, 0x03, 0xF0, 0x0F, 0xC0, 0x1E, 0x00, 0x78, 0x01, 0xE0, 0x07, 0x00,
    0x1C, 0x00, 0xE0, 0x0F, 0x80, 0x7C, 0x00, 0x0E, 0x38, 0x07, 0xBC, 0x03, 0x8E, 0x00, 0x00, 0x00,
    0x00, 0x00, 0x00, 0x01, 0xC0, 0x1C, 0xF0, 0x1E, 0x38, 0x0E, 0x1E, 0x0F, 0x07, 0x8F, 0x01, 0xC7,
    0x00, 0xF7, 0x80, 0x3B, 0x80, 0x0F, 0x80, 0x07, 0xC0, 0x01, 0xC0, 0x00, 0xE0, 0x00, 0x70, 0x00,
    0x38, 0x00, 0x1C, 0x00, 0x0E, 0x00, 0x07, 0x00, 0x03, 0x80, 0x01, 0xC0, 0x07, 0x00, 0x38, 0x00,
    0xC0, 0x00, 0x00, 0x00, 0x00, 0x00, 0x3F, 0xFF, 0xFF, 0xF8, 0x00, 0xE0, 0x07, 0x00, 0x3C, 0x00,
    0xE0, 0x07, 0x00, 0x3C, 0x00, 0xE0, 0x07, 0x00, 0x3C, 0x01, 0xE0, 0x07, 0x00, 0x38, 0x01, 0xE0,
    0x07, 0x00, 0x3F, 0xFF, 0xFF, 0xFC, 0x03, 0x80, 0x38, 0x07, 0x00, 0x60, 0x00, 0x00, 0x00, 0xFF,
    0xEF, 0xFE, 0x01, 0xE0, 0x1C, 0x03, 0x80, 0x78, 0x0F, 0x00, 0xE0, 0x1E, 0x03, 0xC0, 0x38, 0x07,
    0x00, 0xFF, 0xFF, 0xFF, 0x07, 0x00, 0x1E, 0x00, 0x70, 0x00, 0x00, 0x00, 0x00, 0x00, 0x0F, 0xFF,
    0xFF, 0xFE, 0x00, 0x38, 0x01, 0xC0, 0x0F, 0x00, 0x38, 0x01, 0xC0, 0x0F, 0x00, 0x38, 0x01, 0xC0,
    0x0F, 0x00, 0x78, 0x01, 0xC0, 0x0E, 0x00, 0x78, 0x01, 0xC0, 0x0F, 0xFF, 0xFF, 0xFF, 0x0E, 0x00,
    0xF0, 0x0E, 0x00, 0x00, 0x00, 0x0F, 0xFE, 0xFF, 0xE0, 0x1E, 0x01, 0xC0, 0x38, 0x07, 0x80, 0xF0,
    0x0E, 0x01, 0xE0, 0x3C, 0x03, 0x80, 0x70, 0x0F, 0xFF, 0xFF, 0xF0, 0x1C, 0xE0, 0x77, 0x00, 0xFC,
    0x01, 0xE0, 0x00, 0x00, 0x00, 0x00, 0x00, 0x3F, 0xFF, 0xFF, 0xF8, 0x00, 0xE0, 0x07, 0x00, 0x3C,
    0x00, 0xE0, 0x07, 0x00, 0x3C, 0x00, 0xE0, 0x07, 0x00, 0x3C, 0x01, 0xE0, 0x07, 0x00, 0x38, 0x01,
    0xE0, 0x07, 0x00, 0x3F, 0xFF, 0xFF, 0xFC, 0x31, 0xC3, 0xB8, 0x1F, 0x80, 0xF0, 0x00, 0x00, 0x00,
    0xFF, 0xEF, 0xFE, 0x01, 0xE0, 0x1C, 0x03, 0x80, 0x78, 0x0F, 0x00, 0xE0, 0x1E, 0x03, 0xC0, 0x38,
    0x07, 0x00, 0xFF, 0xFF, 0xFF, 0x1E, 0x7D, 0xFB, 0x87, 0x0E, 0x1C, 0x38, 0x70, 0xE1, 0xC3, 0x87,
    0x0E, 0x1C, 0x38, 0x70, 0xE1, 0xC0, 0x00, 0x00, 0x00, 0x01, 0xC0, 0x00, 0xE0, 0xFF, 0xF1, 0xFF,
    0xF1, 0xF9, 0xF0, 0xE0, 0x3C, 0xE0, 0x0E, 0x70, 0x07, 0x70, 0x01, 0xF8, 0x00, 0xFC, 0x00, 0x7E,
    0x00, 0x3F, 0x00, 0x1F, 0x80, 0x0E, 0xE0, 0x0E, 0x70, 0x07, 0x1C, 0x07, 0x8F, 0x8F, 0x83, 0xFF,
    0x80, 0x7F, 0x00, 0x00, 0x18, 0x00, 0x60, 0x01, 0x87, 0xFE, 0x3F, 0xF9, 0xF7, 0x87, 0x07, 0x38,
    0x0E, 0xE0, 0x3B, 0x80, 0xEE, 0x03, 0xB8, 0x0E, 0xE0, 0x39, 0xC1, 0xC7, 0xDF, 0x0F, 0xF8, 0x1F,
    0xC0, 0x00, 0x03, 0x80, 0x01, 0xC0, 0x00, 0xFC, 0x01, 0xFE, 0x00, 0xE7, 0x00, 0x73, 0x80, 0x39,
    0xC0, 0x1C, 0xE0, 0x0E, 0x70, 0x07, 0x38, 0x03, 0x9C, 0x01, 0xCE, 0x00, 0xE7, 0x00, 0x73, 0x80,
    0x39, 0xC0, 0x1C, 0xE0, 0x1C, 0x38, 0x0E, 0x1F, 0x1E, 0x07, 0xFF, 0x01, 0xFE, 0x00, 0x00, 0x0C,
    0x00, 0x30, 0x00, 0xDC, 0x1F, 0x70, 0x7D, 0xC1, 0xC7, 0x07, 0x1C, 0x1C, 0x70, 0x71, 0xC1, 0xC7,
    0x07, 0x1C, 0x1C, 0x70, 0x71, 0xC1, 0xC7, 0x9F, 0x0F, 0xFC, 0x1F, 0x70, 0x00, 0x00, 0x1C, 0xE0,
    0x00, 0x00, 0xEE, 0x3F, 0xF0, 0x03, 0xF1, 0xFF, 0xE0, 0x0F, 0x0E, 0x1F, 0x80, 0x00, 0x70, 0x1C,
    0x00, 0x03, 0x80, 0x71, 0xFF, 0xDC, 0x03, 0x8F, 0xFE, 0xE0, 0x0E, 0x00, 0xF7, 0x00, 0x70, 0x07,
    0x38, 0x03, 0x80, 0x71, 0xC0, 0x1C, 0x07, 0x8E, 0x00, 0xE0, 0x78, 0x70, 0x07, 0x03, 0x83, 0x80,
    0x70, 0x3C, 0x1C, 0x03, 0x83, 0xC0, 0xE0, 0x38, 0x1C, 0x07, 0x0F, 0xC1, 0xC0, 0x3F, 0xFC, 0x1F,
    0xFF, 0xFF, 0x80, 0xFF, 0xF0, 0x00, 0x00, 0x73, 0x80, 0x00, 0x07, 0x70, 0x00, 0xE0, 0xFC, 0x00,
    0x1C, 0x0F, 0x00, 0x03, 0x80, 0x00, 0x00, 0x70, 0x00, 0x07, 0xEE, 0x3F, 0xF9, 0xFF, 0xC7, 0xFF,
    0x79, 0xF8, 0x01, 0xCE, 0x0F, 0x00, 0x73, 0x81, 0xE0, 0x1E, 0x70, 0x1C, 0x07, 0x8E, 0x03, 0x80,
    0xE1, 0xC0, 0x70, 0x3C, 0x38, 0x0E, 0x0F, 0x07, 0x03, 0xC1, 0xC0, 0x70, 0x78, 0x70, 0x0F, 0x3F,
    0x1E, 0x00, 0xFF, 0xE3, 0xFF, 0x8F, 0xDC, 0xFF, 0xF0, 0xE0, 0x00, 0x03, 0xF0, 0x00, 0x01, 0xF8,
    0x00, 0x00, 0xFC, 0x00, 0x00, 0x7E, 0x00, 0x00, 0x3F, 0x00, 0x00, 0x1F, 0x80, 0x00, 0x0F, 0xC0,
    0x00, 0x07, 0xE0, 0x00, 0x03, 0xF0, 0x00, 0x01, 0xF8, 0x00, 0x00, 0xFC, 0x00, 0xE0, 0x7E, 0x00,
    0x70, 0x3F, 0x00, 0x38, 0x3F, 0x80, 0x1E, 0x1D, 0xC0, 0x07, 0x9E, 0xFF, 0xE3, 0xFE, 0x7F, 0xF0,
    0xFE, 0x00, 0x00, 0x03, 0xF0, 0x03, 0xF8, 0x00, 0xFC, 0x00, 0x0E, 0x00, 0x07, 0x00, 0x1F, 0x80,
    0x0F, 0xC0, 0x07, 0xE0, 0x03, 0xF0, 0x01, 0xF8, 0x00, 0xFC, 0x00, 0x7E, 0x00, 0x3F, 0x00, 0x1F,
    0x80, 0x0F, 0xC0, 0x07, 0xE0, 0x03, 0xFF, 0xF1, 0xFF, 0xF8, 0xE0, 0x00, 0x70, 0x00, 0x38, 0x00,
    0x38, 0x00, 0x7C, 0x00, 0x3C, 0x01, 0xDC, 0xF7, 0x1D, 0xC0, 0x70, 0x1C, 0x77, 0x1D, 0xC7, 0x71,
    0xDC, 0x77, 0x1D, 0xC7, 0x71, 0xDC, 0x77, 0x1D, 0xC7, 0x71, 0xDC, 0x77, 0x1C, 0x07, 0x01, 0xC0,
    0xE0, 0xF8, 0x3C, 0xF0, 0x0E, 0x00, 0x3F, 0x80, 0x70, 0x01, 0xFE, 0x03, 0x80, 0x0F, 0xF8, 0x1C,
    0x00, 0x7F, 0xC0, 0xE0, 0x03, 0xFF, 0x07, 0x00, 0x1F, 0xBC, 0x38, 0x00, 0xFC, 0xE1, 0xC0, 0x07,
    0xE7, 0x8E, 0x00, 0x3F, 0x1C, 0x70, 0x01, 0xF8, 0x73, 0x80, 0x0F, 0xC3, 0xDC, 0x60, 0x7E, 0x0E,
    0xE3, 0x83, 0xF0, 0x3F, 0x1C, 0x1F, 0x81, 0xF8, 0xE0, 0xFC, 0x07, 0xC7, 0xDF, 0xE0, 0x3E, 0x1F,
    0xF7, 0x00, 0xF0, 0x7F, 0x00, 0x00, 0x00, 0x3B, 0xC0, 0x38, 0xFF, 0x00, 0xE3, 0xBE, 0x03, 0x80,
    0xFC, 0x0E, 0x03, 0xF0, 0x38, 0xEF, 0xE0, 0xE3, 0xBB, 0xC3, 0x8E, 0xE7, 0x0E, 0x3B, 0x9E, 0x38,
    0xEE, 0x38, 0xE3, 0xB8, 0x73, 0x8E, 0xE1, 0xEE, 0x3B, 0x83, 0xB8, 0xEE, 0x07, 0xE3, 0xB8, 0x1F,
    0x8E, 0xE0, 0x3E, 0x3B, 0x80, 0xF8, 0xEE, 0x01, 0xE3, 0x80, 0x00, 0x0E, 0x00, 0x00, 0x38, 0x00,
    0x01, 0xE0, 0x00, 0x0F, 0x80, 0x00, 0x3C, 0x00, 0x01, 0xC0, 0x00, 0x3C, 0x00, 0x07, 0x00, 0x00,
    0x00, 0x00, 0x00, 0xDF, 0x83, 0x9F, 0xF8, 0x73, 0xEF, 0x8E, 0x70, 0x71, 0xCE, 0x0E, 0x39, 0xC1,
    0xC7, 0x38, 0x38, 0xE7, 0x07, 0x1C, 0xE0, 0xE3, 0x9C, 0x1C, 0x73, 0x83, 0x8E, 0x70, 0x71, 0xCE,
    0x0E, 0x39, 0xC1, 0xC7, 0x00, 0x00, 0xE0, 0x00, 0x1C, 0x00, 0x07, 0x80, 0x01, 0xF0, 0x00, 0x3C,
    0x06, 0x38, 0x03, 0xB8, 0x00, 0xF8, 0x00, 0x3C, 0x00, 0x00, 0x00, 0x00, 0x00, 0x00, 0x00, 0x03,
    0x80, 0x03, 0xE0, 0x01, 0xF0, 0x00, 0xDC, 0x00, 0xEE, 0x00, 0x77, 0x00, 0x79, 0xC0, 0x38, 0xE0,
    0x1C, 0x70, 0x1C, 0x1C, 0x0E, 0x0E, 0x07, 0xFF, 0x87, 0xFF, 0xC3, 0x80, 0xE1, 0xC0, 0x39, 0xC0,
    0x1C, 0xE0, 0x0E, 0xF0, 0x03, 0x80, 0x31, 0xC3, 0xB8, 0x1F, 0x80, 0xF0, 0x00, 0x00, 0x00, 0x1F,
    0x87, 0xFC, 0x79, 0xEE, 0x0E, 0x00, 0xE0, 0x3E, 0x3F, 0xE7, 0xFE, 0xF0, 0x6E, 0x0E, 0xE0, 0xEF,
    0x3E, 0x7F, 0xE3, 0xF6, 0xE3, 0x3B, 0x8F, 0x87, 0x80, 0x00, 0x00, 0x00, 0x38, 0x1C, 0x0E, 0x07,
    0x03, 0x81, 0xC0, 0xE0, 0x70, 0x38, 0x1C, 0x0E, 0x07, 0x03, 0x81, 0xC0, 0xE0, 0x70, 0x38, 0x1C,
    0x00, 0xE7, 0xF7, 0x7E, 0x3C, 0x00, 0x00, 0x1C, 0x1C, 0x1C, 0x1C, 0x1C, 0x1C, 0x1C, 0x1C, 0x1C,
    0x1C, 0x1C, 0x1C, 0x1C, 0x1C, 0x06, 0x38, 0x03, 0xB8, 0x00, 0xF8, 0x00, 0x38, 0x00, 0x00, 0x00,
    0x00, 0x00, 0x00, 0x00, 0x0F, 0xE0, 0x1F, 0xFC, 0x1F, 0x9F, 0x0E, 0x03, 0xCE, 0x00, 0xE7, 0x00,
    0x77, 0x00, 0x1F, 0x80, 0x0F, 0xC0, 0x07, 0xE0, 0x03, 0xF0, 0x01, 0xF8, 0x00, 0xEE, 0x00, 0xE7,
    0x00, 0x71, 0xC0, 0x78, 0xF8, 0xF8, 0x3F, 0xF8, 0x07, 0xF0, 0x00, 0x18, 0xE0, 0xEE, 0x03, 0xE0,
    0x0E, 0x00, 0x00, 0x00, 0x00, 0x7F, 0x07, 0xFC, 0x7D, 0xF3, 0x83, 0xB8, 0x0F, 0xC0, 0x7E, 0x03,
    0xF0, 0x1F, 0x80, 0xFC, 0x07, 0x70, 0x73, 0xEF, 0x8F, 0xF8, 0x3F, 0x80, 0x1C, 0x60, 0x1D, 0xC0,
    0x1F, 0x00, 0x3C, 0x00, 0x00, 0x00, 0x00, 0x00, 0x00, 0x70, 0x07, 0xE0, 0x0F, 0xC0, 0x1F, 0x80,
    0x3F, 0x00, 0x7E, 0x00, 0xFC, 0x01, 0xF8, 0x03, 0xF0, 0x07, 0xE0, 0x0F, 0xC0, 0x1F, 0x80, 0x3F,
    0x00, 0x7E, 0x01, 0xEE, 0x03, 0x9F, 0x1F, 0x1F, 0xFC, 0x1F, 0xE0, 0x38, 0xC1, 0xDC, 0x0F, 0x80,
    0xF0, 0x00, 0x00, 0x00, 0x70, 0x77, 0x07, 0x70, 0x77, 0x07, 0x70, 0x77, 0x07, 0x70, 0x77, 0x07,
    0x70, 0x77, 0x07, 0x70, 0x77, 0x9F, 0x3F, 0xF1, 0xF7, 0x0F, 0xE0, 0x1F, 0xC0, 0x00, 0x00, 0x00,
    0x01, 0xCE, 0x03, 0xDE, 0x07, 0x18, 0x00, 0x00, 0x00, 0x01, 0xC0, 0x1F, 0x80, 0x3F, 0x00, 0x7E,
    0x00, 0xFC, 0x01, 0xF8, 0x03, 0xF0, 0x07, 0xE0, 0x0F, 0xC0, 0x1F, 0x80, 0x3F, 0x00, 0x7E, 0x00,
    0xFC, 0x01, 0xF8, 0x07, 0xB8, 0x0E, 0x7C, 0x7C, 0x7F, 0xF0, 0x7F, 0x80, 0x1F, 0xC1, 0xFC, 0x00,
    0x00, 0x00, 0x38, 0xE3, 0xDE, 0x38, 0xC0, 0x00, 0x70, 0x77, 0x07, 0x70, 0x77, 0x07, 0x70, 0x77,
    0x07, 0x70, 0x77, 0x07, 0x70, 0x77, 0x07, 0x70, 0x77, 0x9F, 0x3F, 0xF1, 0xF7, 0x00, 0xE0, 0x03,
    0x80, 0x07, 0x00, 0x1C, 0x00, 0x00, 0x03, 0x9C, 0x07, 0xBC, 0x0E, 0x30, 0x00, 0x00, 0x00, 0x03,
    0x80, 0x3F, 0x00, 0x7E, 0x00, 0xFC, 0x01, 0xF8, 0x03, 0xF0, 0x07, 0xE0, 0x0F, 0xC0, 0x1F, 0x80,
    0x3F, 0x00, 0x7E, 0x00, 0xFC, 0x01, 0xF8, 0x03, 0xF0, 0x0F, 0x70, 0x1C, 0xF8, 0xF8, 0xFF, 0xE0,
    0xFF, 0x00, 0x01, 0xC0, 0x38, 0x03, 0x80, 0x70, 0x00, 0x03, 0x8E, 0x3D, 0xE3, 0x8C, 0x00, 0x07,
    0x07, 0x70, 0x77, 0x07, 0x70, 0x77, 0x07, 0x70, 0x77, 0x07, 0x70, 0x77, 0x07, 0x70, 0x77, 0x07,
    0x79, 0xF3, 0xFF, 0x1F, 0x70, 0x1C, 0x60, 0x1D, 0xC0, 0x1F, 0x00, 0x1C, 0x00, 0x00, 0x03, 0x9C,
    0x07, 0xBC, 0x0E, 0x30, 0x00, 0x00, 0x00, 0x03, 0x80, 0x3F, 0x00, 0x7E, 0x00, 0xFC, 0x01, 0xF8,
    0x03, 0xF0, 0x07, 0xE0, 0x0F, 0xC0, 0x1F, 0x80, 0x3F, 0x00, 0x7E, 0x00, 0xFC, 0x01, 0xF8, 0x03,
    0xF0, 0x0F, 0x70, 0x1C, 0xF8, 0xF8, 0xFF, 0xE0, 0xFF, 0x00, 0x38, 0xE1, 0xDC, 0x0F, 0x80, 0x70,
    0x00, 0x03, 0x8E, 0x3D, 0xE3, 0x8C, 0x00, 0x07, 0x07, 0x70, 0x77, 0x07, 0x70, 0x77, 0x07, 0x70,
    0x77, 0x07, 0x70, 0x77, 0x07, 0x70, 0x77, 0x07, 0x79, 0xF3, 0xFF, 0x1F, 0x70, 0x0E, 0x00, 0x0E,
    0x00, 0x0C, 0x00, 0x00, 0x00, 0x00, 0x03, 0x9C, 0x07, 0xBC, 0x0E, 0x30, 0x00, 0x00, 0x00, 0x03,
    0x80, 0x3F, 0x00, 0x7E, 0x00, 0xFC, 0x01, 0xF8, 0x03, 0xF0, 0x07, 0xE0, 0x0F, 0xC0, 0x1F, 0x80,
    0x3F, 0x00, 0x7E, 0x00, 0xFC, 0x01, 0xF8, 0x03, 0xF0, 0x0F, 0x70, 0x1C, 0xF8, 0xF8, 0xFF, 0xE0,
    0xFF, 0x00, 0x1C, 0x00, 0xE0, 0x06, 0x00, 0x00, 0x00, 0x03, 0x8E, 0x3D, 0xE3, 0x8C, 0x00, 0x07,
    0x07, 0x70, 0x77, 0x07, 0x70, 0x77, 0x07, 0x70, 0x77, 0x07, 0x70, 0x77, 0x07, 0x70, 0x77, 0x07,
    0x79, 0xF3, 0xFF, 0x1F, 0x70, 0x3F, 0x83, 0xFF, 0x1E, 0x79, 0xC0, 0xE0, 0x07, 0x00, 0x1F, 0xFF,
    0xFF, 0xFF, 0xE0, 0x3F, 0x03, 0xBC, 0x1C, 0xF3, 0xC3, 0xFE, 0x0F, 0xC0, 0x07, 0xF0, 0x03, 0xF8,
    0x00, 0x00, 0x00, 0x00, 0x00, 0x73, 0x80, 0x7B, 0xC0, 0x1C, 0xE0, 0x00, 0x00, 0x00, 0x00, 0x00,
    0xE0, 0x00, 0xF8, 0x00, 0x7C, 0x00, 0x37, 0x00, 0x3B, 0x80, 0x1D, 0xC0, 0x1E, 0x70, 0x0E, 0x38,
    0x07, 0x1C, 0x07, 0x07, 0x03, 0x83, 0x81, 0xFF, 0xE1, 0xFF, 0xF0, 0xE0, 0x38, 0x70, 0x0E, 0x70,
    0x07, 0x38, 0x03, 0xBC, 0x00, 0xE0, 0x3F, 0xC3, 0xFC, 0x00, 0x00, 0x00, 0x39, 0xC3, 0x9C, 0x39,
    0xC0, 0x00, 0x1F, 0x87, 0xFC, 0x79, 0xEE, 0x0E, 0x00, 0xE0, 0x3E, 0x3F, 0xE7, 0xFE, 0xF0, 0x6E,
    0x0E, 0xE0, 0xEF, 0x3E, 0x7F, 0xE3, 0xF6, 0x07, 0xF0, 0x03, 0xF8, 0x00, 0x00, 0x00, 0x00, 0x00,
    0x1C, 0x00, 0x0F, 0x00, 0x07, 0x00, 0x00, 0x00, 0x00, 0x00, 0x00, 0xE0, 0x00, 0xF8, 0x00, 0x7C,
    0x00, 0x37, 0x00, 0x3B, 0x80, 0x1D, 0xC0, 0x1E, 0x70, 0x0E, 0x38, 0x07, 0x1C, 0x07, 0x07, 0x03,
    0x83, 0x81, 0xFF, 0xE1, 0xFF, 0xF0, 0xE0, 0x38, 0x70, 0x0E, 0x70, 0x07, 0x38, 0x03, 0xBC, 0x00,
    0xE0, 0x3F, 0xC3, 0xFC, 0x00, 0x00, 0x00, 0x0E, 0x00, 0xF0, 0x0E, 0x00, 0x00, 0x1F, 0x87, 0xFC,
    0x79, 0xEE, 0x0E, 0x00, 0xE0, 0x3E, 0x3F, 0xE7, 0xFE, 0xF0, 0x6E, 0x0E, 0xE0, 0xEF, 0x3E, 0x7F,
    0xE3, 0xF6, 0x00, 0x0F, 0xF0, 0x00, 0x0F, 0xF0, 0x00, 0x00, 0x00, 0x00, 0x00, 0x00, 0x00, 0x00,
    0x00, 0x00, 0x00, 0x00, 0x00, 0x7F, 0xFE, 0x00, 0xFF, 0xFE, 0x00, 0xEE, 0x00, 0x01, 0xCE, 0x00,
    0x01, 0xCE, 0x00, 0x03, 0x8E, 0x00, 0x03, 0x8E, 0x00, 0x07, 0x0E, 0x00, 0x07, 0x0F, 0xFE, 0x0F,
    0x0F, 0xFE, 0x0E, 0x0E, 0x00, 0x1F, 0xFE, 0x00, 0x1F, 0xFE, 0x00, 0x3C, 0x0E, 0x00, 0x38, 0x0E,
    0x00, 0x78, 0x0E, 0x00, 0x70, 0x0F, 0xFF, 0xF0, 0x0F, 0xFF, 0x01, 0xFC, 0x00, 0x0F, 0xE0, 0x00,
    0x00, 0x00, 0x00, 0x00, 0x00, 0x00, 0x00, 0x0F, 0xC7, 0xE1, 0xFF, 0x7F, 0x8F, 0x3F, 0x9E, 0xE0,
    0xF0, 0x70, 0x07, 0x81, 0xC0, 0x18, 0x0E, 0x7F, 0xFF, 0xF7, 0xFF, 0xFF, 0xFC, 0x30, 0x03, 0x83,
    0xC0, 0x1C, 0x1E, 0x07, 0xF3, 0xFC, 0xF3, 0xFF, 0xFF, 0x8F, 0xC3, 0xF0, 0x07, 0xF0, 0x0F, 0xFE,
    0x0F, 0x8F, 0x87, 0x01, 0xC7, 0x00, 0x73, 0x80, 0x3B, 0x80, 0x01, 0xC0, 0x00, 0xE0, 0x00, 0x70,
    0x3F, 0xB8, 0x1F, 0xDC, 0x00, 0xE7, 0x00, 0x73, 0x83, 0xFC, 0xE0, 0x3C, 0x7E, 0x7C, 0x1F, 0xFC,
    0x03, 0xF8, 0x00, 0x1F, 0xB8, 0x3F, 0xF8, 0x79, 0xF8, 0x70, 0x78, 0xE0, 0x78, 0xE0, 0x38, 0xE1,
    0xFF, 0xE1, 0xFF, 0xE0, 0x38, 0xE0, 0x78, 0x70, 0x78, 0x79, 0xF8, 0x3F, 0xF8, 0x1F, 0xB8, 0x00,
    0x38, 0x20, 0x78, 0x78, 0xF0, 0x7F, 0xE0, 0x1F, 0xC0, 0x06, 0x38, 0x03, 0xB8, 0x00, 0xF8, 0x00,
    0x38, 0x00, 0x00, 0x00, 0x00, 0x00, 0x00, 0x00, 0x0F, 0xE0, 0x1F, 0xFC, 0x1F, 0x1F, 0x0E, 0x03,
    0x8E, 0x00, 0xE7, 0x00, 0x77, 0x00, 0x03, 0x80, 0x01, 0xC0, 0x00, 0xE0, 0x7F, 0x70, 0x3F, 0xB8,
    0x01, 0xCE, 0x00, 0xE7, 0x00, 0x71, 0xC0, 0x78, 0xFC, 0xF8, 0x3F, 0xF8, 0x07, 0xF0, 0x00, 0x38,
    0xC0, 0xEE, 0x03, 0xE0, 0x1E, 0x00, 0x00, 0x00, 0x00, 0x7E, 0xE7, 0xFF, 0x79, 0xFB, 0x83, 0xF8,
    0x1F, 0xC0, 0x7E, 0x03, 0xF0, 0x1F, 0x80, 0xFC, 0x0F, 0x70, 0x7B, 0xCF, 0xCF, 0xFE, 0x3F, 0x70,
    0x03, 0x90, 0x3D, 0xE3, 0xCF, 0xFC, 0x1F, 0xC0, 0x18, 0xE0, 0x3B, 0x80, 0x3E, 0x00, 0x3C, 0x00,
    0x00, 0x00, 0x00, 0x00, 0x00, 0x70, 0x1E, 0xE0, 0x79, 0xC1, 0xE3, 0x87, 0x87, 0x1E, 0x0E, 0x78,
    0x1C, 0xF0, 0x3B, 0xC0, 0x7F, 0x80, 0xFF, 0x01, 0xFF, 0x03, 0xCF, 0x07, 0x0F, 0x0E, 0x0E, 0x1C,
    0x1E, 0x38, 0x1E, 0x70, 0x1C, 0xE0, 0x1C, 0xE7, 0x01, 0xCE, 0x01, 0xF8, 0x01, 0xE0, 0x00, 0x00,
    0x00, 0x00, 0x00, 0x00, 0x0E, 0x00, 0x1C, 0x00, 0x38, 0x00, 0x70, 0x00, 0xE1, 0xE1, 0xC7, 0x83,
    0x9E, 0x07, 0x78, 0x0F, 0xE0, 0x1F, 0x80, 0x3F, 0x00, 0x7F, 0x00, 0xEF, 0x01, 0xCE, 0x03, 0x9E,
    0x07, 0x1E, 0x0E, 0x1E, 0x1C, 0x1C, 0x07, 0xF0, 0x0F, 0xFE, 0x0F, 0xCF, 0x87, 0x01, 0xE7, 0x00,
    0x73, 0x80, 0x3B, 0x80, 0x0F, 0xC0, 0x07, 0xE0, 0x03, 0xF0, 0x01, 0xF8, 0x00, 0xFC, 0x00, 0x77,
    0x00, 0x7B, 0x80, 0x38, 0xE0, 0x3C, 0x7C, 0x7C, 0x1F, 0xFC, 0x03, 0xF8, 0x00, 0x70, 0x00, 0x70,
    0x00, 0x3A, 0x00, 0x1F, 0x80, 0x07, 0xC0, 0x1F, 0xC1, 0xFF, 0x1F, 0x7C, 0xE0, 0xEE, 0x03, 0xF0,
    0x1F, 0x80, 0xFC, 0x07, 0xE0, 0x3F, 0x01, 0xDC, 0x1C, 0xFB, 0xE3, 0xFE, 0x0F, 0xE0, 0x1C, 0x01,
    0xC0, 0x0E, 0x80, 0x7C, 0x01, 0xF0, 0x07, 0xF0, 0x03, 0xF8, 0x00, 0x00, 0x00, 0x00, 0x00, 0x00,
    0x00, 0x00, 0x00, 0x1F, 0xC0, 0x3F, 0xF8, 0x3F, 0x3E, 0x1C, 0x07, 0x9C, 0x01, 0xCE, 0x00, 0xEE,
    0x00, 0x3F, 0x00, 0x1F, 0x80, 0x0F, 0xC0, 0x07, 0xE0, 0x03, 0xF0, 0x01, 0xDC, 0x01, 0xEE, 0x00,
    0xE3, 0x80, 0xF1, 0xF1, 0xF0, 0x7F, 0xF0, 0x0F, 0xE0, 0x01, 0xC0, 0x01, 0xC0, 0x00, 0xE8, 0x00,
    0x7E, 0x00, 0x1F, 0x00, 0x1F, 0xC0, 0xFE, 0x00, 0x00, 0x00, 0x00, 0x00, 0x0F, 0xE0, 0xFF, 0x8F,
    0xBE, 0x70, 0x77, 0x01, 0xF8, 0x0F, 0xC0, 0x7E, 0x03, 0xF0, 0x1F, 0x80, 0xEE, 0x0E, 0x7D, 0xF1,
    0xFF, 0x07, 0xF0, 0x0E, 0x00, 0xE0, 0x07, 0x40, 0x3E, 0x00, 0xF8, 0x0C, 0x70, 0x1D, 0xC0, 0x1F,
    0x00, 0x1C, 0x00, 0x00, 0x00, 0x00, 0x00, 0x00, 0x3F, 0xFF, 0x7F, 0xFE, 0x00, 0x78, 0x01, 0xE0,
    0x07, 0x80, 0x1E, 0x00, 0x78, 0x01, 0xE0, 0x03, 0xF0, 0x07, 0xF0, 0x01, 0xF0, 0x00, 0xF0, 0x00,
    0xE0, 0x00, 0xE0, 0x01, 0xC0, 0x03, 0x80, 0x07, 0xE0, 0x0F, 0xC0, 0x3D, 0xC0, 0xF3, 0xE3, 0xC3,
    0xFF, 0x81, 0xFC, 0x00, 0x18, 0xE0, 0x77, 0x00, 0xFC, 0x01, 0xE0, 0x00, 0x00, 0x00, 0x00, 0x00,
    0x1F, 0xFE, 0x7F, 0xF8, 0x03, 0xC0, 0x1E, 0x00, 0xF0, 0x07, 0x80, 0x3C, 0x00, 0xFC, 0x03, 0xFC,
    0x01, 0xF8, 0x00, 0xE0, 0x03, 0x80, 0x0E, 0xE0, 0x3B, 0xC0, 0xE7, 0xCF, 0x0F, 0xFC, 0x1F, 0xC0,
    0xE7, 0xE7, 0x7E, 0x3C, 0x00, 0x00, 0x1C, 0x1C, 0x1C, 0x1C, 0x1C, 0x1C, 0x1C, 0x1C, 0x1C, 0x1C,
    0x1C, 0x1C, 0x1C, 0x1C, 0x18, 0x38, 0x78, 0xF8, 0xF0, 0xFF, 0xC0, 0x7F, 0xFF, 0xFF, 0xE0, 0xFF,
    0xFF, 0x87, 0xE0, 0x00, 0x77, 0x01, 0xC0, 0x01, 0xCE, 0x01, 0xC0, 0x07, 0x9C, 0x03, 0x80, 0x0E,
    0x38, 0x03, 0x80, 0x38, 0x70, 0x07, 0x00, 0xF0, 0xE0, 0x0E, 0x01, 0xC1, 0xC0, 0x1C, 0x07, 0x03,
    0x80, 0x38, 0x1E, 0x07, 0x00, 0x70, 0x38, 0x0E, 0x01, 0xC0, 0xE0, 0x1C, 0x03, 0x83, 0xC0, 0x38,
    0x0E, 0x0F, 0x00, 0x70, 0xFC, 0x1C, 0x00, 0xFF, 0xF0, 0x7F, 0xFF, 0xFF, 0x80, 0xFF, 0xFC, 0xFF,
    0xC0, 0x00, 0x07, 0xFF, 0x80, 0x00, 0x38, 0x7E, 0x00, 0x01, 0xC0, 0x70, 0x00, 0x0E, 0x01, 0xC7,
    0xFF, 0x70, 0x0E, 0x3F, 0xFB, 0x80, 0x38, 0x03, 0xDC, 0x01, 0xC0, 0x1C, 0xE0, 0x0E, 0x01, 0xC7,
    0x00, 0x70, 0x1E, 0x38, 0x03, 0x81, 0xE1, 0xC0, 0x1C, 0x0E, 0x0E, 0x01, 0xC0, 0xF0, 0x70, 0x0E,
    0x0F, 0x03, 0x80, 0xE0, 0x70, 0x1C, 0x3F, 0x07, 0x00, 0xFF, 0xF0, 0x7F, 0xFF, 0xFE, 0x03, 0xFF,
    0xC0, 0x00, 0x38, 0x00, 0x00, 0x07, 0x00, 0x00, 0x00, 0xE0, 0x00, 0x00, 0x1C, 0x00, 0x01, 0xFB,
    0x8F, 0xFE, 0x7F, 0xF1, 0xFF, 0xDE, 0x7E, 0x00, 0x73, 0x83, 0xC0, 0x1C, 0xE0, 0x78, 0x07, 0x9C,
    0x07, 0x01, 0xE3, 0x80, 0xE0, 0x38, 0x70, 0x1C, 0x0F, 0x0E, 0x03, 0x83, 0xC1, 0xC0, 0xF0, 0x70,
    0x1C, 0x1E, 0x1C, 0x03, 0xCF, 0xC7, 0x80, 0x3F, 0xF8, 0xFF, 0xE3, 0xF7, 0x3F, 0xFC, 0x00, 0x70,
    0x00, 0x70, 0x00, 0x38, 0x00, 0x38, 0x00, 0x00, 0x00, 0x00, 0x00, 0x00, 0x00, 0x0F, 0xE0, 0x1F,
    0xFC, 0x1F, 0x1F, 0x0E, 0x03, 0x8E, 0x00, 0xE7, 0x00, 0x77, 0x00, 0x03, 0x80, 0x01, 0xC0, 0x00,
    0xE0, 0x7F, 0x70, 0x3F, 0xB8, 0x01, 0xCE, 0x00, 0xE7, 0x00, 0x71, 0xC0, 0x78, 0xFC, 0xF8, 0x3F,
    0xF8, 0x07, 0xF0, 0x00, 0x01, 0xC0, 0x1C, 0x00, 0xE0, 0x0E, 0x00, 0x00, 0x00, 0x00, 0x7E, 0xE7,
    0xFF, 0x79, 0xFB, 0x83, 0xF8, 0x1F, 0xC0, 0x7E, 0x03, 0xF0, 0x1F, 0x80, 0xFC, 0x0F, 0x70, 0x7B,
    0xCF, 0xCF, 0xFE, 0x3F, 0x70, 0x03, 0x90, 0x3D, 0xE3, 0xCF, 0xFC, 0x1F, 0xC0, 0xE0, 0x0E, 0x00,
    0x70, 0x07, 0x00, 0x38, 0x03, 0x80, 0x1C, 0x01, 0xC0, 0x0E, 0x00, 0xE0, 0x77, 0x00, 0x70, 0x3B,
    0x80, 0x38, 0x1D, 0xC0, 0x1C, 0x0E, 0xFF, 0xFE, 0x07, 0x7F, 0xFF, 0x03, 0xB8, 0x03, 0x81, 0xDC,
    0x01, 0xC0, 0xEE, 0x00, 0xE0, 0x77, 0x00, 0x70, 0x3B, 0x80, 0x38, 0x1D, 0xC0, 0x1F, 0x3E, 0xE0,
    0x07, 0xFE, 0x70, 0x00, 0xFE, 0x00, 0xFF, 0xC3, 0xFF, 0xCF, 0x8F, 0x38, 0x1E, 0xE0, 0x3B, 0x80,
    0xFE, 0x03, 0xF8, 0x0F, 0xE0, 0x3F, 0x80, 0xFE, 0x03, 0xF8, 0x0E, 0xE0, 0x7B, 0x81, 0xCE, 0x0F,
    0x38, 0x78, 0xE7, 0xC3, 0xFE, 0x0F, 0xF0, 0x3F, 0x00, 0xE0, 0x03, 0x80, 0x0E, 0x00, 0x00, 0x0E,
    0x00, 0x0E, 0x00, 0x1C, 0x00, 0x1C, 0x00, 0x00, 0x00, 0x00, 0x00, 0x00, 0x78, 0x07, 0xF0, 0x0F,
    0xF0, 0x1F, 0xF0, 0x3F, 0xE0, 0x7F, 0xE0, 0xFD, 0xE1, 0xF9, 0xC3, 0xF3, 0xC7, 0xE3, 0x8F, 0xC3,
    0x9F, 0x87, 0xBF, 0x07, 0x7E, 0x07, 0xFC, 0x0F, 0xF8, 0x0F, 0xF0, 0x1F, 0xE0, 0x1E, 0x1C, 0x00,
    0xE0, 0x0E, 0x00, 0x60, 0x00, 0x00, 0x00, 0x6F, 0xC7, 0xFE, 0x7D, 0xF7, 0x07, 0x70, 0x77, 0x07,
    0x70, 0x77, 0x07, 0x70, 0x77, 0x07, 0x70, 0x77, 0x07, 0x70, 0x77, 0x07, 0x00, 0x70, 0x00, 0x70,
    0x00, 0x00, 0x00, 0x7C, 0x00, 0x7F, 0x00, 0x3B, 0x80, 0x1D, 0xC0, 0x0F, 0xE0, 0x03, 0xE0, 0x00,
    0x00, 0x00, 0x70, 0x00, 0x7C, 0x00, 0x3E, 0x00, 0x1B, 0x80, 0x1D, 0xC0, 0x0E, 0xE0, 0x0F, 0x38,
    0x07, 0x1C, 0x03, 0x8E, 0x03, 0x83, 0x81, 0xC1, 0xC0, 0xFF, 0xF0, 0xFF, 0xF8, 0x70, 0x1C, 0x38,
    0x07, 0x38, 0x03, 0x9C, 0x01, 0xDE, 0x00, 0x70, 0x03, 0x80, 0x70, 0x00, 0x01, 0xF0, 0x1F, 0x83,
    0xB8, 0x3B, 0x81, 0xF8, 0x1F, 0x00, 0x00, 0x1F, 0x87, 0xFC, 0x79, 0xEE, 0x0E, 0x00, 0xE0, 0x3E,
    0x3F, 0xE7, 0xFE, 0xF0, 0x6E, 0x0E, 0xE0, 0xEF, 0x3E, 0x7F, 0xE3, 0xF6, 0x00, 0x00, 0x60, 0x00,
    0x00, 0xE0, 0x00, 0x00, 0xC0, 0x00, 0x01, 0xC0, 0x00, 0x00, 0x00, 0x00, 0x00, 0x00, 0x00, 0x00,
    0x00, 0x00, 0x7F, 0xFE, 0x00, 0xFF, 0xFE, 0x00, 0xEE, 0x00, 0x01, 0xCE, 0x00, 0x01, 0xCE, 0x00,
    0x03, 0x8E, 0x00, 0x03, 0x8E, 0x00, 0x07, 0x0E, 0x00, 0x07, 0x0F, 0xFE, 0x0F, 0x0F, 0xFE, 0x0E,
    0x0E, 0x00, 0x1F, 0xFE, 0x00, 0x1F, 0xFE, 0x00, 0x3C, 0x0E, 0x00, 0x38, 0x0E, 0x00, 0x78, 0x0E,
    0x00, 0x70, 0x0F, 0xFF, 0xF0, 0x0F, 0xFF, 0x00, 0x1C, 0x00, 0x01, 0xC0, 0x00, 0x0E, 0x00, 0x00,
    0xE0, 0x00, 0x00, 0x00, 0x00, 0x00, 0x00, 0x7E, 0x3F, 0x0F, 0xFB, 0xFC, 0x79, 0xFC, 0xF7, 0x07,
    0x83, 0x80, 0x3C, 0x0E, 0x00, 0xC0, 0x73, 0xFF, 0xFF, 0xBF, 0xFF, 0xFF, 0xE1, 0x80, 0x1C, 0x1E,
    0x00, 0xE0, 0xF0, 0x3F, 0x9F, 0xE7, 0x9F, 0xFF, 0xFC, 0x7E, 0x1F, 0x80, 0x00, 0x70, 0x00, 0x78,
    0x00, 0x38, 0x00, 0x38, 0x00, 0x00, 0x00, 0x00, 0x00, 0x00, 0x08, 0x0F, 0xEE, 0x1F, 0xFE, 0x1F,
    0x9F, 0x0E, 0x07, 0xCE, 0x07, 0xE7, 0x07, 0xF7, 0x03, 0x9F, 0x83, 0x8F, 0xC3, 0x87, 0xE1, 0xC3,
    0xF1, 0xC1, 0xF9, 0xC0, 0xEF, 0xE0, 0xE7, 0xE0, 0x71, 0xE0, 0x78, 0xF8, 0xF8, 0x7F, 0xF8, 0x77,
    0xF0, 0x18, 0x00, 0x00, 0x01, 0xC0, 0x1C, 0x00, 0xE0, 0x0E, 0x00, 0x00, 0x00, 0x00, 0x7F, 0x67,
    0xFF, 0x7D, 0xF3, 0x87, 0xB8, 0x7F, 0xC7, 0xFE, 0x7B, 0xF3, 0x9F, 0xB8, 0xFF, 0x87, 0x78, 0x73,
    0xEF, 0xBF, 0xF9, 0xFF, 0x84, 0x00, 0x00, 0x1C, 0xE0, 0x07, 0x70, 0x03, 0x98, 0x00, 0xEE, 0x00,
    0x00, 0x00, 0x00, 0x00, 0x00, 0x00, 0x03, 0x80, 0x03, 0xE0, 0x01, 0xF0, 0x00, 0xDC, 0x00, 0xEE,
    0x00, 0x77, 0x00, 0x79, 0xC0, 0x38, 0xE0, 0x1C, 0x70, 0x1C, 0x1C, 0x0E, 0x0E, 0x07, 0xFF, 0x87,
    0xFF, 0xC3, 0x80, 0xE1, 0xC0, 0x39, 0xC0, 0x1C, 0xE0, 0x0E, 0xF0, 0x03, 0x80, 0xE7, 0x07, 0x70,
    0x73, 0x83, 0xB8, 0x00, 0x00, 0x00, 0x1F, 0x87, 0xFC, 0x79, 0xEE, 0x0E, 0x00, 0xE0, 0x3E, 0x3F,
    0xE7, 0xFE, 0xF0, 0x6E, 0x0E, 0xE0, 0xEF, 0x3E, 0x7F, 0xE3, 0xF6, 0x03, 0xE0, 0x03, 0xF8, 0x01,
    0xDC, 0x00, 0xC7, 0x00, 0x00, 0x00, 0x00, 0x00, 0x00, 0x00, 0x03, 0x80, 0x03, 0xE0, 0x01, 0xF0,
    0x00, 0xDC, 0x00, 0xEE, 0x00, 0x77, 0x00, 0x79, 0xC0, 0x38, 0xE0, 0x1C, 0x70, 0x1C, 0x1C, 0x0E,
    0x0E, 0x07, 0xFF, 0x87, 0xFF, 0xC3, 0x80, 0xE1, 0xC0, 0x39, 0xC0, 0x1C, 0xE0, 0x0E, 0xF0, 0x03,
    0x80, 0x1F, 0x03, 0xF8, 0x3B, 0xC3, 0x1C, 0x00, 0x00, 0x00, 0x1F, 0x87, 0xFC, 0x79, 0xEE, 0x0E,
    0x00, 0xE0, 0x3E, 0x3F, 0xE7, 0xFE, 0xF0, 0x6E, 0x0E, 0xE0, 0xEF, 0x3E, 0x7F, 0xE3, 0xF6, 0xE7,
    0x07, 0x70, 0x73, 0x83, 0xB8, 0x00, 0x00, 0x00, 0x00, 0x0F, 0xFF, 0xFF, 0xFE, 0x00, 0xE0, 0x0E,
    0x00, 0xE0, 0x0E, 0x00, 0xE0, 0x0F, 0xFE, 0xFF, 0xEE, 0x00, 0xE0, 0x0E, 0x00, 0xE0, 0x0E, 0x00,
    0xE0, 0x0F, 0xFF, 0xFF, 0xF0, 0x77, 0x03, 0x9C, 0x0E, 0xE0, 0x33, 0x00, 0x00, 0x00, 0x00, 0x7F,
    0x07, 0xFC, 0x79, 0xF3, 0x83, 0xB8, 0x1D, 0xC0, 0x7F, 0xFF, 0xFF, 0xFF, 0x80, 0x1C, 0x00, 0x70,
    0x73, 0xE7, 0x8F, 0xF8, 0x3F, 0x80, 0x1F, 0x03, 0xF8, 0x3B, 0xC3, 0x1C, 0x00, 0x00, 0x00, 0x00,
    0x0F, 0xFF, 0xFF, 0xFE, 0x00, 0xE0, 0x0E, 0x00, 0xE0, 0x0E, 0x00, 0xE0, 0x0F, 0xFE, 0xFF, 0xEE,
    0x00, 0xE0, 0x0E, 0x00, 0xE0, 0x0E, 0x00, 0xE0, 0x0F, 0xFF, 0xFF, 0xF0, 0x0F, 0x80, 0xFE, 0x07,
    0x70, 0x71, 0x80, 0x00, 0x00, 0x00, 0x7F, 0x07, 0xFC, 0x79, 0xF3, 0x83, 0xB8, 0x1D, 0xC0, 0x7F,
    0xFF, 0xFF, 0xFF, 0x80, 0x1C, 0x00, 0x70, 0x73, 0xE7, 0x8F, 0xF8, 0x3F, 0x80, 0x77, 0x1C, 0xE3,
    0xB8, 0x66, 0x00, 0x00, 0x00, 0x00, 0x1C, 0x07, 0x01, 0xC0, 0x70, 0x1C, 0x07, 0x01, 0xC0, 0x70,
    0x1C, 0x07, 0x01, 0xC0, 0x70, 0x1C, 0x07, 0x01, 0xC0, 0x70, 0x1C, 0x07, 0x00, 0xF7, 0x3B, 0x8E,
    0xE7, 0x70, 0x00, 0x00, 0x1C, 0x0E, 0x07, 0x03, 0x81, 0xC0, 0xE0, 0x70, 0x38, 0x1C, 0x0E, 0x07,
    0x03, 0x81, 0xC0, 0xE0, 0x3E, 0x3F, 0x9D, 0xDC, 0x60, 0x00, 0x00, 0x00, 0x38, 0x1C, 0x0E, 0x07,
    0x03, 0x81, 0xC0, 0xE0, 0x70, 0x38, 0x1C, 0x0E, 0x07, 0x03, 0x81, 0xC0, 0xE0, 0x70, 0x38, 0x1C,
    0x00, 0x3C, 0x7E, 0xE7, 0xC3, 0x00, 0x00, 0x1C, 0x1C, 0x1C, 0x1C, 0x1C, 0x1C, 0x1C, 0x1C, 0x1C,
    0x1C, 0x1C, 0x1C, 0x1C, 0x1C, 0x1D, 0xE0, 0x07, 0x70, 0x03, 0x98, 0x00, 0xEE, 0x00, 0x00, 0x00,
    0x00, 0x00, 0x00, 0x00, 0x0F, 0xE0, 0x1F, 0xFC, 0x1F, 0x9F, 0x0E, 0x03, 0xCE, 0x00, 0xE7, 0x00,
    0x77, 0x00, 0x1F, 0x80, 0x0F, 0xC0, 0x07, 0xE0, 0x03, 0xF0, 0x01, 0xF8, 0x00, 0xEE, 0x00, 0xE7,
    0x00, 0x71, 0xC0, 0x78, 0xF8, 0xF8, 0x3F, 0xF8, 0x07, 0xF0, 0x00, 0x77, 0x83, 0xDC, 0x0E, 0xE0,
    0x3B, 0x80, 0x00, 0x00, 0x00, 0x7F, 0x07, 0xFC, 0x7D, 0xF3, 0x83, 0xB8, 0x0F, 0xC0, 0x7E, 0x03,
    0xF0, 0x1F, 0x80, 0xFC, 0x07, 0x70, 0x73, 0xEF, 0x8F, 0xF8, 0x3F, 0x80, 0x03, 0xE0, 0x03, 0xF8,
    0x01, 0xDC, 0x00, 0xC7, 0x00, 0x00, 0x00, 0x00, 0x00, 0x00, 0x00, 0x0F, 0xE0, 0x1F, 0xFC, 0x1F,
    0x9F, 0x0E, 0x03, 0xCE, 0x00, 0xE7, 0x00, 0x77, 0x00, 0x1F, 0x80, 0x0F, 0xC0, 0x07, 0xE0, 0x03,
    0xF0, 0x01, 0xF8, 0x00, 0xEE, 0x00, 0xE7, 0x00, 0x71, 0xC0, 0x78, 0xF8, 0xF8, 0x3F, 0xF8, 0x07,
    0xF0, 0x00, 0x0F, 0x80, 0xFE, 0x07, 0x70, 0x71, 0xC0, 0x00, 0x00, 0x00, 0x7F, 0x07, 0xFC, 0x7D,
    0xF3, 0x83, 0xB8, 0x0F, 0xC0, 0x7E, 0x03, 0xF0, 0x1F, 0x80, 0xFC, 0x07, 0x70, 0x73, 0xEF, 0x8F,
    0xF8, 0x3F, 0x80, 0xE7, 0x01, 0xDC, 0x03, 0x38, 0x0E, 0xE0, 0x00, 0x00, 0x00, 0x00, 0x00, 0x3F,
    0xF0, 0xFF, 0xE3, 0x83, 0xCE, 0x07, 0xB8, 0x0E, 0xE0, 0x3B, 0x80, 0xEE, 0x07, 0xB8, 0x3C, 0xFF,
    0xF3, 0xFF, 0x0E, 0x1C, 0x38, 0x78, 0xE0, 0xE3, 0x83, 0xCE, 0x07, 0x38, 0x1E, 0xE0, 0x38, 0x77,
    0x1C, 0xE3, 0xB8, 0x66, 0x00, 0x00, 0x01, 0xBC, 0x7F, 0x1F, 0x07, 0x01, 0xC0, 0x70, 0x1C, 0x07,
    0x01, 0xC0, 0x70, 0x1C, 0x07, 0x01, 0xC0, 0x70, 0x0F, 0x00, 0x7E, 0x03, 0x9C, 0x0C, 0x30, 0x00,
    0x00, 0x00, 0x00, 0x00, 0x3F, 0xF0, 0xFF, 0xE3, 0x83, 0xCE, 0x07, 0xB8, 0x0E, 0xE0, 0x3B, 0x80,
    0xEE, 0x07, 0xB8, 0x3C, 0xFF, 0xF3, 0xFF, 0x0E, 0x1C, 0x38, 0x78, 0xE0, 0xE3, 0x83, 0xCE, 0x07,
    0x38, 0x1E, 0xE0, 0x38, 0x3E, 0x7F, 0xF7, 0xE3, 0x00, 0x00, 0x6F, 0x7F, 0x7C, 0x70, 0x70, 0x70,
    0x70, 0x70, 0x70, 0x70, 0x70, 0x70, 0x70, 0x70, 0x3B, 0x80, 0x73, 0x80, 0x77, 0x00, 0x66, 0x00,
    0x00, 0x00, 0x00, 0x00, 0x00, 0x70, 0x07, 0xE0, 0x0F, 0xC0, 0x1F, 0x80, 0x3F, 0x00, 0x7E, 0x00,
    0xFC, 0x01, 0xF8, 0x03, 0xF0, 0x07, 0xE0, 0x0F, 0xC0, 0x1F, 0x80, 0x3F, 0x00, 0x7E, 0x01, 0xEE,
    0x03, 0x9F, 0x1F, 0x1F, 0xFC, 0x1F, 0xE0, 0x77, 0x07, 0x38, 0x3B, 0x81, 0x98, 0x00, 0x00, 0x00,
    0x70, 0x77, 0x07, 0x70, 0x77, 0x07, 0x70, 0x77, 0x07, 0x70, 0x77, 0x07, 0x70, 0x77, 0x07, 0x70,
    0x77, 0x9F, 0x3F, 0xF1, 0xF7, 0x07, 0xC0, 0x1F, 0xC0, 0x7B, 0x80, 0xE3, 0x00, 0x00, 0x00, 0x00,
    0x00, 0x00, 0x70, 0x07, 0xE0, 0x0F, 0xC0, 0x1F, 0x80, 0x3F, 0x00, 0x7E, 0x00, 0xFC, 0x01, 0xF8,
    0x03, 0xF0, 0x07, 0xE0, 0x0F, 0xC0, 0x1F, 0x80, 0x3F, 0x00, 0x7E, 0x01, 0xEE, 0x03, 0x9F, 0x1F,
    0x1F, 0xFC, 0x1F, 0xE0, 0x0F, 0x81, 0xFC, 0x1D, 0xC3, 0x8C, 0x00, 0x00, 0x00, 0x70, 0x77, 0x07,
    0x70, 0x77, 0x07, 0x70, 0x77, 0x07, 0x70, 0x77, 0x07, 0x70, 0x77, 0x07, 0x70, 0x77, 0x9F, 0x3F,
    0xF1, 0xF7, 0x1F, 0xE0, 0xFF, 0xC7, 0xCF, 0x9C, 0x0F, 0x70, 0x1D, 0xC0, 0x07, 0x80, 0x1F, 0xC0,
    0x1F, 0xE0, 0x1F, 0xC0, 0x0F, 0x80, 0x0F, 0x00, 0x1F, 0x80, 0x7F, 0x03, 0xDF, 0x3E, 0x3F, 0xF0,
    0x7F, 0x80, 0x00, 0x01, 0xC0, 0x07, 0x00, 0x1C, 0x00, 0x60, 0x01, 0x80, 0x3F, 0x8F, 0xF9, 0xE7,
    0xF0, 0x7E, 0x00, 0xF0, 0x1F, 0xE0, 0xFE, 0x01, 0xE0, 0x1F, 0x83, 0xFC, 0xF7, 0xFC, 0x7F, 0x00,
    0x00, 0x70, 0x0E, 0x01, 0x80, 0x30, 0x0E, 0x00, 0xFF, 0xFF, 0xFF, 0xF0, 0x38, 0x00, 0xE0, 0x03,
    0x80, 0x0E, 0x00, 0x38, 0x00, 0xE0, 0x03, 0x80, 0x0E, 0x00, 0x38, 0x00, 0xE0, 0x03, 0x80, 0x0E,
    0x00, 0x38, 0x00, 0xE0, 0x03, 0x80, 0x0E, 0x00, 0x00, 0x01, 0xC0, 0x07, 0x00, 0x1C, 0x00, 0x60,
    0x01, 0x80, 0x38, 0x38, 0x38, 0x38, 0xFF, 0xFF, 0x38, 0x38, 0x38, 0x38, 0x38, 0x38, 0x38, 0x38,
    0x38, 0x38, 0x3F, 0x1F, 0x00, 0x1C, 0x1C, 0x18, 0x38, 0x38, 0x1F, 0xE0, 0xFF, 0xC7, 0xCF, 0xBC,
    0x1E, 0xF0, 0x38, 0x00, 0xE0, 0x03, 0x80, 0x1E, 0x00, 0x70, 0x03, 0xC0, 0x3F, 0x03, 0xFE, 0x7F,
    0x39, 0xF0, 0xF2, 0x03, 0xC0, 0x0F, 0x00, 0x38, 0x00, 0xE0, 0x07, 0x80, 0x7C, 0x07, 0xE0, 0xFF,
    0x07, 0xF0, 0x1E, 0x00, 0x00, 0x00, 0x3F, 0x8F, 0xF9, 0xE7, 0xF8, 0x7E, 0x0E, 0x01, 0xC0, 0x78,
    0x1E, 0x0F, 0xC7, 0xFD, 0xF3, 0xB0, 0x70, 0x0E, 0x01, 0xC0, 0x78, 0x1E, 0x0F, 0xCF, 0xF1, 0xF8,
    0x38, 0x00, 0x1C, 0x60, 0x1D, 0xC0, 0x1F, 0x00, 0x3C, 0x00, 0x00, 0x00, 0x00, 0x00, 0x00, 0x70,
    0x07, 0xE0, 0x0F, 0xC0, 0x1F, 0x80, 0x3F, 0x00, 0x7E, 0x00, 0xFC, 0x01, 0xF8, 0x03, 0xFF, 0xFF,
    0xFF, 0xFF, 0xC0, 0x1F, 0x80, 0x3F, 0x00, 0x7E, 0x00, 0xFC, 0x01, 0xF8, 0x03, 0xF0, 0x07, 0xE0,
    0x0E, 0xE7, 0x03, 0x9C, 0x07, 0xE0, 0x0F, 0x00, 0x00, 0x00, 0x00, 0x00, 0x00, 0x07, 0x00, 0x1C,
    0x00, 0x70, 0x01, 0xC0, 0x07, 0xFC, 0x1F, 0xF8, 0x7D, 0xF1, 0xC1, 0xC7, 0x07, 0x1C, 0x1C, 0x70,
    0x71, 0xC1, 0xC7, 0x07, 0x1C, 0x1C, 0x70, 0x71, 0xC1, 0xC7, 0x07, 0x1C, 0x1C, 0x73, 0x8E, 0x70,
    0x73, 0xB9, 0xC0, 0x1C, 0x1E, 0x1F, 0x9C, 0xE0, 0x73, 0x7F, 0xFF, 0xFF, 0xFF, 0xC6, 0xEE, 0xFE,
    0x7C, 0xFF, 0xF0, 0xE3, 0x7B, 0xF9, 0xC0, 0xF7, 0x8C, 0xE0, 0x7C, 0xFF, 0xBF, 0x77, 0xEF, 0x80,
    0x1D, 0xC7, 0x39, 0xCE, 0x33, 0x80, 0xE7, 0x3B, 0x9F, 0x87, 0x80, 0x77, 0x1C, 0xE3, 0xB8, 0x67,
    0x37, 0x7E, 0xEE, 0xE0, 0x39, 0xCE, 0xF7, 0x39, 0x80, 0x39, 0xCE, 0xF7, 0x39, 0x80, 0x77, 0x7E,
    0xE0, 0xFF, 0xF0, 0x77, 0x7E, 0xE0, 0x61, 0x87, 0x86, 0x19, 0xE6, 0x00, 0x71, 0xCE, 0x38, 0xF9,
    0xE0, 0xE7, 0x3B, 0x9F, 0x87, 0x80, 0x00, 0x60, 0x1C, 0x03, 0x00, 0xE0, 0x18, 0x07, 0x00, 0xC0,
    0x38, 0x06, 0x01, 0xC0, 0x30, 0x0E, 0x01, 0x80, 0x70, 0x0C, 0x03, 0x80, 0x60, 0x00, 0x00, 0x0E,
    0x00, 0x18, 0x00, 0x60, 0x00, 0xC0, 0x03, 0x00, 0x0E, 0x00, 0x18, 0x00, 0x60, 0x00, 0xC0, 0x03,
    0x00, 0x0E, 0x00, 0x18, 0x00, 0x60, 0x01, 0xC0, 0x03, 0x00, 0x0E, 0x00, 0x18, 0x00, 0x60, 0x01,
    0xC0, 0x03, 0x00, 0x00, 0x73, 0x7F, 0xFE, 0x77, 0x6E, 0xE0, 0xFF, 0xBF, 0xEE, 0x1B, 0x86, 0xE1,
    0x80, 0xFF, 0x7F, 0x00, 0x7F, 0xFF, 0xEF, 0xDF, 0xBF, 0x7E, 0xE0, 0xFF, 0xF1, 0xC7, 0x1C, 0x07,
    0x3F, 0xFF, 0xFF, 0xE1, 0x80, 0x00, 0x0E, 0x03, 0x80, 0xE0, 0xF7, 0x7F, 0xDB, 0xE4, 0xE0, 0x38,
    0x0E, 0x00, 0x00, 0x1F, 0x7F, 0xF9, 0xF7, 0x7F, 0xFB, 0xE0, 0x19, 0x07, 0x31, 0xC3, 0x3F, 0xF7,
    0xFC, 0x73, 0x06, 0x40, 0x10, 0x79, 0xFF, 0xF1, 0xA3, 0x00, 0x00, 0x3C, 0x0F, 0xC1, 0xFC, 0x0F,
    0xC1, 0xF1, 0xFD, 0xF8, 0xF8, 0x30, 0x00, 0x7B, 0x66, 0x7C, 0xFE, 0xEF, 0xE7, 0x38, 0x3C, 0x38,
    0x00, 0xDD, 0xF9, 0xE7, 0xCF, 0xC9, 0x00, 0x00, 0x1C, 0xFF, 0xC7, 0xC3, 0xC0, 0x80, 0x01, 0xC3,
    0xF0, 0xF7, 0xFE, 0x30, 0x00, 0x00, 0x01, 0xC1, 0xC7, 0xC7, 0x07, 0xFC, 0x3E, 0xD9, 0xE7, 0x64,
    0x19, 0xC0, 0xEF, 0x77, 0xFE, 0xFF, 0xF0, 0x32, 0xEF, 0xDC, 0x79, 0x60, 0x7F, 0xBF, 0xBC, 0xCF,
    0xFB, 0x7F, 0x80, 0x21, 0xC7, 0x9F, 0x78, 0x61, 0x00, 0xF0, 0x03, 0xDF, 0x87, 0xE1, 0xFF, 0xF0,
    0x3F, 0xF0, 0xF0, 0x03, 0xDF, 0x87, 0xE1, 0xFF, 0xF0, 0x3F, 0xF0, 0xFF, 0xFE, 0xFF, 0xFE, 0xFF,
    0xFE, 0xFF, 0xFE, 0x00, 0x00, 0x00, 0x3F, 0xFF, 0x87, 0x7F, 0xFF, 0xFF, 0xE1, 0xFF, 0xFE, 0x40,
    0x00, 0x00, 0x07, 0xFC, 0x07, 0xFF, 0xC7, 0xE1, 0xFB, 0xC0, 0x0F, 0x00, 0x03, 0x00, 0x00, 0x38,
    0x00, 0x01, 0xEF, 0xFF, 0xFE, 0x7F, 0xFF, 0xE0, 0x00, 0x38, 0x00, 0x02, 0x00, 0x79, 0xF9, 0x37,
    0xEE, 0xDB, 0xBF, 0x02, 0x79, 0xFB, 0x37, 0xEF, 0xDD, 0x9F, 0x08, 0xDB, 0x6D, 0xB6, 0xC0, 0x3C,
    0x7E, 0x67, 0x67, 0x67, 0x76, 0x3E, 0x00, 0xCF, 0x3C, 0xF3, 0xCF, 0xFF, 0xC9, 0x3C, 0x7E, 0x66,
    0x60, 0x60, 0x76, 0x3E, 0x00, 0x06, 0x06, 0x06, 0x3E, 0x7E, 0x66, 0xE6, 0x66, 0x76, 0x7E, 0x02,
    0xC3, 0x0C, 0x3F, 0xFF, 0x3C, 0xF3, 0xCF, 0x30, 0xFF, 0xDF, 0xFB, 0x33, 0x66, 0x6C, 0xCD, 0x99,
    0xB3, 0x30, 0xFF, 0xB1, 0x8C, 0x63, 0x00, 0x23, 0xBF, 0xF7, 0x39, 0xCE, 0x38, 0x80, 0x66, 0x76,
    0x7E, 0x3C, 0x3C, 0x3C, 0x18, 0x6E, 0xF8, 0xF1, 0xC3, 0xCF, 0xBB, 0x80, 0x3C, 0x01, 0xC0, 0x0C,
    0x00, 0xE0, 0x00, 0x00, 0x00, 0x00, 0x0F, 0xFF, 0xFF, 0xFE, 0x00, 0xE0, 0x0E, 0x00, 0xE0, 0x0E,
    0x00, 0xE0, 0x0F, 0xFE, 0xFF, 0xEE, 0x00, 0xE0, 0x0E, 0x00, 0xE0, 0x0E, 0x00, 0xE0, 0x0F, 0xFF,
    0xFF, 0xF0, 0x39, 0xC7, 0x9C, 0x39, 0xC0, 0x00, 0x00, 0x00, 0x00, 0xFF, 0xFF, 0xFF, 0xE0, 0x0E,
    0x00, 0xE0, 0x0E, 0x00, 0xE0, 0x0E, 0x00, 0xFF, 0xEF, 0xFE, 0xE0, 0x0E, 0x00, 0xE0, 0x0E, 0x00,
    0xE0, 0x0E, 0x00, 0xFF, 0xFF, 0xFF, 0xFF, 0xFC, 0x1F, 0xFF, 0x80, 0x0E, 0x00, 0x01, 0xC0, 0x00,
    0x38, 0x00, 0x07, 0x00, 0x00, 0xE0, 0x00, 0x1F, 0xF8, 0x03, 0xFF, 0x80, 0x7C, 0xF8, 0x0E, 0x07,
    0x81, 0xC0, 0x70, 0x38, 0x0E, 0x07, 0x01, 0xC0, 0xE0, 0x38, 0x1C, 0x0F, 0x03, 0x83, 0xC0, 0x73,
    0xF0, 0x00, 0x7C, 0x00, 0x03, 0x80, 0x38, 0x07, 0x00, 0x60, 0x00, 0x00, 0x00, 0x00, 0x0F, 0xFF,
    0xFF, 0xFE, 0x00, 0xE0, 0x0E, 0x00, 0xE0, 0x0E, 0x00, 0xE0, 0x0E, 0x00, 0xE0, 0x0E, 0x00, 0xE0,
    0x0E, 0x00, 0xE0, 0x0E, 0x00, 0xE0, 0x0E, 0x00, 0xE0, 0x00, 0x07, 0xF0, 0x1F, 0xFC, 0x3E, 0x3E,
    0x38, 0x0F, 0x70, 0x07, 0x70, 0x03, 0xE0, 0x00, 0xFF, 0xE0, 0xFF, 0xE0, 0xE0, 0x00, 0xE0, 0x00,
    0xF0, 0x03, 0x70, 0x07, 0x78, 0x07, 0x38, 0x0E, 0x3F, 0x3E, 0x1F, 0xFC, 0x07, 0xF0, 0x1F, 0xE0,
    0xFF, 0xC7, 0xCF, 0x9C, 0x0F, 0x70, 0x1D, 0xC0, 0x07, 0x80, 0x1F, 0xC0, 0x1F, 0xE0, 0x1F, 0xC0,
    0x0F, 0x80, 0x0F, 0x00, 0x1F, 0x80, 0x7F, 0x03, 0xDF, 0x3E, 0x3F, 0xF0, 0x7F, 0x80, 0xFF, 0xFF,
    0xFF, 0xFF, 0xFF, 0xFF, 0xFC, 0xE7, 0x7B, 0xF9, 0xC0, 0x00, 0x00, 0x00, 0x70, 0x38, 0x1C, 0x0E,
    0x07, 0x03, 0x81, 0xC0, 0xE0, 0x70, 0x38, 0x1C, 0x0E, 0x07, 0x03, 0x81, 0xC0, 0xE0, 0x70, 0x38,
    0x00, 0xE0, 0x0E, 0x00, 0xE0, 0x0E, 0x00, 0xE0, 0x0E, 0x00, 0xE0, 0x0E, 0x00, 0xE0, 0x0E, 0x00,
    0xEE, 0x0E, 0xE0, 0xEE, 0x0E, 0xE0, 0xEF, 0xBE, 0x7F, 0xC3, 0xF8, 0x0F, 0xFE, 0x00, 0x03, 0xFF,
    0x80, 0x00, 0xE0, 0xE0, 0x00, 0x38, 0x38, 0x00, 0x0C, 0x0E, 0x00, 0x07, 0x03, 0x80, 0x01, 0xC0,
    0xE0, 0x00, 0x70, 0x3F, 0xF8, 0x1C, 0x0F, 0xFF, 0x07, 0x03, 0x83, 0xE1, 0xC0, 0xE0, 0x3C, 0x70,
    0x38, 0x07, 0x1C, 0x0E, 0x01, 0xC7, 0x03, 0x80, 0x73, 0x80, 0xE0, 0x3C, 0xE0, 0x38, 0x3E, 0xF8,
    0x0F, 0xFF, 0x3C, 0x03, 0xFF, 0x80, 0xE0, 0x0E, 0x00, 0x70, 0x07, 0x00, 0x38, 0x03, 0x80, 0x1C,
    0x01, 0xC0, 0x0E, 0x00, 0xE0, 0x07, 0x00, 0x70, 0x03, 0x80, 0x38, 0x01, 0xFF, 0xFF, 0xF8, 0xFF,
    0xFF, 0xFF, 0x70, 0x07, 0x07, 0xB8, 0x03, 0x80, 0xFC, 0x01, 0xC0, 0x7E, 0x00, 0xE0, 0x3F, 0x00,
    0x70, 0x1F, 0x80, 0x38, 0x1F, 0xC0, 0x1C, 0x3E, 0xE0, 0x0F, 0xFF, 0x70, 0x07, 0xFE, 0x00, 0xFF,
    0xFE, 0x0F, 0xFF, 0xE0, 0x03, 0x80, 0x00, 0x38, 0x00, 0x03, 0x80, 0x00, 0x38, 0x00, 0x03, 0x80,
    0x00, 0x3F, 0xF8, 0x03, 0xFF, 0xC0, 0x3E, 0x3E, 0x03, 0x80, 0xE0, 0x38, 0x0E, 0x03, 0x80, 0xF0,
    0x38, 0x0F, 0x03, 0x80, 0xF0, 0x38, 0x0F, 0x03, 0x80, 0xF0, 0x38, 0x0F, 0x01, 0xC0, 0x07, 0x00,
    0x0E, 0x00, 0x38, 0x00, 0x00, 0x00, 0x00, 0x00, 0x00, 0x70, 0x1E, 0xE0, 0x79, 0xC0, 0xE3, 0x83,
    0xC7, 0x0F, 0x0E, 0x3C, 0x1C, 0x70, 0x39, 0xE0, 0x7F, 0x80, 0xFF, 0x01, 0xCF, 0x03, 0x8F, 0x07,
    0x0E, 0x0E, 0x1E, 0x1C, 0x1E, 0x38, 0x1E, 0x70, 0x1C, 0xE0, 0x3C, 0x0E, 0x00, 0x0E, 0x00, 0x1C,
    0x00, 0x1C, 0x00, 0x00, 0x00, 0x00, 0x00, 0x00, 0x70, 0x0F, 0xE0, 0x1F, 0xC0, 0x7F, 0x81, 0xFF,
    0x03, 0xFE, 0x0E, 0xFC, 0x3D, 0xF8, 0x73, 0xF1, 0xE7, 0xE7, 0x8F, 0xCE, 0x1F, 0xBC, 0x3F, 0x70,
    0x7F, 0xC0, 0xFF, 0x81, 0xFE, 0x03, 0xF8, 0x07, 0xF0, 0x0E, 0x0C, 0x70, 0x0E, 0x70, 0x07, 0xE0,
    0x07, 0xC0, 0x00, 0x00, 0x00, 0x00, 0x00, 0x00, 0xF0, 0x0E, 0x70, 0x0E, 0x78, 0x1C, 0x38, 0x1C,
    0x3C, 0x3C, 0x1C, 0x38, 0x1C, 0x38, 0x0E, 0x70, 0x0E, 0x70, 0x07, 0xE0, 0x07, 0xE0, 0x03, 0xE0,
    0x03, 0xC0, 0x03, 0xC0, 0x03, 0x80, 0x07, 0x80, 0x1F, 0x00, 0x1E, 0x00, 0xE0, 0x1F, 0x80, 0x7E,
    0x01, 0xF8, 0x07, 0xE0, 0x1F, 0x80, 0x7E, 0x01, 0xF8, 0x07, 0xE0, 0x1F, 0x80, 0x7E, 0x01, 0xF8,
    0x07, 0xE0, 0x1F, 0x80, 0x7E, 0x01, 0xF8, 0x07, 0xFF, 0xFF, 0xFF, 0xF0, 0x38, 0x00, 0xE0, 0x03,
    0x80, 0x0E, 0x00, 0x01, 0xC0, 0x01, 0xF0, 0x00, 0xF8, 0x00, 0x6E, 0x00, 0x77, 0x00, 0x3B, 0x80,
    0x3C, 0xE0, 0x1C, 0x70, 0x0E, 0x38, 0x0E, 0x0E, 0x07, 0x07, 0x03, 0xFF, 0xC3, 0xFF, 0xE1, 0xC0,
    0x70, 0xE0, 0x1C, 0xE0, 0x0E, 0x70, 0x07, 0x78, 0x01, 0xC0, 0xFF, 0xE7, 0xFF, 0x38, 0x01, 0xC0,
    0x0E, 0x00, 0x70, 0x03, 0x80, 0x1F, 0xF8, 0xFF, 0xF7, 0x07, 0xB8, 0x1F, 0xC0, 0x7E, 0x03, 0xF0,
    0x1F, 0x81, 0xFC, 0x1E, 0xFF, 0xF7, 0xFE, 0x00, 0xFF, 0xC7, 0xFF, 0x38, 0x3D, 0xC0, 0xEE, 0x03,
    0xF0, 0x1F, 0x81, 0xDC, 0x3E, 0xFF, 0xC7, 0xFF, 0xB8, 0x3F, 0xC0, 0x7E, 0x03, 0xF0, 0x1F, 0x80,
    0xFC, 0x1F, 0xFF, 0xF7, 0xFF, 0x00, 0xFF, 0xFF, 0xFF, 0xE0, 0x0E, 0x00, 0xE0, 0x0E, 0x00, 0xE0,
    0x0E, 0x00, 0xE0, 0x0E, 0x00, 0xE0, 0x0E, 0x00, 0xE0, 0x0E, 0x00, 0xE0, 0x0E, 0x00, 0xE0, 0x0E,
    0x00, 0x0F, 0xFF, 0x81, 0xFF, 0xF0, 0x38, 0x0E, 0x07, 0x01, 0xC0, 0xE0, 0x38, 0x1C, 0x07, 0x03,
    0x80, 0xE0, 0x70, 0x1C, 0x0E, 0x03, 0x81, 0xC0, 0x70, 0x38, 0x0E, 0x0E, 0x01, 0xC1, 0xC0, 0x38,
    0x38, 0x07, 0x0F, 0x00, 0xE1, 0xC0, 0x1C, 0xFF, 0xFF, 0xFF, 0xFF, 0xFF, 0x80, 0x03, 0xF0, 0x00,
    0x7E, 0x00, 0x0F, 0xC0, 0x01, 0xC0, 0x00, 0x00, 0xFF, 0xFF, 0xFF, 0xE0, 0x0E, 0x00, 0xE0, 0x0E,
    0x00, 0xE0, 0x0E, 0x00, 0xFF, 0xEF, 0xFE, 0xE0, 0x0E, 0x00, 0xE0, 0x0E, 0x00, 0xE0, 0x0E, 0x00,
    0xFF, 0xFF, 0xFF, 0x78, 0x3C, 0x1E, 0x38, 0x3C, 0x1C, 0x3C, 0x3C, 0x3C, 0x1C, 0x3C, 0x38, 0x0E,
    0x3C, 0x70, 0x0F, 0x3C, 0xF0, 0x07, 0x3C, 0xE0, 0x07, 0xBD, 0xE0, 0x03, 0xFF, 0xC0, 0x03, 0xFF,
    0xC0, 0x07, 0x3C, 0xE0, 0x0F, 0x3C, 0xF0, 0x0E, 0x3C, 0x70, 0x1C, 0x3C, 0x78, 0x3C, 0x3C, 0x3C,
    0x38, 0x3C, 0x1C, 0x78, 0x3C, 0x1E, 0x70, 0x3C, 0x0E, 0x1F, 0xC1, 0xFF, 0x1F, 0x3C, 0xE0, 0xF6,
    0x03, 0x80, 0x38, 0x03, 0xC0, 0xFC, 0x07, 0xE0, 0x07, 0x80, 0x0E, 0x00, 0x70, 0x03, 0xF0, 0x1F,
    0xC0, 0xEF, 0x9E, 0x3F, 0xF0, 0xFE, 0x00, 0xE0, 0x1F, 0xC0, 0x3F, 0x80, 0xFF, 0x03, 0xFE, 0x07,
    0xFC, 0x1D, 0xF8, 0x7B, 0xF0, 0xE7, 0xE3, 0xCF, 0xCF, 0x1F, 0x9C, 0x3F, 0x78, 0x7E, 0xE0, 0xFF,
    0x81, 0xFF, 0x03, 0xFC, 0x07, 0xF0, 0x0F, 0xE0, 0x1C, 0x0C, 0x60, 0x1D, 0xC0, 0x3F, 0x80, 0x3E,
    0x00, 0x00, 0x00, 0x00, 0x00, 0x00, 0x70, 0x0F, 0xE0, 0x1F, 0xC0, 0x7F, 0x81, 0xFF, 0x03, 0xFE,
    0x0E, 0xFC, 0x3D, 0xF8, 0x73, 0xF1, 0xE7, 0xE7, 0x8F, 0xCE, 0x1F, 0xBC, 0x3F, 0x70, 0x7F, 0xC0,
    0xFF, 0x81, 0xFE, 0x03, 0xF8, 0x07, 0xF0, 0x0E, 0xE0, 0x3D, 0xC0, 0xF3, 0x81, 0xC7, 0x07, 0x8E,
    0x1E, 0x1C, 0x78, 0x38, 0xE0, 0x73, 0xC0, 0xFF, 0x01, 0xFE, 0x03, 0x9E, 0x07, 0x1E, 0x0E, 0x1C,
    0x1C, 0x3C, 0x38, 0x3C, 0x70, 0x3C, 0xE0, 0x39, 0xC0, 0x78, 0x0F, 0xFF, 0x0F, 0xFF, 0x0E, 0x07,
    0x0E, 0x07, 0x0E, 0x07, 0x1C, 0x07, 0x1C, 0x07, 0x1C, 0x07, 0x1C, 0x07, 0x1C, 0x07, 0x1C, 0x07,
    0x1C, 0x07, 0x1C, 0x07, 0x1C, 0x07, 0x3C, 0x07, 0x38, 0x07, 0xF8, 0x07, 0xF0, 0x07, 0xF0, 0x01,
    0xFE, 0x00, 0x7F, 0xE0, 0x0F, 0xFC, 0x03, 0xFF, 0xC0, 0x7F, 0xF8, 0x0F, 0xFF, 0x03, 0xBF, 0x70,
    0x77, 0xEE, 0x1C, 0xFD, 0xE3, 0x9F, 0x9C, 0x73, 0xF3, 0x9C, 0x7E, 0x3B, 0x8F, 0xC7, 0x61, 0xF8,
    0xFC, 0x3F, 0x0F, 0x87, 0xE1, 0xE0, 0xFC, 0x1C, 0x1C, 0xE0, 0x0F, 0xC0, 0x1F, 0x80, 0x3F, 0x00,
    0x7E, 0x00, 0xFC, 0x01, 0xF8, 0x03, 0xF0, 0x07, 0xFF, 0xFF, 0xFF, 0xFF, 0x80, 0x3F, 0x00, 0x7E,
    0x00, 0xFC, 0x01, 0xF8, 0x03, 0xF0, 0x07, 0xE0, 0x0F, 0xC0, 0x1C, 0x07, 0xF0, 0x0F, 0xFE, 0x0F,
    0xCF, 0x87, 0x01, 0xE7, 0x00, 0x73, 0x80, 0x3B, 0x80, 0x0F, 0xC0, 0x07, 0xE0, 0x03, 0xF0, 0x01,
    0xF8, 0x00, 0xFC, 0x00, 0x77, 0x00, 0x73, 0x80, 0x38, 0xE0, 0x3C, 0x7C, 0x7C, 0x1F, 0xFC, 0x03,
    0xF8, 0x00, 0xFF, 0xFF, 0xFF, 0xFF, 0x80, 0x3F, 0x00, 0x7E, 0x00, 0xFC, 0x01, 0xF8, 0x03, 0xF0,
    0x07, 0xE0, 0x0F, 0xC0, 0x1F, 0x80, 0x3F, 0x00, 0x7E, 0x00, 0xFC, 0x01, 0xF8, 0x03, 0xF0, 0x07,
    0xE0, 0x0F, 0xC0, 0x1C, 0xFF, 0xC7, 0xFF, 0x38, 0x3D, 0xC0, 0xFE, 0x03, 0xF0, 0x1F, 0x80, 0xFC,
    0x0F, 0xE0, 0xF7, 0xFF, 0x3F, 0xF1, 0xC0, 0x0E, 0x00, 0x70, 0x03, 0x80, 0x1C, 0x00, 0xE0, 0x07,
    0x00, 0x00, 0x07, 0xF0, 0x1F, 0xFC, 0x3E, 0x3E, 0x38, 0x0E, 0x70, 0x07, 0x70, 0x07, 0xE0, 0x00,
    0xE0, 0x00, 0xE0, 0x00, 0xE0, 0x00, 0xE0, 0x00, 0xE0, 0x00, 0x70, 0x07, 0x70, 0x07, 0x38, 0x0E,
    0x3E, 0x3E, 0x1F, 0xFC, 0x07, 0xF0, 0xFF, 0xFF, 0xFF, 0xF0, 0x38, 0x00, 0xE0, 0x03, 0x80, 0x0E,
    0x00, 0x38, 0x00, 0xE0, 0x03, 0x80, 0x0E, 0x00, 0x38, 0x00, 0xE0, 0x03, 0x80, 0x0E, 0x00, 0x38,
    0x00, 0xE0, 0x03, 0x80, 0x0E, 0x00, 0xF0, 0x0E, 0x70, 0x0E, 0x78, 0x1C, 0x38, 0x1C, 0x3C, 0x3C,
    0x1C, 0x38, 0x1C, 0x38, 0x0E, 0x70, 0x0E, 0x70, 0x07, 0xE0, 0x07, 0xE0, 0x03, 0xE0, 0x03, 0xC0,
    0x03, 0xC0, 0x03, 0x80, 0x07, 0x80, 0x1F, 0x00, 0x1E, 0x00, 0x00, 0xE0, 0x00, 0x1C, 0x00, 0x03,
    0x80, 0x07, 0xFE, 0x01, 0xFF, 0xF0, 0x7D, 0xDF, 0x1E, 0x38, 0xF3, 0x87, 0x0E, 0xE0, 0xE1, 0xDC,
    0x1C, 0x1B, 0x83, 0x83, 0xF0, 0x70, 0x6E, 0x0E, 0x1C, 0xE1, 0xC3, 0x9E, 0x38, 0xF1, 0xF7, 0x7C,
    0x1F, 0xFF, 0x01, 0xFF, 0x80, 0x03, 0x80, 0x00, 0x70, 0x00, 0x0E, 0x00, 0x78, 0x07, 0x1C, 0x07,
    0x0F, 0x07, 0x83, 0xC3, 0x80, 0xE3, 0x80, 0x7B, 0xC0, 0x1F, 0xC0, 0x07, 0xC0, 0x01, 0xE0, 0x01,
    0xF0, 0x00, 0xFC, 0x00, 0xEE, 0x00, 0xF7, 0x80, 0xF1, 0xE0, 0x70, 0x70, 0x78, 0x3C, 0x78, 0x0F,
    0x38, 0x03, 0x80, 0xE0, 0x1C, 0xE0, 0x1C, 0xE0, 0x1C, 0xE0, 0x1C, 0xE0, 0x1C, 0xE0, 0x1C, 0xE0,
    0x1C, 0xE0, 0x1C, 0xE0, 0x1C, 0xE0, 0x1C, 0xE0, 0x1C, 0xE0, 0x1C, 0xE0, 0x1C, 0xE0, 0x1C, 0xE0,
    0x1C, 0xE0, 0x1C, 0xFF, 0xFF, 0xFF, 0xFF, 0x00, 0x07, 0x00, 0x07, 0x00, 0x07, 0x00, 0x07, 0x70,
    0x0E, 0xE0, 0x1D, 0xC0, 0x3B, 0x80, 0x77, 0x00, 0xEE, 0x01, 0xDC, 0x03, 0xB8, 0x07, 0x7C, 0x7E,
    0x7F, 0xFC, 0x7F, 0xB8, 0x00, 0x70, 0x00, 0xE0, 0x01, 0xC0, 0x03, 0x80, 0x07, 0x00, 0x0E, 0x00,
    0x1C, 0xE0, 0xF0, 0x7E, 0x0F, 0x07, 0xE0, 0xF0, 0x7E, 0x0F, 0x07, 0xE0, 0xF0, 0x7E, 0x0F, 0x07,
    0xE0, 0xF0, 0x7E, 0x0F, 0x07, 0xE0, 0xF0, 0x7E, 0x0F, 0x07, 0xE0, 0xF0, 0x7E, 0x0F, 0x07, 0xE0,
    0xF0, 0x7E, 0x0F, 0x07, 0xE0, 0xF0, 0x7E, 0x0F, 0x07, 0xFF, 0xFF, 0xFF, 0xFF, 0xFF, 0xE0, 0xF0,
    0x73, 0x83, 0xC1, 0xCE, 0x0F, 0x07, 0x38, 0x3C, 0x1C, 0xE0, 0xF0, 0x73, 0x83, 0xC1, 0xCE, 0x0F,
    0x07, 0x38, 0x3C, 0x1C, 0xE0, 0xF0, 0x73, 0x83, 0xC1, 0xCE, 0x0F, 0x07, 0x38, 0x3C, 0x1C, 0xE0,
    0xF0, 0x73, 0x83, 0xC1, 0xCE, 0x0F, 0x07, 0x38, 0x3C, 0x1C, 0xFF, 0xFF, 0xFF, 0xFF, 0xFF, 0xF0,
    0x00, 0x01, 0xC0, 0x00, 0x07, 0x00, 0x00, 0x1C, 0x00, 0x00, 0x70, 0xFF, 0x00, 0x1F, 0xE0, 0x00,
    0x1C, 0x00, 0x03, 0x80, 0x00, 0x70, 0x00, 0x0E, 0x00, 0x01, 0xC0, 0x00, 0x3F, 0xF8, 0x07, 0xFF,
    0x80, 0xE0, 0xF8, 0x1C, 0x07, 0x03, 0x80, 0xE0, 0x70, 0x1C, 0x0E, 0x03, 0x81, 0xC0, 0x70, 0x38,
    0x3E, 0x07, 0xFF, 0x80, 0xFF, 0xE0, 0xE0, 0x01, 0xF8, 0x00, 0x7E, 0x00, 0x1F, 0x80, 0x07, 0xE0,
    0x01, 0xF8, 0x00, 0x7E, 0x00, 0x1F, 0xFF, 0x87, 0xFF, 0xF1, 0xF8, 0x3E, 0x7E, 0x03, 0x9F, 0x80,
    0xE7, 0xE0, 0x39, 0xF8, 0x0E, 0x7E, 0x03, 0x9F, 0x87, 0xE7, 0xFF, 0xF1, 0xFF, 0xF0, 0x70, 0xE0,
    0x07, 0x00, 0x38, 0x01, 0xC0, 0x0E, 0x00, 0x70, 0x03, 0x80, 0x1F, 0xFC, 0xFF, 0xF7, 0x07, 0xF8,
    0x0F, 0xC0, 0x7E, 0x03, 0xF0, 0x1F, 0x80, 0xFC, 0x3F, 0xFF, 0xF7, 0xFE, 0x00, 0x0F, 0xE0, 0x3F,
    0xF8, 0x7C, 0x7C, 0x70, 0x1E, 0xE0, 0x0E, 0x60, 0x07, 0x00, 0x07, 0x03, 0xFF, 0x03, 0xFF, 0x00,
    0x07, 0x00, 0x07, 0x40, 0x07, 0xE0, 0x0F, 0xF0, 0x0E, 0x78, 0x1E, 0x3E, 0x7C, 0x1F, 0xF8, 0x0F,
    0xE0, 0xE0, 0x3F, 0xC3, 0x83, 0xFF, 0x8E, 0x1F, 0x9F, 0x38, 0x78, 0x1E, 0xE3, 0xC0, 0x3B, 0x8E,
    0x00, 0x7E, 0x38, 0x01, 0xFF, 0xE0, 0x07, 0xFF, 0x00, 0x1F, 0x9C, 0x00, 0x7E, 0x38, 0x01, 0xF8,
    0xE0, 0x07, 0xE3, 0x80, 0x1F, 0x8F, 0x00, 0xEE, 0x1E, 0x07, 0xB8, 0x3E, 0x7C, 0xE0, 0x7F, 0xE3,
    0x80, 0xFF, 0x00, 0x0F, 0xFC, 0x7F, 0xF3, 0xC1, 0xDE, 0x07, 0x70, 0x1D, 0xC0, 0x77, 0x01, 0xDE,
    0x07, 0x3C, 0x1C, 0x7F, 0xF0, 0xFF, 0xC3, 0x87, 0x1E, 0x1C, 0x70, 0x73, 0xC1, 0xCE, 0x07, 0x78,
    0x1D, 0xC0, 0x70, 0x1F, 0x87, 0xFC, 0x79, 0xEE, 0x0E, 0x00, 0xE0, 0x3E, 0x3F, 0xE7, 0xFE, 0xF0,
    0x6E, 0x0E, 0xE0, 0xEF, 0x3E, 0x7F, 0xE3, 0xF6, 0x00, 0x70, 0xFF, 0x0F, 0xF8, 0xF8, 0x07, 0x00,
    0x77, 0xE3, 0xFF, 0x9F, 0x9E, 0xF0, 0x77, 0x01, 0xF8, 0x0F, 0xC0, 0x7E, 0x03, 0xF0, 0x1D, 0xC1,
    0xCF, 0x1E, 0x3F, 0xE0, 0xFE, 0x00, 0x7F, 0xC7, 0xFE, 0x61, 0xE6, 0x07, 0x60, 0x76, 0x1E, 0x7F,
    0xC7, 0xFE, 0x60, 0xF6, 0x07, 0x60, 0x76, 0x0F, 0x7F, 0xF7, 0xFE, 0x7F, 0xDF, 0xF7, 0x01, 0xC0,
    0x70, 0x1C, 0x07, 0x01, 0xC0, 0x70, 0x1C, 0x07, 0x01, 0xC0, 0x70, 0x1C, 0x00, 0x0F, 0xF8, 0x3F,
    0xF0, 0x70, 0xE0, 0xE1, 0xC1, 0xC3, 0x83, 0x87, 0x07, 0x0E, 0x0E, 0x1C, 0x1C, 0x38, 0x30, 0x70,
    0xE0, 0xE1, 0xC1, 0xCF, 0xFF, 0xFF, 0xFF, 0xF8, 0x03, 0xF0, 0x07, 0xE0, 0x0F, 0xC0, 0x1C, 0x00,
    0x00, 0x1F, 0xC1, 0xFF, 0x1E, 0x7C, 0xE0, 0xEE, 0x07, 0x70, 0x1F, 0xFF, 0xFF, 0xFF, 0xE0, 0x07,
    0x00, 0x1C, 0x1C, 0xF9, 0xE3, 0xFE, 0x0F, 0xE0, 0x70, 0x70, 0xE3, 0x87, 0x1E, 0x3C, 0x73, 0xC1,
    0xE7, 0x38, 0x0E, 0x77, 0x00, 0x77, 0xF0, 0x03, 0xFE, 0x00, 0x7F, 0xE0, 0x07, 0x7F, 0x00, 0xE7,
    0x70, 0x1E, 0x73, 0x83, 0xC7, 0x3C, 0x38, 0x71, 0xE7, 0x07, 0x0F, 0x3F, 0x0F, 0xF3, 0xCF, 0x70,
    0xE0, 0x1C, 0x07, 0x83, 0xE0, 0x7C, 0x03, 0xC0, 0x3B, 0x87, 0xF9, 0xE7, 0xFC, 0x7E, 0x00, 0x70,
    0x77, 0x0F, 0x70, 0xF7, 0x1F, 0x73, 0xF7, 0x3F, 0x77, 0x77, 0x77, 0x7E, 0x77, 0xC7, 0x7C, 0x77,
    0x87, 0x70, 0x77, 0x07, 0x18, 0xC1, 0xDC, 0x1F, 0xC0, 0xF8, 0x00, 0x00, 0x00, 0x70, 0x77, 0x0F,
    0x70, 0xF7, 0x1F, 0x73, 0xF7, 0x3F, 0x77, 0x77, 0x77, 0x7E, 0x77, 0xC7, 0x7C, 0x77, 0x87, 0x70,
    0x77, 0x07, 0x70, 0x73, 0x87, 0x1C, 0x78, 0xE7, 0x87, 0x78, 0x3F, 0x81, 0xF8, 0x0F, 0xE0, 0x77,
    0x03, 0x9C, 0x1C, 0xF0, 0xE3, 0xC7, 0x0F, 0x38, 0x38, 0x1F, 0xF8, 0xFF, 0xC7, 0x0E, 0x38, 0x71,
    0xC3, 0x8E, 0x1C, 0x70, 0xE3, 0x07, 0x38, 0x39, 0xC1, 0xCE, 0x0E, 0xF0, 0x7F, 0x03, 0xF8, 0x1C,
    0x78, 0x0F, 0xBC, 0x07, 0xDF, 0x03, 0xEF, 0x83, 0xF7, 0xC1, 0xFB, 0x71, 0xDD, 0xB8, 0xEE, 0xCE,
    0x77, 0x67, 0x73, 0xB3, 0xB9, 0xD8, 0xF8, 0xEC, 0x7C, 0x76, 0x1E, 0x3B, 0x0E, 0x1C, 0x70, 0x77,
    0x07, 0x70, 0x77, 0x07, 0x70, 0x77, 0x07, 0x7F, 0xF7, 0xFF, 0x70, 0x77, 0x07, 0x70, 0x77, 0x07,
    0x70, 0x77, 0x07, 0x1F, 0xC1, 0xFF, 0x1F, 0x7C, 0xE0, 0xEE, 0x03, 0xF0, 0x1F, 0x80, 0xFC, 0x07,
    0xE0, 0x3F, 0x01, 0xDC, 0x1C, 0xFB, 0xE3, 0xFE, 0x0F, 0xE0, 0x7F, 0xF7, 0xFF, 0x70, 0x77, 0x07,
    0x70, 0x77, 0x07, 0x70, 0x77, 0x07, 0x70, 0x77, 0x07, 0x70, 0x77, 0x07, 0x70, 0x77, 0x07, 0x6F,
    0xC1, 0xFF, 0xC7, 0xCF, 0x1C, 0x1E, 0x70, 0x39, 0xC0, 0xE7, 0x03, 0x9C, 0x0E, 0x70, 0x39, 0xC0,
    0xE7, 0x07, 0x9F, 0x3C, 0x7F, 0xF1, 0xFF, 0x07, 0x00, 0x1C, 0x00, 0x70, 0x01, 0xC0, 0x07, 0x00,
    0x00, 0x1F, 0xC1, 0xFF, 0x1F, 0x7C, 0xE0, 0xEE, 0x02, 0x70, 0x03, 0x80, 0x1C, 0x00, 0xE0, 0x07,
    0x01, 0x1C, 0x1C, 0xFB, 0xE3, 0xFE, 0x0F, 0xE0, 0xFF, 0xFF, 0xFF, 0x0E, 0x00, 0xE0, 0x0E, 0x00,
    0xE0, 0x0E, 0x00, 0xE0, 0x0E, 0x00, 0xE0, 0x0E, 0x00, 0xE0, 0x0E, 0x00, 0xE0, 0xF0, 0x3D, 0xC0,
    0xE7, 0x03, 0x8E, 0x1C, 0x38, 0x70, 0xE1, 0xC1, 0xCE, 0x07, 0x38, 0x1C, 0xE0, 0x3F, 0x00, 0xFC,
    0x01, 0xE0, 0x07, 0x80, 0x1E, 0x00, 0x70, 0x01, 0xC0, 0x0E, 0x00, 0xF8, 0x07, 0xC0, 0x00, 0x03,
    0x80, 0x07, 0x00, 0x0E, 0x00, 0x1C, 0x01, 0xFF, 0x07, 0xFF, 0x1F, 0xEF, 0x39, 0xCF, 0xE3, 0x8F,
    0xC7, 0x1F, 0x8E, 0x3F, 0x1C, 0x7E, 0x38, 0xFC, 0x71, 0xDC, 0xE7, 0xBF, 0xDE, 0x3F, 0xF8, 0x3F,
    0xE0, 0x0E, 0x00, 0x1C, 0x00, 0x38, 0x00, 0x70, 0x00, 0xE0, 0x00, 0x70, 0x79, 0xC3, 0x8F, 0x38,
    0x39, 0xC0, 0xFC, 0x07, 0xC0, 0x1E, 0x00, 0xF0, 0x0F, 0xC0, 0xFE, 0x07, 0x38, 0x71, 0xE7, 0x87,
    0x38, 0x1C, 0x70, 0x71, 0xC1, 0xC7, 0x07, 0x1C, 0x1C, 0x70, 0x71, 0xC1, 0xC7, 0x07, 0x1C, 0x1C,
    0x70, 0x71, 0xC1, 0xC7, 0x07, 0x1C, 0x1C, 0x7F, 0xFD, 0xFF, 0xF0, 0x01, 0xC0, 0x07, 0x00, 0x1C,
    0x00, 0x70, 0x70, 0x77, 0x07, 0x70, 0x77, 0x07, 0x70, 0x77, 0x07, 0x70, 0x77, 0x8F, 0x3F, 0xF1,
    0xFF, 0x00, 0x70, 0x07, 0x00, 0x70, 0x07, 0x70, 0xE1, 0xDC, 0x38, 0x77, 0x0E, 0x1D, 0xC3, 0x87,
    0x70, 0xE1, 0xDC, 0x38, 0x77, 0x0E, 0x1D, 0xC3, 0x87, 0x70, 0xE1, 0xDC, 0x38, 0x77, 0x0E, 0x1D,
    0xC3, 0x87, 0x7F, 0xFF, 0xDF, 0xFF, 0xF0, 0x70, 0xE1, 0xC7, 0x0E, 0x1C, 0x70, 0xE1, 0xC7, 0x0E,
    0x1C, 0x70, 0xE1, 0xC7, 0x0E, 0x1C, 0x70, 0xE1, 0xC7, 0x0E, 0x1C, 0x70, 0xE1, 0xC7, 0x0E, 0x1C,
    0x70, 0xE1, 0xC7, 0x0E, 0x1C, 0x7F, 0xFF, 0xF7, 0xFF, 0xFF, 0x00, 0x00, 0x70, 0x00, 0x07, 0x00,
    0x00, 0x70, 0x00, 0x07, 0xFE, 0x01, 0xFC, 0x00, 0x38, 0x00, 0x70, 0x00, 0xE0, 0x01, 0xFF, 0x03,
    0xFF, 0x07, 0x0F, 0x0E, 0x0E, 0x1C, 0x1C, 0x38, 0x38, 0x70, 0xF0, 0xFF, 0xC1, 0xFF, 0x00, 0x70,
    0x07, 0x70, 0x07, 0x70, 0x07, 0x70, 0x07, 0x70, 0x07, 0x7F, 0xC7, 0x7F, 0xE7, 0x71, 0xF7, 0x70,
    0x77, 0x70, 0x77, 0x70, 0x77, 0x71, 0xF7, 0x7F, 0xE7, 0x7F, 0xC7, 0x70, 0x07, 0x00, 0x70, 0x07,
    0x00, 0x70, 0x07, 0xFC, 0x7F, 0xE7, 0x1F, 0x70, 0x77, 0x07, 0x70, 0x77, 0x1F, 0x7F, 0xE7, 0xFC,
    0x1F, 0x83, 0xFE, 0x1E, 0x79, 0xC1, 0xE6, 0x07, 0x00, 0x38, 0x7F, 0xC3, 0xFE, 0x00, 0x73, 0x03,
    0xB8, 0x3D, 0xF3, 0xC7, 0xFC, 0x1F, 0xC0, 0x60, 0x7F, 0x0C, 0x1F, 0xF1, 0x87, 0xCF, 0x30, 0xE0,
    0xE6, 0x38, 0x0E, 0xC7, 0x01, 0xDF, 0xE0, 0x3B, 0xFC, 0x07, 0x63, 0x80, 0xEC, 0x70, 0x1D, 0x87,
    0x07, 0x30, 0xF9, 0xE6, 0x0F, 0xF8, 0xC0, 0xFE, 0x00, 0x1F, 0xF3, 0xFF, 0x78, 0x77, 0x07, 0x70,
    0x77, 0x07, 0x7C, 0x73, 0xFF, 0x1F, 0xF1, 0xC7, 0x3C, 0x73, 0x87, 0x70, 0x7F, 0x07, 0x1C, 0x00,
    0x70, 0x03, 0x80, 0x0C, 0x00, 0x00, 0x00, 0x00, 0x7F, 0x07, 0xFC, 0x79, 0xF3, 0x83, 0xB8, 0x1D,
    0xC0, 0x7F, 0xFF, 0xFF, 0xFF, 0x80, 0x1C, 0x00, 0x70, 0x73, 0xE7, 0x8F, 0xF8, 0x3F, 0x80, 0x39,
    0xC1, 0xEF, 0x0E, 0x70, 0x00, 0x00, 0x00, 0x0F, 0xE0, 0xFF, 0x8F, 0x3E, 0x70, 0x77, 0x03, 0xB8,
    0x0F, 0xFF, 0xFF, 0xFF, 0xF0, 0x03, 0x80, 0x0E, 0x0E, 0x7C, 0xF1, 0xFF, 0x07, 0xF0, 0x38, 0x07,
    0xF8, 0x3F, 0xC0, 0x70, 0x03, 0xFE, 0x1F, 0xF8, 0xFB, 0xE7, 0x07, 0x38, 0x39, 0xC1, 0xCE, 0x0E,
    0x70, 0x73, 0x83, 0x9C, 0x1C, 0xE0, 0xE7, 0x07, 0x38, 0x39, 0xC1, 0xC0, 0x0E, 0x00, 0x70, 0x03,
    0x80, 0x7C, 0x03, 0xC0, 0x07, 0x01, 0xC0, 0xE0, 0x38, 0x00, 0x00, 0x07, 0xFD, 0xFF, 0x70, 0x1C,
    0x07, 0x01, 0xC0, 0x70, 0x1C, 0x07, 0x01, 0xC0, 0x70, 0x1C, 0x07, 0x01, 0xC0, 0x1F, 0xC1, 0xFF,
    0x1E, 0x7C, 0xE0, 0xEE, 0x02, 0x70, 0x03, 0xFE, 0x1F, 0xF0, 0xE0, 0x07, 0x01, 0x1C, 0x1C, 0xFB,
    0xE3, 0xFE, 0x0F, 0xE0, 0x3F, 0x8F, 0xF9, 0xE7, 0xF0, 0x7E, 0x00, 0xF0, 0x1F, 0xE0, 0xFE, 0x01,
    0xE0, 0x1F, 0x83, 0xFC, 0xF7, 0xFC, 0x7F, 0x00, 0x7F, 0xF0, 0x07, 0x77, 0x77, 0x77, 0x77, 0x77,
    0x77, 0x70, 0xE7, 0x73, 0xB9, 0xC0, 0x00, 0x00, 0xE0, 0x70, 0x38, 0x1C, 0x0E, 0x07, 0x03, 0x81,
    0xC0, 0xE0, 0x70, 0x38, 0x1C, 0x0E, 0x07, 0x00, 0x1C, 0xF3, 0xC0, 0x00, 0x71, 0xC7, 0x1C, 0x71,
    0xC7, 0x1C, 0x71, 0xC7, 0x1C, 0x71, 0xC6, 0x39, 0xEF, 0xBC, 0x1F, 0xFC, 0x00, 0x7F, 0xF0, 0x01,
    0xC3, 0xC0, 0x07, 0x0F, 0x00, 0x1C, 0x3C, 0x00, 0x70, 0xFF, 0xC1, 0xC3, 0xFF, 0x87, 0x0F, 0x1F,
    0x1C, 0x3C, 0x1C, 0x70, 0xF0, 0x73, 0x83, 0xC1, 0xCE, 0x0F, 0x1F, 0xF8, 0x3F, 0xFB, 0xC0, 0xFF,
    0xC0, 0x70, 0x70, 0x03, 0x83, 0x80, 0x1C, 0x1C, 0x00, 0xE0, 0xE0, 0x07, 0x07, 0x00, 0x38, 0x38,
    0x01, 0xFF, 0xFF, 0x8F, 0xFF, 0xFE, 0x70, 0x70, 0xF3, 0x83, 0x83, 0x9C, 0x1C, 0x1C, 0xE0, 0xE1,
    0xE7, 0x07, 0xFF, 0x38, 0x3F, 0xF0, 0x38, 0x07, 0xF8, 0x3F, 0xC0, 0x70, 0x03, 0xFE, 0x1F, 0xF8,
    0xFB, 0xE7, 0x07, 0x38, 0x39, 0xC1, 0xCE, 0x0E, 0x70, 0x73, 0x83, 0x9C, 0x1C, 0xE0, 0xE7, 0x07,
    0x38, 0x39, 0xC1, 0xC0, 0x03, 0x80, 0x1C, 0x01, 0xC0, 0x0C, 0x00, 0x00, 0x00, 0x01, 0xC1, 0xCE,
    0x1C, 0x71, 0xE3, 0x9E, 0x1D, 0xE0, 0xFE, 0x07, 0xE0, 0x3F, 0x81, 0xDC, 0x0E, 0x70, 0x73, 0xC3,
    0x8F, 0x1C, 0x3C, 0xE0, 0xE0, 0x1C, 0x00, 0xE0, 0x0E, 0x00, 0x60, 0x00, 0x00, 0x00, 0x70, 0x77,
    0x0F, 0x70, 0xF7, 0x1F, 0x73, 0xF7, 0x3F, 0x77, 0x77, 0x77, 0x7E, 0x77, 0xC7, 0x7C, 0x77, 0x87,
    0x70, 0x77, 0x07, 0x18, 0x60, 0x73, 0x80, 0xFC, 0x01, 0xE0, 0x00, 0x00, 0x00, 0x0F, 0x03, 0xDC,
    0x0E, 0x70, 0x38, 0xE1, 0xC3, 0x87, 0x0E, 0x1C, 0x1C, 0xE0, 0x73, 0x81, 0xCE, 0x03, 0xF0, 0x0F,
    0xC0, 0x1E, 0x00, 0x78, 0x01, 0xE0, 0x07, 0x00, 0x1C, 0x00, 0xE0, 0x0F, 0x80, 0x7C, 0x00, 0x70,
    0x77, 0x07, 0x70, 0x77, 0x07, 0x70, 0x77, 0x07, 0x70, 0x77, 0x07, 0x70, 0x77, 0x07, 0x70, 0x77,
    0x07, 0x7F, 0xF7, 0xFF, 0x07, 0x00, 0x70, 0x07, 0x00, 0x70, 0xE0, 0xE0, 0xFC, 0x1C, 0x1F, 0x83,
    0x83, 0xF0, 0x70, 0x7E, 0x0E, 0x0F, 0xC1, 0xC1, 0xF8, 0x38, 0x3F, 0x07, 0x07, 0xE0, 0xE0, 0xFC,
    0x1C, 0x1F, 0x83, 0x83, 0xF0, 0x70, 0x7E, 0x0E, 0x0F, 0xC1, 0xC3, 0xF8, 0x78, 0x77, 0xDF, 0x9E,
    0x7F, 0xFF, 0x87, 0xE7, 0xE0, 0x70, 0xE1, 0xDC, 0x38, 0x77, 0x0E, 0x1D, 0xC3, 0x87, 0x70, 0xE1,
    0xDC, 0x38, 0x77, 0x0E, 0x1D, 0xC3, 0x87, 0x70, 0xE1, 0xDC, 0x38, 0x77, 0x1E, 0x39, 0xEF, 0xDE,
    0x3F, 0xFF, 0x8F, 0xCF, 0xC0, 0x1C, 0x00, 0x1C, 0x00, 0x1C, 0x00, 0xFF, 0xE0, 0xFF, 0xE0, 0x1C,
    0x00, 0x1C, 0x00, 0x1F, 0xFC, 0x1F, 0xFE, 0x1C, 0x1F, 0x1C, 0x07, 0x1C, 0x07, 0x1C, 0x07, 0x1C,
    0x07, 0x1C, 0x07, 0x1C, 0x3F, 0x1F, 0xFE, 0x1F, 0xF8, 0x1C, 0x00, 0x38, 0x00, 0x70, 0x00, 0xE0,
    0x0F, 0xFC, 0x1F, 0xF8, 0x07, 0x00, 0x0E, 0x00, 0x1C, 0x00, 0x3F, 0xE0, 0x7F, 0xE0, 0xE1, 0xE1,
    0xC1, 0xC3, 0x83, 0x87, 0x07, 0x0E, 0x1E, 0x1F, 0xF8, 0x3F, 0xE0, 0xE0, 0x7F, 0x87, 0x07, 0xFF,
    0x38, 0x7C, 0xFD, 0xC7, 0x80, 0xEE, 0x78, 0x03, 0xF3, 0x80, 0x0B, 0x9C, 0x00, 0x1F, 0xFF, 0xC0,
    0xFF, 0xFE, 0x07, 0x38, 0x00, 0x39, 0xC0, 0x01, 0xCE, 0x00, 0x6E, 0x38, 0x03, 0xF1, 0xC0, 0x3B,
    0x8F, 0x03, 0xDC, 0x3E, 0x7C, 0xE0, 0xFF, 0xC7, 0x01, 0xFC, 0x00, 0x70, 0x7E, 0x1C, 0x7F, 0xC7,
    0x1E, 0x79, 0xCE, 0x0E, 0x73, 0x81, 0x9D, 0xC0, 0x07, 0xFF, 0xC1, 0xFF, 0xF0, 0x77, 0x00, 0x1C,
    0xE0, 0x67, 0x38, 0x39, 0xC7, 0x9E, 0x71, 0xFF, 0x1C, 0x1F, 0x80, 0x01, 0xC0, 0x01, 0xF0, 0x00,
    0xF8, 0x00, 0x6E, 0x00, 0x77, 0x00, 0x3B, 0x80, 0x38, 0xE0, 0x1C, 0x70, 0x0E, 0x38, 0x0E, 0x0E,
    0x07, 0xFF, 0x03, 0xFF, 0xC3, 0x9C, 0xE1, 0xCE, 0x70, 0xE7, 0x1C, 0xE3, 0x8E, 0x71, 0xC7, 0x78,
    0xE1, 0xC0, 0x07, 0x80, 0x1E, 0x00, 0x7C, 0x03, 0xF0, 0x0F, 0xC0, 0x3B, 0x81, 0xCE, 0x07, 0x38,
    0x3F, 0xF0, 0xFF, 0xC3, 0xBB, 0x9C, 0xEE, 0x73, 0xBB, 0xCE, 0x70, 0xE0, 0x1E, 0x07, 0x01, 0xF0,
    0x38, 0x0F, 0x81, 0xC0, 0x7E, 0x0E, 0x07, 0x70, 0x70, 0x39, 0xC3, 0x81, 0xCE, 0x1C, 0x1C, 0x70,
    0xE0, 0xE1, 0xC7, 0x0F, 0x0E, 0x3F, 0xFF, 0xF1, 0xFF, 0xFF, 0xCE, 0x3D, 0xCE, 0x71, 0xCE, 0x7B,
    0x8E, 0x71, 0xDC, 0xE3, 0x8E, 0xE7, 0x1C, 0x7F, 0x38, 0xE1, 0xC0, 0x70, 0x38, 0x1C, 0x1E, 0x07,
    0x07, 0xC1, 0xC3, 0xF0, 0x70, 0xFC, 0x1C, 0x3B, 0x87, 0x1C, 0xE1, 0xFF, 0xBC, 0x7F, 0xFF, 0x1C,
    0xFF, 0xC7, 0x3B, 0xB9, 0xDC, 0xEE, 0x77, 0x3B, 0xDD, 0xCE, 0x70, 0x3F, 0xFF, 0x83, 0xFF, 0xF0,
    0x78, 0x1C, 0x07, 0x07, 0x00, 0x71, 0xE0, 0x0E, 0x38, 0x00, 0xEE, 0x00, 0x0F, 0xC0, 0x1F, 0xFF,
    0x07, 0xFF, 0xF1, 0xF3, 0x8F, 0x38, 0x70, 0xE7, 0x0E, 0x0E, 0xE1, 0xC1, 0xDC, 0x38, 0x3B, 0x87,
    0x07, 0x70, 0xE0, 0xEE, 0x1C, 0x1C, 0x7F, 0xFC, 0x3F, 0xFC, 0x3C, 0x38, 0x1C, 0x78, 0x1E, 0x70,
    0x0E, 0xE0, 0x07, 0xE0, 0x3F, 0xFC, 0x7F, 0xFE, 0xFB, 0x9E, 0xE3, 0x8E, 0xE3, 0x87, 0xE3, 0x87,
    0xE3, 0x87, 0xE0, 0xFF, 0xFE, 0x70, 0x3F, 0xFF, 0x38, 0x0E, 0x07, 0x1C, 0x07, 0x87, 0x8E, 0x01,
    0xC3, 0x87, 0x00, 0x73, 0x83, 0x80, 0x39, 0xC1, 0xC0, 0x0F, 0xC0, 0xFF, 0xFF, 0xFE, 0x7F, 0xFF,
    0xFF, 0xB8, 0x3C, 0xE3, 0xDC, 0x38, 0x70, 0xFE, 0x1C, 0x38, 0x3F, 0x0E, 0x1C, 0x1F, 0x87, 0x0E,
    0x0F, 0xC3, 0x87, 0x07, 0xE1, 0xC3, 0x83, 0xF0, 0xE1, 0xC1, 0xC0, 0x70, 0xFF, 0xF9, 0xC1, 0xFF,
    0xC7, 0x07, 0x0F, 0x1C, 0x0E, 0x38, 0x70, 0x3D, 0xC1, 0xC0, 0x7F, 0x07, 0xFF, 0xFF, 0x1F, 0xFF,
    0xFE, 0x71, 0xE7, 0x7D, 0xC7, 0x1C, 0x77, 0x18, 0x71, 0xDC, 0xE1, 0xC7, 0x73, 0x87, 0x1D, 0xCE,
    0x1C, 0x70, 0x38, 0xC1, 0xF8, 0x0F, 0x80, 0x70, 0x00, 0x00, 0x00, 0x7F, 0x87, 0xFC, 0x03, 0xE0,
    0x0E, 0x00, 0xE0, 0x0E, 0x03, 0xC1, 0xF8, 0x1F, 0xC0, 0x3E, 0x00, 0xE0, 0x0E, 0x00, 0xE0, 0x0E,
    0x00, 0xE0, 0x3E, 0x3F, 0xC7, 0xF8, 0xF0, 0x0E, 0x00, 0xF0, 0x07, 0x80, 0x38, 0x00, 0x00, 0x71,
    0x87, 0x70, 0xFC, 0x0F, 0x00, 0x00, 0x00, 0x3F, 0xC7, 0xFE, 0x03, 0xC0, 0x38, 0x07, 0x01, 0xE3,
    0xF8, 0x7F, 0x00, 0xF0, 0x06, 0x00, 0xC0, 0x79, 0xFF, 0x7F, 0xCF, 0x01, 0xC0, 0x3C, 0x07, 0xC0,
    0x78, 0x00, 0xE1, 0xE1, 0xF8, 0x78, 0x7E, 0x1E, 0x1F, 0x87, 0x87, 0xE1, 0xE1, 0xF8, 0x78, 0x7E,
    0x1E, 0x1F, 0x87, 0x87, 0xE1, 0xE3, 0xDC, 0x78, 0xE7, 0xFF, 0xF8, 0xFF, 0xFC, 0x0F, 0xFC, 0x00,
    0x78, 0x00, 0x1E, 0x00, 0x07, 0x80, 0x01, 0xE0, 0x00, 0x78, 0x00, 0x01, 0xC0, 0x00, 0xE0, 0x00,
    0x70, 0x00, 0x38, 0x07, 0x1C, 0x3B, 0x8E, 0x1D, 0xC7, 0x0E, 0xE3, 0x87, 0x71, 0xC3, 0xB8, 0xE1,
    0xDC, 0x70, 0xEE, 0x38, 0x77, 0x1C, 0x3B, 0x8E, 0x39, 0xE7, 0x1C, 0x7B, 0xBE, 0x1F, 0xFE, 0x07,
    0xFC, 0x00, 0x70, 0x00, 0x38, 0x00, 0x1C, 0x00, 0x0E, 0x00, 0x07, 0x00, 0x07, 0xF0, 0x0F, 0xFE,
    0x0F, 0x8F, 0x87, 0x01, 0xE7, 0x00, 0x73, 0x80, 0x3B, 0x80, 0x0F, 0xC0, 0x07, 0xFF, 0xFF, 0xFF,
    0xFF, 0xF8, 0x00, 0xFC, 0x00, 0x77, 0x00, 0x73, 0x80, 0x38, 0xE0, 0x3C, 0x7C, 0x7C, 0x1F, 0xFC,
    0x03, 0xF8, 0x00, 0x1F, 0xC1, 0xFF, 0x1F, 0x7C, 0xE0, 0xEE, 0x03, 0xFF, 0xBF, 0xFF, 0xFE, 0xFF,
    0xE0, 0x3F, 0x01, 0xDC, 0x1C, 0xFB, 0xE3, 0xFE, 0x0F, 0xE0, 0xF0, 0x03, 0xB8, 0x03, 0xDC, 0x01,
    0xC7, 0x01, 0xE3, 0x80, 0xE1, 0xC0, 0x70, 0x70, 0x70, 0x38, 0x38, 0x1C, 0x1C, 0x07, 0x1C, 0x03,
    0x8E, 0x00, 0xE7, 0x00, 0x77, 0x00, 0x3B, 0x80, 0x0F, 0x80, 0x07, 0xC0, 0x03, 0xE0, 0x00, 0xE0,
    0x00, 0xF0, 0x1E, 0xE0, 0x7D, 0xC1, 0xE1, 0xC3, 0x83, 0x87, 0x07, 0x1C, 0x07, 0x38, 0x0E, 0x70,
    0x1D, 0xC0, 0x1F, 0x80, 0x3F, 0x00, 0x7C, 0x00, 0x78, 0x00, 0xF0, 0x00, 0x1C, 0xE0, 0x07, 0x70,
    0x03, 0x9C, 0x00, 0xEE, 0x00, 0x00, 0x00, 0x00, 0x00, 0x00, 0x01, 0xE0, 0x07, 0x70, 0x07, 0xB8,
    0x03, 0x8E, 0x03, 0xC7, 0x01, 0xC3, 0x80, 0xE0, 0xE0, 0xE0, 0x70, 0x70, 0x38, 0x38, 0x0E, 0x38,
    0x07, 0x1C, 0x01, 0xCE, 0x00, 0xEE, 0x00, 0x77, 0x00, 0x1F, 0x00, 0x0F, 0x80, 0x07, 0xC0, 0x01,
    0xC0, 0x00, 0x73, 0x80, 0x77, 0x00, 0xE7, 0x00, 0xEE, 0x00, 0x00, 0x00, 0x00, 0x3C, 0x07, 0xB8,
    0x1F, 0x70, 0x78, 0x70, 0xE0, 0xE1, 0xC1, 0xC7, 0x01, 0xCE, 0x03, 0x9C, 0x07, 0x70, 0x07, 0xE0,
    0x0F, 0xC0, 0x1F, 0x00, 0x1E, 0x00, 0x3C, 0x00, 0x07, 0xF0, 0x00, 0x00, 0x1F, 0xFC, 0x00, 0x00,
    0x3F, 0x3E, 0x00, 0x00, 0x38, 0x0F, 0x00, 0x00, 0x70, 0x07, 0x1C, 0x07, 0x70, 0x07, 0x1C, 0x0E,
    0xE0, 0x03, 0x9C, 0x0E, 0xE0, 0x03, 0x8E, 0x1E, 0xE0, 0x03, 0x8E, 0x1C, 0xE0, 0x03, 0x8E, 0x1C,
    0xE0, 0x03, 0x87, 0x38, 0xE0, 0x03, 0x87, 0x38, 0x70, 0x07, 0x03, 0xB8, 0x70, 0x07, 0x03, 0xF0,
    0x38, 0x0F, 0x03, 0xF0, 0x3E, 0x3E, 0x01, 0xF0, 0x1F, 0xFC, 0x01, 0xE0, 0x07, 0xF0, 0x01, 0xE0,
    0x00, 0x00, 0x01, 0xC0, 0x00, 0x00, 0x01, 0xC0, 0x00, 0x00, 0x03, 0xC0, 0x00, 0x00, 0x0F, 0x80,
    0x00, 0x00, 0x0F, 0x00, 0x1F, 0xC3, 0x80, 0xE7, 0xFC, 0x70, 0x1D, 0xF7, 0xC7, 0x07, 0x38, 0x38,
    0xE0, 0xEE, 0x03, 0x9E, 0x1D, 0xC0, 0x71, 0xC7, 0x38, 0x0E, 0x38, 0xE7, 0x01, 0xC3, 0xB8, 0xE0,
    0x38, 0x77, 0x1C, 0x07, 0x0E, 0xE1, 0xC1, 0xC0, 0xF8, 0x3E, 0xF8, 0x1F, 0x03, 0xFE, 0x03, 0xE0,
    0x3F, 0x80, 0x38, 0x00, 0x00, 0x07, 0x00, 0x00, 0x01, 0xC0, 0x00, 0x00, 0x38, 0x00, 0x00, 0x3E,
    0x00, 0x00, 0x07, 0x80, 0x00, 0x0F, 0xF0, 0x1F, 0xF8, 0x3E, 0x7C, 0x78, 0x1E, 0x70, 0x0E, 0xF0,
    0x06, 0xE0, 0x00, 0xE0, 0x00, 0xE0, 0x00, 0xE0, 0x00, 0xF0, 0x00, 0x70, 0x0F, 0x78, 0x0F, 0x3E,
    0x7F, 0x1F, 0xFF, 0x0F, 0xE7, 0x00, 0x07, 0x00, 0x07, 0x1F, 0xC3, 0xFE, 0x7D, 0xF7, 0x07, 0xE0,
    0x3E, 0x00, 0xE0, 0x0E, 0x00, 0xE0, 0x0E, 0x00, 0x70, 0x07, 0xC0, 0x3F, 0x01, 0xF0, 0x07, 0x00,
    0x70, 0x07, 0x00, 0x70, 0x00, 0x38, 0x00, 0xC0, 0x87, 0x03, 0xB8, 0x0F, 0xE0, 0x1F, 0x00, 0x1F,
    0x00, 0xFF, 0x43, 0x9B, 0xDC, 0x0F, 0xE0, 0x0F, 0x80, 0x1F, 0x80, 0x7F, 0x03, 0x9C, 0x0E, 0x00,
    0x70, 0x00, 0x01, 0xDF, 0xFF, 0xFF, 0xFE, 0xE0, 0x00, 0x1F, 0xDF, 0xFB, 0xF3, 0x00, 0xF7, 0x73,
    0x00, 0x77, 0x6C, 0x00, 0x7E, 0x1F, 0xFF, 0x9F, 0x80, 0x00, 0x3C, 0x00, 0x00, 0x1B, 0x00, 0x00,
    0x19, 0x80, 0x00, 0x00, 0x00, 0x01, 0xE0, 0x07, 0xC1, 0xD8, 0x03, 0x60, 0x44, 0x01, 0x10, 0x00,
    0x00, 0x00, 0x00, 0x00, 0x00, 0x00, 0x00, 0x00, 0x1E, 0x00, 0x03, 0xDD, 0x80, 0x03, 0x74, 0x00,
    0x00, 0x10, 0x00, 0x00, 0x00, 0x00, 0x00, 0x00, 0x00, 0x00, 0x00, 0x1E, 0x00, 0x78, 0x1D, 0x80,
    0x36, 0x0C, 0xC0, 0x13, 0x00, 0x00, 0x00, 0x00, 0x03, 0xE0, 0x00, 0x03, 0xB0, 0x00, 0x00, 0x0C,
    0x00, 0x00, 0x1C, 0x00, 0x00, 0x18, 0x00, 0x0C, 0x18, 0x18, 0x0E, 0x00, 0x78, 0x06, 0x00, 0xF0,
    0x07, 0x00, 0x60, 0x02, 0x00, 0x00, 0x00, 0x00, 0x00, 0x00, 0x00, 0x00, 0xF0, 0x00, 0x18, 0x78,
    0x00, 0x1F, 0x18, 0x00, 0x0F, 0x00, 0x00, 0x00, 0x00, 0x00, 0x00, 0x00, 0x00, 0x00, 0x00, 0x00,
    0x60, 0x07, 0x00, 0x60, 0x0F, 0x00, 0x70, 0x1C, 0x1C, 0x30, 0x00, 0x18, 0x30, 0x00, 0x18, 0x00,
    0x00, 0x18, 0x00, 0x0C, 0x60, 0x03, 0xB8, 0x00, 0xFE, 0x00, 0x1F, 0x00, 0x00, 0x00, 0x00, 0x00,
    0x00, 0x00, 0x03, 0x80, 0x78, 0xE0, 0x1E, 0x38, 0x0F, 0x8E, 0x07, 0xE3, 0x81, 0xF8, 0xE0, 0xEE,
    0x38, 0x7B, 0x8E, 0x1C, 0xE3, 0x8F, 0x38, 0xE7, 0x8E, 0x39, 0xC3, 0x8E, 0xF0, 0xE3, 0xB8, 0x38,
    0xFC, 0x0E, 0x3F, 0x03, 0x8F, 0x80, 0xE3, 0xC0, 0x3E, 0xF0, 0x0F, 0x80, 0x00, 0xE0, 0x00, 0x70,
    0x00, 0x1C, 0x00, 0x07, 0x00, 0x18, 0xC0, 0x3B, 0x80, 0x7F, 0x00, 0x7C, 0x00, 0x00, 0x00, 0x00,
    0x1C, 0x1C, 0x38, 0x78, 0x70, 0xF0, 0xE3, 0xE1, 0xCF, 0xC3, 0x9F, 0x87, 0x77, 0x0E, 0xEE, 0x1F,
    0x9C, 0x3E, 0x38, 0x7C, 0x70, 0xF0, 0xE1, 0xC1, 0xF3, 0x83, 0xE0, 0x01, 0xC0, 0x03, 0x80, 0x0E,
    0x00, 0x1C, 0x1C, 0x00, 0x1C, 0x00, 0x1C, 0x00, 0xFF, 0xE0, 0xFF, 0xE0, 0x1C, 0x00, 0x1C, 0x00,
    0x1F, 0xFC, 0x1F, 0xFE, 0x1C, 0x1F, 0x1C, 0x07, 0x1C, 0x07, 0x1C, 0x07, 0x1C, 0x07, 0x1C, 0x07,
    0x1C, 0x3F, 0x1F, 0xFE, 0x1F, 0xF8, 0x1C, 0x00, 0x38, 0x00, 0x70, 0x07, 0xFE, 0x0F, 0xFC, 0x03,
    0x80, 0x07, 0x00, 0x0E, 0x00, 0x1F, 0xF0, 0x3F, 0xF0, 0x70, 0xF0, 0xE0, 0xE1, 0xC1, 0xC3, 0x83,
    0x87, 0x0F, 0x0F, 0xFC, 0x1F, 0xF0, 0xFF, 0xC7, 0xFF, 0x38, 0x3D, 0xC0, 0xFE, 0x03, 0xF0, 0x1F,
    0x86, 0xFC, 0x7F, 0xE1, 0xF7, 0xFF, 0x3F, 0xF9, 0xC0, 0xEE, 0x02, 0x70, 0x03, 0x80, 0x1C, 0x00,
    0xE0, 0x07, 0x00, 0x00, 0x6F, 0xC1, 0xFF, 0xC7, 0xCF, 0x1C, 0x1E, 0x70, 0x39, 0xC0, 0xE7, 0x03,
    0x9C, 0x0E, 0x70, 0x39, 0xC3, 0xE7, 0x1F, 0x9F, 0x3C, 0x7F, 0xF1, 0xFF, 0xE7, 0x03, 0x1C, 0x00,
    0x70, 0x01, 0xC0, 0x07, 0x00, 0x00, 0x00, 0x70, 0x07, 0x00, 0x70, 0x07, 0xFF, 0xFF, 0xFF, 0xE0,
    0x0E, 0x00, 0xE0, 0x0E, 0x00, 0xE0, 0x0E, 0x00, 0xE0, 0x0E, 0x00, 0xE0, 0x0E, 0x00, 0xE0, 0x0E,
    0x00, 0xE0, 0x0E, 0x00, 0xE0, 0x0E, 0x00, 0x01, 0xC0, 0x70, 0x1D, 0xFF, 0x7F, 0xDC, 0x07, 0x01,
    0xC0, 0x70, 0x1C, 0x07, 0x01, 0xC0, 0x70, 0x1C, 0x07, 0x01, 0xC0, 0x70, 0x00, 0x1F, 0xFE, 0x3F,
    0xFC, 0x70, 0x00, 0xE0, 0x01, 0xC0, 0x03, 0x80, 0x07, 0x00, 0x0E, 0x00, 0x7F, 0xE0, 0xFF, 0xC0,
    0x70, 0x00, 0xE0, 0x01, 0xC0, 0x03, 0x80, 0x07, 0x00, 0x0E, 0x00, 0x1C, 0x00, 0x38, 0x00, 0x3F,
    0xE7, 0xFC, 0xE0, 0x1C, 0x03, 0x80, 0x70, 0x3F, 0xC7, 0xF8, 0x38, 0x07, 0x00, 0xE0, 0x1C, 0x03,
    0x80, 0x70, 0x00, 0xFF, 0xF3, 0xFF, 0xCE, 0x00, 0x38, 0x00, 0xE0, 0x03, 0x80, 0x0E, 0x00, 0x3F,
    0xF0, 0xFF, 0xF3, 0xE3, 0xCF, 0x07, 0xB8, 0x0E, 0xE0, 0x3B, 0x80, 0xEE, 0x03, 0xB8, 0x0E, 0xE0,
    0xF3, 0x9F, 0xC0, 0x7C, 0x00, 0x7F, 0xC7, 0xFC, 0x70, 0x07, 0x00, 0x70, 0x07, 0x00, 0x7F, 0x87,
    0xFC, 0x79, 0xE7, 0x0E, 0x70, 0x77, 0x07, 0x70, 0x77, 0x06, 0x00, 0xE0, 0x1E, 0x0F, 0xC0, 0xF8,
    0x78, 0x3C, 0x1E, 0x1C, 0x1E, 0x0E, 0x0F, 0x0F, 0x0F, 0x03, 0x87, 0x87, 0x00, 0xE3, 0xC7, 0x00,
    0x79, 0xE7, 0x80, 0x1C, 0xF3, 0x80, 0x0F, 0x7B, 0xC0, 0x03, 0xFF, 0xC0, 0x01, 0xFF, 0xE0, 0x01,
    0xCF, 0x38, 0x01, 0xE7, 0x9E, 0x00, 0xE3, 0xC7, 0x00, 0xE1, 0xE3, 0xC0, 0xF0, 0xF0, 0xF0, 0x70,
    0x78, 0x38, 0x78, 0x3C, 0x1F, 0xB8, 0x1E, 0x07, 0xC0, 0x00, 0x00, 0xE0, 0x00, 0x00, 0x70, 0x00,
    0x00, 0x38, 0x00, 0x00, 0x1C, 0x70, 0x70, 0xE1, 0xC3, 0x8F, 0x0F, 0x1C, 0xF0, 0x3C, 0xE7, 0x00,
    0xE7, 0x70, 0x03, 0xBF, 0x80, 0x0F, 0xF8, 0x00, 0xFF, 0xC0, 0x07, 0x7F, 0x00, 0x73, 0xB8, 0x07,
    0x9C, 0xE0, 0x78, 0xE7, 0x83, 0x87, 0x1F, 0xB8, 0x38, 0x7C, 0x00, 0x00, 0xE0, 0x00, 0x07, 0x00,
    0x00, 0x38, 0x00, 0x01, 0xC0, 0x1F, 0xC1, 0xFF, 0x1F, 0x3C, 0xE0, 0xF6, 0x03, 0x80, 0x38, 0x03,
    0xC0, 0xFC, 0x07, 0xE0, 0x07, 0x80, 0x0E, 0x00, 0x70, 0x03, 0xF0, 0x1F, 0xC0, 0xEF, 0x9E, 0x3F,
    0xF0, 0xFE, 0x00, 0xC0, 0x07, 0x80, 0x0C, 0x00, 0x60, 0x1F, 0x00, 0x60, 0x3F, 0x0F, 0xF3, 0xCF,
    0x70, 0xE0, 0x1C, 0x07, 0x83, 0xE0, 0x7C, 0x03, 0xC0, 0x3B, 0x87, 0xF9, 0xE7, 0xFC, 0x7E, 0x03,
    0x00, 0x78, 0x03, 0x00, 0x60, 0x7C, 0x06, 0x00, 0xE0, 0x3C, 0xE0, 0x78, 0xE0, 0x70, 0xE0, 0xF0,
    0xE1, 0xE0, 0xE3, 0xC0, 0xE3, 0x80, 0xE7, 0x80, 0xFF, 0x00, 0xFF, 0x00, 0xE7, 0x80, 0xE3, 0xC0,
    0xE1, 0xC0, 0xE1, 0xE0, 0xE0, 0xF0, 0xE0, 0x78, 0xE0, 0x3F, 0xE0, 0x3F, 0x00, 0x07, 0x00, 0x07,
    0x00, 0x07, 0x00, 0x07, 0x70, 0x71, 0xC3, 0x87, 0x1E, 0x1C, 0xF0, 0x77, 0x81, 0xFC, 0x07, 0xE0,
    0x1F, 0xC0, 0x77, 0x01, 0xCE, 0x07, 0x3C, 0x1C, 0x78, 0x70, 0xF9, 0xC1, 0xE0, 0x03, 0x80, 0x0E,
    0x00, 0x38, 0x00, 0xE0, 0xE0, 0x3F, 0x80, 0xEE, 0x07, 0xB8, 0x1C, 0xE0, 0xF3, 0xB3, 0x8E, 0xDE,
    0x3B, 0x70, 0xFF, 0x83, 0xFF, 0x0E, 0xDC, 0x3B, 0x78, 0xEC, 0xE3, 0x83, 0xCE, 0x07, 0x38, 0x0E,
    0xE0, 0x3F, 0x80, 0x70, 0x70, 0x39, 0xC1, 0xE7, 0x07, 0x1C, 0x38, 0x7F, 0xE1, 0xFF, 0x07, 0xF8,
    0x1F, 0xF0, 0x7F, 0xC1, 0xFB, 0x87, 0xEF, 0x1C, 0x1C, 0x70, 0x79, 0xC0, 0xE0, 0xFF, 0x01, 0xEF,
    0xF0, 0x1C, 0x07, 0x03, 0xC0, 0x70, 0x78, 0x07, 0x0F, 0x00, 0x70, 0xE0, 0x07, 0x1C, 0x00, 0x73,
    0xC0, 0x07, 0xF8, 0x00, 0x7F, 0x80, 0x07, 0x3C, 0x00, 0x71, 0xE0, 0x07, 0x0E, 0x00, 0x70, 0x70,
    0x07, 0x07, 0x80, 0x70, 0x3C, 0x07, 0x01, 0xE0, 0x70, 0x0E, 0xFE, 0x0E, 0xFE, 0x1C, 0x0E, 0x3C,
    0x0E, 0x78, 0x0E, 0xF0, 0x0E, 0xE0, 0x0F, 0xC0, 0x0F, 0xE0, 0x0E, 0xF0, 0x0E, 0x70, 0x0E, 0x38,
    0x0E, 0x3C, 0x0E, 0x1E, 0x0E, 0x0E, 0xE0, 0x0E, 0x70, 0x07, 0x38, 0x03, 0x9C, 0x01, 0xCE, 0x00,
    0xE7, 0x00, 0x73, 0x80, 0x39, 0xC0, 0x1C, 0xFF, 0xFE, 0x7F, 0xFF, 0x38, 0x03, 0x9C, 0x01, 0xCE,
    0x00, 0xE7, 0x00, 0x73, 0x80, 0x39, 0xC0, 0x1C, 0xE0, 0x0F, 0xF0, 0x07, 0xC0, 0x00, 0xE0, 0x00,
    0x70, 0x00, 0x38, 0x00, 0x1C, 0x70, 0x71, 0xC1, 0xC7, 0x07, 0x1C, 0x1C, 0x70, 0x71, 0xC1, 0xC7,
    0xFF, 0x1F, 0xFC, 0x70, 0x71, 0xC1, 0xC7, 0x07, 0x1C, 0x1C, 0x70, 0x7D, 0xC1, 0xF0, 0x01, 0xC0,
    0x07, 0x00, 0x1C, 0x00, 0x70, 0xE0, 0x0F, 0xFF, 0x80, 0x3F, 0xFE, 0x00, 0xE0, 0x38, 0x03, 0x80,
    0xE0, 0x0E, 0x03, 0x80, 0x38, 0x0E, 0x00, 0xE0, 0x38, 0x03, 0x80, 0xFF, 0xFE, 0x03, 0xFF, 0xF8,
    0x0E, 0x00, 0xE0, 0x38, 0x03, 0x80, 0xE0, 0x0E, 0x03, 0x80, 0x38, 0x0E, 0x00, 0xE0, 0x38, 0x03,
    0x80, 0xE0, 0x0E, 0x03, 0x80, 0x38, 0x00, 0x70, 0x7F, 0x70, 0x7F, 0x70, 0x70, 0x70, 0x70, 0x70,
    0x70, 0x70, 0x70, 0x7F, 0xF0, 0x7F, 0xF0, 0x70, 0x70, 0x70, 0x70, 0x70, 0x70, 0x70, 0x70, 0x70,
    0x70, 0x70, 0x70, 0xFF, 0xFE, 0x00, 0x7F, 0xFF, 0x00, 0x38, 0x03, 0x80, 0x1C, 0x01, 0xC0, 0x0E,
    0x00, 0xE0, 0x07, 0x00, 0x70, 0x03, 0x80, 0x38, 0x01, 0xC0, 0x1F, 0xF8, 0xE0, 0x0F, 0xFE, 0x70,
    0x07, 0xCF, 0xB8, 0x03, 0x81, 0xDC, 0x01, 0xC0, 0xFE, 0x00, 0xE0, 0x3F, 0x00, 0x70, 0x1F, 0x80,
    0x38, 0x1F, 0xC0, 0x1C, 0x0E, 0xE0, 0x0E, 0x1F, 0x70, 0x07, 0x7F, 0x00, 0x00, 0x3F, 0x00, 0x7F,
    0xF0, 0x03, 0xFF, 0x80, 0x1C, 0x1C, 0x00, 0xE0, 0xE0, 0x07, 0x07, 0x00, 0x38, 0x38, 0x01, 0xC1,
    0xFF, 0x0E, 0x0F, 0xFC, 0x70, 0x71, 0xF3, 0x83, 0x83, 0xDC, 0x1C, 0x0E, 0xE0, 0xE0, 0x77, 0x07,
    0x03, 0xB8, 0x38, 0x1C, 0x00, 0x01, 0xC0, 0x00, 0x3E, 0x00, 0x01, 0xE0, 0x00, 0x04, 0x00, 0x07,
    0x80, 0x00, 0x3F, 0x1F, 0x80, 0xFC, 0x7F, 0x81, 0xC1, 0xE7, 0x87, 0x07, 0x83, 0x8E, 0x0E, 0x07,
    0x38, 0x1C, 0x0E, 0x70, 0x38, 0x1C, 0xE0, 0x70, 0x39, 0xC0, 0xE0, 0x73, 0x81, 0xC1, 0xE7, 0x03,
    0xC3, 0xC7, 0x03, 0xCF, 0x0E, 0x07, 0xFE, 0x0E, 0x07, 0xF8, 0x1F, 0x8F, 0xE6, 0x0F, 0xFF, 0xFE,
    0x0F, 0xFF, 0xFC, 0x1E, 0x00, 0x0F, 0x80, 0x07, 0xC7, 0xE1, 0xC3, 0xFC, 0xE1, 0xEF, 0x38, 0xF1,
    0xEE, 0x38, 0x3B, 0x8E, 0x0E, 0xE3, 0x83, 0xB8, 0x71, 0xC7, 0x1E, 0xF1, 0xF3, 0xFB, 0x3F, 0xFF,
    0xC3, 0xFF, 0xF0, 0x07, 0xF0, 0x1F, 0xFC, 0x3E, 0x3E, 0x38, 0x0E, 0x70, 0x07, 0x70, 0x07, 0xE0,
    0x00, 0xE0, 0x00, 0xE0, 0x00, 0xE0, 0x00, 0xE0, 0x00, 0xE0, 0x00, 0x70, 0x07, 0x70, 0x07, 0x38,
    0x0E, 0x3E, 0x3E, 0x1F, 0xFC, 0x07, 0xF0, 0x01, 0xC0, 0x01, 0xE0, 0x00, 0x70, 0x00, 0x70, 0x01,
    0xE0, 0x01, 0xC0, 0x1F, 0xC1, 0xFF, 0x1F, 0x7C, 0xE0, 0xEE, 0x02, 0x70, 0x03, 0x80, 0x1C, 0x00,
    0xE0, 0x07, 0x01, 0x1C, 0x1C, 0xFB, 0xE3, 0xFE, 0x0F, 0xE0, 0x1C, 0x00, 0xF0, 0x01, 0xC0, 0x0E,
    0x01, 0xE0, 0x0E, 0x00, 0xFF, 0xFF, 0xFF, 0xF0, 0x38, 0x00, 0xE0, 0x03, 0x80, 0x0E, 0x00, 0x38,
    0x00, 0xE0, 0x03, 0x80, 0x0E, 0x00, 0x38, 0x00, 0xE0, 0x03, 0x80, 0x0E, 0x00, 0x38, 0x00, 0xE0,
    0x03, 0xC0, 0x0F, 0x00, 0x1C, 0x00, 0x70, 0x01, 0xC0, 0x07, 0x00, 0xFF, 0xFF, 0xFF, 0x0E, 0x00,
    0xE0, 0x0E, 0x00, 0xE0, 0x0E, 0x00, 0xE0, 0x0E, 0x00, 0xE0, 0x0E, 0x00, 0xE0, 0x0F, 0x80, 0xF8,
    0x03, 0x80, 0x38, 0x03, 0x80, 0x38, 0x70, 0x07, 0x3C, 0x07, 0x8E, 0x03, 0x87, 0x83, 0xC1, 0xE3,
    0xC0, 0x71, 0xC0, 0x3D, 0xE0, 0x0E, 0xE0, 0x03, 0xE0, 0x01, 0xF0, 0x00, 0x70, 0x00, 0x38, 0x00,
    0x1C, 0x00, 0x0E, 0x00, 0x07, 0x00, 0x03, 0x80, 0x01, 0xC0, 0x00, 0xE0, 0x00, 0xF0, 0x3D, 0xC0,
    0xE7, 0x03, 0x8E, 0x1C, 0x38, 0x70, 0xE1, 0xC1, 0xCE, 0x07, 0x38, 0x1C, 0xE0, 0x3F, 0x00, 0xFC,
    0x01, 0xE0, 0x07, 0x80, 0x1E, 0x00, 0x38, 0x00, 0xE0, 0x03, 0x80, 0x0E, 0x00, 0x38, 0x00, 0x70,
    0x07, 0x3C, 0x07, 0x8E, 0x03, 0x87, 0x83, 0xC1, 0xE3, 0xC0, 0x71, 0xC0, 0x3D, 0xE0, 0x0E, 0xE0,
    0x03, 0xE0, 0x01, 0xF0, 0x00, 0x70, 0x00, 0x38, 0x01, 0xFF, 0xC0, 0xFF, 0xE0, 0x07, 0x00, 0x03,
    0x80, 0x01, 0xC0, 0x00, 0xE0, 0x00, 0xF0, 0x3D, 0xC0, 0xE7, 0x03, 0x8E, 0x1C, 0x38, 0x70, 0xE1,
    0xC1, 0xCE, 0x07, 0x38, 0x1C, 0xE0, 0x3F, 0x00, 0xFC, 0x01, 0xE0, 0x07, 0x80, 0x1E, 0x01, 0xFE,
    0x07, 0xF8, 0x03, 0x80, 0x0E, 0x00, 0x38, 0x00, 0x78, 0x07, 0x0E, 0x03, 0x83, 0xC1, 0xE0, 0x78,
    0x70, 0x0E, 0x38, 0x03, 0xDE, 0x00, 0x7F, 0x00, 0x0F, 0x80, 0x01, 0xE0, 0x00, 0xF8, 0x00, 0x3F,
    0x00, 0x1D, 0xC0, 0x0F, 0x78, 0x07, 0x8F, 0x01, 0xC1, 0xC0, 0xF0, 0x78, 0x78, 0x0F, 0xDC, 0x01,
    0xF0, 0x00, 0x1C, 0x00, 0x07, 0x00, 0x01, 0xC0, 0x00, 0x70, 0x70, 0x78, 0x70, 0xE0, 0xF3, 0x80,
    0xE7, 0x00, 0xFC, 0x01, 0xF0, 0x01, 0xE0, 0x03, 0xC0, 0x0F, 0xC0, 0x3F, 0x80, 0x73, 0x81, 0xC7,
    0x87, 0x87, 0xCE, 0x07, 0x80, 0x07, 0x00, 0x0E, 0x00, 0x1C, 0x00, 0x38, 0xFF, 0xFC, 0x73, 0xFF,
    0xF1, 0xC0, 0x38, 0x07, 0x00, 0xE0, 0x1C, 0x03, 0x80, 0x70, 0x0E, 0x01, 0xC0, 0x38, 0x07, 0x00,
    0xE0, 0x1C, 0x03, 0x80, 0x70, 0x0E, 0x01, 0xC0, 0x38, 0x07, 0x00, 0xE0, 0x1C, 0x03, 0x80, 0x70,
    0x0E, 0x01, 0xC0, 0x38, 0x07, 0x00, 0xE0, 0x1C, 0x03, 0xFF, 0xFC, 0x0F, 0xFF, 0xF0, 0x00, 0x01,
    0xC0, 0x00, 0x07, 0x00, 0x00, 0x1C, 0x00, 0x00, 0x70, 0xFF, 0x8E, 0x7F, 0xC7, 0x07, 0x03, 0x83,
    0x81, 0xC1, 0xC0, 0xE0, 0xE0, 0x70, 0x70, 0x38, 0x38, 0x1C, 0x1C, 0x0E, 0x0E, 0x07, 0x07, 0x03,
    0x83, 0x81, 0xC1, 0xFF, 0xF0, 0xFF, 0xF8, 0x00, 0x0C, 0x00, 0x06, 0x00, 0x03, 0x00, 0x01, 0x80,
    0x70, 0x0E, 0x38, 0x07, 0x1C, 0x03, 0x8E, 0x01, 0xC7, 0x00, 0xE3, 0x80, 0x71, 0xC0, 0x38, 0xE0,
    0x1C, 0x7C, 0x7E, 0x1F, 0xFF, 0x07, 0xFB, 0x80, 0x01, 0xC0, 0x00, 0xE0, 0x00, 0x70, 0x00, 0x38,
    0x00, 0x1C, 0x00, 0x0F, 0x00, 0x07, 0x80, 0x00, 0xC0, 0x00, 0x60, 0x00, 0x30, 0x00, 0x18, 0x70,
    0x71, 0xC1, 0xC7, 0x07, 0x1C, 0x1C, 0x70, 0x71, 0xC1, 0xC7, 0x07, 0x1E, 0x3C, 0x3F, 0xF0, 0x7F,
    0xC0, 0x07, 0x00, 0x1C, 0x00, 0x7C, 0x01, 0xF0, 0x01, 0xC0, 0x07, 0x00, 0x1C, 0x00, 0x70, 0x70,
    0x0E, 0xE0, 0x1D, 0xC0, 0x3B, 0x80, 0x77, 0x00, 0xEE, 0x01, 0xDC, 0xE3, 0xB9, 0xC7, 0x7F, 0xFE,
    0x7F, 0xFC, 0x7F, 0xB8, 0x1C, 0x70, 0x38, 0xE0, 0x71, 0xC0, 0x03, 0x80, 0x07, 0x00, 0x0E, 0x00,
    0x1C, 0x70, 0x77, 0x07, 0x70, 0x77, 0x07, 0x70, 0x77, 0x77, 0x77, 0x77, 0xFF, 0x3F, 0xF1, 0xFF,
    0x07, 0x70, 0x77, 0x07, 0x70, 0x07, 0xE0, 0x03, 0x80, 0x0E, 0x00, 0x38, 0x00, 0xE0, 0x03, 0x80,
    0x0F, 0xFE, 0x3F, 0xFC, 0xFC, 0xFB, 0x80, 0xFE, 0x01, 0xF8, 0x07, 0xE0, 0x1F, 0x80, 0x7E, 0x01,
    0xF8, 0x07, 0xE0, 0x1F, 0x80, 0x70, 0x70, 0x07, 0x00, 0x70, 0x07, 0x00, 0x7F, 0xC7, 0xFE, 0x7D,
    0xF7, 0x07, 0x70, 0x77, 0x07, 0x70, 0x77, 0x07, 0x70, 0x77, 0x07, 0x70, 0x77, 0x07, 0x70, 0x77,
    0x07, 0x00, 0xFF, 0x00, 0x1F, 0xF8, 0x03, 0xE7, 0xC0, 0x78, 0x1E, 0x0F, 0x00, 0xEE, 0xE0, 0x0E,
    0xEE, 0x00, 0x7E, 0xE0, 0x07, 0xFF, 0xFF, 0xF7, 0xFF, 0xFF, 0x0E, 0x00, 0x00, 0xE0, 0x00, 0x0E,
    0x00, 0xE0, 0xF0, 0x0E, 0x07, 0x81, 0xE0, 0x3E, 0x7C, 0x01, 0xFF, 0x80, 0x0F, 0xF0, 0x01, 0xFC,
    0x01, 0xFF, 0x01, 0xF3, 0xDC, 0xE0, 0xEE, 0x70, 0x3F, 0xF0, 0x1D, 0xFF, 0xFE, 0x7F, 0xFF, 0x0E,
    0x00, 0x07, 0x00, 0x01, 0xC0, 0xC0, 0xF9, 0xE0, 0x3F, 0xF0, 0x0F, 0xE0, 0x00, 0xFF, 0x00, 0x1F,
    0xF8, 0x03, 0xE7, 0xC0, 0x78, 0x1E, 0x0F, 0x00, 0xEE, 0xE0, 0x0E, 0xEE, 0x00, 0x7E, 0xE0, 0x07,
    0xFF, 0xFF, 0xF7, 0xFF, 0xFF, 0x0E, 0x00, 0x00, 0xE0, 0x00, 0x0E, 0x00, 0xE0, 0xF0, 0x0E, 0x07,
    0x81, 0xE0, 0x3E, 0x7C, 0x01, 0xFF, 0x80, 0x0F, 0xF0, 0x00, 0x38, 0x00, 0x03, 0x80, 0x00, 0x38,
    0x00, 0x03, 0x80, 0x01, 0xFC, 0x01, 0xFF, 0x01, 0xF3, 0xDC, 0xE0, 0xEE, 0x70, 0x3F, 0xF0, 0x1D,
    0xFF, 0xFE, 0x7F, 0xFF, 0x0E, 0x00, 0x07, 0x00, 0x01, 0xC0, 0xC0, 0xF9, 0xE0, 0x3F, 0xF0, 0x0F,
    0xE0, 0x00, 0xC0, 0x00, 0xF8, 0x00, 0x1C, 0x00, 0x0E, 0x00, 0x1E, 0x00, 0x0E, 0x00, 0xFF, 0xFF,
    0xFF, 0xFF, 0xFF, 0xFF, 0xFC, 0x00, 0xC3, 0x00, 0x00, 0xE7, 0x00, 0x00, 0x7E, 0x00, 0x00, 0x3C,
    0x00, 0x00, 0x00, 0x00, 0x00, 0x00, 0x00, 0x00, 0x00, 0x00, 0x78, 0x3C, 0x1E, 0x38, 0x3C, 0x1C,
    0x3C, 0x3C, 0x3C, 0x1C, 0x3C, 0x38, 0x0E, 0x3C, 0x70, 0x0F, 0x3C, 0xF0, 0x07, 0x3C, 0xE0, 0x07,
    0xBD, 0xE0, 0x03, 0xFF, 0xC0, 0x03, 0xFF, 0xC0, 0x07, 0x3C, 0xE0, 0x0F, 0x3C, 0xF0, 0x0E, 0x3C,
    0x70, 0x1C, 0x3C, 0x78, 0x3C, 0x3C, 0x3C, 0x38, 0x3C, 0x1C, 0x78, 0x3C, 0x1E, 0x70, 0x3C, 0x0E,
    0x03, 0x8C, 0x00, 0x39, 0xC0, 0x01, 0xF8, 0x00, 0x0F, 0x80, 0x00, 0x00, 0x00, 0x00, 0x00, 0x70,
    0x70, 0xE3, 0x87, 0x1E, 0x3C, 0x73, 0xC1, 0xE7, 0x38, 0x0E, 0x77, 0x00, 0x77, 0xF0, 0x03, 0xFE,
    0x00, 0x7F, 0xE0, 0x07, 0x7F, 0x00, 0xE7, 0x70, 0x1E, 0x73, 0x83, 0xC7, 0x3C, 0x38, 0x71, 0xE7,
    0x07, 0x0F, 0xE0, 0x3F, 0x81, 0xEE, 0x0F, 0x38, 0x38, 0xE1, 0xC3, 0x8F, 0x0E, 0x78, 0x3B, 0xC0,
    0xFF, 0xC3, 0xFF, 0x8E, 0x1F, 0x38, 0x1E, 0xE0, 0x3B, 0x80, 0x7E, 0x01, 0xF8, 0x07, 0xE0, 0x1F,
    0x80, 0xF0, 0x03, 0x80, 0x3E, 0x01, 0xF0, 0x07, 0x80, 0x70, 0xF3, 0x87, 0x1C, 0x78, 0xE7, 0x87,
    0x78, 0x3F, 0x81, 0xFE, 0x0F, 0xFC, 0x71, 0xF3, 0x83, 0x9C, 0x0E, 0xE0, 0x77, 0x03, 0xB8, 0x38,
    0x03, 0xC0, 0x3C, 0x01, 0xC0, 0x00, 0x00, 0x0F, 0xFF, 0x03, 0xFF, 0xC0, 0xE0, 0x70, 0x38, 0x1C,
    0x0E, 0x07, 0x07, 0x01, 0xC1, 0xC0, 0x70, 0x70, 0x1C, 0x1C, 0x07, 0x07, 0x01, 0xC1, 0xC0, 0x70,
    0x70, 0x1C, 0x1C, 0x07, 0x07, 0x01, 0xC3, 0xC0, 0x70, 0xE0, 0x1C, 0xF8, 0x07, 0xFC, 0x01, 0xF0,
    0x00, 0x1C, 0x00, 0x0E, 0x00, 0x03, 0x80, 0x00, 0xE0, 0x1F, 0xF8, 0x3F, 0xF0, 0x70, 0xE0, 0xE1,
    0xC1, 0xC3, 0x83, 0x87, 0x07, 0x0E, 0x0C, 0x1C, 0x38, 0x38, 0x70, 0x70, 0xE0, 0xE3, 0xC1, 0xCF,
    0x03, 0xFE, 0x07, 0xC0, 0x03, 0x00, 0x0E, 0x00, 0x1C, 0x00, 0x38, 0xE0, 0x0F, 0xC0, 0x1F, 0x80,
    0x3F, 0x00, 0x7E, 0x00, 0xFC, 0x01, 0xF8, 0x03, 0xFF, 0xFF, 0xFF, 0xFF, 0xC0, 0x1F, 0x80, 0x3F,
    0x00, 0x7E, 0x00, 0xFC, 0x01, 0xF8, 0x03, 0xF0, 0x07, 0xE0, 0x0F, 0xC0, 0x1C, 0x00, 0x38, 0x00,
    0x70, 0x01, 0xE0, 0x0F, 0x80, 0x1F, 0x00, 0x70, 0x77, 0x07, 0x70, 0x77, 0x07, 0x70, 0x77, 0x07,
    0x7F, 0xF7, 0xFF, 0x70, 0x77, 0x07, 0x70, 0x77, 0x07, 0x70, 0x77, 0x07, 0x00, 0x70, 0x07, 0x00,
    0x70, 0x1F, 0x01, 0xE0, 0xE0, 0x0E, 0x70, 0x07, 0x38, 0x03, 0x9C, 0x01, 0xCE, 0x00, 0xE7, 0x00,
    0x73, 0x80, 0x39, 0xC0, 0x1C, 0xFF, 0xFE, 0x7F, 0xFF, 0x38, 0x03, 0x9C, 0x01, 0xCE, 0x00, 0xE7,
    0x00, 0x73, 0x80, 0x39, 0xC0, 0x1C, 0xE0, 0x0F, 0xF0, 0x07, 0xC0, 0x01, 0xC0, 0x00, 0xE0, 0x00,
    0x70, 0x00, 0x38, 0x70, 0x70, 0xE0, 0xE1, 0xC1, 0xC3, 0x83, 0x87, 0x07, 0x0E, 0x0E, 0x1F, 0xFC,
    0x3F, 0xF8, 0x70, 0x70, 0xE0, 0xE1, 0xC1, 0xC3, 0x83, 0x87, 0x07, 0xCE, 0x0F, 0x80, 0x07, 0x00,
    0x0C, 0x00, 0x38, 0x00, 0x70, 0x70, 0x0E, 0xE0, 0x1D, 0xC0, 0x3B, 0x80, 0x77, 0x00, 0xEE, 0x01,
    0xDC, 0x03, 0xB8, 0x07, 0x7C, 0x7E, 0x7F, 0xFC, 0x7F, 0xB8, 0x00, 0x70, 0x00, 0xE0, 0x01, 0xC0,
    0x03, 0x80, 0x07, 0x00, 0x7E, 0x00, 0xFC, 0x01, 0xC0, 0x03, 0x80, 0x07, 0x00, 0x0E, 0x00, 0x70,
    0x77, 0x07, 0x70, 0x77, 0x07, 0x70, 0x77, 0x07, 0x70, 0x77, 0x8F, 0x3F, 0xF1, 0xFF, 0x00, 0x70,
    0x07, 0x03, 0xF0, 0x3F, 0x03, 0x80, 0x38, 0x03, 0x80, 0x38, 0xF0, 0x01, 0xE7, 0x80, 0x1F, 0x3E,
    0x00, 0xF9, 0xF0, 0x0F, 0xCF, 0xC0, 0x7E, 0x7E, 0x03, 0xF3, 0xF0, 0x3B, 0x9D, 0xC1, 0xDC, 0xEE,
    0x1C, 0xE7, 0x78, 0xE7, 0x39, 0xC7, 0x39, 0xCE, 0x71, 0xCE, 0x3B, 0x8E, 0x71, 0xD8, 0x73, 0x8F,
    0xC3, 0x9C, 0x3E, 0x1C, 0xE1, 0xE0, 0xFF, 0x07, 0x07, 0xC0, 0x00, 0x1C, 0x00, 0x00, 0xE0, 0x00,
    0x07, 0x00, 0x00, 0x30, 0x78, 0x0F, 0x8F, 0x01, 0xF1, 0xF0, 0x3E, 0x3E, 0x0F, 0xC7, 0xC1, 0xF8,
    0xDC, 0x77, 0x1B, 0x8E, 0xE3, 0x39, 0xDC, 0x67, 0x73, 0x8C, 0xEE, 0x71, 0x8F, 0x8E, 0x31, 0xF1,
    0xC6, 0x1E, 0x3E, 0xC3, 0x87, 0xC0, 0x00, 0x70, 0x00, 0x0E, 0x00, 0x01, 0xC0, 0x00, 0x30, 0x77,
    0x77, 0x77, 0x77, 0x77, 0x77, 0x77, 0x77, 0x77, 0x06, 0x30, 0x03, 0xB8, 0x01, 0xFC, 0x00, 0x7C,
    0x00, 0x00, 0x00, 0x00, 0x00, 0x00, 0x00, 0x03, 0x80, 0x03, 0xE0, 0x01, 0xF0, 0x00, 0xDC, 0x00,
    0xEE, 0x00, 0x77, 0x00, 0x79, 0xC0, 0x38, 0xE0, 0x1C, 0x70, 0x1C, 0x1C, 0x0E, 0x0E, 0x07, 0xFF,
    0x87, 0xFF, 0xC3, 0x80, 0xE1, 0xC0, 0x39, 0xC0, 0x1C, 0xE0, 0x0E, 0xF0, 0x03, 0x80, 0x31, 0xC3,
    0x9C, 0x3F, 0x81, 0xF0, 0x00, 0x00, 0x00, 0x1F, 0x87, 0xFC, 0x79, 0xEE, 0x0E, 0x00, 0xE0, 0x3E,
    0x3F, 0xE7, 0xFE, 0xF0, 0x6E, 0x0E, 0xE0, 0xEF, 0x3E, 0x7F, 0xE3, 0xF6, 0x07, 0x38, 0x07, 0xBC,
    0x01, 0xCE, 0x00, 0x00, 0x00, 0x00, 0x00, 0x00, 0x00, 0x07, 0x00, 0x07, 0xC0, 0x03, 0xE0, 0x01,
    0xB8, 0x01, 0xDC, 0x00, 0xEE, 0x00, 0xF3, 0x80, 0x71, 0xC0, 0x38, 0xE0, 0x38, 0x38, 0x1C, 0x1C,
    0x0F, 0xFF, 0x0F, 0xFF, 0x87, 0x01, 0xC3, 0x80, 0x73, 0x80, 0x39, 0xC0, 0x1D, 0xE0, 0x07, 0x39,
    0xC7, 0x9C, 0x39, 0xC0, 0x00, 0x00, 0x01, 0xF8, 0x7F, 0xC7, 0x9E, 0xE0, 0xE0, 0x0E, 0x03, 0xE3,
    0xFE, 0x7F, 0xEF, 0x06, 0xE0, 0xEE, 0x0E, 0xF3, 0xE7, 0xFE, 0x3F, 0x60, 0x00, 0x7F, 0xFE, 0x00,
    0xFF, 0xFE, 0x00, 0xEE, 0x00, 0x01, 0xCE, 0x00, 0x01, 0xCE, 0x00, 0x03, 0x8E, 0x00, 0x03, 0x8E,
    0x00, 0x07, 0x0E, 0x00, 0x07, 0x0F, 0xFE, 0x0F, 0x0F, 0xFE, 0x0E, 0x0E, 0x00, 0x1F, 0xFE, 0x00,
    0x1F, 0xFE, 0x00, 0x3C, 0x0E, 0x00, 0x38, 0x0E, 0x00, 0x78, 0x0E, 0x00, 0x70, 0x0F, 0xFF, 0xF0,
    0x0F, 0xFF, 0x1F, 0x8F, 0xC3, 0xFE, 0xFF, 0x1E, 0x7F, 0x3D, 0xC1, 0xE0, 0xE0, 0x0F, 0x03, 0x80,
    0x30, 0x1C, 0xFF, 0xFF, 0xEF, 0xFF, 0xFF, 0xF8, 0x60, 0x07, 0x07, 0x80, 0x38, 0x3C, 0x0F, 0xE7,
    0xF9, 0xE7, 0xFF, 0xFF, 0x1F, 0x87, 0xE0, 0x31, 0xC3, 0x9C, 0x3F, 0x81, 0xF0, 0x00, 0x00, 0x00,
    0x00, 0x0F, 0xFF, 0xFF, 0xFE, 0x00, 0xE0, 0x0E, 0x00, 0xE0, 0x0E, 0x00, 0xE0, 0x0F, 0xFE, 0xFF,
    0xEE, 0x00, 0xE0, 0x0E, 0x00, 0xE0, 0x0E, 0x00, 0xE0, 0x0F, 0xFF, 0xFF, 0xF0, 0x18, 0xC0, 0xEE,
    0x07, 0xF0, 0x1F, 0x00, 0x00, 0x00, 0x00, 0x7F, 0x07, 0xFC, 0x79, 0xF3, 0x83, 0xB8, 0x1D, 0xC0,
    0x7F, 0xFF, 0xFF, 0xFF, 0x80, 0x1C, 0x00, 0x70, 0x73, 0xE7, 0x8F, 0xF8, 0x3F, 0x80, 0x0F, 0xF0,
    0x0F, 0xFC, 0x0F, 0x9F, 0x0F, 0x03, 0xC7, 0x00, 0xF7, 0x80, 0x38, 0x00, 0x1C, 0x00, 0x0E, 0xFF,
    0xFF, 0xFF, 0xFF, 0xF8, 0x01, 0xDC, 0x00, 0xE7, 0x00, 0x73, 0x80, 0x79, 0xE0, 0x78, 0x7C, 0xF8,
    0x1F, 0xF8, 0x07, 0xF8, 0x00, 0x3F, 0x83, 0xFF, 0x1E, 0x79, 0xC0, 0xE0, 0x07, 0x00, 0x1F, 0xFF,
    0xFF, 0xFF, 0xE0, 0x3F, 0x03, 0xBC, 0x1C, 0xF3, 0xC3, 0xFE, 0x0F, 0xC0, 0x0E, 0x70, 0x07, 0x38,
    0x03, 0x9C, 0x00, 0x00, 0x00, 0x00, 0x00, 0x00, 0x00, 0x3F, 0xC0, 0x3F, 0xF0, 0x3E, 0x7C, 0x3C,
    0x0F, 0x1C, 0x03, 0xDE, 0x00, 0xE0, 0x00, 0x70, 0x00, 0x3B, 0xFF, 0xFF, 0xFF, 0xFF, 0xE0, 0x07,
    0x70, 0x03, 0x9C, 0x01, 0xCE, 0x01, 0xE7, 0x81, 0xE1, 0xF3, 0xE0, 0x7F, 0xE0, 0x1F, 0xE0, 0x39,
    0xC1, 0xEF, 0x0E, 0x70, 0x00, 0x00, 0x00, 0x1F, 0xC1, 0xFF, 0x8F, 0x3C, 0xE0, 0x70, 0x03, 0x80,
    0x0F, 0xFF, 0xFF, 0xFF, 0xF0, 0x1F, 0x81, 0xDE, 0x0E, 0x79, 0xE1, 0xFF, 0x07, 0xE0, 0x00, 0xE7,
    0x00, 0x00, 0xE7, 0x00, 0x00, 0xE7, 0x00, 0x00, 0x00, 0x00, 0x00, 0x00, 0x00, 0x00, 0x00, 0x00,
    0x78, 0x3C, 0x1E, 0x38, 0x3C, 0x1C, 0x3C, 0x3C, 0x3C, 0x1C, 0x3C, 0x38, 0x0E, 0x3C, 0x70, 0x0F,
    0x3C, 0xF0, 0x07, 0x3C, 0xE0, 0x07, 0xBD, 0xE0, 0x03, 0xFF, 0xC0, 0x03, 0xFF, 0xC0, 0x07, 0x3C,
    0xE0, 0x0F, 0x3C, 0xF0, 0x0E, 0x3C, 0x70, 0x1C, 0x3C, 0x78, 0x3C, 0x3C, 0x3C, 0x38, 0x3C, 0x1C,
    0x78, 0x3C, 0x1E, 0x70, 0x3C, 0x0E, 0x03, 0x9C, 0x00, 0x39, 0xC0, 0x03, 0x9C, 0x00, 0x00, 0x00,
    0x00, 0x00, 0x07, 0x07, 0x0E, 0x38, 0x71, 0xE3, 0xC7, 0x3C, 0x1E, 0x73, 0x80, 0xE7, 0x70, 0x07,
    0x7F, 0x00, 0x3F, 0xE0, 0x07, 0xFE, 0x00, 0x77, 0xF0, 0x0E, 0x77, 0x01, 0xE7, 0x38, 0x3C, 0x73,
    0xC3, 0x87, 0x1E, 0x70, 0x70, 0xF0, 0x1C, 0xE1, 0xE7, 0x07, 0x38, 0x00, 0x00, 0x00, 0x00, 0x00,
    0x7F, 0x07, 0xFC, 0x7C, 0xF3, 0x83, 0xD8, 0x0E, 0x00, 0xE0, 0x0F, 0x03, 0xF0, 0x1F, 0x80, 0x1E,
    0x00, 0x38, 0x01, 0xC0, 0x0F, 0xC0, 0x7F, 0x03, 0xBE, 0x78, 0xFF, 0xC3, 0xF8, 0x73, 0x8E, 0x79,
    0xCE, 0x00, 0x00, 0x00, 0x7E, 0x1F, 0xE7, 0x9E, 0xE1, 0xC0, 0x38, 0x0F, 0x07, 0xC0, 0xF8, 0x07,
    0x80, 0x77, 0x0F, 0xF3, 0xCF, 0xF8, 0xFC, 0x00, 0x7F, 0xF9, 0xFF, 0xE0, 0x0F, 0x00, 0x78, 0x03,
    0xC0, 0x1E, 0x00, 0xF0, 0x03, 0xF0, 0x0F, 0xF0, 0x07, 0xE0, 0x03, 0x80, 0x0E, 0x00, 0x3B, 0x80,
    0xEF, 0x03, 0x9F, 0x3C, 0x3F, 0xF0, 0x7F, 0x00, 0x7F, 0xF9, 0xFF, 0xE0, 0x0F, 0x00, 0x78, 0x03,
    0xC0, 0x1E, 0x00, 0xF0, 0x03, 0xF0, 0x0F, 0xF0, 0x07, 0xE0, 0x03, 0x80, 0x0E, 0x00, 0x3B, 0x80,
    0xEF, 0x03, 0x9F, 0x3C, 0x3F, 0xF0, 0x7F, 0x00, 0x0F, 0xE0, 0x1F, 0xC0, 0x00, 0x00, 0x00, 0x00,
    0x00, 0x00, 0x00, 0x38, 0x07, 0xF0, 0x0F, 0xE0, 0x3F, 0xC0, 0xFF, 0x81, 0xFF, 0x07, 0x7E, 0x1E,
    0xFC, 0x39, 0xF8, 0xF3, 0xF3, 0xC7, 0xE7, 0x0F, 0xDE, 0x1F, 0xB8, 0x3F, 0xE0, 0x7F, 0xC0, 0xFF,
    0x01, 0xFC, 0x03, 0xF8, 0x07, 0x1F, 0xC1, 0xFC, 0x00, 0x00, 0x00, 0x00, 0x07, 0x07, 0x70, 0xF7,
    0x0F, 0x71, 0xF7, 0x3F, 0x73, 0xF7, 0x77, 0x77, 0x77, 0xE7, 0x7C, 0x77, 0xC7, 0x78, 0x77, 0x07,
    0x70, 0x70, 0x1C, 0x60, 0x3D, 0xE0, 0x71, 0x80, 0x00, 0x00, 0x00, 0x00, 0x00, 0x38, 0x07, 0xF0,
    0x0F, 0xE0, 0x3F, 0xC0, 0xFF, 0x81, 0xFF, 0x07, 0x7E, 0x1E, 0xFC, 0x39, 0xF8, 0xF3, 0xF3, 0xC7,
    0xE7, 0x0F, 0xDE, 0x1F, 0xB8, 0x3F, 0xE0, 0x7F, 0xC0, 0xFF, 0x01, 0xFC, 0x03, 0xF8, 0x07, 0x38,
    0xC3, 0xDE, 0x39, 0xC0, 0x00, 0x00, 0x07, 0x07, 0x70, 0xF7, 0x0F, 0x71, 0xF7, 0x3F, 0x73, 0xF7,
    0x77, 0x77, 0x77, 0xE7, 0x7C, 0x77, 0xC7, 0x78, 0x77, 0x07, 0x70, 0x70, 0x06, 0x38, 0x07, 0xBC,
    0x01, 0x8E, 0x00, 0x00, 0x00, 0x00, 0x00, 0x00, 0x00, 0x1F, 0xC0, 0x3F, 0xF8, 0x3F, 0x3E, 0x1C,
    0x07, 0x9C, 0x01, 0xCE, 0x00, 0xEE, 0x00, 0x3F, 0x00, 0x1F, 0x80, 0x0F, 0xC0, 0x07, 0xE0, 0x03,
    0xF0, 0x01, 0xDC, 0x01, 0xCE, 0x00, 0xE3, 0x80, 0xF1, 0xF1, 0xF0, 0x7F, 0xF0, 0x0F, 0xE0, 0x38,
    0xE1, 0xEF, 0x0E, 0x38, 0x00, 0x00, 0x00, 0x0F, 0xE0, 0xFF, 0x8F, 0xBE, 0x70, 0x77, 0x01, 0xF8,
    0x0F, 0xC0, 0x7E, 0x03, 0xF0, 0x1F, 0x80, 0xEE, 0x0E, 0x7D, 0xF1, 0xFF, 0x07, 0xF0, 0x07, 0xF0,
    0x0F, 0xFE, 0x0F, 0x8F, 0x87, 0x01, 0xE7, 0x00, 0x73, 0x80, 0x3B, 0x80, 0x0F, 0xC0, 0x07, 0xFF,
    0xFF, 0xFF, 0xFF, 0xF8, 0x00, 0xFC, 0x00, 0x77, 0x00, 0x73, 0x80, 0x38, 0xE0, 0x3C, 0x7C, 0x7C,
    0x1F, 0xFC, 0x03, 0xF8, 0x00, 0x1F, 0xC1, 0xFF, 0x1F, 0x7C, 0xE0, 0xEE, 0x03, 0xF0, 0x1F, 0xFF,
    0xFF, 0xFF, 0xE0, 0x3F, 0x01, 0xDC, 0x1C, 0xF3, 0xE3, 0xFE, 0x0F, 0xE0, 0x06, 0x38, 0x07, 0xBC,
    0x01, 0x8E, 0x00, 0x00, 0x00, 0x00, 0x00, 0x00, 0x00, 0x1F, 0xC0, 0x3F, 0xF8, 0x3E, 0x3E, 0x1C,
    0x07, 0x9C, 0x01, 0xCE, 0x00, 0xEE, 0x00, 0x3F, 0x00, 0x1F, 0xFF, 0xFF, 0xFF, 0xFF, 0xE0, 0x03,
    0xF0, 0x01, 0xDC, 0x01, 0xCE, 0x00, 0xE3, 0x80, 0xF1, 0xF1, 0xF0, 0x7F, 0xF0, 0x0F, 0xE0, 0x38,
    0xE1, 0xEF, 0x0E, 0x38, 0x00, 0x00, 0x00, 0x0F, 0xE0, 0xFF, 0x8F, 0xBE, 0x70, 0x77, 0x01, 0xF8,
    0x0F, 0xFF, 0xFF, 0xFF, 0xF0, 0x1F, 0x80, 0xEE, 0x0E, 0x79, 0xF1, 0xFF, 0x07, 0xF0, 0x0E, 0x70,
    0x1E, 0x70, 0x0E, 0x70, 0x00, 0x00, 0x00, 0x00, 0x00, 0x00, 0x0F, 0xE0, 0x3F, 0xF8, 0x7C, 0x7C,
    0x70, 0x1E, 0xE0, 0x0E, 0x60, 0x07, 0x00, 0x07, 0x03, 0xFF, 0x03, 0xFF, 0x00, 0x07, 0x00, 0x07,
    0x40, 0x07, 0xE0, 0x0F, 0xF0, 0x0E, 0x78, 0x1E, 0x3E, 0x7C, 0x1F, 0xF8, 0x0F, 0xE0, 0x39, 0xC3,
    0xCE, 0x0E, 0x70, 0x00, 0x00, 0x00, 0x0F, 0xC1, 0xFF, 0x0F, 0x3C, 0xE0, 0xF3, 0x03, 0x80, 0x1C,
    0x3F, 0xE1, 0xFF, 0x00, 0x39, 0x81, 0xDC, 0x1E, 0xF9, 0xE3, 0xFE, 0x0F, 0xE0, 0x0F, 0xF0, 0x0F,
    0xF0, 0x00, 0x00, 0x00, 0x00, 0x00, 0x00, 0x00, 0x00, 0xF0, 0x0E, 0x70, 0x0E, 0x78, 0x1C, 0x38,
    0x1C, 0x3C, 0x3C, 0x1C, 0x38, 0x1C, 0x38, 0x0E, 0x70, 0x0E, 0x70, 0x07, 0xE0, 0x07, 0xE0, 0x03,
    0xE0, 0x03, 0xC0, 0x03, 0xC0, 0x03, 0x80, 0x07, 0x80, 0x1F, 0x00, 0x1E, 0x00, 0x1F, 0xE0, 0x7F,
    0x80, 0x00, 0x00, 0x00, 0x00, 0x03, 0xC0, 0xF7, 0x03, 0x9C, 0x0E, 0x38, 0x70, 0xE1, 0xC3, 0x87,
    0x07, 0x38, 0x1C, 0xE0, 0x73, 0x80, 0xFC, 0x03, 0xF0, 0x07, 0x80, 0x1E, 0x00, 0x78, 0x01, 0xC0,
    0x07, 0x00, 0x38, 0x03, 0xE0, 0x1F, 0x00, 0x0E, 0x70, 0x0E, 0x70, 0x0E, 0x70, 0x00, 0x00, 0x00,
    0x00, 0x00, 0x00, 0xF0, 0x0E, 0x70, 0x0E, 0x78, 0x1C, 0x38, 0x1C, 0x3C, 0x3C, 0x1C, 0x38, 0x1C,
    0x38, 0x0E, 0x70, 0x0E, 0x70, 0x07, 0xE0, 0x07, 0xE0, 0x03, 0xE0, 0x03, 0xC0, 0x03, 0xC0, 0x03,
    0x80, 0x07, 0x80, 0x1F, 0x00, 0x1E, 0x00, 0x1C, 0xE0, 0x73, 0x81, 0xCE, 0x00, 0x00, 0x00, 0x03,
    0xC0, 0xF7, 0x03, 0x9C, 0x0E, 0x38, 0x70, 0xE1, 0xC3, 0x87, 0x07, 0x38, 0x1C, 0xE0, 0x73, 0x80,
    0xFC, 0x03, 0xF0, 0x07, 0x80, 0x1E, 0x00, 0x78, 0x01, 0xC0, 0x07, 0x00, 0x38, 0x03, 0xE0, 0x1F,
    0x00, 0x07, 0x78, 0x0E, 0x70, 0x0E, 0xE0, 0x0C, 0xE0, 0x00, 0x00, 0x00, 0x00, 0x00, 0x00, 0xF0,
    0x0E, 0x70, 0x0E, 0x78, 0x1C, 0x38, 0x1C, 0x3C, 0x3C, 0x1C, 0x38, 0x1C, 0x38, 0x0E, 0x70, 0x0E,
    0x70, 0x07, 0xE0, 0x07, 0xE0, 0x03, 0xE0, 0x03, 0xC0, 0x03, 0xC0, 0x03, 0x80, 0x07, 0x80, 0x1F,
    0x00, 0x1E, 0x00, 0x0E, 0x70, 0x3B, 0x81, 0xCC, 0x07, 0x70, 0x00, 0x00, 0x00, 0x0F, 0x03, 0xDC,
    0x0E, 0x70, 0x38, 0xE1, 0xC3, 0x87, 0x0E, 0x1C, 0x1C, 0xE0, 0x73, 0x81, 0xCE, 0x03, 0xF0, 0x0F,
    0xC0, 0x1E, 0x00, 0x78, 0x01, 0xE0, 0x07, 0x00, 0x1C, 0x00, 0xE0, 0x0F, 0x80, 0x7C, 0x00, 0x0E,
    0x70, 0x3D, 0xE0, 0x39, 0xC0, 0x00, 0x00, 0x00, 0x00, 0x00, 0x1C, 0x03, 0xB8, 0x07, 0x70, 0x0E,
    0xE0, 0x1D, 0xC0, 0x3B, 0x80, 0x77, 0x00, 0xEE, 0x01, 0xDF, 0x1F, 0x9F, 0xFF, 0x1F, 0xEE, 0x00,
    0x1C, 0x00, 0x38, 0x00, 0x70, 0x00, 0xE0, 0x01, 0xC0, 0x03, 0x80, 0x07, 0x39, 0xC3, 0x9E, 0x39,
    0xC0, 0x00, 0x00, 0x07, 0x07, 0x70, 0x77, 0x07, 0x70, 0x77, 0x07, 0x70, 0x77, 0x07, 0x78, 0xF3,
    0xFF, 0x1F, 0xF0, 0x07, 0x00, 0x70, 0x07, 0x00, 0x70, 0xFF, 0xFF, 0xFF, 0xE0, 0x0E, 0x00, 0xE0,
    0x0E, 0x00, 0xE0, 0x0E, 0x00, 0xE0, 0x0E, 0x00, 0xE0, 0x0E, 0x00, 0xE0, 0x0E, 0x00, 0xE0, 0x0E,
    0x00, 0xF8, 0x0F, 0x80, 0x38, 0x03, 0x80, 0x38, 0x03, 0x80, 0x7F, 0xDF, 0xF7, 0x01, 0xC0, 0x70,
    0x1C, 0x07, 0x01, 0xC0, 0x70, 0x1C, 0x07, 0x01, 0xC0, 0x78, 0x1E, 0x03, 0x80, 0xE0, 0x38, 0x0E,
    0x00, 0x07, 0x38, 0x03, 0xDE, 0x00, 0x73, 0x80, 0x00, 0x00, 0x00, 0x00, 0x00, 0x00, 0x0E, 0x00,
    0x1F, 0x80, 0x07, 0xE0, 0x01, 0xF8, 0x00, 0x7E, 0x00, 0x1F, 0x80, 0x07, 0xE0, 0x01, 0xFF, 0xF8,
    0x7F, 0xFF, 0x1F, 0x83, 0xE7, 0xE0, 0x39, 0xF8, 0x0E, 0x7E, 0x03, 0x9F, 0x80, 0xE7, 0xE0, 0x39,
    0xF8, 0x7E, 0x7F, 0xFF, 0x1F, 0xFF, 0x07, 0x0E, 0x70, 0x0E, 0x70, 0x0E, 0x70, 0x00, 0x00, 0x00,
    0x00, 0x70, 0x07, 0x70, 0x07, 0x70, 0x07, 0x70, 0x07, 0x70, 0x07, 0x7F, 0xC7, 0x7F, 0xE7, 0x71,
    0xF7, 0x70, 0x77, 0x70, 0x77, 0x70, 0x77, 0x71, 0xF7, 0x7F, 0xE7, 0x7F, 0xC7, 0x3F, 0xFC, 0xFF,
    0xF3, 0x80, 0x0E, 0x00, 0x38, 0x00, 0xE0, 0x03, 0x80, 0x0E, 0x00, 0xFF, 0xE3, 0xFF, 0x83, 0x80,
    0x0E, 0x00, 0x38, 0x00, 0xE0, 0x03, 0x80, 0x0E, 0x00, 0x3E, 0x00, 0xF8, 0x00, 0xE0, 0x03, 0x80,
    0x0E, 0x01, 0xF8, 0x07, 0xC0, 0x00, 0x3F, 0xE7, 0xFC, 0xE0, 0x1C, 0x03, 0x80, 0x70, 0x3F, 0xC7,
    0xF8, 0x38, 0x07, 0x00, 0xE0, 0x1C, 0x03, 0xE0, 0x7C, 0x03, 0x80, 0x60, 0x1C, 0x0F, 0x81, 0xE0,
    0x00, 0x78, 0x07, 0x0E, 0x03, 0x83, 0xC1, 0xE0, 0x78, 0x70, 0x0E, 0x38, 0x03, 0xDE, 0x00, 0x7F,
    0x00, 0x0F, 0x80, 0x01, 0xE0, 0x00, 0xF8, 0x00, 0x3F, 0x00, 0x1D, 0xC0, 0x0F, 0x78, 0x07, 0x8F,
    0x01, 0xC1, 0xC0, 0xF0, 0x78, 0x78, 0x0F, 0xDC, 0x01, 0xF0, 0x00, 0x1C, 0x00, 0x07, 0x00, 0x03,
    0xC0, 0x03, 0xE0, 0x00, 0xF0, 0x70, 0x73, 0xC7, 0x8E, 0x38, 0x3B, 0xC1, 0xDC, 0x07, 0xC0, 0x3E,
    0x01, 0xF0, 0x0F, 0x80, 0xFE, 0x07, 0x70, 0x71, 0xC7, 0x87, 0x38, 0x38, 0x01, 0xC0, 0x0E, 0x01,
    0xF0, 0x1F, 0x80, 0xF8, 0x78, 0x07, 0x1C, 0x07, 0x0F, 0x07, 0x83, 0xC3, 0x80, 0xE3, 0x80, 0x7B,
    0xC0, 0x1F, 0xC0, 0x07, 0xC0, 0x3F, 0xFE, 0x1F, 0xFF, 0x00, 0xFC, 0x00, 0xEE, 0x00, 0xF7, 0x80,
    0xF1, 0xE0, 0x70, 0x70, 0x78, 0x3C, 0x78, 0x0F, 0x38, 0x03, 0x80, 0x70, 0x79, 0xC3, 0x8F, 0x38,
    0x39, 0xC0, 0xFC, 0x07, 0xC1, 0xFF, 0xEF, 0xFE, 0x0F, 0xC0, 0xFE, 0x07, 0x38, 0x71, 0xE7, 0x87,
    0x38, 0x1C, 0x78, 0x0E, 0x78, 0x1C, 0x78, 0x38, 0x70, 0x70, 0x71, 0xC1, 0xF3, 0x87, 0xFF, 0x1C,
    0xFC, 0x38, 0xE0, 0xE1, 0xE1, 0xC1, 0xC3, 0x81, 0xC7, 0x03, 0xCE, 0x03, 0x9C, 0x03, 0x80, 0x7F,
    0x87, 0xFE, 0x00, 0x78, 0x01, 0xC0, 0x0E, 0x00, 0x70, 0x03, 0x80, 0x1C, 0x00, 0xE0, 0x07, 0x00,
    0x38, 0x01, 0xC0, 0x0E, 0x7F, 0xFF, 0xFF, 0xE0, 0x3E, 0x1F, 0x83, 0xC0, 0xE0, 0x70, 0x38, 0x1C,
    0x0E, 0x07, 0x03, 0x81, 0xC1, 0xE3, 0xFF, 0xDF, 0xCE, 0x00, 0x7F, 0xFB, 0xFF, 0xC0, 0x38, 0x01,
    0xC0, 0x0E, 0x00, 0x70, 0x03, 0x80, 0x1C, 0x00, 0xE0, 0x07, 0x00, 0x38, 0x01, 0xC0, 0x0E, 0x00,
    0x70, 0x03, 0x80, 0xFF, 0xE7, 0xFF, 0x80, 0x1E, 0x00, 0x70, 0x03, 0x80, 0x1D, 0x80, 0xFC, 0x07,
    0xE0, 0x3F, 0x01, 0xF8, 0x0F, 0xC0, 0x7E, 0x03, 0xF0, 0x1F, 0x80, 0xE0, 0x7D, 0xF1, 0xC7, 0x1C,
    0x71, 0xC7, 0x1C, 0x71, 0xC7, 0x1C, 0x71, 0xC0, 0xFF, 0xFC, 0xF1, 0x87, 0x0E, 0x1C, 0x38, 0x70,
    0xE1, 0xC3, 0x87, 0x0F, 0x0E, 0x00, 0xFF, 0xF3, 0xFF, 0xE3, 0x03, 0xDC, 0x07, 0x70, 0x1D, 0xC0,
    0x77, 0x01, 0xDC, 0x07, 0x70, 0x1D, 0xC0, 0x77, 0x01, 0xDC, 0x07, 0x70, 0x1D, 0xC0, 0x77, 0x01,
    0xC0, 0xE3, 0xF3, 0x8F, 0xEE, 0x07, 0xB8, 0x0F, 0xE0, 0x1F, 0x80, 0x7E, 0x01, 0xF8, 0x07, 0xE0,
    0x1F, 0x80, 0x77, 0x03, 0x9C, 0x0E, 0x7C, 0xF8, 0xFF, 0xC1, 0xFC, 0x00, 0x7D, 0xF1, 0xC7, 0x1C,
    0x71, 0xC7, 0x1C, 0xFF, 0x9F, 0xF8, 0x07, 0x80, 0x70, 0x0E, 0x01, 0xC0, 0x38, 0x07, 0x00, 0xE0,
    0x1C, 0x03, 0x80, 0x70, 0x0E, 0x01, 0xC0, 0x38, 0x07, 0x00, 0xE0, 0x1C, 0x03, 0x80, 0x70, 0xFF,
    0x1F, 0xF0, 0x0F, 0x00, 0xE0, 0x0E, 0x01, 0xC0, 0x38, 0x07, 0x00, 0xE0, 0x1C, 0x03, 0x80, 0xE0,
    0x3D, 0xFF, 0x3F, 0xC0, 0x00, 0x07, 0x80, 0x3C, 0x01, 0xE0, 0x0F, 0x00, 0x7F, 0xFB, 0xFF, 0xC0,
    0x0E, 0x00, 0x70, 0x07, 0x00, 0x38, 0x01, 0xC0, 0x1C, 0x00, 0xE0, 0x07, 0x00, 0x70, 0x03, 0x80,
    0x1C, 0x01, 0xC0, 0x0E, 0x00, 0xFF, 0xF9, 0xFF, 0xF8, 0xE0, 0xF3, 0x80, 0xF7, 0x00, 0xEE, 0x01,
    0xDC, 0x03, 0xB8, 0x07, 0x70, 0x0E, 0xE0, 0x1D, 0xC0, 0x3B, 0x80, 0x77, 0x00, 0xEF, 0xFF, 0xDF,
    0xFF, 0x80, 0xE3, 0xF1, 0xCF, 0xF1, 0xF8, 0xF3, 0xE0, 0xE7, 0x81, 0xE7, 0x01, 0xCE, 0x03, 0x9C,
    0x07, 0x70, 0x0E, 0xE0, 0x1D, 0xC0, 0x73, 0x80, 0xE7, 0x07, 0xDE, 0xFF, 0x39, 0xFC, 0x00, 0xFF,
    0xCE, 0x73, 0x9C, 0xE7, 0x39, 0xCE, 0x73, 0x9C, 0xE7, 0x39, 0xCE, 0x70, 0x7C, 0xFC, 0x78, 0x70,
    0xE1, 0xC3, 0x87, 0x0E, 0x1C, 0x38, 0x70, 0xFF, 0xFF, 0x80, 0xFF, 0xF3, 0xFF, 0xE3, 0x87, 0x9C,
    0x07, 0x70, 0x1D, 0xC0, 0x77, 0x01, 0xDC, 0x07, 0x70, 0x1D, 0xC0, 0x77, 0x01, 0xDE, 0x0E, 0x3C,
    0x78, 0xFF, 0xC0, 0xFE, 0x00, 0x00, 0x01, 0xC0, 0x73, 0x81, 0xCE, 0x07, 0x38, 0x1C, 0xE0, 0x71,
    0xC1, 0xC7, 0x0F, 0x1C, 0x38, 0x70, 0xE1, 0xE3, 0x83, 0x9C, 0x0E, 0xF0, 0x3F, 0x87, 0xFC, 0x1F,
    0xC0, 0x70, 0x00, 0x3F, 0xC3, 0xFF, 0x1E, 0x7D, 0xC0, 0xEE, 0x07, 0xF0, 0x1F, 0x80, 0xFE, 0x07,
    0x7C, 0x39, 0xE1, 0xC0, 0x0E, 0x00, 0x70, 0x03, 0x80, 0x1C, 0x00, 0xE0, 0x07, 0x00, 0x38, 0x01,
    0xC0, 0x0E, 0x00, 0x70, 0x1F, 0xC3, 0xFF, 0x1E, 0x3D, 0xC0, 0xEE, 0x03, 0xF0, 0x1F, 0x80, 0xEF,
    0x07, 0x7C, 0x39, 0xE1, 0xC0, 0x1E, 0x00, 0xE0, 0x1F, 0x7F, 0xF3, 0xFE, 0x00, 0x70, 0x73, 0x83,
    0x9E, 0x1C, 0x70, 0xE3, 0x87, 0x0E, 0x70, 0x73, 0x83, 0xF8, 0x0F, 0xC0, 0x7C, 0x01, 0xC0, 0x0E,
    0x00, 0x70, 0x03, 0xC0, 0x0E, 0x00, 0x70, 0x03, 0x80, 0x1E, 0x00, 0x70, 0x03, 0x80, 0xF0, 0x77,
    0x07, 0x78, 0x73, 0x87, 0x3C, 0xE1, 0xCE, 0x0F, 0xE0, 0xFC, 0x07, 0x80, 0x38, 0x03, 0xC0, 0x1C,
    0x00, 0xEF, 0xFE, 0xFF, 0xE0, 0xFF, 0xFF, 0xFF, 0xF0, 0x01, 0xC0, 0x0E, 0x00, 0x39, 0xC0, 0xE7,
    0x07, 0x1C, 0x1C, 0x70, 0x71, 0xC1, 0xC7, 0x0E, 0x1C, 0x38, 0x70, 0xE1, 0xC7, 0x07, 0x1C, 0x1C,
    0x00, 0x70, 0x01, 0xC0, 0x07, 0x00, 0x1C, 0x00, 0xFF, 0x9F, 0xF8, 0x0F, 0x00, 0xE0, 0x1E, 0x01,
    0xC0, 0x38, 0x07, 0x00, 0xE0, 0x1C, 0x03, 0x80, 0x70, 0x0E, 0x01, 0xC0, 0x38, 0xE1, 0xC7, 0xE1,
    0xC7, 0xE1, 0xC7, 0xE3, 0xC7, 0xE3, 0x87, 0xE3, 0x87, 0xEF, 0x87, 0xFF, 0x07, 0xFE, 0x07, 0x70,
    0x07, 0x70, 0x0E, 0x78, 0x1E, 0x3C, 0x3C, 0x1F, 0xF8, 0x0F, 0xF0, 0x7F, 0xFC, 0x7F, 0xFE, 0x1C,
    0x1E, 0x1C, 0x0F, 0x1C, 0x07, 0x1C, 0x07, 0x1C, 0x07, 0x1C, 0x07, 0x1C, 0x07, 0x1C, 0x07, 0x1C,
    0x07, 0x1C, 0x07, 0x1C, 0x07, 0x7C, 0x07, 0x78, 0x07, 0x67, 0xEE, 0xFF, 0x00, 0x19, 0xCE, 0x77,
    0x39, 0xC0, 0x00, 0x1D, 0xE7, 0x30, 0x00, 0x07, 0xF9, 0xFF, 0x78, 0x6E, 0x01, 0xC0, 0x38, 0x07,
    0x80, 0x78, 0x07, 0x80, 0x78, 0x07, 0x00, 0x60, 0x0C, 0x00, 0x00, 0x00, 0x0F, 0x01, 0xE0, 0x3C,
    0x03, 0x00, 0x1F, 0x0F, 0xC7, 0xA1, 0xC0, 0x70, 0x1C, 0x03, 0xF8, 0x7F, 0xFF, 0x3F, 0x04, 0x00,
    0xFF, 0xFF, 0xFC, 0x31, 0xEE, 0x38, 0x7F, 0xF6, 0x00, 0x03, 0x3C, 0xE2, 0x00, 0x07, 0x39, 0xCE,
    0x31, 0xCE, 0x73, 0x9C, 0xE7, 0x18, 0xC7, 0x39, 0xC0, 0x00, 0x1C, 0x1B, 0x83, 0x70, 0xEF, 0xFC,
    0xFF, 0x1F, 0x03, 0x80, 0x70, 0x0E, 0x01, 0xC0, 0x38, 0x07, 0x00, 0x60, 0x0E, 0x01, 0xC0, 0x38,
    0x07, 0x00, 0x00, 0x00, 0x00, 0x01, 0x86, 0x67, 0x19, 0xDC, 0x67, 0x73, 0x9D, 0xFF, 0xF3, 0xFF,
    0x8F, 0x98, 0x38, 0x00, 0xE0, 0x03, 0x80, 0x0E, 0x00, 0x38, 0x00, 0xE0, 0x03, 0x80, 0x06, 0x00,
    0x18, 0x00, 0x60, 0x00, 0x00, 0x00, 0x00, 0x01, 0xC0, 0xF8, 0x3E, 0x0F, 0x01, 0xC0, 0x30, 0x07,
    0x00, 0xFE, 0x0F, 0xC1, 0xF0, 0x38, 0x0E, 0x01, 0xC0, 0x38, 0x07, 0x86, 0xFF, 0xEF, 0xF8, 0x00,
    0x00, 0x1F, 0x07, 0xF1, 0xFE, 0x70, 0xEE, 0x1D, 0xC1, 0xB8, 0x3F, 0x07, 0xE0, 0xDC, 0x3B, 0xCF,
    0x3F, 0xC3, 0xF8, 0x00, 0x00, 0x00, 0x07, 0xFC, 0x7F, 0xC7, 0xFC, 0x00, 0xC0, 0x0C, 0x00, 0xC0,
    0x0C, 0x00, 0xE0, 0x0E, 0x00, 0xE0, 0x0E, 0x00, 0xE0, 0x0E, 0x00, 0x60, 0x06, 0x00, 0x70, 0x07,
    0x00, 0x00, 0x00, 0x03, 0x80, 0x7F, 0x01, 0xDC, 0x0E, 0x70, 0x38, 0xE0, 0xE3, 0x87, 0x0E, 0x1C,
    0x1C, 0x60, 0x73, 0x81, 0xCE, 0x03, 0xB0, 0x0F, 0xC0, 0x3F, 0x00, 0x78, 0x01, 0xE0, 0x07, 0x80,
    0x0C, 0x00, 0x20, 0x00, 0x00, 0x00, 0x0E, 0x00, 0x38, 0x01, 0xE0, 0x07, 0xC0, 0x1F, 0x00, 0xFC,
    0x03, 0xF8, 0x0E, 0xE0, 0x73, 0x81, 0xCF, 0x06, 0x1C, 0x38, 0x70, 0xE0, 0xE7, 0x03, 0x9C, 0x0E,
    0xF0, 0x1F, 0x80, 0x70, 0x00, 0x80, 0x3E, 0x0F, 0xE3, 0xDC, 0x71, 0xCC, 0x39, 0xC7, 0x3C, 0xE3,
    0xFC, 0x3F, 0x80, 0x30, 0x07, 0x00, 0xE0, 0x1C, 0x03, 0x80, 0x70, 0x06, 0x00, 0xC0, 0x00, 0x00,
    0x0E, 0x00, 0x0E, 0x00, 0x0E, 0x20, 0x07, 0x70, 0x07, 0x70, 0x07, 0x60, 0x07, 0xE0, 0x07, 0xE0,
    0x07, 0x70, 0x07, 0x78, 0x1E, 0x7F, 0xFC, 0x3F, 0xF8, 0x0F, 0xF0, 0xFF, 0xF0, 0x08, 0x07, 0x81,
    0xE0, 0xFC, 0x3B, 0x9C, 0x66, 0x1F, 0x87, 0xE1, 0xDC, 0xE7, 0xF8, 0xFC, 0x03, 0x3C, 0xE2, 0x00,
    0x07, 0x39, 0xCE, 0x31, 0xCE, 0x73, 0x9C, 0xE7, 0x18, 0xC7, 0x39, 0xC0, 0x00, 0x1C, 0x1B, 0x83,
    0x70, 0xEF, 0xFC, 0xFF, 0x1F, 0x03, 0x80, 0x70, 0x0E, 0x01, 0xC0, 0x38, 0x07, 0x00, 0x60, 0x0E,
    0x01, 0xC0, 0x38, 0x07, 0x00, 0x00, 0x00, 0x00, 0x01, 0x86, 0x67, 0x19, 0xDC, 0x67, 0x73, 0x9D,
    0xFF, 0xF3, 0xFF, 0x8F, 0x98, 0x38, 0x00, 0xE0, 0x03, 0x80, 0x0E, 0x00, 0x38, 0x00, 0xE0, 0x03,
    0x80, 0x06, 0x00, 0x18, 0x00, 0x60, 0x00, 0x00, 0x00, 0xE7, 0x9D, 0xF3, 0xB8, 0x77, 0x0F, 0xFC,
    0xFF, 0xDF, 0xE3, 0x80, 0x70, 0x0E, 0x01, 0xC0, 0x38, 0x03, 0x00, 0x60, 0x0C, 0x01, 0xC0, 0x38,
    0x00, 0x06, 0x00, 0xF0, 0x07, 0x00, 0xF8, 0x1F, 0x81, 0xDC, 0x39, 0xC3, 0x8E, 0x70, 0xE7, 0x06,
    0x60, 0x76, 0x07, 0x60, 0x76, 0x67, 0x76, 0x67, 0xFE, 0x3F, 0xC0, 0x1F, 0x8F, 0xE3, 0x91, 0xC0,
    0x70, 0x1C, 0x03, 0x88, 0xFF, 0x1F, 0x83, 0xC1, 0xE0, 0x70, 0x38, 0x0E, 0x07, 0x01, 0xC0, 0xE0,
    0x00, 0x00, 0x00, 0x03, 0x80, 0x7F, 0x01, 0xDC, 0x0E, 0x70, 0x38, 0xE0, 0xE3, 0x87, 0x0E, 0x1C,
    0x1C, 0x60, 0x73, 0x81, 0xCE, 0x03, 0xB0, 0x0F, 0xC0, 0x3F, 0x00, 0x78, 0x01, 0xE0, 0x07, 0x80,
    0x0C, 0x00, 0x20, 0x00, 0x00, 0x00, 0x0E, 0x00, 0x38, 0x01, 0xE0, 0x07, 0xC0, 0x1F, 0x00, 0xFC,
    0x03, 0xF8, 0x0E, 0xE0, 0x73, 0x81, 0xCF, 0x06, 0x1C, 0x38, 0x70, 0xE0, 0xE7, 0x03, 0x9C, 0x0E,
    0xF0, 0x1F, 0x80, 0x70, 0x00, 0x80, 0x3E, 0x0F, 0xE3, 0xDC, 0x71, 0xCC, 0x39, 0xC7, 0x3C, 0xE3,
    0xFC, 0x3F, 0x80, 0x30, 0x07, 0x00, 0xE0, 0x1C, 0x03, 0x80, 0x70, 0x06, 0x00, 0xC0, 0x00, 0x01,
    0xC0, 0x01, 0xF0, 0x00, 0xF8, 0x00, 0x6E, 0x00, 0x77, 0x00, 0x3B, 0x80, 0x3C, 0xE0, 0x1C, 0x70,
    0x0E, 0x38, 0x0E, 0x0E, 0x07, 0x07, 0x03, 0xFF, 0xC3, 0xFF, 0xE1, 0xC0, 0x70, 0xE0, 0x1C, 0xE0,
    0x0E, 0x70, 0x07, 0x78, 0x01, 0xC0, 0x00, 0x00, 0x00, 0x00, 0x1C, 0x00, 0x0F, 0x00, 0x07, 0x00,
    0x1F, 0x87, 0xFC, 0x79, 0xEE, 0x0E, 0x00, 0xE0, 0x3E, 0x3F, 0xE7, 0xFE, 0xF0, 0x6E, 0x0E, 0xE0,
    0xEF, 0x3E, 0x7F, 0xE3, 0xF6, 0x00, 0x00, 0x00, 0x0E, 0x00, 0xF0, 0x0E, 0x00, 0x03, 0xC0, 0x01,
    0xF0, 0x00, 0x38, 0x00, 0x18, 0x00, 0x00, 0x00, 0x00, 0x00, 0x00, 0x00, 0x03, 0x80, 0x03, 0xE0,
    0x01, 0xF0, 0x00, 0xDC, 0x00, 0xEE, 0x00, 0x77, 0x00, 0x79, 0xC0, 0x38, 0xE0, 0x1C, 0x70, 0x1C,
    0x1C, 0x0E, 0x0E, 0x07, 0xFF, 0x87, 0xFF, 0xC3, 0x80, 0xE1, 0xC0, 0x39, 0xC0, 0x1C, 0xE0, 0x0E,
    0xF0, 0x03, 0x80, 0x1F, 0x01, 0xF0, 0x07, 0x00, 0x60, 0x00, 0x00, 0x00, 0x1F, 0x87, 0xFC, 0x79,
    0xEE, 0x0E, 0x00, 0xE0, 0x3E, 0x3F, 0xE7, 0xFE, 0xF0, 0x6E, 0x0E, 0xE0, 0xEF, 0x3E, 0x7F, 0xE3,
    0xF6, 0x00, 0x1E, 0x00, 0x0E, 0x00, 0x0E, 0x00, 0x07, 0x00, 0x1C, 0x00, 0x1F, 0x00, 0x0F, 0xC0,
    0x0E, 0x70, 0x00, 0x00, 0x00, 0x00, 0x00, 0x00, 0x00, 0x38, 0x00, 0x3E, 0x00, 0x1F, 0x00, 0x0D,
    0xC0, 0x0E, 0xE0, 0x07, 0x70, 0x07, 0x9C, 0x03, 0x8E, 0x01, 0xC7, 0x01, 0xC1, 0xC0, 0xE0, 0xE0,
    0x7F, 0xF8, 0x7F, 0xFC, 0x38, 0x0E, 0x1C, 0x03, 0x9C, 0x01, 0xCE, 0x00, 0xEF, 0x00, 0x38, 0x00,
    0x70, 0x0E, 0x00, 0xC0, 0x1C, 0x0E, 0x00, 0xF0, 0x1F, 0x83, 0x9C, 0x00, 0x00, 0x00, 0x1F, 0x87,
    0xFC, 0x79, 0xEE, 0x0E, 0x00, 0xE0, 0x3E, 0x3F, 0xE7, 0xFE, 0xF0, 0x6E, 0x0E, 0xE0, 0xEF, 0x3E,
    0x7F, 0xE3, 0xF6, 0x00, 0x70, 0x00, 0x38, 0x00, 0x0E, 0x00, 0x00, 0x00, 0x1E, 0x00, 0x1F, 0x00,
    0x1D, 0xC0, 0x0C, 0x70, 0x00, 0x00, 0x00, 0x00, 0x00, 0x70, 0x00, 0x7C, 0x00, 0x3E, 0x00, 0x1B,
    0x80, 0x1D, 0xC0, 0x0E, 0xE0, 0x0F, 0x38, 0x07, 0x1C, 0x03, 0x8E, 0x03, 0x83, 0x81, 0xC1, 0xC0,
    0xFF, 0xF0, 0xFF, 0xF8, 0x70, 0x1C, 0x38, 0x07, 0x38, 0x03, 0x9C, 0x01, 0xDE, 0x00, 0x70, 0x03,
    0x80, 0x1C, 0x01, 0xC0, 0x00, 0x0F, 0x01, 0xF8, 0x3B, 0x83, 0x9C, 0x00, 0x01, 0xF8, 0x7F, 0xC7,
    0x9E, 0xE0, 0xE0, 0x0E, 0x03, 0xE3, 0xFE, 0x7F, 0xEF, 0x06, 0xE0, 0xEE, 0x0E, 0xF3, 0xE7, 0xFE,
    0x3F, 0x60, 0x00, 0x78, 0x00, 0x3C, 0x00, 0x06, 0x00, 0x07, 0x00, 0x00, 0x00, 0x0F, 0x00, 0x0F,
    0x80, 0x0E, 0xE0, 0x06, 0x38, 0x00, 0x00, 0x00, 0x00, 0x00, 0x38, 0x00, 0x3E, 0x00, 0x1F, 0x00,
    0x0D, 0xC0, 0x0E, 0xE0, 0x07, 0x70, 0x07, 0x9C, 0x03, 0x8E, 0x01, 0xC7, 0x01, 0xC1, 0xC0, 0xE0,
    0xE0, 0x7F, 0xF8, 0x7F, 0xFC, 0x38, 0x0E, 0x1C, 0x03, 0x9C, 0x01, 0xCE, 0x00, 0xEF, 0x00, 0x38,
    0x03, 0xC0, 0x3C, 0x00, 0xC0, 0x1C, 0x00, 0x00, 0xF0, 0x1F, 0x83, 0xB8, 0x39, 0xC0, 0x00, 0x1F,
    0x87, 0xFC, 0x79, 0xEE, 0x0E, 0x00, 0xE0, 0x3E, 0x3F, 0xE7, 0xFE, 0xF0, 0x6E, 0x0E, 0xE0, 0xEF,
    0x3E, 0x7F, 0xE3, 0xF6, 0x03, 0xB0, 0x03, 0xF8, 0x01, 0xBC, 0x00, 0x00, 0x00, 0x1C, 0x00, 0x1F,
    0x00, 0x1F, 0xC0, 0x0E, 0x70, 0x00, 0x00, 0x00, 0x00, 0x00, 0x70, 0x00, 0x7C, 0x00, 0x3E, 0x00,
    0x1B, 0x80, 0x1D, 0xC0, 0x0E, 0xE0, 0x0F, 0x38, 0x07, 0x1C, 0x03, 0x8E, 0x03, 0x83, 0x81, 0xC1,
    0xC0, 0xFF, 0xF0, 0xFF, 0xF8, 0x70, 0x1C, 0x38, 0x07, 0x38, 0x03, 0x9C, 0x01, 0xDE, 0x00, 0x70,
    0x1C, 0xC3, 0xFC, 0x37, 0x80, 0x00, 0x0E, 0x00, 0xF0, 0x1F, 0x83, 0x9C, 0x00, 0x01, 0xF8, 0x7F,
    0xC7, 0x9E, 0xE0, 0xE0, 0x0E, 0x03, 0xE3, 0xFE, 0x7F, 0xEF, 0x06, 0xE0, 0xEE, 0x0E, 0xF3, 0xE7,
    0xFE, 0x3F, 0x60, 0x01, 0xC0, 0x01, 0xF0, 0x01, 0xFC, 0x00, 0xEF, 0x00, 0x00, 0x00, 0x00, 0x00,
    0x00, 0x00, 0x03, 0x80, 0x03, 0xE0, 0x01, 0xF0, 0x00, 0xDC, 0x00, 0xEE, 0x00, 0x77, 0x00, 0x79,
    0xC0, 0x38, 0xE0, 0x1C, 0x70, 0x1C, 0x1C, 0x0E, 0x0E, 0x07, 0xFF, 0x87, 0xFF, 0xC3, 0x80, 0xE1,
    0xC0, 0x39, 0xC0, 0x1C, 0xE0, 0x0E, 0xF0, 0x03, 0x80, 0x00, 0x00, 0x00, 0x00, 0x38, 0x00, 0x1E,
    0x00, 0x0E, 0x00, 0x0E, 0x01, 0xF0, 0x1F, 0x83, 0x9C, 0x00, 0x00, 0x00, 0x1F, 0x87, 0xFC, 0x79,
    0xEE, 0x0E, 0x00, 0xE0, 0x3E, 0x3F, 0xE7, 0xFE, 0xF0, 0x6E, 0x0E, 0xE0, 0xEF, 0x3E, 0x7F, 0xE3,
    0xF6, 0x00, 0x00, 0x00, 0x0E, 0x00, 0xF0, 0x0E, 0x00, 0x00, 0x70, 0x00, 0x70, 0x00, 0x38, 0x00,
    0x18, 0x00, 0x63, 0x00, 0x31, 0x80, 0x1F, 0xC0, 0x07, 0xC0, 0x00, 0x00, 0x00, 0x00, 0x00, 0x70,
    0x00, 0x7C, 0x00, 0x3E, 0x00, 0x1B, 0x80, 0x1D, 0xC0, 0x0E, 0xE0, 0x0F, 0x38, 0x07, 0x1C, 0x03,
    0x8E, 0x03, 0x83, 0x81, 0xC1, 0xC0, 0xFF, 0xF0, 0xFF, 0xF8, 0x70, 0x1C, 0x38, 0x07, 0x38, 0x03,
    0x9C, 0x01, 0xDE, 0x00, 0x70, 0x03, 0x80, 0x38, 0x07, 0x00, 0x60, 0x30, 0xC3, 0x9C, 0x1F, 0x81,
    0xF0, 0x00, 0x01, 0xF8, 0x7F, 0xC7, 0x9E, 0xE0, 0xE0, 0x0E, 0x03, 0xE3, 0xFE, 0x7F, 0xEF, 0x06,
    0xE0, 0xEE, 0x0E, 0xF3, 0xE7, 0xFE, 0x3F, 0x60, 0x07, 0x00, 0x01, 0xC0, 0x00, 0x60, 0x00, 0x38,
    0x00, 0x63, 0x00, 0x31, 0x80, 0x1F, 0xC0, 0x07, 0xC0, 0x00, 0x00, 0x00, 0x00, 0x00, 0x70, 0x00,
    0x7C, 0x00, 0x3E, 0x00, 0x1B, 0x80, 0x1D, 0xC0, 0x0E, 0xE0, 0x0F, 0x38, 0x07, 0x1C, 0x03, 0x8E,
    0x03, 0x83, 0x81, 0xC1, 0xC0, 0xFF, 0xF0, 0xFF, 0xF8, 0x70, 0x1C, 0x38, 0x07, 0x38, 0x03, 0x9C,
    0x01, 0xDE, 0x00, 0x70, 0x3C, 0x01, 0xC0, 0x0E, 0x00, 0xE0, 0x31, 0xC3, 0x9C, 0x3F, 0x81, 0xF0,
    0x00, 0x01, 0xF8, 0x7F, 0xC7, 0x9E, 0xE0, 0xE0, 0x0E, 0x03, 0xE3, 0xFE, 0x7F, 0xEF, 0x06, 0xE0,
    0xEE, 0x0E, 0xF3, 0xE7, 0xFE, 0x3F, 0x60, 0x03, 0xE0, 0x01, 0xF0, 0x00, 0x38, 0x00, 0x18, 0x00,
    0x63, 0x00, 0x3B, 0x80, 0x1F, 0xC0, 0x07, 0xC0, 0x00, 0x00, 0x00, 0x00, 0x00, 0x70, 0x00, 0x7C,
    0x00, 0x3E, 0x00, 0x1B, 0x80, 0x1D, 0xC0, 0x0E, 0xE0, 0x0F, 0x38, 0x07, 0x1C, 0x03, 0x8E, 0x03,
    0x83, 0x81, 0xC1, 0xC0, 0xFF, 0xF0, 0xFF, 0xF8, 0x70, 0x1C, 0x38, 0x07, 0x38, 0x03, 0x9C, 0x01,
    0xDE, 0x00, 0x70, 0x1F, 0x01, 0xF0, 0x07, 0x00, 0x60, 0x31, 0xC3, 0x9C, 0x1F, 0x81, 0xF0, 0x00,
    0x01, 0xF8, 0x7F, 0xC7, 0x9E, 0xE0, 0xE0, 0x0E, 0x03, 0xE3, 0xFE, 0x7F, 0xEF, 0x06, 0xE0, 0xEE,
    0x0E, 0xF3, 0xE7, 0xFE, 0x3F, 0x60, 0x03, 0xF8, 0x03, 0xF8, 0x01, 0xBC, 0x00, 0x00, 0x00, 0x63,
    0x00, 0x3B, 0x80, 0x0F, 0xC0, 0x07, 0xC0, 0x00, 0x00, 0x00, 0xE0, 0x00, 0xF8, 0x00, 0x7C, 0x00,
    0x37, 0x00, 0x3B, 0x80, 0x1D, 0xC0, 0x1E, 0x70, 0x0E, 0x38, 0x07, 0x1C, 0x07, 0x07, 0x03, 0x83,
    0x81, 0xFF, 0xE1, 0xFF, 0xF0, 0xE0, 0x38, 0x70, 0x0E, 0x70, 0x07, 0x38, 0x03, 0xBC, 0x00, 0xE0,
    0x1F, 0xC3, 0xFC, 0x37, 0x80, 0x00, 0x31, 0xC3, 0xB8, 0x1F, 0x80, 0xF0, 0x1F, 0x87, 0xFC, 0x79,
    0xEE, 0x0E, 0x00, 0xE0, 0x3E, 0x3F, 0xE7, 0xFE, 0xF0, 0x6E, 0x0E, 0xE0, 0xEF, 0x3E, 0x7F, 0xE3,
    0xF6, 0x06, 0x30, 0x03, 0xB8, 0x01, 0xFC, 0x00, 0x7C, 0x00, 0x00, 0x00, 0x00, 0x00, 0x00, 0x00,
    0x03, 0x80, 0x03, 0xE0, 0x01, 0xF0, 0x00, 0xDC, 0x00, 0xEE, 0x00, 0x77, 0x00, 0x79, 0xC0, 0x38,
    0xE0, 0x1C, 0x70, 0x1C, 0x1C, 0x0E, 0x0E, 0x07, 0xFF, 0x87, 0xFF, 0xC3, 0x80, 0xE1, 0xC0, 0x39,
    0xC0, 0x1C, 0xE0, 0x0E, 0xF0, 0x03, 0x80, 0x00, 0x00, 0x00, 0x00, 0x38, 0x00, 0x1E, 0x00, 0x0E,
    0x00, 0x31, 0xC3, 0x9C, 0x3F, 0x81, 0xF0, 0x00, 0x00, 0x00, 0x1F, 0x87, 0xFC, 0x79, 0xEE, 0x0E,
    0x00, 0xE0, 0x3E, 0x3F, 0xE7, 0xFE, 0xF0, 0x6E, 0x0E, 0xE0, 0xEF, 0x3E, 0x7F, 0xE3, 0xF6, 0x00,
    0x00, 0x00, 0x0E, 0x00, 0xF0, 0x0E, 0x00, 0xFF, 0xFF, 0xFF, 0xE0, 0x0E, 0x00, 0xE0, 0x0E, 0x00,
    0xE0, 0x0E, 0x00, 0xFF, 0xEF, 0xFE, 0xE0, 0x0E, 0x00, 0xE0, 0x0E, 0x00, 0xE0, 0x0E, 0x00, 0xFF,
    0xFF, 0xFF, 0x00, 0x00, 0x00, 0x0E, 0x00, 0xF0, 0x0E, 0x00, 0x1F, 0xC1, 0xFF, 0x1E, 0x7C, 0xE0,
    0xEE, 0x07, 0x70, 0x1F, 0xFF, 0xFF, 0xFF, 0xE0, 0x07, 0x00, 0x1C, 0x1C, 0xF9, 0xE3, 0xFE, 0x0F,
    0xE0, 0x00, 0x00, 0x00, 0x07, 0x00, 0x38, 0x01, 0xC0, 0x1F, 0x01, 0xF0, 0x07, 0x00, 0x60, 0x00,
    0x00, 0x00, 0x00, 0x0F, 0xFF, 0xFF, 0xFE, 0x00, 0xE0, 0x0E, 0x00, 0xE0, 0x0E, 0x00, 0xE0, 0x0F,
    0xFE, 0xFF, 0xEE, 0x00, 0xE0, 0x0E, 0x00, 0xE0, 0x0E, 0x00, 0xE0, 0x0F, 0xFF, 0xFF, 0xF0, 0x0F,
    0x00, 0x78, 0x00, 0xC0, 0x0E, 0x00, 0x00, 0x00, 0x00, 0x7F, 0x07, 0xFC, 0x79, 0xF3, 0x83, 0xB8,
    0x1D, 0xC0, 0x7F, 0xFF, 0xFF, 0xFF, 0x80, 0x1C, 0x00, 0x70, 0x73, 0xE7, 0x8F, 0xF8, 0x3F, 0x80,
    0x1D, 0xC3, 0xFC, 0x37, 0x80, 0x00, 0x00, 0x00, 0x00, 0xFF, 0xFF, 0xFF, 0xE0, 0x0E, 0x00, 0xE0,
    0x0E, 0x00, 0xE0, 0x0E, 0x00, 0xFF, 0xEF, 0xFE, 0xE0, 0x0E, 0x00, 0xE0, 0x0E, 0x00, 0xE0, 0x0E,
    0x00, 0xFF, 0xFF, 0xFF, 0x0C, 0xC0, 0xFE, 0x07, 0xF0, 0x00, 0x00, 0x00, 0x0F, 0xE0, 0xFF, 0x8F,
    0x3E, 0x70, 0x77, 0x03, 0xB8, 0x0F, 0xFF, 0xFF, 0xFF, 0xF0, 0x03, 0x80, 0x0E, 0x0E, 0x7C, 0xF1,
    0xFF, 0x07, 0xF0, 0x00, 0x70, 0x0E, 0x00, 0xC0, 0x1C, 0x0E, 0x00, 0xF0, 0x1F, 0x83, 0x9C, 0x00,
    0x00, 0x00, 0x00, 0x0F, 0xFF, 0xFF, 0xFE, 0x00, 0xE0, 0x0E, 0x00, 0xE0, 0x0E, 0x00, 0xE0, 0x0F,
    0xFE, 0xFF, 0xEE, 0x00, 0xE0, 0x0E, 0x00, 0xE0, 0x0E, 0x00, 0xE0, 0x0F, 0xFF, 0xFF, 0xF0, 0x00,
    0x70, 0x03, 0x80, 0x38, 0x01, 0x80, 0x70, 0x07, 0xC0, 0x7F, 0x07, 0xB8, 0x00, 0x00, 0x00, 0x07,
    0xF0, 0x7F, 0xC7, 0x9F, 0x38, 0x3B, 0x81, 0xDC, 0x07, 0xFF, 0xFF, 0xFF, 0xF8, 0x01, 0xC0, 0x07,
    0x07, 0x3E, 0x78, 0xFF, 0x83, 0xF8, 0x03, 0x80, 0x38, 0x01, 0xC0, 0x00, 0x0F, 0x01, 0xF8, 0x3B,
    0x83, 0x9C, 0x00, 0x00, 0x00, 0xFF, 0xFF, 0xFF, 0xE0, 0x0E, 0x00, 0xE0, 0x0E, 0x00, 0xE0, 0x0E,
    0x00, 0xFF, 0xEF, 0xFE, 0xE0, 0x0E, 0x00, 0xE0, 0x0E, 0x00, 0xE0, 0x0E, 0x00, 0xFF, 0xFF, 0xFF,
    0x03, 0x80, 0x0E, 0x00, 0x38, 0x00, 0x00, 0x70, 0x07, 0xC0, 0x77, 0x07, 0x18, 0x00, 0x00, 0xFE,
    0x0F, 0xF8, 0xF3, 0xE7, 0x07, 0x70, 0x3B, 0x80, 0xFF, 0xFF, 0xFF, 0xFF, 0x00, 0x38, 0x00, 0xE0,
    0xE7, 0xCF, 0x1F, 0xF0, 0x7F, 0x00, 0x03, 0xC0, 0x3C, 0x00, 0xC0, 0x1C, 0x00, 0x00, 0xF0, 0x1F,
    0x83, 0xB8, 0x39, 0xC0, 0x00, 0x00, 0x0F, 0xFF, 0xFF, 0xFE, 0x00, 0xE0, 0x0E, 0x00, 0xE0, 0x0E,
    0x00, 0xE0, 0x0F, 0xFE, 0xFF, 0xEE, 0x00, 0xE0, 0x0E, 0x00, 0xE0, 0x0E, 0x00, 0xE0, 0x0F, 0xFF,
    0xFF, 0xF0, 0x03, 0xE0, 0x1F, 0x00, 0x38, 0x01, 0x80, 0x00, 0x03, 0x80, 0x3E, 0x03, 0xB8, 0x38,
    0xC0, 0x00, 0x07, 0xF0, 0x7F, 0xC7, 0x9F, 0x38, 0x3B, 0x81, 0xDC, 0x07, 0xFF, 0xFF, 0xFF, 0xF8,
    0x01, 0xC0, 0x07, 0x07, 0x3E, 0x78, 0xFF, 0x83, 0xF8, 0x1C, 0xC3, 0xFC, 0x37, 0x80, 0x00, 0x0E,
    0x01, 0xF0, 0x1F, 0x83, 0x9C, 0x00, 0x00, 0x00, 0xFF, 0xFF, 0xFF, 0xE0, 0x0E, 0x00, 0xE0, 0x0E,
    0x00, 0xE0, 0x0E, 0x00, 0xFF, 0xEF, 0xFE, 0xE0, 0x0E, 0x00, 0xE0, 0x0E, 0x00, 0xE0, 0x0E, 0x00,
    0xFF, 0xFF, 0xFF, 0x0C, 0xC0, 0xFE, 0x07, 0xF0, 0x00, 0x00, 0x70, 0x07, 0xC0, 0x7F, 0x07, 0xB8,
    0x00, 0x00, 0xFE, 0x0F, 0xF8, 0xF3, 0xE7, 0x07, 0x70, 0x3B, 0x80, 0xFF, 0xFF, 0xFF, 0xFF, 0x00,
    0x38, 0x00, 0xE0, 0xE7, 0xCF, 0x1F, 0xF0, 0x7F, 0x00, 0x0E, 0x01, 0xF0, 0x1F, 0x83, 0x9C, 0x00,
    0x00, 0x00, 0x00, 0x0F, 0xFF, 0xFF, 0xFE, 0x00, 0xE0, 0x0E, 0x00, 0xE0, 0x0E, 0x00, 0xE0, 0x0F,
    0xFE, 0xFF, 0xEE, 0x00, 0xE0, 0x0E, 0x00, 0xE0, 0x0E, 0x00, 0xE0, 0x0F, 0xFF, 0xFF, 0xF0, 0x00,
    0x00, 0x00, 0xE0, 0x0F, 0x00, 0xE0, 0x07, 0x00, 0x7C, 0x07, 0xF0, 0x73, 0x80, 0x00, 0x00, 0x00,
    0x7F, 0x07, 0xFC, 0x79, 0xF3, 0x83, 0xB8, 0x1D, 0xC0, 0x7F, 0xFF, 0xFF, 0xFF, 0x80, 0x1C, 0x00,
    0x70, 0x73, 0xE7, 0x8F, 0xF8, 0x3F, 0x80, 0x00, 0x00, 0x00, 0x1C, 0x00, 0xE0, 0x07, 0x00, 0xF7,
    0x8C, 0xE0, 0x00, 0x0E, 0x73, 0x9C, 0xE7, 0x39, 0xCE, 0x73, 0x9C, 0xE7, 0x39, 0xCE, 0x70, 0xF7,
    0x9C, 0xC0, 0x01, 0xCE, 0x73, 0x9C, 0xE7, 0x39, 0xCE, 0x73, 0x9C, 0xE0, 0x77, 0x77, 0x77, 0x77,
    0x77, 0x77, 0x77, 0x77, 0x77, 0x00, 0x77, 0x70, 0x7F, 0xF0, 0x07, 0x77, 0x77, 0x77, 0x77, 0x77,
    0x77, 0x70, 0x07, 0xF7, 0x07, 0xF0, 0x0F, 0xFE, 0x0F, 0xCF, 0x87, 0x01, 0xE7, 0x00, 0x73, 0x80,
    0x3B, 0x80, 0x0F, 0xC0, 0x07, 0xE0, 0x03, 0xF0, 0x01, 0xF8, 0x00, 0xFC, 0x00, 0x77, 0x00, 0x73,
    0x80, 0x38, 0xE0, 0x3C, 0x7C, 0x7C, 0x1F, 0xFC, 0x03, 0xF8, 0x00, 0x00, 0x00, 0x00, 0x00, 0x1C,
    0x00, 0x0E, 0x00, 0x07, 0x00, 0x1F, 0xC1, 0xFF, 0x1F, 0x7C, 0xE0, 0xEE, 0x03, 0xF0, 0x1F, 0x80,
    0xFC, 0x07, 0xE0, 0x3F, 0x01, 0xDC, 0x1C, 0xFB, 0xE3, 0xFE, 0x0F, 0xE0, 0x00, 0x00, 0x00, 0x07,
    0x00, 0x38, 0x01, 0xC0, 0x03, 0xC0, 0x01, 0xF0, 0x00, 0x30, 0x00, 0x18, 0x00, 0x00, 0x00, 0x00,
    0x00, 0x00, 0x00, 0x0F, 0xE0, 0x1F, 0xFC, 0x1F, 0x9F, 0x0E, 0x03, 0xCE, 0x00, 0xE7, 0x00, 0x77,
    0x00, 0x1F, 0x80, 0x0F, 0xC0, 0x07, 0xE0, 0x03, 0xF0, 0x01, 0xF8, 0x00, 0xEE, 0x00, 0xE7, 0x00,
    0x71, 0xC0, 0x78, 0xF8, 0xF8, 0x3F, 0xF8, 0x07, 0xF0, 0x00, 0x0F, 0x00, 0x7C, 0x00, 0xC0, 0x0E,
    0x00, 0x00, 0x00, 0x00, 0x7F, 0x07, 0xFC, 0x7D, 0xF3, 0x83, 0xB8, 0x0F, 0xC0, 0x7E, 0x03, 0xF0,
    0x1F, 0x80, 0xFC, 0x07, 0x70, 0x73, 0xEF, 0x8F, 0xF8, 0x3F, 0x80, 0x00, 0x1E, 0x00, 0x0E, 0x00,
    0x0E, 0x00, 0x07, 0x00, 0x1C, 0x00, 0x1F, 0x00, 0x1F, 0xC0, 0x0E, 0x70, 0x00, 0x00, 0x00, 0x00,
    0x00, 0x00, 0x00, 0xFE, 0x01, 0xFF, 0xC1, 0xF9, 0xF0, 0xE0, 0x3C, 0xE0, 0x0E, 0x70, 0x07, 0x70,
    0x01, 0xF8, 0x00, 0xFC, 0x00, 0x7E, 0x00, 0x3F, 0x00, 0x1F, 0x80, 0x0E, 0xE0, 0x0E, 0x70, 0x07,
    0x1C, 0x07, 0x8F, 0x8F, 0x83, 0xFF, 0x80, 0x7F, 0x00, 0x00, 0x70, 0x03, 0x80, 0x38, 0x01, 0x80,
    0x70, 0x07, 0xC0, 0x7F, 0x03, 0xBC, 0x00, 0x00, 0x00, 0x07, 0xF0, 0x7F, 0xC7, 0xDF, 0x38, 0x3B,
    0x80, 0xFC, 0x07, 0xE0, 0x3F, 0x01, 0xF8, 0x0F, 0xC0, 0x77, 0x07, 0x3E, 0xF8, 0xFF, 0x83, 0xF8,
    0x00, 0xF0, 0x00, 0x38, 0x00, 0x0E, 0x00, 0x00, 0x00, 0x1E, 0x00, 0x1F, 0x00, 0x1D, 0xC0, 0x0C,
    0x70, 0x00, 0x00, 0x00, 0x00, 0x01, 0xFC, 0x03, 0xFF, 0x83, 0xF3, 0xE1, 0xC0, 0x79, 0xC0, 0x1C,
    0xE0, 0x0E, 0xE0, 0x03, 0xF0, 0x01, 0xF8, 0x00, 0xFC, 0x00, 0x7E, 0x00, 0x3F, 0x00, 0x1D, 0xC0,
    0x1C, 0xE0, 0x0E, 0x38, 0x0F, 0x1F, 0x1F, 0x07, 0xFF, 0x00, 0xFE, 0x00, 0x03, 0xC0, 0x0E, 0x00,
    0x38, 0x00, 0x00, 0x70, 0x07, 0xC0, 0x77, 0x03, 0x1C, 0x00, 0x00, 0xFE, 0x0F, 0xF8, 0xFB, 0xE7,
    0x07, 0x70, 0x1F, 0x80, 0xFC, 0x07, 0xE0, 0x3F, 0x01, 0xF8, 0x0E, 0xE0, 0xE7, 0xDF, 0x1F, 0xF0,
    0x7F, 0x00, 0x00, 0x78, 0x00, 0x3C, 0x00, 0x06, 0x00, 0x07, 0x00, 0x00, 0x00, 0x0F, 0x00, 0x0F,
    0x80, 0x0E, 0xE0, 0x06, 0x38, 0x00, 0x00, 0x00, 0x00, 0x00, 0xFE, 0x01, 0xFF, 0xC1, 0xF9, 0xF0,
    0xE0, 0x3C, 0xE0, 0x0E, 0x70, 0x07, 0x70, 0x01, 0xF8, 0x00, 0xFC, 0x00, 0x7E, 0x00, 0x3F, 0x00,
    0x1F, 0x80, 0x0E, 0xE0, 0x0E, 0x70, 0x07, 0x1C, 0x07, 0x8F, 0x8F, 0x83, 0xFF, 0x80, 0x7F, 0x00,
    0x01, 0xE0, 0x0F, 0x00, 0x38, 0x01, 0x80, 0x00, 0x03, 0x80, 0x3E, 0x03, 0xB8, 0x18, 0xE0, 0x00,
    0x07, 0xF0, 0x7F, 0xC7, 0xDF, 0x38, 0x3B, 0x80, 0xFC, 0x07, 0xE0, 0x3F, 0x01, 0xF8, 0x0F, 0xC0,
    0x77, 0x07, 0x3E, 0xF8, 0xFF, 0x83, 0xF8, 0x03, 0xB0, 0x03, 0xF8, 0x01, 0xBC, 0x00, 0x00, 0x00,
    0x1C, 0x00, 0x1F, 0x00, 0x1F, 0xC0, 0x0E, 0x70, 0x00, 0x00, 0x00, 0x00, 0x01, 0xFC, 0x03, 0xFF,
    0x83, 0xF3, 0xE1, 0xC0, 0x79, 0xC0, 0x1C, 0xE0, 0x0E, 0xE0, 0x03, 0xF0, 0x01, 0xF8, 0x00, 0xFC,
    0x00, 0x7E, 0x00, 0x3F, 0x00, 0x1D, 0xC0, 0x1C, 0xE0, 0x0E, 0x38, 0x0F, 0x1F, 0x1F, 0x07, 0xFF,
    0x00, 0xFE, 0x00, 0x0E, 0xC0, 0xFE, 0x06, 0xF0, 0x00, 0x00, 0x70, 0x07, 0xC0, 0x7F, 0x03, 0xBC,
    0x00, 0x00, 0xFE, 0x0F, 0xF8, 0xFB, 0xE7, 0x07, 0x70, 0x1F, 0x80, 0xFC, 0x07, 0xE0, 0x3F, 0x01,
    0xF8, 0x0E, 0xE0, 0xE7, 0xDF, 0x1F, 0xF0, 0x7F, 0x00, 0x01, 0xC0, 0x01, 0xF0, 0x01, 0xFC, 0x00,
    0xEF, 0x00, 0x00, 0x00, 0x00, 0x00, 0x00, 0x00, 0x0F, 0xE0, 0x1F, 0xFC, 0x1F, 0x9F, 0x0E, 0x03,
    0xCE, 0x00, 0xE7, 0x00, 0x77, 0x00, 0x1F, 0x80, 0x0F, 0xC0, 0x07, 0xE0, 0x03, 0xF0, 0x01, 0xF8,
    0x00, 0xEE, 0x00, 0xE7, 0x00, 0x71, 0xC0, 0x78, 0xF8, 0xF8, 0x3F, 0xF8, 0x07, 0xF0, 0x00, 0x00,
    0x00, 0x00, 0x00, 0x38, 0x00, 0x1C, 0x00, 0x0E, 0x00, 0x07, 0x00, 0x7C, 0x07, 0xF0, 0x7B, 0x80,
    0x00, 0x00, 0x00, 0x7F, 0x07, 0xFC, 0x7D, 0xF3, 0x83, 0xB8, 0x0F, 0xC0, 0x7E, 0x03, 0xF0, 0x1F,
    0x80, 0xFC, 0x07, 0x70, 0x73, 0xEF, 0x8F, 0xF8, 0x3F, 0x80, 0x00, 0x00, 0x00, 0x1C, 0x00, 0xE0,
    0x07, 0x00, 0x00, 0x70, 0x00, 0x78, 0x00, 0x38, 0x00, 0x38, 0x00, 0x00, 0x00, 0x00, 0x1C, 0x00,
    0x0E, 0x0F, 0xFF, 0x1F, 0xFF, 0x1F, 0x9F, 0x0E, 0x03, 0xCE, 0x00, 0xE7, 0x00, 0x77, 0x00, 0x1F,
    0x80, 0x0F, 0xC0, 0x07, 0xE0, 0x03, 0xF0, 0x01, 0xF8, 0x00, 0xEE, 0x00, 0xE7, 0x00, 0x71, 0xC0,
    0x78, 0xF8, 0xF8, 0x3F, 0xF8, 0x07, 0xF0, 0x00, 0x01, 0xC0, 0x0E, 0x00, 0x38, 0x01, 0xC6, 0x00,
    0x18, 0x00, 0x61, 0xFF, 0x8F, 0xFE, 0x7D, 0xE1, 0xC1, 0xCE, 0x03, 0xB8, 0x0E, 0xE0, 0x3B, 0x80,
    0xEE, 0x03, 0xB8, 0x0E, 0x70, 0x71, 0xF7, 0xC3, 0xFE, 0x07, 0xF0, 0x07, 0x00, 0x01, 0xC0, 0x00,
    0xE0, 0x00, 0x38, 0x00, 0x00, 0x00, 0x00, 0x1C, 0x00, 0x0E, 0x0F, 0xFF, 0x1F, 0xFF, 0x1F, 0x9F,
    0x0E, 0x03, 0xCE, 0x00, 0xE7, 0x00, 0x77, 0x00, 0x1F, 0x80, 0x0F, 0xC0, 0x07, 0xE0, 0x03, 0xF0,
    0x01, 0xF8, 0x00, 0xEE, 0x00, 0xE7, 0x00, 0x71, 0xC0, 0x78, 0xF8, 0xF8, 0x3F, 0xF8, 0x07, 0xF0,
    0x00, 0x1C, 0x00, 0x38, 0x00, 0xE0, 0x01, 0xC6, 0x00, 0x18, 0x00, 0x61, 0xFF, 0x8F, 0xFE, 0x7D,
    0xE1, 0xC1, 0xCE, 0x03, 0xB8, 0x0E, 0xE0, 0x3B, 0x80, 0xEE, 0x03, 0xB8, 0x0E, 0x70, 0x71, 0xF7,
    0xC3, 0xFE, 0x07, 0xF0, 0x03, 0xC0, 0x01, 0xF0, 0x00, 0x30, 0x00, 0x18, 0x00, 0x00, 0x00, 0x00,
    0x1C, 0x00, 0x0E, 0x0F, 0xFF, 0x1F, 0xFF, 0x1F, 0x9F, 0x0E, 0x03, 0xCE, 0x00, 0xE7, 0x00, 0x77,
    0x00, 0x1F, 0x80, 0x0F, 0xC0, 0x07, 0xE0, 0x03, 0xF0, 0x01, 0xF8, 0x00, 0xEE, 0x00, 0xE7, 0x00,
    0x71, 0xC0, 0x78, 0xF8, 0xF8, 0x3F, 0xF8, 0x07, 0xF0, 0x00, 0x0F, 0x00, 0x3E, 0x00, 0x30, 0x01,
    0xC6, 0x00, 0x18, 0x00, 0x61, 0xFF, 0x8F, 0xFE, 0x7D, 0xE1, 0xC1, 0xCE, 0x03, 0xB8, 0x0E, 0xE0,
    0x3B, 0x80, 0xEE, 0x03, 0xB8, 0x0E, 0x70, 0x71, 0xF7, 0xC3, 0xFE, 0x07, 0xF0, 0x03, 0xB0, 0x03,
    0xF8, 0x01, 0xBC, 0x00, 0x00, 0x00, 0x00, 0x38, 0x00, 0x1C, 0x1F, 0xFE, 0x3F, 0xFE, 0x3F, 0x3E,
    0x1C, 0x07, 0x9C, 0x01, 0xCE, 0x00, 0xEE, 0x00, 0x3F, 0x00, 0x1F, 0x80, 0x0F, 0xC0, 0x07, 0xE0,
    0x03, 0xF0, 0x01, 0xDC, 0x01, 0xCE, 0x00, 0xE3, 0x80, 0xF1, 0xF1, 0xF0, 0x7F, 0xF0, 0x0F, 0xE0,
    0x0E, 0xC0, 0x7F, 0x01, 0xFD, 0x80, 0x06, 0x00, 0x18, 0x7F, 0xE3, 0xFF, 0x9F, 0x78, 0x70, 0x73,
    0x80, 0xEE, 0x03, 0xB8, 0x0E, 0xE0, 0x3B, 0x80, 0xEE, 0x03, 0x9C, 0x1C, 0x7D, 0xF0, 0xFF, 0x81,
    0xFC, 0x00, 0x00, 0x00, 0x00, 0x01, 0xC0, 0x00, 0xE0, 0xFF, 0xF1, 0xFF, 0xF1, 0xF9, 0xF0, 0xE0,
    0x3C, 0xE0, 0x0E, 0x70, 0x07, 0x70, 0x01, 0xF8, 0x00, 0xFC, 0x00, 0x7E, 0x00, 0x3F, 0x00, 0x1F,
    0x80, 0x0E, 0xE0, 0x0E, 0x70, 0x07, 0x1C, 0x07, 0x8F, 0x8F, 0x83, 0xFF, 0x80, 0x7F, 0x00, 0x00,
    0x00, 0x00, 0x00, 0x03, 0x80, 0x01, 0xC0, 0x00, 0xE0, 0x00, 0x00, 0x18, 0x00, 0x60, 0x01, 0x87,
    0xFE, 0x3F, 0xF9, 0xF7, 0x87, 0x07, 0x38, 0x0E, 0xE0, 0x3B, 0x80, 0xEE, 0x03, 0xB8, 0x0E, 0xE0,
    0x39, 0xC1, 0xC7, 0xDF, 0x0F, 0xF8, 0x1F, 0xC0, 0x00, 0x00, 0x00, 0x01, 0xC0, 0x07, 0x00, 0x1C,
    0x00, 0xE0, 0x0F, 0xC0, 0x1F, 0x80, 0x3F, 0x00, 0x7E, 0x00, 0xFC, 0x01, 0xF8, 0x03, 0xF0, 0x07,
    0xE0, 0x0F, 0xC0, 0x1F, 0x80, 0x3F, 0x00, 0x7E, 0x00, 0xFC, 0x03, 0xDC, 0x07, 0x3E, 0x3E, 0x3F,
    0xF8, 0x3F, 0xC0, 0x00, 0x00, 0x00, 0x00, 0x38, 0x00, 0xF0, 0x00, 0xE0, 0x00, 0x70, 0x77, 0x07,
    0x70, 0x77, 0x07, 0x70, 0x77, 0x07, 0x70, 0x77, 0x07, 0x70, 0x77, 0x07, 0x70, 0x77, 0x9F, 0x3F,
    0xF1, 0xF7, 0x00, 0x00, 0x00, 0x07, 0x00, 0x70, 0x07, 0x00, 0x07, 0x80, 0x0F, 0x00, 0x06, 0x00,
    0x1C, 0x00, 0x00, 0x00, 0x00, 0x00, 0x00, 0x70, 0x07, 0xE0, 0x0F, 0xC0, 0x1F, 0x80, 0x3F, 0x00,
    0x7E, 0x00, 0xFC, 0x01, 0xF8, 0x03, 0xF0, 0x07, 0xE0, 0x0F, 0xC0, 0x1F, 0x80, 0x3F, 0x00, 0x7E,
    0x01, 0xEE, 0x03, 0x9F, 0x1F, 0x1F, 0xFC, 0x1F, 0xE0, 0x0F, 0x00, 0xF0, 0x03, 0x00, 0x70, 0x00,
    0x00, 0x00, 0x70, 0x77, 0x07, 0x70, 0x77, 0x07, 0x70, 0x77, 0x07, 0x70, 0x77, 0x07, 0x70, 0x77,
    0x07, 0x70, 0x77, 0x9F, 0x3F, 0xF1, 0xF7, 0x00, 0xE0, 0x00, 0xE0, 0x00, 0x70, 0x00, 0x70, 0x00,
    0x00, 0x38, 0x00, 0x1C, 0x00, 0x0F, 0xC0, 0x1F, 0xE0, 0x0E, 0x70, 0x07, 0x38, 0x03, 0x9C, 0x01,
    0xCE, 0x00, 0xE7, 0x00, 0x73, 0x80, 0x39, 0xC0, 0x1C, 0xE0, 0x0E, 0x70, 0x07, 0x38, 0x03, 0x9C,
    0x01, 0xCE, 0x01, 0xC3, 0x80, 0xE1, 0xF1, 0xE0, 0x7F, 0xF0, 0x1F, 0xE0, 0x00, 0x01, 0xC0, 0x0E,
    0x00, 0x38, 0x01, 0xC3, 0x00, 0x0C, 0x00, 0x37, 0x07, 0xDC, 0x1F, 0x70, 0x71, 0xC1, 0xC7, 0x07,
    0x1C, 0x1C, 0x70, 0x71, 0xC1, 0xC7, 0x07, 0x1C, 0x1C, 0x70, 0x71, 0xE7, 0xC3, 0xFF, 0x07, 0xDC,
    0x0E, 0x00, 0x03, 0x80, 0x01, 0xC0, 0x00, 0x60, 0x00, 0x00, 0x38, 0x00, 0x1C, 0x00, 0x0F, 0xC0,
    0x1F, 0xE0, 0x0E, 0x70, 0x07, 0x38, 0x03, 0x9C, 0x01, 0xCE, 0x00, 0xE7, 0x00, 0x73, 0x80, 0x39,
    0xC0, 0x1C, 0xE0, 0x0E, 0x70, 0x07, 0x38, 0x03, 0x9C, 0x01, 0xCE, 0x01, 0xC3, 0x80, 0xE1, 0xF1,
    0xE0, 0x7F, 0xF0, 0x1F, 0xE0, 0x00, 0x1C, 0x00, 0x38, 0x00, 0xE0, 0x01, 0x83, 0x00, 0x0C, 0x00,
    0x37, 0x07, 0xDC, 0x1F, 0x70, 0x71, 0xC1, 0xC7, 0x07, 0x1C, 0x1C, 0x70, 0x71, 0xC1, 0xC7, 0x07,
    0x1C, 0x1C, 0x70, 0x71, 0xE7, 0xC3, 0xFF, 0x07, 0xDC, 0x07, 0x80, 0x03, 0xC0, 0x00, 0x60, 0x00,
    0x70, 0x00, 0x00, 0x38, 0x00, 0x1C, 0x00, 0x0F, 0xC0, 0x1F, 0xE0, 0x0E, 0x70, 0x07, 0x38, 0x03,
    0x9C, 0x01, 0xCE, 0x00, 0xE7, 0x00, 0x73, 0x80, 0x39, 0xC0, 0x1C, 0xE0, 0x0E, 0x70, 0x07, 0x38,
    0x03, 0x9C, 0x01, 0xCE, 0x01, 0xC3, 0x80, 0xE1, 0xF1, 0xE0, 0x7F, 0xF0, 0x1F, 0xE0, 0x00, 0x0F,
    0x00, 0x3C, 0x00, 0x30, 0x01, 0xC3, 0x00, 0x0C, 0x00, 0x37, 0x07, 0xDC, 0x1F, 0x70, 0x71, 0xC1,
    0xC7, 0x07, 0x1C, 0x1C, 0x70, 0x71, 0xC1, 0xC7, 0x07, 0x1C, 0x1C, 0x70, 0x71, 0xE7, 0xC3, 0xFF,
    0x07, 0xDC, 0x0E, 0x60, 0x07, 0xF0, 0x07, 0xF8, 0x00, 0x00, 0x70, 0x00, 0x38, 0x00, 0x1F, 0x80,
    0x3F, 0xC0, 0x1C, 0xE0, 0x0E, 0x70, 0x07, 0x38, 0x03, 0x9C, 0x01, 0xCE, 0x00, 0xE7, 0x00, 0x73,
    0x80, 0x39, 0xC0, 0x1C, 0xE0, 0x0E, 0x70, 0x07, 0x38, 0x03, 0x9C, 0x03, 0x87, 0x01, 0xC3, 0xE3,
    0xC0, 0xFF, 0xE0, 0x3F, 0xC0, 0x0C, 0xC0, 0x7F, 0x01, 0xFC, 0xC0, 0x03, 0x00, 0x0D, 0xC1, 0xF7,
    0x07, 0xDC, 0x1C, 0x70, 0x71, 0xC1, 0xC7, 0x07, 0x1C, 0x1C, 0x70, 0x71, 0xC1, 0xC7, 0x07, 0x1C,
    0x1C, 0x79, 0xF0, 0xFF, 0xC1, 0xF7, 0x00, 0x00, 0x03, 0x80, 0x01, 0xC0, 0x00, 0xFC, 0x01, 0xFE,
    0x00, 0xE7, 0x00, 0x73, 0x80, 0x39, 0xC0, 0x1C, 0xE0, 0x0E, 0x70, 0x07, 0x38, 0x03, 0x9C, 0x01,
    0xCE, 0x00, 0xE7, 0x00, 0x73, 0x80, 0x39, 0xC0, 0x1C, 0xE0, 0x1C, 0x38, 0x0E, 0x1F, 0x1E, 0x07,
    0xFF, 0x01, 0xFE, 0x00, 0x00, 0x00, 0x00, 0x00, 0x07, 0x00, 0x07, 0x80, 0x01, 0xC0, 0x00, 0x00,
    0x0C, 0x00, 0x30, 0x00, 0xDC, 0x1F, 0x70, 0x7D, 0xC1, 0xC7, 0x07, 0x1C, 0x1C, 0x70, 0x71, 0xC1,
    0xC7, 0x07, 0x1C, 0x1C, 0x70, 0x71, 0xC1, 0xC7, 0x9F, 0x0F, 0xFC, 0x1F, 0x70, 0x00, 0x00, 0x00,
    0x01, 0xC0, 0x07, 0x00, 0x1C, 0x00, 0x07, 0x00, 0x01, 0xC0, 0x00, 0xE0, 0x00, 0x38, 0x00, 0x00,
    0x00, 0x00, 0x00, 0x00, 0x00, 0xE0, 0x0E, 0x78, 0x0F, 0x1C, 0x07, 0x0F, 0x07, 0x83, 0xC7, 0x80,
    0xE3, 0x80, 0x7B, 0xC0, 0x1D, 0xC0, 0x07, 0xC0, 0x03, 0xE0, 0x00, 0xE0, 0x00, 0x70, 0x00, 0x38,
    0x00, 0x1C, 0x00, 0x0E, 0x00, 0x07, 0x00, 0x03, 0x80, 0x01, 0xC0, 0x00, 0x0E, 0x00, 0x38, 0x00,
    0x70, 0x01, 0xC0, 0x00, 0x00, 0x00, 0x0F, 0x03, 0xDC, 0x0E, 0x70, 0x38, 0xE1, 0xC3, 0x87, 0x0E,
    0x1C, 0x1C, 0xE0, 0x73, 0x81, 0xCE, 0x03, 0xF0, 0x0F, 0xC0, 0x1E, 0x00, 0x78, 0x01, 0xE0, 0x07,
    0x00, 0x1C, 0x00, 0xE0, 0x0F, 0x80, 0x7C, 0x00, 0x70, 0x07, 0x3C, 0x07, 0x8E, 0x03, 0x87, 0x83,
    0xC1, 0xE3, 0xC0, 0x71, 0xC0, 0x3D, 0xE0, 0x0E, 0xE0, 0x03, 0xE0, 0x01, 0xF0, 0x00, 0x70, 0x00,
    0x38, 0x00, 0x1C, 0x00, 0x0E, 0x00, 0x07, 0x00, 0x03, 0x80, 0x01, 0xC0, 0x00, 0xE0, 0x00, 0x00,
    0x00, 0x00, 0x00, 0x1C, 0x00, 0x0E, 0x00, 0x07, 0x00, 0xF0, 0x3D, 0xC0, 0xE7, 0x03, 0x8E, 0x1C,
    0x38, 0x70, 0xE1, 0xC1, 0xCE, 0x07, 0x38, 0x1C, 0xE0, 0x3F, 0x00, 0xFC, 0x01, 0xE0, 0x07, 0x80,
    0x1E, 0x00, 0x70, 0x01, 0xC0, 0x0E, 0x70, 0xF9, 0xC7, 0xC7, 0x00, 0x03, 0xC0, 0x01, 0xF0, 0x00,
    0x30, 0x00, 0x38, 0x00, 0x00, 0x00, 0x00, 0x00, 0x00, 0x00, 0xE0, 0x0E, 0x78, 0x0F, 0x1C, 0x07,
    0x0F, 0x07, 0x83, 0xC7, 0x80, 0xE3, 0x80, 0x7B, 0xC0, 0x1D, 0xC0, 0x07, 0xC0, 0x03, 0xE0, 0x00,
    0xE0, 0x00, 0x70, 0x00, 0x38, 0x00, 0x1C, 0x00, 0x0E, 0x00, 0x07, 0x00, 0x03, 0x80, 0x01, 0xC0,
    0x00, 0x07, 0x80, 0x1E, 0x00, 0x38, 0x00, 0xC0, 0x00, 0x00, 0x00, 0x0F, 0x03, 0xDC, 0x0E, 0x70,
    0x38, 0xE1, 0xC3, 0x87, 0x0E, 0x1C, 0x1C, 0xE0, 0x73, 0x81, 0xCE, 0x03, 0xF0, 0x0F, 0xC0, 0x1E,
    0x00, 0x78, 0x01, 0xE0, 0x07, 0x00, 0x1C, 0x00, 0xE0, 0x0F, 0x80, 0x7C, 0x00, 0x03, 0x30, 0x03,
    0xF8, 0x01, 0xFC, 0x00, 0x00, 0x00, 0x00, 0x00, 0x00, 0x01, 0xC0, 0x1C, 0xF0, 0x1E, 0x38, 0x0E,
    0x1E, 0x0F, 0x07, 0x8F, 0x01, 0xC7, 0x00, 0xF7, 0x80, 0x3B, 0x80, 0x0F, 0x80, 0x07, 0xC0, 0x01,
    0xC0, 0x00, 0xE0, 0x00, 0x70, 0x00, 0x38, 0x00, 0x1C, 0x00, 0x0E, 0x00, 0x07, 0x00, 0x03, 0x80,
    0x0E, 0x60, 0x7F, 0x81, 0xFC, 0x00, 0x00, 0x00, 0x03, 0xC0, 0xF7, 0x03, 0x9C, 0x0E, 0x38, 0x70,
    0xE1, 0xC3, 0x87, 0x07, 0x38, 0x1C, 0xE0, 0x73, 0x80, 0xFC, 0x03, 0xF0, 0x07, 0x80, 0x1E, 0x00,
    0x78, 0x01, 0xC0, 0x07, 0x00, 0x38, 0x03, 0xE0, 0x1F, 0x00, 0xFF, 0xFF, 0xFF, 0xFF, 0xFC, 0x87,
    0x37, 0x8C, 0x7B, 0xF3, 0x0C, 0x30, 0xC3, 0x0C, 0x30, 0xC3, 0x0C, 0x30, 0xC3, 0x00, 0x00, 0x30,
    0x37, 0xEC, 0xDB, 0x30, 0x60, 0xC1, 0x83, 0x06, 0x0C, 0x18, 0x30, 0x60, 0xC1, 0x83, 0x06, 0x00,
    0x00, 0x61, 0x83, 0xF6, 0x66, 0xC1, 0x83, 0x06, 0x0C, 0x18, 0x30, 0x60, 0xC1, 0x83, 0x06, 0x0C,
    0x18, 0x30, 0xFF, 0xFF, 0xC0, 0xFF, 0xFF, 0xC0, 0xFF, 0xFF, 0xFF, 0xF0, 0xFF, 0xFF, 0xFF, 0xC0,
    0xFF, 0xFF, 0xFF, 0xFF, 0xFF, 0xFF, 0xC0, 0xFF, 0xFF, 0xFF, 0xFF, 0xFF, 0xFF, 0xC0, 0xCF, 0x7D,
    0xF7, 0xDF, 0x7D, 0xF7, 0xDF, 0x7D, 0xF7, 0xDF, 0x7D, 0xF7, 0xDF, 0x7D, 0xF7, 0xDF, 0x7D, 0xF7,
    0xDF, 0x7D, 0xF7, 0xDF, 0x7D, 0xC0, 0x7F, 0xFB, 0xFF, 0xC0, 0x00, 0xFF, 0xF7, 0xFF, 0x80, 0x39,
    0xCE, 0x67, 0x39, 0xC0, 0x3B, 0xDC, 0xE7, 0x31, 0x80, 0x73, 0x9C, 0xCE, 0x73, 0x80, 0x73, 0x9C,
    0x63, 0x9C, 0xE0, 0x39, 0x8E, 0x63, 0xB8, 0xCE, 0x73, 0x9D, 0xE7, 0x70, 0x3B, 0x9E, 0xE7, 0x39,
    0xCC, 0x77, 0x19, 0xC6, 0x70, 0x73, 0xBB, 0xDD, 0xCC, 0xEE, 0x77, 0x33, 0x98, 0x77, 0x1C, 0xE7,
    0x38, 0xCE, 0x3B, 0x8E, 0x63, 0x98, 0x0E, 0x03, 0x80, 0xE0, 0x38, 0xFF, 0xFF, 0xF0, 0xE0, 0x38,
    0x0E, 0x03, 0x80, 0xC0, 0x30, 0x0C, 0x03, 0x00, 0x0E, 0x03, 0x80, 0xE3, 0xFF, 0xFF, 0xC3, 0x80,
    0xE0, 0x38, 0x0E, 0x3F, 0xFF, 0xFC, 0x38, 0x0E, 0x03, 0x80, 0xC0, 0x30, 0x0C, 0x03, 0x00, 0x3E,
    0x7E, 0xFF, 0xFF, 0xFF, 0xFF, 0x7E, 0x3E, 0x01, 0x83, 0xC7, 0xCF, 0xFF, 0xBE, 0x70, 0x80, 0x73,
    0xDC, 0x70, 0xE7, 0x8F, 0x70, 0xE0, 0x70, 0xE1, 0xEF, 0x1E, 0x3D, 0xC3, 0x87, 0x80, 0x73, 0xDC,
    0x3E, 0x01, 0xC0, 0x03, 0xF8, 0x1C, 0x00, 0x1D, 0xC1, 0xC0, 0x01, 0xC6, 0x0C, 0x00, 0x0E, 0x30,
    0xE0, 0x00, 0x3B, 0x8E, 0x00, 0x01, 0xFC, 0xE0, 0x00, 0x07, 0xC7, 0x00, 0x00, 0x00, 0x70, 0x00,
    0x00, 0x07, 0x1F, 0x0F, 0x00, 0x39, 0xF8, 0xFC, 0x03, 0x9E, 0xEF, 0x70, 0x38, 0xE7, 0x73, 0x81,
    0xC7, 0x3B, 0x9C, 0x1C, 0x39, 0xDC, 0xE1, 0xC1, 0xEE, 0xE7, 0x0C, 0x07, 0xE3, 0xF0, 0xE0, 0x1F,
    0x0F, 0x00, 0x3E, 0x01, 0xC0, 0x00, 0x01, 0xFC, 0x0E, 0x00, 0x00, 0x07, 0x70, 0x70, 0x00, 0x00,
    0x38, 0xC1, 0x80, 0x00, 0x00, 0xE3, 0x0E, 0x00, 0x00, 0x01, 0xDC, 0x70, 0x00, 0x00, 0x07, 0xF3,
    0x80, 0x00, 0x00, 0x0F, 0x8E, 0x00, 0x00, 0x00, 0x00, 0x70, 0x00, 0x00, 0x00, 0x03, 0x8F, 0x87,
    0x87, 0xC0, 0x0E, 0x7E, 0x3F, 0x1F, 0x80, 0x73, 0xDD, 0xEE, 0xEF, 0x03, 0x8E, 0x77, 0x3B, 0x9C,
    0x0E, 0x39, 0xDC, 0xEE, 0x70, 0x70, 0xE7, 0x73, 0xB9, 0xC3, 0x83, 0xDD, 0xCE, 0xEF, 0x0C, 0x07,
    0xE3, 0xF1, 0xF8, 0x70, 0x0F, 0x87, 0x87, 0xC0, 0xFE, 0xEE, 0xEE, 0xC0, 0xF3, 0xF1, 0xF8, 0xFC,
    0x6E, 0x37, 0x1B, 0x1C, 0xF3, 0x9F, 0xC7, 0x3B, 0x8E, 0x77, 0x18, 0xEE, 0x31, 0xDC, 0x63, 0xB1,
    0xC6, 0x00, 0xEE, 0xE6, 0x67, 0x70, 0xE7, 0xF1, 0xF8, 0xEC, 0x76, 0x3B, 0x8D, 0xC6, 0xE7, 0x9D,
    0xC7, 0x3B, 0x8E, 0x73, 0x1C, 0x66, 0x38, 0xCE, 0x31, 0xDC, 0x63, 0x80, 0x1C, 0x07, 0x83, 0xE1,
    0xDC, 0x73, 0xB8, 0xE0, 0x0F, 0x1E, 0x1C, 0x38, 0x78, 0xF0, 0xF0, 0x70, 0x38, 0x1C, 0x1E, 0x0F,
    0x70, 0x1C, 0x07, 0x03, 0xC0, 0xF0, 0x38, 0x1C, 0x1E, 0x1E, 0x0E, 0x0E, 0x0E, 0x00, 0x03, 0x00,
    0xDE, 0xC7, 0xFF, 0x8F, 0x1E, 0x3C, 0xF0, 0x7F, 0x8E, 0xFD, 0xFD, 0xEF, 0xEF, 0xDC, 0x7F, 0x83,
    0xCF, 0x1E, 0xDE, 0x37, 0xB0, 0x1E, 0x00, 0x70, 0xE7, 0x0E, 0x70, 0xE7, 0x0E, 0x70, 0xE7, 0x0E,
    0x70, 0xE7, 0x0E, 0x70, 0xE7, 0x0E, 0x70, 0xE7, 0x0E, 0x00, 0x00, 0x00, 0x00, 0x07, 0x0E, 0x78,
    0xF7, 0x0E, 0x3F, 0x8F, 0xFB, 0xCF, 0x70, 0x71, 0xCE, 0x39, 0xC7, 0x70, 0x7E, 0x0F, 0x01, 0xC0,
    0x30, 0x06, 0x00, 0x00, 0x00, 0x00, 0x00, 0xE0, 0x1E, 0x03, 0x80, 0xFF, 0xFF, 0xFF, 0x70, 0x00,
    0x77, 0xF0, 0x7E, 0x3F, 0xFF, 0xC0, 0xFF, 0xF0, 0x01, 0xFC, 0x00, 0xFF, 0xF8, 0x3F, 0xFF, 0xE7,
    0xC0, 0x1F, 0x70, 0x00, 0x60, 0x00, 0x00, 0x60, 0x38, 0x0E, 0x07, 0x03, 0x80, 0xE0, 0x70, 0x1C,
    0x0F, 0x07, 0xE1, 0xDC, 0xE7, 0x30, 0xC0, 0x00, 0x01, 0x80, 0x07, 0xE0, 0x03, 0xC0, 0x0F, 0xF0,
    0x07, 0xE0, 0x07, 0xE0, 0x01, 0x80, 0x00, 0x00, 0x18, 0x18, 0x7E, 0x7E, 0x3E, 0x3C, 0xFF, 0xFF,
    0x7E, 0x7E, 0x7E, 0x7E, 0x3A, 0x5C, 0xFF, 0xFF, 0x00, 0x0E, 0x00, 0x38, 0x00, 0xE0, 0x01, 0xC0,
    0x07, 0x00, 0x1C, 0x00, 0x38, 0x00, 0xE0, 0x03, 0x80, 0x07, 0x00, 0x1C, 0x00, 0x70, 0x00, 0xC0,
    0x03, 0x80, 0x0E, 0x00, 0x38, 0x00, 0x70, 0x01, 0xC0, 0x00, 0xFF, 0xFE, 0x38, 0xE3, 0x8E, 0x38,
    0xE3, 0x8E, 0x3F, 0xFF, 0x8E, 0x38, 0xE3, 0x8E, 0x38, 0xE3, 0xFF, 0xC0, 0xFF, 0xF1, 0xC7, 0x1C,
    0x71, 0xC7, 0x1C, 0x71, 0xFF, 0xFC, 0x71, 0xC7, 0x1C, 0x71, 0xC7, 0x1F, 0xFF, 0xC0, 0x3F, 0x81,
    0xF8, 0x7F, 0xC3, 0xFC, 0xFB, 0xC7, 0x9E, 0xE0, 0xE7, 0x0F, 0xE0, 0xE7, 0x07, 0x00, 0xE0, 0x07,
    0x01, 0xE0, 0x0E, 0x03, 0xC0, 0x1E, 0x07, 0x80, 0x7C, 0x0F, 0x00, 0x78, 0x0E, 0x00, 0xF0, 0x1C,
    0x00, 0xE0, 0x1C, 0x00, 0xE0, 0x00, 0x00, 0x00, 0x00, 0x00, 0x00, 0x1C, 0x00, 0xE0, 0x1E, 0x00,
    0xF0, 0x1C, 0x00, 0xE0, 0x3F, 0x83, 0x9F, 0xF0, 0xEF, 0xBC, 0x3B, 0x83, 0x8E, 0xE0, 0xE3, 0x80,
    0x38, 0xE0, 0x1E, 0x38, 0x0F, 0x0E, 0x07, 0x83, 0x83, 0xC0, 0xE0, 0xE0, 0x38, 0x70, 0x0E, 0x1C,
    0x00, 0x00, 0x00, 0x00, 0x00, 0x00, 0x70, 0x0E, 0x1E, 0x07, 0x87, 0x00, 0xE0, 0x70, 0x7F, 0x1C,
    0x3F, 0xE7, 0x1F, 0x7D, 0xC7, 0x07, 0x71, 0xC1, 0xDC, 0x00, 0x77, 0x00, 0x3D, 0xC0, 0x1E, 0x70,
    0x0F, 0x1C, 0x07, 0x87, 0x01, 0xC1, 0xC0, 0x70, 0x00, 0x18, 0x00, 0x00, 0x00, 0x00, 0x01, 0xC0,
    0xF0, 0x78, 0x3C, 0x1C, 0x0F, 0x00, 0xFF, 0xFF, 0xC0, 0xE0, 0x70, 0x38, 0x1C, 0x0E, 0x07, 0x03,
    0x01, 0x80, 0xC0, 0xE0, 0x70, 0x38, 0x1C, 0x0E, 0x07, 0x03, 0x81, 0xC0, 0xFF, 0x8F, 0xFE, 0xEF,
    0xEE, 0xFF, 0xEF, 0xFE, 0xFF, 0xEF, 0xFE, 0xFF, 0xEF, 0xEE, 0xFE, 0xEF, 0xCE, 0x60, 0xE0, 0x0E,
    0x00, 0xE0, 0x0E, 0x00, 0xE0, 0x0E, 0x00, 0x1F, 0xF3, 0xFF, 0x7F, 0x77, 0xF7, 0xFF, 0x7F, 0xF7,
    0xFF, 0x77, 0xF7, 0x7F, 0x73, 0xFF, 0x1F, 0xF0, 0x7F, 0xC3, 0xFF, 0x1D, 0xFC, 0xEF, 0xE7, 0x7F,
    0x3B, 0xF9, 0xDF, 0xCE, 0xFE, 0x77, 0xF3, 0xFF, 0x1F, 0xF0, 0x0C, 0x01, 0x83, 0xB7, 0x7F, 0xE3,
    0xF8, 0x7E, 0x3F, 0xF7, 0x6E, 0x0C, 0x01, 0x80, 0x73, 0xDC, 0x00, 0x00, 0x00, 0x00, 0x1C, 0xF3,
    0x9C, 0xE3, 0x18, 0x03, 0xFC, 0x01, 0xFF, 0xF8, 0x3F, 0xFF, 0xE7, 0x80, 0x1E, 0x60, 0x00, 0x60,
    0x00, 0x00, 0x00, 0x00, 0x00, 0x00, 0x00, 0x00, 0x00, 0x00, 0x00, 0x00, 0x00, 0x00, 0x00, 0x00,
    0x00, 0x00, 0x00, 0x00, 0x00, 0x00, 0x00, 0x00, 0x00, 0x00, 0x00, 0x00, 0x00, 0x00, 0x00, 0x00,
    0x00, 0x00, 0x00, 0x00, 0x00, 0x00, 0x00, 0x07, 0x00, 0x0E, 0x7F, 0x0F, 0xE3, 0xFF, 0xFC, 0x0F,
    0xFF, 0x00, 0x0E, 0x01, 0xC1, 0xBB, 0x3F, 0xF3, 0xF8, 0x7F, 0x1F, 0xF3, 0x76, 0x0E, 0x01, 0xC0,
    0x00, 0x00, 0x00, 0x00, 0x1C, 0x03, 0x83, 0x76, 0x7F, 0xE7, 0xF0, 0xFE, 0x3F, 0xE6, 0xEC, 0x1C,
    0x03, 0x80, 0x00, 0x07, 0x00, 0x0E, 0x70, 0x1C, 0xF8, 0x1C, 0xF8, 0x38, 0x70, 0x70, 0x00, 0x60,
    0x00, 0xE0, 0x01, 0xC0, 0x03, 0x80, 0x03, 0x80, 0x07, 0x0F, 0x0E, 0x0F, 0x0E, 0x0F, 0x1C, 0x0F,
    0x38, 0x00, 0x30, 0x00, 0x70, 0x00, 0x3E, 0x00, 0xFF, 0x80, 0x77, 0xE6, 0x41, 0xFF, 0x00, 0x7E,
    0x07, 0xFF, 0x03, 0xFF, 0xFC, 0x7F, 0x0F, 0xE7, 0x00, 0x0F, 0x00, 0x00, 0x00, 0x06, 0x03, 0x6C,
    0x7F, 0xC3, 0xFC, 0x1F, 0x8F, 0xFE, 0xFF, 0xE1, 0xF8, 0x3F, 0xC3, 0x6C, 0x06, 0x00, 0xF3, 0x9E,
    0x7E, 0x39, 0xC7, 0xE3, 0x9C, 0x7E, 0x31, 0xC6, 0xE3, 0x1C, 0x6E, 0x31, 0xCE, 0xC7, 0x18, 0xE0,
    0x3F, 0x1F, 0xEE, 0x3B, 0x87, 0xE1, 0xF8, 0x7E, 0x1F, 0x8E, 0x7F, 0x8F, 0xC0, 0xDC, 0x7F, 0xFF,
    0xFF, 0x80, 0x0F, 0x03, 0xC1, 0xF0, 0xEC, 0x73, 0x3C, 0xCF, 0xFF, 0xFF, 0x07, 0x01, 0xC0, 0x7F,
    0xBF, 0xD8, 0x0F, 0xEF, 0xF9, 0x1C, 0x0F, 0xC7, 0x7F, 0x9F, 0x80, 0x3F, 0x3F, 0xF8, 0xFD, 0xCF,
    0xFF, 0xBF, 0x8F, 0xC7, 0x7F, 0x9F, 0x80, 0xFF, 0xFF, 0x81, 0xC1, 0xC0, 0xE0, 0xE0, 0x70, 0x70,
    0x70, 0x38, 0x00, 0x7F, 0x1F, 0xEE, 0x3B, 0xDE, 0x7F, 0x1F, 0xEE, 0x3B, 0x8E, 0xFF, 0x9F, 0xC0,
    0x7E, 0x7F, 0xB8, 0xFC, 0x7F, 0x7F, 0xFC, 0xFF, 0xC7, 0xFF, 0x3F, 0x00, 0x1C, 0x0E, 0x07, 0x1F,
    0xEF, 0xF0, 0xE0, 0x70, 0xFF, 0x7F, 0x80, 0xFF, 0x7F, 0x00, 0x7F, 0xFF, 0x39, 0x9C, 0xE7, 0x33,
    0x9C, 0x63, 0x9C, 0x63, 0x80, 0x73, 0x8C, 0x73, 0x9C, 0xE7, 0x39, 0xCE, 0xE7, 0x00, 0xFF, 0x7F,
    0xB8, 0xFC, 0x7E, 0x3F, 0x1F, 0x8F, 0xC7, 0x3F, 0x1F, 0xEE, 0x3B, 0x87, 0xE1, 0xF8, 0x7E, 0x1F,
    0x8E, 0x7F, 0x8F, 0xC0, 0x7B, 0xEF, 0xA6, 0x18, 0x61, 0x86, 0x18, 0x60, 0x7E, 0x7F, 0xB8, 0xE0,
    0x70, 0x70, 0x78, 0x70, 0xF0, 0xFF, 0xFF, 0xC0, 0x3F, 0x1F, 0xEE, 0x38, 0x1E, 0x1F, 0x07, 0xE0,
    0x3B, 0x8E, 0xFF, 0x9F, 0xC0, 0x0F, 0x03, 0xC1, 0xF0, 0xEC, 0x73, 0x3C, 0xCF, 0xFF, 0xFF, 0x07,
    0x01, 0xC0, 0x7F, 0xBF, 0xD8, 0x0F, 0xEF, 0xF9, 0x1C, 0x0F, 0xC7, 0x7F, 0x9F, 0x80, 0x3F, 0x3F,
    0xF8, 0xFD, 0xCF, 0xFF, 0xBF, 0x8F, 0xC7, 0x7F, 0x9F, 0x80, 0xFF, 0xFF, 0x81, 0xC1, 0xC0, 0xE0,
    0xE0, 0x70, 0x70, 0x70, 0x38, 0x00, 0x7F, 0x1F, 0xEE, 0x3B, 0xDE, 0x7F, 0x1F, 0xEE, 0x3B, 0x8E,
    0xFF, 0x9F, 0xC0, 0x7E, 0x7F, 0xB8, 0xFC, 0x7F, 0x7F, 0xFC, 0xFF, 0xC7, 0xFF, 0x3F, 0x00, 0x1C,
    0x0E, 0x07, 0x1F, 0xEF, 0xF0, 0xE0, 0x70, 0xFF, 0x7F, 0x80, 0xFF, 0x7F, 0x00, 0x7F, 0xFF, 0x39,
    0x9C, 0xE7, 0x33, 0x9C, 0x63, 0x9C, 0x63, 0x80, 0x73, 0x8C, 0x73, 0x9C, 0xE7, 0x39, 0xCE, 0xE7,
    0x00, 0x3F, 0x3F, 0xD8, 0xE7, 0xF7, 0xFB, 0x1D, 0xFE, 0xFF, 0x7E, 0x7F, 0xB8, 0xFF, 0xFF, 0xFF,
    0x1B, 0xFC, 0xFC, 0x7E, 0x7F, 0xB8, 0xFC, 0x7E, 0x3F, 0x1F, 0xFC, 0xFC, 0x73, 0x9F, 0xE3, 0xF0,
    0x78, 0x1E, 0x0F, 0xC7, 0x39, 0xCE, 0x7E, 0x3F, 0xC6, 0x38, 0x0E, 0xFF, 0xFF, 0xFE, 0x3B, 0xCE,
    0x7F, 0x0F, 0x80, 0xE0, 0x70, 0x3F, 0xDF, 0xEE, 0x3F, 0x1F, 0x8F, 0xC7, 0xE3, 0xF1, 0xC0, 0xE0,
    0x70, 0x39, 0xDD, 0xCF, 0xC7, 0xE3, 0xF1, 0xFC, 0xEF, 0x73, 0xC0, 0xFF, 0xFF, 0xFF, 0xFC, 0xFE,
    0xFB, 0xFF, 0xEE, 0x71, 0xF9, 0xC7, 0xE7, 0x1F, 0x9C, 0x7E, 0x71, 0xF9, 0xC7, 0xFF, 0x7F, 0xB8,
    0xFC, 0x7E, 0x3F, 0x1F, 0x8F, 0xC7, 0xFF, 0x7F, 0xF8, 0xFC, 0x7E, 0x3F, 0x1F, 0xFF, 0xFE, 0xE0,
    0x70, 0x38, 0x00, 0x7E, 0xFF, 0xE6, 0xFE, 0x7F, 0xC7, 0xFF, 0x7E, 0x71, 0xCF, 0xFF, 0x71, 0xC7,
    0x1C, 0x7C, 0xF0, 0x0F, 0x80, 0x1F, 0xC0, 0x3F, 0xE0, 0x78, 0xF0, 0x70, 0x70, 0x70, 0x00, 0x73,
    0xFF, 0x73, 0xFF, 0x73, 0x80, 0x73, 0x80, 0x7F, 0x80, 0x3F, 0xFE, 0x1F, 0xFE, 0x03, 0x80, 0x03,
    0x80, 0x03, 0x80, 0x03, 0x80, 0x03, 0xFF, 0x03, 0xFF, 0x00, 0x6C, 0x00, 0x6C, 0x00, 0x6C, 0x07,
    0xFC, 0x1F, 0xFC, 0x3F, 0xFE, 0x3C, 0x9F, 0x79, 0xB7, 0x71, 0xB0, 0xF1, 0xB0, 0xE3, 0x60, 0xE3,
    0x60, 0xE3, 0x60, 0xE6, 0x40, 0xE6, 0xC0, 0x76, 0xC7, 0x74, 0x87, 0x3D, 0x8E, 0x3F, 0xFE, 0x1F,
    0xFC, 0x1F, 0xF0, 0x1B, 0x00, 0x33, 0x00, 0x07, 0xF0, 0x1F, 0xFC, 0x3E, 0x3E, 0x38, 0x0F, 0x70,
    0x07, 0x70, 0x02, 0xE0, 0x00, 0xE1, 0xDE, 0xE1, 0xFE, 0xE1, 0xF4, 0xE1, 0xE0, 0xE1, 0xC7, 0x71,
    0xC7, 0x79, 0xCF, 0x3D, 0xDE, 0x3F, 0xFE, 0x1F, 0xFC, 0x07, 0xF0, 0x1F, 0xFE, 0x3F, 0xFC, 0x70,
    0x00, 0xE0, 0x01, 0xC0, 0x03, 0x80, 0x07, 0x00, 0x0E, 0x00, 0x1F, 0xFC, 0x3F, 0xF8, 0x70, 0x00,
    0xE0, 0x01, 0xC0, 0x1F, 0xF0, 0x3F, 0xE0, 0x0E, 0x00, 0x1C, 0x00, 0x38, 0x00, 0x0F, 0xE0, 0xFF,
    0x8F, 0xBE, 0x70, 0x73, 0x81, 0x1C, 0x03, 0xFF, 0x9F, 0xFC, 0x38, 0x01, 0xC0, 0x3F, 0xF9, 0xFF,
    0xC3, 0x80, 0x1C, 0x00, 0xE0, 0xEE, 0x07, 0xFF, 0xFF, 0xFF, 0x80, 0x00, 0x38, 0x00, 0x07, 0x01,
    0xFE, 0xFE, 0x3F, 0xFF, 0xE7, 0x9F, 0xBC, 0xE1, 0xE1, 0xDC, 0x38, 0x3B, 0x87, 0x07, 0x71, 0xE0,
    0xEE, 0x3C, 0x1D, 0xC7, 0x83, 0xB9, 0xF0, 0x77, 0x3E, 0x0E, 0xEF, 0xC1, 0xDD, 0xF8, 0x3B, 0xB7,
    0x07, 0x0E, 0x00, 0x01, 0xC0, 0x00, 0x3C, 0x03, 0x87, 0xC0, 0x70, 0xF8, 0x0E, 0x1F, 0x81, 0xC3,
    0xF8, 0x38, 0x77, 0x07, 0x3F, 0xFF, 0xFF, 0xFF, 0xFF, 0x38, 0xE3, 0x87, 0x1E, 0x73, 0xFF, 0xFF,
    0xFF, 0xFF, 0xF3, 0x83, 0xF8, 0x70, 0x3F, 0x0E, 0x07, 0xE1, 0xC0, 0x7C, 0x38, 0x07, 0x87, 0x00,
    0xF0, 0xFF, 0xC0, 0xE3, 0xFF, 0x83, 0x8E, 0x0F, 0x0E, 0x38, 0x1E, 0x38, 0xE0, 0x3B, 0xFF, 0x80,
    0xEF, 0xFE, 0x03, 0x8E, 0x38, 0x1E, 0x38, 0xE0, 0xF0, 0xE3, 0xFF, 0x83, 0x8F, 0xFC, 0x0E, 0x38,
    0x00, 0x38, 0xE0, 0x00, 0xE3, 0x80, 0x03, 0x8E, 0x00, 0x0E, 0x38, 0x00, 0x38, 0xE0, 0x00, 0xFF,
    0x80, 0x01, 0xF0, 0xFF, 0xC0, 0x00, 0x7F, 0xF0, 0x00, 0x38, 0x3C, 0x00, 0x1C, 0x0F, 0x00, 0x0E,
    0x03, 0x8F, 0xE7, 0x01, 0xCF, 0xFB, 0x80, 0xEF, 0x9D, 0xC0, 0xF7, 0x07, 0xE0, 0xF3, 0x80, 0x7F,
    0xF8, 0xF0, 0x3F, 0xF0, 0x7F, 0x9C, 0x38, 0x0F, 0xEE, 0x1E, 0x00, 0xFF, 0x07, 0x00, 0x1F, 0x83,
    0xCE, 0x0F, 0xC0, 0xE7, 0x9F, 0xE0, 0x79, 0xFF, 0x70, 0x1C, 0x7F, 0x00, 0xE0, 0x3C, 0x0F, 0x70,
    0x3C, 0x0E, 0x70, 0x3C, 0x0E, 0x70, 0x7E, 0x0E, 0x70, 0x7E, 0x1C, 0x38, 0x7E, 0x1C, 0xFF, 0xFF,
    0xFF, 0xFF, 0xFF, 0xFF, 0x38, 0xE7, 0x38, 0x1C, 0xE7, 0x38, 0xFF, 0xFF, 0xFF, 0xFF, 0xFF, 0xFF,
    0x0F, 0xC3, 0xF0, 0x0F, 0xC3, 0xF0, 0x0F, 0x81, 0xF0, 0x0F, 0x81, 0xE0, 0x07, 0x81, 0xE0, 0x07,
    0x01, 0xE0, 0xFF, 0xC3, 0xFF, 0xF1, 0xF8, 0x3C, 0xFC, 0x0E, 0x7E, 0x67, 0x3F, 0x73, 0x9F, 0xB9,
    0xCF, 0xDC, 0xE7, 0xEE, 0x73, 0xF7, 0x39, 0xFB, 0x81, 0xFD, 0xC1, 0xEE, 0xFF, 0xF7, 0x7F, 0xF0,
    0x00, 0x38, 0x07, 0xFC, 0x0F, 0xF8, 0x01, 0xC1, 0xFB, 0x87, 0xFF, 0x1E, 0x7E, 0x38, 0x3C, 0xE0,
    0x79, 0xC0, 0x73, 0x80, 0xE7, 0x01, 0xCE, 0x03, 0x9C, 0x0F, 0x1C, 0x1E, 0x3C, 0xFC, 0x3F, 0xF8,
    0x3F, 0x70, 0x00, 0x00, 0x00, 0x00, 0x00, 0x0F, 0xFF, 0x1F, 0xFE, 0x00, 0x01, 0xFC, 0x07, 0xFE,
    0x0F, 0x8E, 0x0E, 0x02, 0x1C, 0x00, 0x1C, 0x00, 0x7F, 0xF8, 0xFF, 0xF8, 0x38, 0x00, 0x7F, 0xF0,
    0xFF, 0xE0, 0x1C, 0x00, 0x1C, 0x00, 0x1E, 0x00, 0x0F, 0x06, 0x07, 0x9E, 0x03, 0xFE, 0x01, 0xFC,
    0x1C, 0x07, 0x87, 0x03, 0xC1, 0xC1, 0xE0, 0x70, 0xF0, 0x1C, 0x78, 0x07, 0x3C, 0x01, 0xDE, 0x03,
    0xFF, 0xFE, 0xFF, 0xFF, 0x87, 0xF8, 0x01, 0xFF, 0x00, 0x79, 0xE0, 0x1C, 0x38, 0x07, 0x07, 0x01,
    0xC1, 0xE0, 0x70, 0x3C, 0x1C, 0x07, 0x07, 0x01, 0xE0, 0xFF, 0xFF, 0xFF, 0xF0, 0x38, 0x00, 0xE0,
    0x03, 0x80, 0x0F, 0xC0, 0x3F, 0x03, 0xF8, 0x3F, 0x80, 0xFF, 0xC0, 0x7F, 0x07, 0xF0, 0x3F, 0x80,
    0xEE, 0x00, 0x38, 0x00, 0xE0, 0x03, 0x80, 0x0E, 0x00, 0x07, 0x00, 0x00, 0x00, 0x03, 0x80, 0x00,
    0x00, 0x01, 0xC0, 0x00, 0x00, 0x03, 0xFF, 0x80, 0x00, 0x03, 0xFF, 0xF0, 0x00, 0x01, 0xF8, 0xFC,
    0x00, 0x00, 0x1C, 0x0E, 0x00, 0x00, 0x0E, 0x03, 0x83, 0xF8, 0x07, 0x01, 0xC3, 0xFE, 0x03, 0x80,
    0xE3, 0xCF, 0x81, 0xC0, 0x39, 0xC1, 0xC0, 0xE0, 0x1D, 0xC0, 0xF0, 0x70, 0x0E, 0xE0, 0x38, 0x38,
    0x07, 0x70, 0x1D, 0xFC, 0x07, 0x38, 0x0F, 0xFE, 0x03, 0x9C, 0x07, 0xE7, 0x01, 0xCE, 0x07, 0xF3,
    0xC1, 0xE7, 0x83, 0xB9, 0xF9, 0xE3, 0xE7, 0xDF, 0xFF, 0xE1, 0xFF, 0xC7, 0xC7, 0xE0, 0xEF, 0xC0,
    0x00, 0x00, 0x70, 0x00, 0x00, 0x00, 0x38, 0x00, 0x00, 0x00, 0x1C, 0x00, 0x00, 0x00, 0x0E, 0x00,
    0x00, 0x00, 0x07, 0x00, 0x00, 0x3F, 0xF0, 0x3F, 0xFC, 0x38, 0x3C, 0xFF, 0xFF, 0xFF, 0xFF, 0x38,
    0x0E, 0x38, 0x0E, 0xFF, 0xFF, 0xFF, 0xFF, 0x38, 0x1C, 0x38, 0x7C, 0x3F, 0xF8, 0x3F, 0xF0, 0x38,
    0x00, 0x38, 0x00, 0x38, 0x00, 0x38, 0x00, 0x38, 0x00, 0x01, 0x80, 0x00, 0xE0, 0x00, 0x70, 0x00,
    0xFE, 0x01, 0xFF, 0xC1, 0xFF, 0xF0, 0xF7, 0x78, 0xF3, 0x9E, 0x71, 0xC7, 0x78, 0xE0, 0x38, 0x70,
    0x1C, 0x38, 0x0E, 0x1C, 0x07, 0x0F, 0xFB, 0x87, 0xFD, 0xC3, 0x8E, 0x71, 0xC7, 0x38, 0xE3, 0x8E,
    0x73, 0xC7, 0xFF, 0xC1, 0xFF, 0xC0, 0x3F, 0xC0, 0x07, 0x00, 0x03, 0x80, 0x01, 0x80, 0x00, 0x01,
    0xC0, 0x01, 0xF0, 0x00, 0xF8, 0x00, 0x6E, 0x00, 0x77, 0x00, 0x3B, 0x80, 0x38, 0xE0, 0xFF, 0xFE,
    0x7F, 0xFF, 0x0E, 0x0E, 0x07, 0x07, 0x0F, 0xFF, 0xE7, 0xFF, 0xF1, 0xC0, 0x71, 0xE0, 0x1C, 0xE0,
    0x0E, 0x70, 0x07, 0x78, 0x01, 0xC0, 0x1F, 0xE0, 0xFF, 0xC3, 0xCF, 0x1E, 0x1E, 0x70, 0x70, 0x01,
    0xCF, 0xFF, 0xFF, 0xFF, 0x00, 0x03, 0xFF, 0xFF, 0xFF, 0xDE, 0x00, 0x70, 0x01, 0xC0, 0xE7, 0x07,
    0x9F, 0x3E, 0x3F, 0xF0, 0x7F, 0x80, 0x01, 0x80, 0x01, 0xC0, 0x01, 0xC0, 0x01, 0xC0, 0x07, 0xF8,
    0x1F, 0xFC, 0x3F, 0xFE, 0x39, 0xCE, 0x71, 0xC7, 0x71, 0xC7, 0xE1, 0xC0, 0xE1, 0xC0, 0xE1, 0xC0,
    0xE1, 0xC0, 0xE1, 0xC0, 0xE1, 0xC0, 0x71, 0xC7, 0x71, 0xC7, 0x39, 0xCE, 0x3F, 0xFE, 0x1F, 0xFC,
    0x07, 0xF8, 0x01, 0xC0, 0x01, 0xC0, 0x01, 0x80, 0xFF, 0xFF, 0xFF, 0xF0, 0x00, 0x3F, 0xFF, 0xFF,
    0xFC, 0x0E, 0x00, 0x38, 0x00, 0xE0, 0x03, 0x80, 0x0E, 0x00, 0x38, 0x00, 0xE0, 0x03, 0x80, 0x0E,
    0x00, 0x38, 0x00, 0xE0, 0x03, 0x80, 0x0E, 0x00, 0x7F, 0xFB, 0xFF, 0xC3, 0xF0, 0x03, 0x80, 0x1E,
    0x3F, 0xFF, 0xFF, 0xE0, 0x3C, 0x07, 0xC3, 0xFE, 0x1F, 0xC0, 0xF0, 0x03, 0xC0, 0x0F, 0x00, 0x3C,
    0x00, 0xE0, 0x07, 0x80, 0x1E, 0x00, 0x70, 0x3C, 0x01, 0xE4, 0x0F, 0xE0, 0x7F, 0x07, 0xF0, 0x7E,
    0x43, 0xFE, 0x07, 0xF0, 0x7F, 0x07, 0xE0, 0x3F, 0x0F, 0x78, 0x73, 0xC7, 0x1E, 0x38, 0xF3, 0xC7,
    0xFC, 0x3F, 0xC1, 0xFC, 0x00, 0x01, 0xC0, 0x01, 0xC0, 0x01, 0xC0, 0x07, 0xF0, 0x1F, 0xF8, 0x3F,
    0xFC, 0x39, 0xDC, 0x79, 0xCE, 0x71, 0xCE, 0x71, 0xCE, 0x71, 0xC7, 0x61, 0xC7, 0xE1, 0xC7, 0xE1,
    0xC7, 0x1F, 0xFC, 0x0F, 0xFF, 0x07, 0x07, 0xC3, 0x80, 0xE1, 0xC0, 0x70, 0xE0, 0x3C, 0x70, 0x1C,
    0x38, 0x0E, 0x1C, 0x1F, 0x3F, 0xFF, 0x1F, 0xFF, 0x03, 0x80, 0x07, 0xFC, 0x03, 0xFE, 0x00, 0x70,
    0x00, 0x38, 0x00, 0x1C, 0x00, 0x0E, 0x00, 0x00, 0x07, 0x60, 0x07, 0x60, 0x0F, 0xF0, 0x1F, 0xF8,
    0x3F, 0x7C, 0x7F, 0x7E, 0x77, 0x6E, 0x77, 0x6E, 0x77, 0x67, 0x77, 0x67, 0x70, 0x00, 0x70, 0x00,
    0x70, 0x00, 0x70, 0x00, 0x38, 0x00, 0x1E, 0x00, 0xFF, 0xFF, 0xFF, 0xFF, 0x1B, 0x01, 0xD8, 0x0E,
    0xC1, 0xFF, 0x8F, 0xFE, 0x70, 0x7B, 0x81, 0xDC, 0x07, 0xE0, 0x3F, 0x03, 0xB8, 0x7D, 0xFF, 0x8F,
    0xFF, 0x70, 0x7F, 0x80, 0xFC, 0x07, 0xE0, 0x3F, 0x01, 0xF8, 0x3F, 0xFF, 0xEF, 0xFE, 0x1D, 0x80,
    0xEC, 0x03, 0x60, 0x1F, 0x87, 0xF9, 0xE6, 0x70, 0x0E, 0x01, 0xC0, 0x38, 0x07, 0x00, 0x7B, 0x87,
    0xF8, 0x7E, 0x00, 0x00, 0x01, 0xFF, 0xFF, 0xF8, 0x00, 0x00, 0x00, 0x30, 0x00, 0x0F, 0x00, 0x03,
    0xC0, 0x00, 0xF0, 0x00, 0x3C, 0x00, 0x0F, 0x00, 0x03, 0xC0, 0x00, 0xFF, 0xFF, 0xFF, 0xFF, 0xFD,
    0xE0, 0x00, 0x1E, 0x00, 0x01, 0xE0, 0x00, 0x1E, 0x00, 0x01, 0xE0, 0x00, 0x1E, 0x00, 0x01, 0x80,
    0x00, 0x00, 0x00, 0x00, 0x80, 0x00, 0xE0, 0x00, 0xF8, 0x00, 0xFE, 0x00, 0xFF, 0x80, 0xEF, 0xE0,
    0xF7, 0x78, 0xF3, 0x9E, 0xF1, 0xC7, 0xB0, 0xE1, 0x80, 0x70, 0x00, 0x38, 0x00, 0x1C, 0x00, 0x0E,
    0x00, 0x07, 0x00, 0x03, 0x80, 0x01, 0xC0, 0x00, 0xE0, 0x00, 0x70, 0x00, 0x00, 0x00, 0x00, 0x0C,
    0x00, 0x01, 0xC0, 0x00, 0x1C, 0x00, 0x01, 0xC0, 0x00, 0x1C, 0x00, 0x01, 0xC0, 0x00, 0x1C, 0xFF,
    0xFF, 0xDF, 0xFF, 0xF8, 0x00, 0x0E, 0x00, 0x03, 0x80, 0x00, 0xE0, 0x00, 0x38, 0x00, 0x0E, 0x00,
    0x03, 0x80, 0x00, 0x60, 0x00, 0x00, 0x00, 0x01, 0xC0, 0x00, 0xE0, 0x00, 0x70, 0x00, 0x38, 0x00,
    0x1C, 0x00, 0x0E, 0x00, 0x07, 0x00, 0x03, 0x80, 0x01, 0xC0, 0x30, 0xE1, 0xBC, 0x71, 0xEF, 0x39,
    0xE3, 0xDD, 0xE0, 0xEF, 0xE0, 0x3F, 0xE0, 0x0F, 0xE0, 0x03, 0xE0, 0x00, 0xE0, 0x00, 0x20, 0x00,
    0x00, 0x00, 0x00, 0x00, 0x06, 0x00, 0x30, 0x00, 0x3C, 0x00, 0xE0, 0x01, 0xE0, 0x03, 0xC0, 0x0F,
    0x00, 0x07, 0x80, 0x78, 0x00, 0x0F, 0x03, 0xC0, 0x00, 0x1E, 0x1E, 0x00, 0x00, 0x1C, 0xFF, 0xFF,
    0xFF, 0xFB, 0xFF, 0xFF, 0xFF, 0xE7, 0x80, 0x00, 0x07, 0x0F, 0x00, 0x00, 0x78, 0x1E, 0x00, 0x03,
    0xC0, 0x3C, 0x00, 0x1E, 0x00, 0x78, 0x00, 0xF0, 0x00, 0xF0, 0x03, 0x80, 0x01, 0x80, 0x0C, 0x00,
    0x00, 0x00, 0x00, 0x00, 0x00, 0x00, 0x00, 0xE0, 0x00, 0xF8, 0x00, 0xFE, 0x00, 0xFF, 0x80, 0xFF,
    0xE0, 0xF7, 0x78, 0xF3, 0x9E, 0xF1, 0xC7, 0xB0, 0xE1, 0x80, 0x70, 0x00, 0x38, 0x00, 0x1C, 0x00,
    0x0E, 0x00, 0x07, 0x00, 0x03, 0x80, 0x01, 0xC0, 0x00, 0xE0, 0x00, 0x70, 0x00, 0x38, 0x06, 0x1C,
    0x37, 0x8E, 0x3D, 0xE7, 0x3C, 0x7B, 0xBC, 0x1F, 0xFC, 0x07, 0xFC, 0x01, 0xFC, 0x00, 0x7C, 0x00,
    0x1C, 0x00, 0x00, 0x00, 0xFF, 0xF3, 0xFF, 0xCF, 0x00, 0x3E, 0x00, 0xDC, 0x03, 0x78, 0x0C, 0xF0,
    0x31, 0xE0, 0xC3, 0xC3, 0x07, 0x8C, 0x0F, 0x30, 0x1E, 0x00, 0x3C, 0x00, 0x60, 0x1F, 0xFE, 0x3F,
    0xFC, 0x00, 0xF8, 0x03, 0xF0, 0x0F, 0xE0, 0x3D, 0xC0, 0xF3, 0x83, 0xC7, 0x0F, 0x0E, 0x3C, 0x1C,
    0xF0, 0x3B, 0xC0, 0x77, 0x00, 0x0C, 0x00, 0x00, 0x60, 0x00, 0xE0, 0x01, 0xE0, 0x39, 0xE0, 0x71,
    0xE0, 0xE1, 0xE1, 0xC1, 0xE3, 0x81, 0xE7, 0x01, 0xEE, 0x01, 0xFC, 0x01, 0xF8, 0x01, 0xF1, 0xFF,
    0xE3, 0xFF, 0xC0, 0x00, 0x18, 0x00, 0xFC, 0x07, 0xB0, 0x3C, 0xC1, 0xE3, 0x0F, 0x0C, 0x38, 0x31,
    0xC0, 0xCE, 0x03, 0x70, 0x0F, 0x80, 0x3C, 0x00, 0xFF, 0xF3, 0xFF, 0xC0, 0x00, 0x00, 0x78, 0x00,
    0x00, 0x3F, 0x00, 0x00, 0x07, 0xC0, 0x30, 0x00, 0xE0, 0x3C, 0x00, 0x70, 0x3C, 0x00, 0x1C, 0x3C,
    0x00, 0x0E, 0x3C, 0x00, 0x0E, 0x3C, 0x00, 0x07, 0x3C, 0x00, 0x0F, 0xBF, 0xFF, 0xFF, 0x9F, 0xFF,
    0xFF, 0x07, 0x80, 0x00, 0x01, 0xE0, 0x00, 0x00, 0x78, 0x00, 0x00, 0x1E, 0x00, 0x00, 0x07, 0x80,
    0x00, 0x01, 0xE0, 0x00, 0x00, 0x60, 0x00, 0x00, 0x1F, 0x00, 0x00, 0x1F, 0x80, 0x00, 0x1F, 0x00,
    0x00, 0x1E, 0x00, 0x30, 0x0E, 0x00, 0x1C, 0x07, 0x00, 0x0F, 0x03, 0x80, 0x03, 0xC1, 0xC0, 0x00,
    0xF0, 0xF0, 0x00, 0x3C, 0x3C, 0x00, 0x07, 0x0F, 0xFF, 0xFF, 0xC3, 0xFF, 0xFF, 0xE0, 0x00, 0x00,
    0xE0, 0x00, 0x01, 0xE0, 0x00, 0x01, 0xE0, 0x00, 0x01, 0xE0, 0x00, 0x01, 0xE0, 0x00, 0x00, 0xE0,
    0x00, 0x00, 0x60, 0x00, 0x00, 0x00, 0x00, 0x60, 0x00, 0x07, 0x00, 0x00, 0x78, 0x00, 0x07, 0xC0,
    0x00, 0x7F, 0xFF, 0xFF, 0xFF, 0xFF, 0xEF, 0x80, 0x07, 0x3C, 0x00, 0x38, 0xE0, 0x01, 0xC3, 0x00,
    0x0E, 0x00, 0x00, 0x70, 0x00, 0x03, 0x80, 0x00, 0x1C, 0x00, 0x00, 0xE0, 0x00, 0x07, 0x00, 0x00,
    0x38, 0x00, 0x01, 0xC0, 0x00, 0x0E, 0x00, 0x00, 0x60, 0x00, 0x00, 0x00, 0x00, 0x18, 0x00, 0x00,
    0xE0, 0x00, 0x07, 0x80, 0x00, 0x3E, 0x7F, 0xFF, 0xFB, 0xFF, 0xFF, 0xDC, 0x00, 0x7C, 0xE0, 0x03,
    0xC7, 0x00, 0x1C, 0x38, 0x00, 0xC1, 0xC0, 0x00, 0x0E, 0x00, 0x00, 0x70, 0x00, 0x03, 0x80, 0x00,
    0x1C, 0x00, 0x00, 0xE0, 0x00, 0x07, 0x00, 0x00, 0x38, 0x00, 0x01, 0xC0, 0x00, 0x00, 0xE0, 0x00,
    0x07, 0x00, 0x00, 0x38, 0x00, 0x01, 0xC0, 0x00, 0x0E, 0x00, 0x00, 0x70, 0x01, 0x83, 0x80, 0x0E,
    0x1C, 0x00, 0x78, 0xE0, 0x03, 0xE7, 0xFF, 0xFF, 0xBF, 0xFF, 0xFC, 0x00, 0x07, 0xC0, 0x00, 0x3C,
    0x00, 0x01, 0xC0, 0x00, 0x0C, 0x00, 0x00, 0x00, 0xFF, 0xF0, 0x7F, 0xF8, 0x00, 0x0C, 0x00, 0x06,
    0x00, 0x03, 0x00, 0x01, 0x80, 0x00, 0xC0, 0x00, 0x60, 0x00, 0x30, 0x00, 0x18, 0x00, 0x0C, 0x00,
    0x06, 0x00, 0x03, 0x00, 0x1F, 0xF8, 0x07, 0xF8, 0x01, 0xF8, 0x00, 0x78, 0x00, 0x18, 0x00, 0x00,
    0x00, 0x00, 0x00, 0x38, 0x00, 0x01, 0xC0, 0x00, 0x0E, 0x00, 0x00, 0x70, 0x00, 0x03, 0x82, 0x00,
    0x1C, 0x30, 0x00, 0xE3, 0x80, 0x07, 0x3C, 0x00, 0x3F, 0xFF, 0xFF, 0xFF, 0xFF, 0xFE, 0xF8, 0x00,
    0x03, 0xC0, 0x00, 0x0E, 0x00, 0x00, 0x30, 0x00, 0x00, 0x00, 0x00, 0x00, 0x00, 0x00, 0x06, 0x00,
    0x00, 0xE0, 0x00, 0x1E, 0x00, 0x03, 0xE0, 0x00, 0x7F, 0xC0, 0x07, 0xFF, 0x00, 0x3F, 0xF8, 0x01,
    0xE3, 0xC0, 0x0E, 0x1C, 0x00, 0x60, 0xE0, 0x00, 0x0E, 0x00, 0x00, 0xE0, 0x00, 0x06, 0xE0, 0x00,
    0x66, 0x00, 0x0E, 0x70, 0x00, 0xE7, 0x00, 0x0E, 0x38, 0x01, 0xC3, 0xC0, 0x3C, 0x1F, 0x9F, 0x80,
    0xFF, 0xF0, 0x03, 0xFC, 0x00, 0x00, 0x00, 0x00, 0x06, 0x00, 0x00, 0x70, 0x00, 0x07, 0x80, 0x00,
    0x7C, 0x00, 0x3F, 0xC0, 0x0F, 0xFE, 0x01, 0xFF, 0xC0, 0x3C, 0x78, 0x03, 0x87, 0x00, 0x70, 0x60,
    0x07, 0x00, 0x00, 0x60, 0x00, 0x0E, 0x00, 0x00, 0x60, 0x00, 0x66, 0x00, 0x0E, 0x70, 0x00, 0xE7,
    0x00, 0x0E, 0x38, 0x01, 0xC3, 0xC0, 0x3C, 0x1F, 0x9F, 0x80, 0xFF, 0xF0, 0x03, 0xFC, 0x00, 0x00,
    0x80, 0x00, 0x38, 0x00, 0x0E, 0x00, 0x03, 0x80, 0x00, 0xE0, 0x00, 0x7F, 0xFF, 0xDF, 0xFF, 0xFF,
    0x80, 0x00, 0xF0, 0x00, 0x07, 0xFF, 0xFC, 0x7F, 0xFF, 0x87, 0x00, 0x00, 0x70, 0x00, 0x07, 0x00,
    0x00, 0x70, 0x00, 0x04, 0x00, 0x00, 0x60, 0x00, 0x0E, 0x00, 0x01, 0xE0, 0x00, 0x1E, 0x00, 0x01,
    0xE1, 0xFF, 0xFE, 0x3F, 0xFF, 0xE0, 0x00, 0x0E, 0x00, 0x03, 0xDF, 0xFF, 0xF3, 0xFF, 0xFC, 0x00,
    0x0F, 0x00, 0x03, 0xC0, 0x00, 0xF0, 0x00, 0x1C, 0x00, 0x03, 0x00, 0x00, 0x80, 0x0C, 0x00, 0x07,
    0x00, 0x78, 0x00, 0x38, 0x00, 0xF0, 0x01, 0xC0, 0x01, 0xE0, 0x0E, 0x00, 0x03, 0xC0, 0xFF, 0xFF,
    0xFF, 0x87, 0xFF, 0xFF, 0xFF, 0x3C, 0x00, 0x00, 0x1E, 0xF0, 0x00, 0x00, 0x79, 0xFF, 0xFF, 0xFF,
    0xC3, 0xFF, 0xFF, 0xFE, 0x03, 0x80, 0x00, 0xF0, 0x07, 0x00, 0x07, 0x80, 0x0E, 0x00, 0x3C, 0x00,
    0x1C, 0x01, 0xE0, 0x00, 0x20, 0x03, 0x00, 0x00, 0x01, 0xC0, 0x7C, 0x1F, 0xC7, 0xFD, 0xFF, 0xC3,
    0x80, 0x70, 0x0E, 0x0F, 0xF9, 0xFF, 0x07, 0x00, 0xE0, 0xFF, 0x9F, 0xF0, 0x70, 0x0E, 0x01, 0xC0,
    0x38, 0x07, 0x00, 0x0E, 0x01, 0xC0, 0x38, 0x07, 0x00, 0xE0, 0xFF, 0x9F, 0xF0, 0x70, 0x0E, 0x0F,
    0xF9, 0xFF, 0x07, 0x00, 0xE0, 0x1C, 0x3F, 0xFB, 0xFE, 0x3F, 0x83, 0xE0, 0x38, 0x02, 0x00, 0xE0,
    0x00, 0x03, 0x83, 0x00, 0x0E, 0x1C, 0x00, 0x38, 0xF0, 0x00, 0xE7, 0xC0, 0x03, 0xBF, 0xFF, 0xEE,
    0xFF, 0xFF, 0xB9, 0xF0, 0x00, 0xE3, 0xC0, 0x03, 0x87, 0x00, 0x0E, 0x0C, 0x00, 0x38, 0x00, 0x00,
    0x00, 0x00, 0x18, 0x00, 0x20, 0x60, 0x00, 0xC1, 0x80, 0x03, 0x86, 0x00, 0x0F, 0x1B, 0xFF, 0xFE,
    0x6F, 0xFF, 0xF9, 0x80, 0x03, 0xC6, 0x00, 0x0E, 0x18, 0x00, 0x30, 0x60, 0x00, 0x81, 0x80, 0x00,
    0x06, 0x00, 0x30, 0x00, 0x01, 0xE0, 0x00, 0x0F, 0xC0, 0x00, 0x7F, 0x80, 0x03, 0xCF, 0x00, 0x1E,
    0x1E, 0x00, 0xF0, 0x3C, 0x07, 0x80, 0x78, 0x3C, 0x00, 0xF1, 0xFC, 0x0F, 0xEF, 0xF0, 0x3F, 0xC1,
    0xC0, 0xC0, 0x07, 0x03, 0x00, 0x1C, 0x0C, 0x00, 0x70, 0x30, 0x01, 0xC0, 0xC0, 0x07, 0x03, 0x00,
    0x1C, 0x0C, 0x00, 0x7F, 0xF0, 0x01, 0xFF, 0xC0, 0x00, 0x30, 0x00, 0x01, 0xE0, 0x00, 0x0F, 0xC0,
    0x00, 0x7F, 0x80, 0x03, 0xCF, 0x00, 0x1E, 0x1E, 0x00, 0xF0, 0x3C, 0x07, 0x80, 0x78, 0x3C, 0x00,
    0xF1, 0xFC, 0x0F, 0xEF, 0xF0, 0x3F, 0xC1, 0xC0, 0xC0, 0x07, 0x03, 0x00, 0x1C, 0x0C, 0x00, 0x70,
    0x30, 0x01, 0xFF, 0xC0, 0x07, 0xFF, 0x00, 0x00, 0x00, 0x00, 0x7F, 0xF0, 0x01, 0xFF, 0xC0, 0x07,
    0x03, 0x00, 0x1C, 0x0C, 0x00, 0x7F, 0xF0, 0x01, 0xFF, 0xC0, 0x3F, 0x81, 0xFF, 0x0F, 0xF8, 0x01,
    0xE0, 0x07, 0x00, 0x3C, 0x7F, 0xE7, 0xFF, 0x3C, 0xFB, 0xC3, 0xDC, 0x0E, 0xE0, 0x77, 0x03, 0xB8,
    0x1D, 0xC1, 0xEF, 0x0E, 0x3C, 0xF1, 0xFF, 0x03, 0xF0, 0x00, 0x00, 0x1F, 0xCC, 0x7F, 0xF9, 0xFF,
    0xE7, 0x83, 0xCE, 0x0F, 0xB8, 0x3B, 0xF0, 0xE7, 0xE3, 0x8F, 0xCE, 0x1D, 0xF8, 0x73, 0xE1, 0xE3,
    0xFF, 0x8F, 0xFE, 0x3B, 0xF8, 0x20, 0x00, 0x01, 0xC0, 0x01, 0xF0, 0x00, 0xF8, 0x00, 0x7C, 0x00,
    0x77, 0x00, 0x3B, 0x80, 0x1D, 0xE0, 0x1C, 0x70, 0x0E, 0x38, 0x0F, 0x0E, 0x07, 0x07, 0x03, 0x83,
    0x83, 0x80, 0xE1, 0xC0, 0x70, 0xE0, 0x38, 0xE0, 0x0E, 0x7F, 0xFF, 0x7F, 0xFF, 0xC0, 0x00, 0x03,
    0xFF, 0xFF, 0xFF, 0xF8, 0x07, 0xE0, 0x1F, 0x80, 0x7E, 0x01, 0xF8, 0x07, 0xE0, 0x1F, 0x80, 0x7E,
    0x01, 0xF8, 0x07, 0xE0, 0x1F, 0x80, 0x7E, 0x01, 0xF8, 0x07, 0xE0, 0x1F, 0x80, 0x7E, 0x01, 0xF8,
    0x07, 0xE0, 0x1F, 0x80, 0x70, 0x00, 0x03, 0xFF, 0xEF, 0xFF, 0xBC, 0x00, 0x78, 0x00, 0xF0, 0x01,
    0xE0, 0x03, 0x80, 0x0F, 0x00, 0x1E, 0x00, 0x3C, 0x00, 0x70, 0x03, 0xC0, 0x1E, 0x00, 0x70, 0x03,
    0x80, 0x1E, 0x00, 0xF0, 0x07, 0x80, 0x3C, 0x00, 0xFF, 0xFF, 0xFF, 0xF0, 0xFF, 0xFF, 0xFF, 0x00,
    0x0E, 0x00, 0x1C, 0x00, 0x78, 0x00, 0xE0, 0x01, 0xC0, 0x07, 0x00, 0x0E, 0x00, 0x3C, 0x00, 0x70,
    0xF8, 0xE1, 0xF3, 0xC0, 0xE7, 0x00, 0xEE, 0x01, 0xF8, 0x03, 0xF0, 0x03, 0xE0, 0x07, 0x80, 0x0F,
    0x00, 0x0E, 0x00, 0x3F, 0x07, 0xE1, 0xFF, 0x3F, 0xC7, 0xFF, 0xFF, 0xB8, 0x3F, 0x0E, 0xE0, 0x78,
    0x1B, 0x81, 0xE0, 0x6E, 0x0F, 0xC3, 0x9F, 0xFF, 0xFE, 0x7F, 0xCF, 0xF0, 0xFC, 0x1F, 0x80, 0x07,
    0xC3, 0xF0, 0xE0, 0x38, 0x1C, 0x07, 0x01, 0xC0, 0x70, 0x1C, 0x07, 0x01, 0xC0, 0x70, 0x1C, 0x07,
    0x01, 0xC0, 0x70, 0x1C, 0x07, 0x01, 0xC0, 0x70, 0x1C, 0x07, 0x01, 0xC3, 0xF0, 0xF8, 0x00, 0x73,
    0xDC, 0x00, 0x00, 0x00, 0x00, 0x1C, 0xF7, 0x00, 0x7C, 0x3F, 0xF1, 0xFB, 0xDF, 0xCF, 0xEC, 0x1E,
    0x3E, 0x1F, 0xF8, 0xFD, 0xEF, 0xE7, 0xF6, 0x0F, 0x00, 0x01, 0xC0, 0x1C, 0x01, 0x8F, 0xFF, 0xFF,
    0xF0, 0x70, 0x07, 0x00, 0xE0, 0xFF, 0xFF, 0xFF, 0x1C, 0x01, 0xC0, 0x38, 0x00, 0x00, 0x00, 0x03,
    0x80, 0xFC, 0x3F, 0xE7, 0xF8, 0x7E, 0x03, 0xF8, 0x07, 0xFC, 0x07, 0xF0, 0x07, 0x80, 0x04, 0x00,
    0x0F, 0xFF, 0x7F, 0xF8, 0x00, 0x07, 0x80, 0x3F, 0x00, 0xFF, 0x00, 0xFF, 0x00, 0xF8, 0x1F, 0xC7,
    0xF8, 0xFE, 0x07, 0xC0, 0x30, 0x00, 0x00, 0x0F, 0xFF, 0x7F, 0xF8, 0x00, 0x0F, 0xFE, 0x00, 0x00,
    0x07, 0xFF, 0xF0, 0x00, 0x03, 0xFC, 0x7F, 0x80, 0x00, 0xF8, 0x00, 0xF8, 0x00, 0x7C, 0x00, 0x07,
    0x80, 0x0E, 0x00, 0x00, 0x78, 0x03, 0x80, 0x00, 0x07, 0x80, 0xE0, 0x00, 0x00, 0x78, 0x3C, 0x00,
    0x00, 0x07, 0x07, 0x00, 0x1C, 0x00, 0x71, 0xC0, 0x03, 0x80, 0x0E, 0x38, 0x00, 0x70, 0x00, 0xE7,
    0x00, 0x0E, 0x00, 0x1D, 0xC0, 0x01, 0xC0, 0x03, 0xB8, 0x00, 0x38, 0x00, 0x3F, 0x00, 0x07, 0x00,
    0x07, 0xE0, 0x00, 0xE0, 0x00, 0xFC, 0x0F, 0xFF, 0xF8, 0x1F, 0x81, 0xFF, 0xFF, 0x03, 0xF0, 0x00,
    0x70, 0x00, 0x7E, 0x00, 0x0E, 0x00, 0x0F, 0xC0, 0x01, 0xC0, 0x03, 0x9C, 0x00, 0x38, 0x00, 0x73,
    0x80, 0x07, 0x00, 0x0E, 0x70, 0x00, 0xE0, 0x03, 0x87, 0x00, 0x1C, 0x00, 0x70, 0xF0, 0x00, 0x00,
    0x1C, 0x0E, 0x00, 0x00, 0x07, 0x80, 0xE0, 0x00, 0x01, 0xE0, 0x0E, 0x00, 0x00, 0x78, 0x01, 0xF0,
    0x00, 0x1E, 0x00, 0x0F, 0x80, 0x0F, 0x80, 0x00, 0xFF, 0x1F, 0xE0, 0x00, 0x07, 0xFF, 0xF0, 0x00,
    0x00, 0x3F, 0xF8, 0x00, 0x00, 0x00, 0x0F, 0xFE, 0x00, 0x00, 0x07, 0xFF, 0xF0, 0x00, 0x03, 0xFC,
    0x7F, 0x80, 0x00, 0xF8, 0x00, 0xF8, 0x00, 0x7C, 0x00, 0x07, 0x80, 0x0E, 0x00, 0x00, 0x78, 0x03,
    0x80, 0x00, 0x07, 0x80, 0xE0, 0x00, 0x00, 0x78, 0x3C, 0x00, 0x00, 0x07, 0x07, 0x00, 0x00, 0x00,
    0x71, 0xC0, 0x00, 0x00, 0x0E, 0x38, 0x00, 0x00, 0x00, 0xE7, 0x00, 0x00, 0x00, 0x1D, 0xC0, 0x00,
    0x00, 0x03, 0xB8, 0x00, 0x00, 0x00, 0x3F, 0x00, 0x00, 0x00, 0x07, 0xE0, 0x00, 0x00, 0x00, 0xFC,
    0x03, 0xFF, 0xC0, 0x1F, 0x80, 0x7F, 0xF8, 0x03, 0xF0, 0x00, 0x00, 0x00, 0x7E, 0x00, 0x00, 0x00,
    0x0F, 0xC0, 0x00, 0x00, 0x03, 0x9C, 0x00, 0x00, 0x00, 0x73, 0x80, 0x00, 0x00, 0x0E, 0x70, 0x00,
    0x00, 0x03, 0x87, 0x00, 0x00, 0x00, 0x70, 0xF0, 0x00, 0x00, 0x1C, 0x0E, 0x00, 0x00, 0x07, 0x80,
    0xE0, 0x00, 0x01, 0xE0, 0x0E, 0x00, 0x00, 0x78, 0x01, 0xF0, 0x00, 0x1E, 0x00, 0x0F, 0x80, 0x0F,
    0x80, 0x00, 0xFF, 0x1F, 0xE0, 0x00, 0x07, 0xFF, 0xF0, 0x00, 0x00, 0x3F, 0xF8, 0x00, 0x00, 0x00,
    0x0F, 0xFE, 0x00, 0x00, 0x07, 0xFF, 0xF0, 0x00, 0x03, 0xFC, 0x7F, 0x80, 0x00, 0xF8, 0x00, 0xF8,
    0x00, 0x7C, 0x00, 0x07, 0x80, 0x0E, 0x00, 0x00, 0x78, 0x03, 0x80, 0x00, 0x07, 0x80, 0xE0, 0x00,
    0x00, 0x78, 0x3C, 0x00, 0x00, 0x07, 0x07, 0x00, 0x00, 0x00, 0x71, 0xC0, 0x00, 0x00, 0x0E, 0x38,
    0x00, 0x00, 0x00, 0xE7, 0x00, 0xC0, 0x60, 0x1D, 0xC0, 0x3C, 0x1C, 0x03, 0xB8, 0x03, 0xC7, 0x80,
    0x3F, 0x00, 0x3D, 0xE0, 0x07, 0xE0, 0x03, 0xF8, 0x00, 0xFC, 0x00, 0x3E, 0x00, 0x1F, 0x80, 0x07,
    0xC0, 0x03, 0xF0, 0x01, 0xFC, 0x00, 0x7E, 0x00, 0x7B, 0xC0, 0x0F, 0xC0, 0x1E, 0x3C, 0x03, 0x9C,
    0x07, 0x83, 0x80, 0x73, 0x80, 0x60, 0x20, 0x0E, 0x70, 0x00, 0x00, 0x03, 0x87, 0x00, 0x00, 0x00,
    0x70, 0xF0, 0x00, 0x00, 0x1C, 0x0E, 0x00, 0x00, 0x07, 0x80, 0xE0, 0x00, 0x01, 0xE0, 0x0E, 0x00,
    0x00, 0x78, 0x01, 0xF0, 0x00, 0x1E, 0x00, 0x0F, 0x80, 0x0F, 0x80, 0x00, 0xFF, 0x1F, 0xE0, 0x00,
    0x07, 0xFF, 0xF0, 0x00, 0x00, 0x3F, 0xF8, 0x00, 0x00, 0x00, 0x0F, 0xFE, 0x00, 0x00, 0x07, 0xFF,
    0xF0, 0x00, 0x03, 0xFC, 0x7F, 0x80, 0x00, 0xF8, 0x00, 0xF8, 0x00, 0x7C, 0x00, 0x07, 0x80, 0x0E,
    0x00, 0x00, 0x78, 0x03, 0x80, 0x00, 0x07, 0x80, 0xE0, 0x00, 0x00, 0x78, 0x3C, 0x00, 0x00, 0x07,
    0x07, 0x00, 0x00, 0x00, 0x71, 0xC0, 0x00, 0x18, 0x0E, 0x38, 0x00, 0x03, 0x80, 0xE7, 0x00, 0x00,
    0xE0, 0x1D, 0xC0, 0x00, 0x3C, 0x03, 0xB8, 0x00, 0x0F, 0x00, 0x3F, 0x00, 0x03, 0xC0, 0x07, 0xE0,
    0x00, 0xF0, 0x00, 0xFC, 0x00, 0x1C, 0x00, 0x1F, 0x80, 0x07, 0x00, 0x03, 0xF0, 0x01, 0xE0, 0x00,
    0x7E, 0x00, 0x78, 0x00, 0x0F, 0xC0, 0x1E, 0x00, 0x03, 0x9C, 0x03, 0x80, 0x00, 0x73, 0x80, 0xE0,
    0x00, 0x0E, 0x70, 0x1C, 0x00, 0x03, 0x87, 0x00, 0x00, 0x00, 0x70, 0xF0, 0x00, 0x00, 0x1C, 0x0E,
    0x00, 0x00, 0x07, 0x80, 0xE0, 0x00, 0x01, 0xE0, 0x0E, 0x00, 0x00, 0x78, 0x01, 0xF0, 0x00, 0x1E,
    0x00, 0x0F, 0x80, 0x0F, 0x80, 0x00, 0xFF, 0x1F, 0xE0, 0x00, 0x07, 0xFF, 0xF0, 0x00, 0x00, 0x3F,
    0xF8, 0x00, 0x00, 0x00, 0x00, 0x00, 0x00, 0x00, 0x0E, 0x60, 0x00, 0x0E, 0x70, 0x00, 0x07, 0x60,
    0x00, 0x07, 0xE0, 0x00, 0x07, 0xE0, 0x00, 0x07, 0xF0, 0x00, 0x07, 0x78, 0x00, 0x1E, 0x7F, 0xFF,
    0xFE, 0x1F, 0xFF, 0xF8, 0x07, 0xFF, 0x80, 0x00, 0x00, 0x00, 0x00, 0x00, 0x00, 0x00, 0x76, 0x00,
    0x00, 0x7E, 0x00, 0x00, 0x76, 0x00, 0x00, 0x1C, 0x00, 0x00, 0x1C, 0x00, 0x00, 0x18, 0x00, 0x60,
    0x00, 0x00, 0x03, 0x80, 0x00, 0x00, 0x18, 0x00, 0x00, 0x01, 0xC0, 0x00, 0x06, 0x0E, 0x00, 0x00,
    0x78, 0x78, 0x00, 0x0F, 0x81, 0xE0, 0x03, 0xFF, 0x0F, 0xFF, 0xFF, 0x7F, 0x1F, 0xFF, 0xE1, 0xF8,
    0x3F, 0xF0, 0x00, 0x00, 0x00, 0x00, 0x00, 0x00, 0x00, 0x00, 0x00, 0x06, 0xE0, 0x00, 0x00, 0x77,
    0x00, 0x00, 0x01, 0xB0, 0x00, 0x00, 0x07, 0x00, 0x00, 0x00, 0x38, 0x00, 0x00, 0x00, 0x80, 0x00,
    0x00, 0x00, 0x18, 0x38, 0x70, 0xE0, 0xC1, 0x83, 0x0E, 0xFD, 0xF0, 0x00, 0x0D, 0xDF, 0xB7, 0x38,
    0x70, 0x60, 0x00, 0x01, 0xC0, 0x30, 0x0E, 0x01, 0xC0, 0x7C, 0x3F, 0xFF, 0xBF, 0x00, 0x00, 0x00,
    0xD8, 0x3B, 0x83, 0x60, 0x38, 0x07, 0x00, 0x40, 0x00, 0x30, 0x00, 0x00, 0x30, 0x00, 0x00, 0x3E,
    0x00, 0x00, 0x3F, 0x00, 0x00, 0x3B, 0x00, 0x00, 0x7F, 0x00, 0x00, 0x7E, 0x00, 0x00, 0x00, 0x00,
    0x00, 0x00, 0x0E, 0x60, 0x00, 0x0E, 0x70, 0x00, 0x07, 0x60, 0x00, 0x07, 0xE0, 0x00, 0x07, 0xE0,
    0x00, 0x07, 0xF0, 0x00, 0x07, 0x78, 0x00, 0x1E, 0x7F, 0xFF, 0xFE, 0x1F, 0xFF, 0xF8, 0x07, 0xFF,
    0x80, 0x00, 0x30, 0x00, 0x00, 0x01, 0x80, 0x00, 0x00, 0x0F, 0x80, 0x00, 0x00, 0x7E, 0x00, 0x00,
    0x03, 0xB0, 0x00, 0x00, 0x3F, 0x80, 0x00, 0x01, 0xF8, 0x00, 0x00, 0x00, 0x00, 0x00, 0x00, 0x00,
    0x00, 0x03, 0x00, 0x00, 0x00, 0x1C, 0x00, 0x00, 0x00, 0xC0, 0x00, 0x00, 0x0E, 0x00, 0x00, 0x30,
    0x70, 0x00, 0x03, 0xC3, 0xC0, 0x00, 0x7C, 0x0F, 0x00, 0x1F, 0xF8, 0x7F, 0xFF, 0xFB, 0xF8, 0xFF,
    0xFF, 0x0F, 0xC1, 0xFF, 0x80, 0x00, 0x60, 0xC1, 0xF3, 0xF7, 0x7F, 0xFF, 0x00, 0x00, 0x00, 0xE1,
    0xC3, 0x83, 0x87, 0x0E, 0x1C, 0x7B, 0xE7, 0x80, 0x00, 0x18, 0x03, 0x00, 0x7C, 0x0F, 0xC1, 0xD8,
    0x7F, 0x0F, 0xC0, 0x00, 0x00, 0x00, 0x00, 0x38, 0x06, 0x01, 0xC0, 0x38, 0x0F, 0x87, 0xFF, 0xF7,
    0xE0, 0x00, 0x3C, 0x00, 0x7F, 0xC0, 0x7F, 0xFE, 0x01, 0xFE, 0x01, 0xFE, 0x07, 0xF0, 0x0F, 0x80,
    0x1E, 0x00, 0x38, 0x00, 0x70, 0x00, 0x73, 0x70, 0xE7, 0xF0, 0xE3, 0x70, 0xE1, 0xC0, 0xE1, 0xC0,
    0xE0, 0xC0, 0xF0, 0x00, 0x78, 0x00, 0x3F, 0xFE, 0x1F, 0xFF, 0x07, 0xFC, 0x3C, 0x00, 0x07, 0xFC,
    0x00, 0x7F, 0xFE, 0x00, 0x1F, 0xE0, 0x01, 0xFE, 0x00, 0x7F, 0xC0, 0x0F, 0x9C, 0x01, 0xE0, 0xE0,
    0x38, 0x0F, 0x07, 0x00, 0x7E, 0x73, 0x73, 0xEE, 0x7F, 0x00, 0xE3, 0x70, 0x0E, 0x1C, 0x00, 0xE1,
    0xC0, 0x0E, 0x0C, 0x00, 0xF0, 0x00, 0x07, 0x80, 0x00, 0x3F, 0xFE, 0x01, 0xFF, 0xF0, 0x07, 0xFC,
    0x00, 0x7F, 0x01, 0xFF, 0x03, 0xFE, 0x00, 0x3F, 0x00, 0xFC, 0x0F, 0xE1, 0xFC, 0x3F, 0xC0, 0xFC,
    0x00, 0x00, 0x00, 0x00, 0x03, 0xF0, 0x0F, 0xC0, 0x37, 0x00, 0x30, 0x01, 0xC0, 0x03, 0x00, 0x7F,
    0x00, 0x1F, 0xF0, 0x03, 0xFE, 0x00, 0x03, 0xF0, 0x00, 0xFC, 0x00, 0xFE, 0x01, 0xFF, 0xC3, 0xFC,
    0x7E, 0xFC, 0x0F, 0x80, 0x00, 0x00, 0x00, 0x00, 0x36, 0x00, 0x1D, 0xC0, 0x03, 0x60, 0x00, 0x70,
    0x00, 0x1C, 0x00, 0x02, 0x00, 0x00, 0x18, 0x03, 0x00, 0x7C, 0x0F, 0xC1, 0xD8, 0x7F, 0x0F, 0xC0,
    0x00, 0x00, 0x00, 0x00, 0x0C, 0x03, 0xC0, 0x38, 0x07, 0x80, 0x70, 0x07, 0x00, 0xE0, 0x1C, 0x03,
    0xB8, 0xF7, 0xFC, 0xFF, 0x01, 0x00, 0x18, 0x00, 0x30, 0x00, 0x7C, 0x00, 0xFC, 0x01, 0xDC, 0x07,
    0xF0, 0x0F, 0xE0, 0x00, 0x00, 0x00, 0x00, 0x00, 0x00, 0x0C, 0x00, 0x38, 0x00, 0x38, 0x00, 0x78,
    0x00, 0x70, 0x00, 0x70, 0x00, 0xE0, 0x01, 0xC0, 0x03, 0xC3, 0x8F, 0xC7, 0xFF, 0xEF, 0xF3, 0xC1,
    0x00, 0x00, 0x04, 0x07, 0x03, 0x83, 0x63, 0xB9, 0xD8, 0x00, 0x00, 0x02, 0x03, 0x81, 0xC0, 0x60,
    0x38, 0x1C, 0x0E, 0x07, 0x03, 0x83, 0x83, 0xC3, 0xCF, 0xC7, 0xC1, 0x80, 0x0C, 0x00, 0x70, 0x03,
    0x80, 0x76, 0x03, 0xF0, 0x1D, 0x80, 0x00, 0x00, 0x00, 0x02, 0x00, 0x38, 0x01, 0xC0, 0x06, 0x00,
    0x38, 0x01, 0xC0, 0x0F, 0x00, 0x7E, 0x03, 0xF0, 0x38, 0x03, 0xC0, 0x3C, 0x0F, 0xC0, 0x7C, 0x01,
    0x80, 0x00, 0x18, 0x06, 0x01, 0xF0, 0x7E, 0x1D, 0x8F, 0xE3, 0xF0, 0x00, 0x00, 0x00, 0x00, 0x20,
    0x1C, 0x07, 0x00, 0xC0, 0x38, 0x0E, 0x03, 0x80, 0xE0, 0x38, 0x1C, 0x0F, 0x07, 0x8F, 0xC3, 0xE0,
    0x60, 0x00, 0x18, 0x00, 0xC0, 0x07, 0xC0, 0x3F, 0x01, 0xD8, 0x1F, 0xC0, 0xFC, 0x00, 0x00, 0x00,
    0x00, 0x00, 0x00, 0x80, 0x0E, 0x00, 0x70, 0x01, 0x80, 0x0E, 0x00, 0x70, 0x03, 0xC0, 0x1F, 0x80,
    0xFC, 0x0E, 0x00, 0xF0, 0x0F, 0x03, 0xF0, 0x1F, 0x00, 0x60, 0x00, 0x00, 0x00, 0x0C, 0x00, 0x00,
    0x78, 0x00, 0x03, 0xF0, 0x00, 0x1F, 0x80, 0x00, 0x7C, 0x00, 0x01, 0xE0, 0x00, 0x03, 0x80, 0x00,
    0x07, 0x80, 0x00, 0x07, 0x80, 0xC0, 0x03, 0x81, 0xC0, 0x03, 0x83, 0x00, 0x03, 0x8E, 0x00, 0x07,
    0x1C, 0x00, 0x07, 0x3C, 0x00, 0x0E, 0x3C, 0x00, 0x3C, 0x7F, 0xFF, 0xF0, 0x3F, 0xFF, 0xC0, 0x1F,
    0xFC, 0x00, 0x00, 0x00, 0x0C, 0x00, 0x00, 0x0F, 0x00, 0x00, 0x0F, 0xC0, 0x00, 0x0F, 0xC0, 0x00,
    0x07, 0xC0, 0x00, 0x03, 0xC0, 0x00, 0x00, 0xE0, 0x00, 0x00, 0x3C, 0x00, 0x00, 0x07, 0x80, 0x18,
    0x00, 0xF0, 0x07, 0x00, 0x1E, 0x01, 0x80, 0x03, 0xC0, 0xE0, 0x00, 0x70, 0x38, 0x00, 0x0E, 0x0F,
    0x00, 0x03, 0xC1, 0xE0, 0x03, 0xF8, 0x7F, 0xFF, 0xFF, 0xC7, 0xFF, 0xF9, 0xF0, 0x7F, 0xF0, 0x00,
    0x00, 0x40, 0x3C, 0x1F, 0x8F, 0xC7, 0xE0, 0xF0, 0x3C, 0x03, 0xC0, 0x3C, 0x03, 0xC0, 0x3C, 0x03,
    0x80, 0x38, 0x07, 0x00, 0xE0, 0x3C, 0xFF, 0x1F, 0xC3, 0x00, 0x00, 0x00, 0x40, 0x0F, 0x80, 0x7E,
    0x07, 0xE0, 0x7E, 0x01, 0xE0, 0x0E, 0x00, 0x1C, 0x00, 0x78, 0x00, 0x70, 0x00, 0xE0, 0x01, 0xC0,
    0x03, 0x80, 0x0E, 0x00, 0x3C, 0x01, 0xFC, 0xFF, 0xFF, 0xF9, 0xFC, 0x00, 0x00, 0x00, 0x00, 0x10,
    0x00, 0x00, 0xF0, 0x00, 0x03, 0xE0, 0x00, 0x1F, 0x60, 0x00, 0xFB, 0xC0, 0x01, 0xDF, 0x80, 0x02,
    0xFC, 0x00, 0x03, 0xE0, 0x00, 0x0F, 0x00, 0x00, 0x1C, 0x00, 0x00, 0x3C, 0x00, 0x00, 0x3C, 0x06,
    0x00, 0x1C, 0x0E, 0x00, 0x1C, 0x18, 0x00, 0x1C, 0x70, 0x00, 0x38, 0xE0, 0x00, 0x39, 0xE0, 0x00,
    0x71, 0xE0, 0x01, 0xE3, 0xFF, 0xFF, 0x81, 0xFF, 0xFE, 0x00, 0xFF, 0xE0, 0x00, 0x00, 0x00, 0x10,
    0x00, 0x00, 0x1E, 0x00, 0x00, 0x0F, 0x80, 0x00, 0x0F, 0xB0, 0x00, 0x0F, 0xBC, 0x00, 0x03, 0xBF,
    0x00, 0x00, 0xBF, 0x00, 0x00, 0x1F, 0x00, 0x00, 0x0F, 0x00, 0x00, 0x03, 0x80, 0x00, 0x00, 0xF0,
    0x00, 0x00, 0x1E, 0x00, 0x60, 0x03, 0xC0, 0x1C, 0x00, 0x78, 0x06, 0x00, 0x0F, 0x03, 0x80, 0x01,
    0xC0, 0xE0, 0x00, 0x38, 0x3C, 0x00, 0x0F, 0x07, 0x80, 0x0F, 0xE1, 0xFF, 0xFF, 0xFF, 0x1F, 0xFF,
    0xE7, 0xC1, 0xFF, 0xC0, 0x00, 0x00, 0x80, 0x70, 0x3E, 0x1F, 0x27, 0x9F, 0xEF, 0xF7, 0xE3, 0xF0,
    0x78, 0x1E, 0x01, 0xE0, 0x1E, 0x01, 0xE0, 0x1E, 0x01, 0xC0, 0x1C, 0x03, 0x80, 0x70, 0x1E, 0x7F,
    0x8F, 0xE1, 0x80, 0x00, 0x00, 0x80, 0x0E, 0x00, 0xF8, 0x0F, 0x90, 0x7B, 0xE3, 0xDF, 0x8D, 0xF8,
    0x1F, 0x80, 0x78, 0x03, 0x80, 0x07, 0x00, 0x1E, 0x00, 0x1C, 0x00, 0x38, 0x00, 0x70, 0x00, 0xE0,
    0x03, 0x80, 0x0F, 0x00, 0x7F, 0x3F, 0xFF, 0xFE, 0x7F, 0x00, 0x00, 0x00, 0x0E, 0x00, 0x0E, 0x00,
    0x0E, 0x20, 0x07, 0x70, 0x07, 0x70, 0x07, 0x60, 0x07, 0xE0, 0x07, 0xE0, 0x07, 0x70, 0x07, 0x78,
    0x1E, 0x7F, 0xFC, 0x3F, 0xF8, 0x0F, 0xF0, 0x00, 0x00, 0x00, 0x00, 0xE0, 0x00, 0x07, 0x02, 0x00,
    0x70, 0x70, 0x07, 0x07, 0x00, 0x78, 0x60, 0x07, 0xFE, 0x00, 0x7F, 0xE0, 0x07, 0x07, 0x00, 0x70,
    0x70, 0x0E, 0x07, 0xFF, 0xE0, 0x3F, 0xFC, 0x00, 0xFF, 0x00, 0x08, 0x07, 0x81, 0xE0, 0xFC, 0x3B,
    0x9C, 0x66, 0x1F, 0x87, 0xE1, 0xDC, 0xE7, 0xF8, 0xFC, 0x04, 0x00, 0xFC, 0x07, 0xF8, 0x3C, 0xE0,
    0xE1, 0x83, 0x87, 0x0E, 0x1E, 0x18, 0x3E, 0x60, 0x78, 0x00, 0x00, 0x00, 0xE3, 0x8E, 0x1C, 0x71,
    0xC7, 0x3F, 0xEF, 0x04, 0x30, 0x87, 0x0C, 0x38, 0x03, 0xC0, 0x3E, 0x3D, 0xF3, 0xE3, 0xBE, 0x0D,
    0xC0, 0x7C, 0x03, 0xE0, 0x0F, 0x00, 0x38, 0x01, 0x80, 0x01, 0x00, 0x03, 0x80, 0x03, 0xC0, 0x03,
    0xF0, 0x07, 0xF8, 0x0E, 0x7C, 0x0E, 0x3E, 0x0E, 0x7E, 0x0E, 0x77, 0x07, 0xF7, 0x07, 0xE7, 0xFF,
    0xFF, 0xFF, 0xFE, 0x18, 0x18, 0x00, 0x60, 0x00, 0xF8, 0x00, 0xFE, 0x00, 0x77, 0x00, 0x73, 0x80,
    0x39, 0xC0, 0x1C, 0xE0, 0x0C, 0xF0, 0x4F, 0xF8, 0x7F, 0xFF, 0xFF, 0xFF, 0xE1, 0xC1, 0x80, 0x70,
    0xC0, 0x3C, 0x60, 0x0F, 0xF0, 0x03, 0xF8, 0x00, 0xF0, 0x00, 0x08, 0x00, 0x38, 0x00, 0xF0, 0x07,
    0xE0, 0x3F, 0xC0, 0xE7, 0x83, 0x1F, 0x0C, 0x7E, 0x39, 0xF8, 0xFE, 0x71, 0xF1, 0xFF, 0xFE, 0xFF,
    0xF8, 0x01, 0x80, 0x03, 0x80, 0x1F, 0x00, 0xFC, 0x07, 0x38, 0x1C, 0xE0, 0xE3, 0x83, 0x8C, 0x0E,
    0x70, 0x3F, 0xC3, 0xFF, 0xFF, 0xFF, 0xCE, 0x1C, 0x38, 0x70, 0xF1, 0xC1, 0xFE, 0x03, 0xF8, 0x03,
    0x80, 0x03, 0x00, 0x00, 0x0F, 0x00, 0x00, 0x1F, 0x00, 0x00, 0x7F, 0x00, 0x01, 0xCE, 0x00, 0x07,
    0x8C, 0x00, 0x1E, 0x10, 0x00, 0x38, 0x00, 0x00, 0xE0, 0x00, 0x00, 0xF0, 0x00, 0x0D, 0xFF, 0xFF,
    0xF8, 0xFF, 0xFF, 0xF0, 0x3F, 0xFE, 0x00, 0x07, 0xFE, 0x7F, 0xFD, 0xFF, 0xF7, 0x80, 0x0C, 0x00,
    0x1C, 0x00, 0x3F, 0x80, 0x1F, 0xFF, 0x0F, 0xFE, 0x0C, 0x00, 0x00, 0x78, 0x00, 0x00, 0xC0, 0x00,
    0x01, 0x80, 0x00, 0x01, 0xE0, 0x00, 0x07, 0xC0, 0x00, 0x0C, 0xC0, 0x00, 0x03, 0xC0, 0x00, 0x07,
    0xC0, 0x00, 0x1F, 0xC0, 0x00, 0x73, 0x80, 0x01, 0xE3, 0x00, 0x07, 0x84, 0x00, 0x0E, 0x00, 0x00,
    0x38, 0x00, 0x00, 0x3C, 0x00, 0x03, 0x7F, 0xFF, 0xFE, 0x3F, 0xFF, 0xFC, 0x0F, 0xFF, 0x80, 0x0C,
    0x00, 0x78, 0x00, 0xC0, 0x01, 0x80, 0x01, 0xE0, 0x07, 0xC0, 0x0C, 0x00, 0x03, 0xFF, 0x3F, 0xFE,
    0xFF, 0xFB, 0xC0, 0x06, 0x00, 0x0E, 0x00, 0x1F, 0xC0, 0x0F, 0xFF, 0x87, 0xFF, 0x00, 0x03, 0xC0,
    0x01, 0xFC, 0x00, 0x7F, 0x00, 0x1E, 0x00, 0x03, 0x80, 0x00, 0xE0, 0x08, 0x1C, 0x03, 0x83, 0xE0,
    0x70, 0x3F, 0x0C, 0x01, 0xFB, 0x80, 0x07, 0x70, 0x00, 0xE7, 0x00, 0x3C, 0xF0, 0x0F, 0x1F, 0xFF,
    0xC1, 0xFF, 0xF0, 0x0F, 0xF0, 0x00, 0x20, 0x00, 0x07, 0x00, 0xC0, 0x70, 0x0F, 0x86, 0x00, 0xFF,
    0xE0, 0x03, 0xFE, 0x00, 0x1C, 0x70, 0x01, 0xC7, 0x80, 0x78, 0x3F, 0xFF, 0x81, 0xFF, 0xE0, 0x0F,
    0xF8, 0x00, 0x00, 0x18, 0x38, 0x70, 0xE0, 0xC1, 0x83, 0x0E, 0xFD, 0xF0, 0x00, 0x0D, 0xDF, 0xB7,
    0x00, 0x01, 0xC0, 0x30, 0x0E, 0x01, 0xC0, 0x7C, 0x3F, 0xFF, 0xBF, 0x00, 0x00, 0x00, 0xD8, 0x3B,
    0x83, 0x60, 0x1F, 0x0F, 0xC7, 0xA1, 0xC0, 0x70, 0x1C, 0x03, 0xF8, 0x7F, 0xFF, 0x3F, 0x04, 0x00,
    0x38, 0x7F, 0xD3, 0xC0, 0x00, 0x00, 0xE0, 0x70, 0x38, 0x0C, 0x06, 0x03, 0x01, 0x80, 0xC0, 0x60,
    0x30, 0x18, 0x0E, 0x07, 0x03, 0x81, 0xC0, 0xE0, 0x38, 0x1F, 0xF1, 0x3C, 0x00, 0x00, 0x00, 0x38,
    0x07, 0x00, 0x60, 0x0C, 0x01, 0x80, 0x30, 0x06, 0x00, 0xE0, 0x1C, 0x03, 0x80, 0x70, 0x0E, 0x01,
    0xC0, 0x38, 0x07, 0x00, 0xF0, 0x1F, 0xC1, 0xF8, 0x00, 0x33, 0xCC, 0x30, 0xFB, 0xEC, 0x00, 0x71,
    0xC7, 0x0C, 0x30, 0xC3, 0x0C, 0x30, 0xC3, 0x0E, 0x38, 0xE3, 0x8E, 0x30, 0x78, 0x30, 0x18, 0x0F,
    0x87, 0xC3, 0x00, 0x00, 0x70, 0x38, 0x0C, 0x06, 0x03, 0x01, 0x80, 0xC0, 0x70, 0x38, 0x1C, 0x0E,
    0x07, 0x03, 0x81, 0xC0, 0xE0, 0x78, 0x3F, 0x8F, 0xC0, 0x00, 0x0C, 0x1E, 0x0C, 0x06, 0x03, 0xE1,
    0xF0, 0xC0, 0x38, 0x3F, 0x3F, 0x9C, 0xFC, 0x7E, 0x3F, 0x1D, 0xFE, 0xFF, 0x0F, 0x83, 0x87, 0xDF,
    0xCF, 0xC7, 0x00, 0x0C, 0x01, 0xE0, 0x0C, 0x00, 0x60, 0x03, 0xE0, 0x1F, 0x00, 0xC0, 0x00, 0x00,
    0x1C, 0x01, 0xF8, 0x1F, 0xC0, 0xE7, 0x0E, 0x38, 0x71, 0xC3, 0xCE, 0x0F, 0xFE, 0x7F, 0xF0, 0x3F,
    0x01, 0xC0, 0x3E, 0x0F, 0xE0, 0x7E, 0x03, 0x80, 0x00, 0xE3, 0x8E, 0x18, 0x61, 0x86, 0x18, 0x61,
    0x86, 0x1C, 0x71, 0xC7, 0x1C, 0x71, 0xC0, 0x0C, 0xF3, 0x0C, 0x1E, 0xFB, 0x00, 0xE0, 0xE0, 0x60,
    0x60, 0x60, 0x60, 0x60, 0x70, 0x70, 0x70, 0x70, 0x70, 0x70, 0x70, 0x70, 0x78, 0x7F, 0x3F, 0x00,
    0x30, 0xF0, 0xC0, 0xC0, 0x78, 0xF8, 0xC0, 0x0E, 0x00, 0x03, 0xC0, 0x78, 0x60, 0x3F, 0x8C, 0x0F,
    0xE1, 0xF3, 0xC0, 0x3E, 0x70, 0x06, 0x1C, 0x01, 0x03, 0x80, 0x70, 0x7C, 0x0E, 0x07, 0xE1, 0x80,
    0x3F, 0x70, 0x00, 0xEE, 0x00, 0x1C, 0xE0, 0x07, 0x9E, 0x01, 0xE3, 0xFF, 0xF8, 0x3F, 0xFE, 0x01,
    0xFE, 0x00, 0x0E, 0x00, 0x01, 0xE0, 0x00, 0x18, 0x00, 0x01, 0x80, 0x00, 0x1F, 0x00, 0x01, 0xF0,
    0x00, 0x18, 0x00, 0x02, 0x00, 0x00, 0x70, 0x0C, 0x07, 0x00, 0xF8, 0x60, 0x0F, 0xFE, 0x00, 0x3F,
    0xE0, 0x01, 0xC7, 0x00, 0x1C, 0x78, 0x07, 0x83, 0xFF, 0xF8, 0x1F, 0xFE, 0x00, 0xFF, 0x80, 0x31,
    0xEE, 0x38, 0x7F, 0xF6, 0x00, 0x38, 0xE3, 0x87, 0x1C, 0x71, 0xCF, 0xFB, 0xC0, 0x00, 0x18, 0x1E,
    0x06, 0x01, 0x80, 0x3C, 0x1F, 0x06, 0x00, 0x00, 0x1C, 0x07, 0x01, 0xC0, 0x70, 0x3E, 0x3F, 0xFF,
    0x7C, 0x00, 0xEE, 0xE6, 0x66, 0x66, 0x66, 0x67, 0x77, 0x77, 0x77, 0xE0, 0xE0, 0x60, 0x60, 0x60,
    0x60, 0x60, 0x70, 0x70, 0x70, 0x70, 0x70, 0x70, 0x70, 0x70, 0x78, 0x7F, 0x3F, 0x00, 0x00, 0x00,
    0x00, 0x00, 0x00, 0x0E, 0x60, 0x00, 0x0E, 0x70, 0x00, 0x07, 0x60, 0x00, 0x07, 0xE0, 0x00, 0x07,
    0xE0, 0x00, 0x07, 0xF0, 0x00, 0x07, 0x78, 0x00, 0x1E, 0x7F, 0xFF, 0xFE, 0x1F, 0xFF, 0xF8, 0x07,
    0xFF, 0x80, 0x00, 0x00, 0x00, 0x00, 0x00, 0x00, 0x00, 0x18, 0x00, 0x00, 0x1C, 0x00, 0x00, 0x18,
    0x00, 0x60, 0x00, 0x00, 0x03, 0x80, 0x00, 0x00, 0x18, 0x00, 0x00, 0x01, 0xC0, 0x00, 0x06, 0x0E,
    0x00, 0x00, 0x78, 0x78, 0x00, 0x0F, 0x81, 0xE0, 0x03, 0xFF, 0x0F, 0xFF, 0xFF, 0x7F, 0x1F, 0xFF,
    0xE1, 0xF8, 0x3F, 0xF0, 0x00, 0x00, 0x00, 0x00, 0x00, 0x00, 0x00, 0x00, 0x00, 0x03, 0x80, 0x00,
    0x00, 0x1C, 0x00, 0x00, 0x00, 0xE0, 0x00, 0x00, 0x00, 0xE3, 0x8E, 0x1C, 0x71, 0xC7, 0x3F, 0xEF,
    0x00, 0x01, 0xC7, 0x1C, 0x00, 0x07, 0x01, 0xC0, 0x70, 0x1C, 0x0F, 0x8F, 0xFF, 0xDF, 0x00, 0x00,
    0x01, 0x80, 0x70, 0x18, 0x00, 0x3B, 0x0F, 0xE3, 0xB0, 0x00, 0x00, 0x02, 0x01, 0xE0, 0x78, 0x3F,
    0x0E, 0xE7, 0x19, 0x87, 0xE1, 0xF8, 0x77, 0x39, 0xFE, 0x3F, 0x00, 0x1D, 0x80, 0x7E, 0x01, 0xD8,
    0x00, 0x00, 0x00, 0x00, 0x00, 0x00, 0x18, 0x00, 0x60, 0x0F, 0xC0, 0x7F, 0x03, 0xFC, 0x1C, 0x70,
    0x61, 0xC3, 0x87, 0x07, 0xFC, 0x1F, 0xF0, 0x3F, 0xE0, 0x03, 0xF0, 0x07, 0xC0, 0x00, 0x00, 0x76,
    0x00, 0x00, 0x7E, 0x00, 0x00, 0x76, 0x00, 0x00, 0x00, 0x0E, 0x60, 0x00, 0x0E, 0x70, 0x00, 0x07,
    0x60, 0x00, 0x07, 0xE0, 0x00, 0x07, 0xE0, 0x00, 0x07, 0xF0, 0x00, 0x07, 0x78, 0x00, 0x1E, 0x7F,
    0xFF, 0xFE, 0x1F, 0xFF, 0xF8, 0x07, 0xFF, 0x80, 0x00, 0x76, 0x00, 0x00, 0x03, 0xF8, 0x00, 0x00,
    0x1D, 0x80, 0x00, 0x00, 0x00, 0x00, 0x06, 0x00, 0x00, 0x00, 0x38, 0x00, 0x00, 0x01, 0x80, 0x00,
    0x00, 0x1C, 0x00, 0x00, 0x60, 0xE0, 0x00, 0x07, 0x87, 0x80, 0x00, 0xF8, 0x1E, 0x00, 0x3F, 0xF0,
    0xFF, 0xFF, 0xF7, 0xF1, 0xFF, 0xFE, 0x1F, 0x83, 0xFF, 0x00, 0x00, 0xED, 0xFF, 0xB0, 0x00, 0x00,
    0x0E, 0x1C, 0x38, 0x38, 0x70, 0xE1, 0xC7, 0xBE, 0x78, 0x00, 0x33, 0x07, 0xE0, 0xFC, 0x00, 0x00,
    0x00, 0x00, 0x03, 0x80, 0x60, 0x1C, 0x03, 0x80, 0xF8, 0x7F, 0xFF, 0x7E, 0x00, 0x00, 0x00, 0x18,
    0x00, 0x00, 0x1C, 0x00, 0x00, 0x1C, 0x00, 0x00, 0x76, 0x00, 0x00, 0x7E, 0x00, 0x00, 0x76, 0x00,
    0x00, 0x00, 0x0E, 0x60, 0x00, 0x0E, 0x70, 0x00, 0x07, 0x60, 0x00, 0x07, 0xE0, 0x00, 0x07, 0xE0,
    0x00, 0x07, 0xF0, 0x00, 0x07, 0x78, 0x00, 0x1E, 0x7F, 0xFF, 0xFE, 0x1F, 0xFF, 0xF8, 0x07, 0xFF,
    0x80, 0x00, 0x18, 0x00, 0x00, 0x00, 0xE0, 0x00, 0x00, 0x07, 0x00, 0x00, 0x00, 0xEC, 0x00, 0x00,
    0x07, 0xF0, 0x00, 0x00, 0x3B, 0x00, 0x00, 0x00, 0x00, 0x00, 0x0C, 0x00, 0x00, 0x00, 0x70, 0x00,
    0x00, 0x03, 0x00, 0x00, 0x00, 0x38, 0x00, 0x00, 0xC1, 0xC0, 0x00, 0x0F, 0x0F, 0x00, 0x01, 0xF0,
    0x3C, 0x00, 0x7F, 0xE1, 0xFF, 0xFF, 0xEF, 0xE3, 0xFF, 0xFC, 0x3F, 0x07, 0xFE, 0x00, 0x00, 0x30,
    0x70, 0xE7, 0x6F, 0xFD, 0x80, 0x00, 0x00, 0x70, 0xE1, 0xC1, 0xC3, 0x87, 0x0E, 0x3D, 0xF3, 0xC0,
    0x00, 0x0C, 0x03, 0x80, 0x30, 0x19, 0x83, 0xF0, 0x7E, 0x00, 0x00, 0x00, 0x00, 0x01, 0xC0, 0x30,
    0x0E, 0x01, 0xC0, 0x7C, 0x3F, 0xFF, 0xBF, 0x00, 0x00, 0x3C, 0x00, 0xFF, 0x01, 0xFF, 0xF0, 0x0F,
    0xF0, 0x1F, 0xE0, 0xFC, 0x03, 0xC0, 0x0F, 0x00, 0x38, 0x00, 0xE0, 0x01, 0xC0, 0x07, 0x04, 0x0E,
    0x1C, 0x1C, 0x38, 0x38, 0x20, 0x70, 0x00, 0xF0, 0x00, 0xF0, 0x00, 0xFF, 0xF8, 0xFF, 0xF0, 0x7F,
    0x80, 0x3C, 0x00, 0x1F, 0xE0, 0x07, 0xFF, 0xC0, 0x07, 0xF8, 0x01, 0xFE, 0x01, 0xFC, 0x00, 0xF3,
    0x00, 0x78, 0xE0, 0x38, 0x3C, 0x1C, 0x07, 0xF7, 0x00, 0xFF, 0x82, 0x00, 0xE1, 0xC0, 0x38, 0x70,
    0x0E, 0x08, 0x03, 0x80, 0x00, 0xF0, 0x00, 0x1E, 0x00, 0x03, 0xFF, 0xE0, 0x7F, 0xF8, 0x07, 0xF8,
    0x00, 0x7F, 0x01, 0xFF, 0x03, 0xFE, 0x00, 0x3F, 0x00, 0xFC, 0x0F, 0xE1, 0xFC, 0x3F, 0xC0, 0xFC,
    0x00, 0x00, 0x00, 0x00, 0x00, 0xC0, 0x07, 0x80, 0x0C, 0x00, 0x7F, 0x00, 0x1F, 0xF0, 0x03, 0xFE,
    0x00, 0x03, 0xF0, 0x00, 0xFC, 0x00, 0xFE, 0x01, 0xFF, 0xC3, 0xFC, 0x7E, 0xFC, 0x0F, 0x80, 0x00,
    0x00, 0x00, 0x00, 0x1C, 0x00, 0x07, 0x00, 0x01, 0xC0, 0x00, 0x3C, 0x00, 0xFF, 0x01, 0xFF, 0xF0,
    0x0F, 0xF0, 0x1F, 0xE0, 0xFC, 0x03, 0xC0, 0x0F, 0x00, 0x38, 0x00, 0xE0, 0x01, 0xC0, 0x07, 0x00,
    0x0E, 0x00, 0x1C, 0x00, 0x38, 0x00, 0x70, 0x00, 0xF0, 0x00, 0xF0, 0x00, 0xFF, 0xF8, 0xFF, 0xF0,
    0x7F, 0x80, 0x3C, 0x00, 0x1F, 0xE0, 0x07, 0xFF, 0xC0, 0x07, 0xF8, 0x01, 0xFE, 0x01, 0xFC, 0x00,
    0xF3, 0x00, 0x78, 0xE0, 0x38, 0x3C, 0x1C, 0x07, 0xF7, 0x00, 0xFF, 0x80, 0x00, 0xE0, 0x00, 0x38,
    0x00, 0x0E, 0x00, 0x03, 0x80, 0x00, 0xF0, 0x00, 0x1E, 0x00, 0x03, 0xFF, 0xE0, 0x7F, 0xF8, 0x07,
    0xF8, 0x00, 0x7F, 0x01, 0xFF, 0x03, 0xFE, 0x00, 0x3F, 0x00, 0xFC, 0x0F, 0xE1, 0xFC, 0x3F, 0xC0,
    0xFC, 0x00, 0x00, 0x00, 0x7F, 0x00, 0x1F, 0xF0, 0x03, 0xFE, 0x00, 0x03, 0xF0, 0x00, 0xFC, 0x00,
    0xFE, 0x01, 0xFF, 0xC3, 0xFC, 0x7E, 0xFC, 0x0F, 0x80, 0x00, 0x00, 0x01, 0x80, 0x07, 0x00, 0x0E,
    0x00, 0x00, 0x00, 0x00, 0x07, 0x80, 0x1F, 0xE0, 0x3F, 0xFE, 0x01, 0xFE, 0x03, 0xFC, 0x1F, 0x80,
    0x78, 0x01, 0xE0, 0x07, 0x00, 0x1C, 0x00, 0x38, 0x00, 0xE0, 0x01, 0xC0, 0x03, 0x80, 0x07, 0x00,
    0x0E, 0x00, 0x1E, 0x00, 0x1E, 0x00, 0x1F, 0xFF, 0x1F, 0xFE, 0x0F, 0xF0, 0x01, 0x80, 0x00, 0xE0,
    0x00, 0x38, 0x00, 0x00, 0x00, 0x00, 0x00, 0x0F, 0x00, 0x07, 0xF8, 0x01, 0xFF, 0xF0, 0x01, 0xFE,
    0x00, 0x7F, 0x80, 0x7F, 0x00, 0x3C, 0xC0, 0x1E, 0x38, 0x0E, 0x0F, 0x07, 0x01, 0xFD, 0xC0, 0x3F,
    0xE0, 0x00, 0x38, 0x00, 0x0E, 0x00, 0x03, 0x80, 0x00, 0xE0, 0x00, 0x3C, 0x00, 0x07, 0x80, 0x00,
    0xFF, 0xF8, 0x1F, 0xFE, 0x01, 0xFE, 0x00, 0x18, 0x00, 0x70, 0x01, 0x80, 0x00, 0x00, 0x00, 0x01,
    0xFC, 0x07, 0xFC, 0x0F, 0xF8, 0x00, 0xFC, 0x03, 0xF0, 0x3F, 0x87, 0xF0, 0xFF, 0x03, 0xF0, 0x00,
    0x00, 0x00, 0x18, 0x00, 0x0E, 0x00, 0x01, 0x80, 0x00, 0x00, 0x00, 0x00, 0x00, 0x1F, 0xC0, 0x07,
    0xFC, 0x00, 0xFF, 0x80, 0x00, 0xFC, 0x00, 0x3F, 0x00, 0x3F, 0x80, 0x7F, 0xF0, 0xFF, 0x1F, 0xBF,
    0x03, 0xE0, 0x00, 0x00, 0x03, 0x00, 0xF0, 0x0E, 0x01, 0xE0, 0x1C, 0x01, 0xC0, 0x38, 0x07, 0x00,
    0xEE, 0x3D, 0xFF, 0x3F, 0xC0, 0x40, 0x03, 0x00, 0x0E, 0x00, 0x0E, 0x00, 0x1E, 0x00, 0x1C, 0x00,
    0x1C, 0x00, 0x38, 0x00, 0x70, 0x00, 0xF0, 0xE3, 0xF1, 0xFF, 0xFB, 0xFC, 0xF0, 0x40, 0x00, 0x0C,
    0x01, 0xC0, 0x38, 0x00, 0x00, 0x00, 0x06, 0x01, 0xE0, 0x1C, 0x03, 0xC0, 0x38, 0x03, 0x80, 0x70,
    0x0E, 0x01, 0xDC, 0x7B, 0xFE, 0x7F, 0x80, 0x80, 0x0E, 0x00, 0x1C, 0x00, 0x38, 0x00, 0x00, 0x00,
    0x00, 0x00, 0x60, 0x01, 0xC0, 0x01, 0xC0, 0x03, 0xC0, 0x03, 0x80, 0x03, 0x80, 0x07, 0x00, 0x0E,
    0x00, 0x1E, 0x1C, 0x7E, 0x3F, 0xFF, 0x7F, 0x9E, 0x08, 0x00, 0x02, 0x03, 0x81, 0xC0, 0x60, 0x38,
    0x1C, 0x0E, 0x07, 0x03, 0x83, 0x83, 0xC3, 0xCF, 0xC7, 0xC1, 0x80, 0x02, 0x00, 0x38, 0x01, 0xC0,
    0x06, 0x00, 0x38, 0x01, 0xC0, 0x0F, 0x00, 0x7E, 0x03, 0xF0, 0x38, 0x03, 0xC0, 0x3C, 0x0F, 0xC0,
    0x7C, 0x01, 0x80, 0x00, 0x0E, 0x07, 0x03, 0x80, 0x00, 0x00, 0x10, 0x1C, 0x0E, 0x03, 0x01, 0xC0,
    0xE0, 0x70, 0x38, 0x1C, 0x1C, 0x1E, 0x1E, 0x7E, 0x3E, 0x0C, 0x00, 0x0C, 0x00, 0xF0, 0x03, 0x00,
    0x00, 0x00, 0x00, 0x01, 0x00, 0x1C, 0x00, 0xE0, 0x03, 0x00, 0x1C, 0x00, 0xE0, 0x07, 0x80, 0x3F,
    0x01, 0xF8, 0x1C, 0x01, 0xE0, 0x1E, 0x07, 0xE0, 0x3E, 0x00, 0xC0, 0x00, 0x00, 0x00, 0x00, 0x00,
    0x00, 0x00, 0x01, 0x80, 0x00, 0x00, 0x0E, 0x00, 0x00, 0x00, 0x70, 0x00, 0xE0, 0xE3, 0x80, 0x03,
    0x87, 0x0C, 0x80, 0x1C, 0x38, 0x6E, 0x00, 0xE1, 0xC3, 0x70, 0x07, 0x9E, 0x3B, 0x00, 0x3F, 0xFF,
    0xF8, 0x01, 0xFF, 0xFD, 0xC0, 0x0E, 0x00, 0x07, 0x00, 0x70, 0x00, 0x3C, 0x07, 0x00, 0x00, 0xFF,
    0xF8, 0x00, 0x03, 0xFF, 0x80, 0x00, 0x0F, 0xF0, 0x00, 0x00, 0x00, 0x00, 0x00, 0x38, 0x00, 0x00,
    0x00, 0x1C, 0x00, 0x03, 0x83, 0x8E, 0x00, 0x00, 0xE1, 0xC3, 0x02, 0x00, 0x70, 0xE1, 0x83, 0x80,
    0x38, 0x71, 0xE1, 0xC0, 0x1E, 0x78, 0xF8, 0xC0, 0x0F, 0xFF, 0xFF, 0xE0, 0x07, 0xFF, 0xE7, 0xF0,
    0x03, 0x80, 0x00, 0x1C, 0x01, 0xC0, 0x00, 0x0F, 0x01, 0xC0, 0x00, 0x03, 0xFF, 0xE0, 0x00, 0x00,
    0xFF, 0xE0, 0x00, 0x00, 0x3F, 0xC0, 0x00, 0x00, 0x00, 0x00, 0x00, 0x00, 0x38, 0x00, 0x07, 0x00,
    0x00, 0xE1, 0xC3, 0x8C, 0x38, 0x61, 0xC7, 0x0C, 0x39, 0xC3, 0x87, 0x3C, 0x79, 0xDF, 0xFF, 0xFB,
    0xFF, 0x7E, 0x00, 0x00, 0x00, 0x00, 0x00, 0xC0, 0x00, 0x01, 0x80, 0x70, 0xE3, 0x80, 0xE1, 0x87,
    0x01, 0xC3, 0x0E, 0x07, 0x0E, 0x1C, 0x0F, 0x1E, 0x7C, 0x7F, 0xFF, 0xFF, 0xFF, 0xDF, 0xBE, 0x00,
    0x00, 0x00, 0x00, 0x00, 0x08, 0x00, 0x00, 0x00, 0xE0, 0x00, 0x00, 0x07, 0x00, 0x00, 0x00, 0x6C,
    0x00, 0x00, 0x07, 0x70, 0x00, 0x00, 0x1B, 0x80, 0x00, 0x00, 0x00, 0x00, 0x00, 0x00, 0x06, 0x00,
    0x00, 0x00, 0x38, 0x00, 0x00, 0x01, 0xC0, 0x03, 0x83, 0x8E, 0x00, 0x0E, 0x1C, 0x32, 0x00, 0x70,
    0xE1, 0xB8, 0x03, 0x87, 0x0D, 0xC0, 0x1E, 0x78, 0xEC, 0x00, 0xFF, 0xFF, 0xE0, 0x07, 0xFF, 0xF7,
    0x00, 0x38, 0x00, 0x1C, 0x01, 0xC0, 0x00, 0xF0, 0x1C, 0x00, 0x03, 0xFF, 0xE0, 0x00, 0x0F, 0xFE,
    0x00, 0x00, 0x3F, 0xC0, 0x00, 0x00, 0x00, 0x00, 0x08, 0x00, 0x00, 0x00, 0x0E, 0x00, 0x00, 0x00,
    0x07, 0x00, 0x00, 0x00, 0x06, 0xC0, 0x00, 0x00, 0x07, 0x70, 0x00, 0x00, 0x01, 0xB8, 0x00, 0x00,
    0x00, 0x00, 0x00, 0x00, 0x00, 0x00, 0x00, 0x00, 0x00, 0x00, 0x38, 0x00, 0x00, 0x00, 0x1C, 0x00,
    0x03, 0x83, 0x8E, 0x00, 0x00, 0xE1, 0xC3, 0x02, 0x00, 0x70, 0xE1, 0x83, 0x80, 0x38, 0x71, 0xE1,
    0xC0, 0x1E, 0x78, 0xF8, 0xC0, 0x0F, 0xFF, 0xFF, 0xE0, 0x07, 0xFF, 0xE7, 0xF0, 0x03, 0x80, 0x00,
    0x1C, 0x01, 0xC0, 0x00, 0x0F, 0x01, 0xC0, 0x00, 0x03, 0xFF, 0xE0, 0x00, 0x00, 0xFF, 0xE0, 0x00,
    0x00, 0x3F, 0xC0, 0x00, 0x00, 0x00, 0x30, 0x00, 0x0E, 0x00, 0x01, 0xC0, 0x00, 0x6E, 0x00, 0x1F,
    0xC0, 0x01, 0xB8, 0x00, 0x00, 0x00, 0x00, 0x0E, 0x00, 0x01, 0xC0, 0x00, 0x38, 0x70, 0xE3, 0x0E,
    0x18, 0x71, 0xC3, 0x0E, 0x70, 0xE1, 0xCF, 0x1E, 0x77, 0xFF, 0xFE, 0xFF, 0xDF, 0x80, 0x00, 0x00,
    0x00, 0x30, 0x00, 0x00, 0xE0, 0x00, 0x01, 0xC0, 0x00, 0x06, 0xE0, 0x00, 0x1F, 0xC0, 0x00, 0x1B,
    0x80, 0x00, 0x00, 0x00, 0x00, 0x00, 0x00, 0x00, 0x00, 0xC0, 0x00, 0x01, 0x80, 0x70, 0xE3, 0x80,
    0xE1, 0x87, 0x01, 0xC3, 0x0E, 0x07, 0x0E, 0x1C, 0x0F, 0x1E, 0x7C, 0x7F, 0xFF, 0xFF, 0xFF, 0xDF,
    0xBE, 0x00, 0x00, 0x00, 0x00, 0x00, 0x00, 0x78, 0x00, 0x00, 0x01, 0xFC, 0x00, 0x00, 0x03, 0xFE,
    0x00, 0x0E, 0x0F, 0x8F, 0x00, 0x07, 0x1E, 0x07, 0x20, 0x07, 0x1C, 0x07, 0x70, 0x07, 0x38, 0x07,
    0x70, 0x07, 0xF0, 0x1E, 0x60, 0x07, 0xFF, 0xFC, 0xE0, 0x07, 0xFF, 0xF8, 0xE0, 0x07, 0x1F, 0x80,
    0x70, 0x07, 0x00, 0x00, 0x78, 0x0E, 0x00, 0x00, 0x3F, 0xFE, 0x00, 0x00, 0x1F, 0xFC, 0x00, 0x00,
    0x0F, 0xF0, 0x00, 0x00, 0x00, 0x00, 0x00, 0x78, 0x00, 0x00, 0x00, 0x1F, 0xC0, 0x00, 0x00, 0x03,
    0xFE, 0x00, 0x00, 0xE0, 0xF8, 0xF0, 0x00, 0x07, 0x1E, 0x07, 0x02, 0x00, 0x71, 0xC0, 0x70, 0x70,
    0x07, 0x38, 0x07, 0x07, 0x00, 0x7F, 0x01, 0xF0, 0x60, 0x07, 0xFF, 0xFF, 0xEE, 0x00, 0x7F, 0xFF,
    0xFE, 0xE0, 0x07, 0x1F, 0x80, 0x07, 0x00, 0x70, 0x00, 0x00, 0x78, 0x0E, 0x00, 0x00, 0x03, 0xFF,
    0xE0, 0x00, 0x00, 0x1F, 0xFC, 0x00, 0x00, 0x00, 0xFF, 0x00, 0x00, 0x00, 0x00, 0x00, 0xC0, 0x00,
    0x1F, 0xC0, 0x00, 0xFF, 0x87, 0x07, 0x8F, 0x1C, 0x38, 0x1C, 0x71, 0xC0, 0x73, 0xCE, 0x01, 0xDF,
    0x70, 0x1E, 0xFF, 0xFF, 0xF3, 0x9F, 0xFF, 0x80, 0x1F, 0xF0, 0x00, 0x00, 0x00, 0xC0, 0x00, 0x03,
    0xF8, 0x00, 0x03, 0xFE, 0x03, 0x83, 0xC7, 0x81, 0xC3, 0x81, 0xC0, 0xE3, 0x80, 0xE0, 0xF3, 0x80,
    0x70, 0xFB, 0x80, 0xF8, 0xFF, 0xFF, 0xFF, 0xF3, 0xFF, 0xFF, 0xC0, 0x7F, 0xC0, 0x00, 0x00, 0x00,
    0x00, 0x60, 0x00, 0x00, 0x00, 0x70, 0x00, 0x00, 0x00, 0x70, 0x00, 0x00, 0x00, 0x00, 0x00, 0x00,
    0x00, 0x00, 0x00, 0x00, 0x00, 0x78, 0x00, 0x00, 0x01, 0xFC, 0x00, 0x00, 0x03, 0xFE, 0x00, 0x0E,
    0x0F, 0x8F, 0x00, 0x07, 0x1E, 0x07, 0x20, 0x07, 0x1C, 0x07, 0x70, 0x07, 0x38, 0x07, 0x70, 0x07,
    0xF0, 0x1E, 0x60, 0x07, 0xFF, 0xFC, 0xE0, 0x07, 0xFF, 0xF8, 0xE0, 0x07, 0x1F, 0x80, 0x70, 0x07,
    0x00, 0x00, 0x78, 0x0E, 0x00, 0x00, 0x3F, 0xFE, 0x00, 0x00, 0x1F, 0xFC, 0x00, 0x00, 0x0F, 0xF0,
    0x00, 0x00, 0x00, 0x00, 0x00, 0x60, 0x00, 0x00, 0x00, 0x07, 0x00, 0x00, 0x00, 0x00, 0x70, 0x00,
    0x00, 0x00, 0x00, 0x00, 0x00, 0x00, 0x00, 0x00, 0x00, 0x00, 0x00, 0x07, 0x80, 0x00, 0x00, 0x01,
    0xFC, 0x00, 0x00, 0x00, 0x3F, 0xE0, 0x00, 0x0E, 0x0F, 0x8F, 0x00, 0x00, 0x71, 0xE0, 0x70, 0x20,
    0x07, 0x1C, 0x07, 0x07, 0x00, 0x73, 0x80, 0x70, 0x70, 0x07, 0xF0, 0x1F, 0x06, 0x00, 0x7F, 0xFF,
    0xFE, 0xE0, 0x07, 0xFF, 0xFF, 0xEE, 0x00, 0x71, 0xF8, 0x00, 0x70, 0x07, 0x00, 0x00, 0x07, 0x80,
    0xE0, 0x00, 0x00, 0x3F, 0xFE, 0x00, 0x00, 0x01, 0xFF, 0xC0, 0x00, 0x00, 0x0F, 0xF0, 0x00, 0x00,
    0x00, 0x00, 0x01, 0x80, 0x00, 0x07, 0x00, 0x00, 0x1C, 0x00, 0x00, 0x00, 0x00, 0x00, 0x00, 0x00,
    0x03, 0x00, 0x00, 0x7F, 0x00, 0x03, 0xFE, 0x1C, 0x1E, 0x3C, 0x70, 0xE0, 0x71, 0xC7, 0x01, 0xCF,
    0x38, 0x07, 0x7D, 0xC0, 0x7B, 0xFF, 0xFF, 0xCE, 0x7F, 0xFE, 0x00, 0x7F, 0xC0, 0x00, 0x01, 0x80,
    0x00, 0x00, 0xE0, 0x00, 0x00, 0x70, 0x00, 0x00, 0x00, 0x00, 0x00, 0x00, 0x00, 0x00, 0x06, 0x00,
    0x00, 0x1F, 0xC0, 0x00, 0x1F, 0xF0, 0x1C, 0x1E, 0x3C, 0x0E, 0x1C, 0x0E, 0x07, 0x1C, 0x07, 0x07,
    0x9C, 0x03, 0x87, 0xDC, 0x07, 0xC7, 0xFF, 0xFF, 0xFF, 0x9F, 0xFF, 0xFE, 0x03, 0xFE, 0x00, 0x0E,
    0x00, 0x01, 0xC0, 0x00, 0x18, 0x00, 0x03, 0x00, 0x00, 0x60, 0x00, 0x0C, 0x00, 0x01, 0x80, 0x00,
    0x30, 0x00, 0x07, 0x07, 0x00, 0xE7, 0xF0, 0x1D, 0xFF, 0x03, 0xF8, 0xF0, 0x7C, 0x0E, 0x0F, 0x01,
    0xC1, 0xC0, 0x38, 0x70, 0x1E, 0xFF, 0xFF, 0x9F, 0xFF, 0xE0, 0x7F, 0xC0, 0x00, 0x0E, 0x00, 0x00,
    0x1C, 0x00, 0x00, 0x18, 0x00, 0x00, 0x30, 0x00, 0x00, 0x60, 0x00, 0x00, 0xC0, 0x00, 0x01, 0x80,
    0x00, 0x03, 0x00, 0x00, 0x07, 0x07, 0x00, 0x0E, 0x7F, 0x00, 0x1D, 0xFF, 0x00, 0x3F, 0x8F, 0x00,
    0x7C, 0x0E, 0x00, 0xF0, 0x1C, 0x01, 0xC0, 0x38, 0x07, 0x01, 0xF0, 0xFF, 0xFF, 0xFD, 0xFF, 0xFF,
    0xF8, 0x7F, 0xC0, 0x00, 0x30, 0x00, 0x30, 0x00, 0x30, 0x00, 0x30, 0x00, 0x30, 0x00, 0x30, 0x00,
    0x38, 0x00, 0x38, 0x00, 0x38, 0x30, 0x38, 0xFE, 0x3B, 0xFE, 0x3F, 0xC7, 0x3F, 0x07, 0x3E, 0x07,
    0x3C, 0x07, 0x78, 0x7E, 0xFF, 0xFC, 0xFF, 0xF0, 0xF0, 0x00, 0x30, 0x00, 0x06, 0x00, 0x00, 0xC0,
    0x00, 0x18, 0x00, 0x03, 0x00, 0x00, 0x60, 0x00, 0x0E, 0x00, 0x01, 0xC0, 0x00, 0x38, 0x30, 0x07,
    0x1F, 0xC0, 0xEF, 0xF8, 0x1F, 0xE3, 0x83, 0xF0, 0x70, 0x7C, 0x0E, 0x0F, 0x01, 0xC3, 0xC3, 0xF8,
    0xFF, 0xFF, 0xFF, 0xFE, 0xFF, 0xC0, 0x00, 0x00, 0x0E, 0x00, 0x01, 0xC0, 0x00, 0x18, 0x00, 0x03,
    0x03, 0x00, 0x60, 0x70, 0x0C, 0x0C, 0x01, 0x80, 0x00, 0x30, 0x00, 0x07, 0x07, 0x00, 0xE7, 0xF0,
    0x1D, 0xFF, 0x03, 0xF8, 0xF0, 0x7C, 0x0E, 0x0F, 0x01, 0xC1, 0xC0, 0x38, 0x70, 0x1E, 0xFF, 0xFF,
    0x9F, 0xFF, 0xE0, 0x7F, 0xC0, 0x00, 0x0E, 0x00, 0x00, 0x1C, 0x00, 0x00, 0x18, 0x00, 0x00, 0x30,
    0x60, 0x00, 0x61, 0xC0, 0x00, 0xC1, 0x80, 0x01, 0x80, 0x00, 0x03, 0x00, 0x00, 0x07, 0x07, 0x00,
    0x0E, 0x7F, 0x00, 0x1D, 0xFF, 0x00, 0x3F, 0x8F, 0x00, 0x7C, 0x0E, 0x00, 0xF0, 0x1C, 0x01, 0xC0,
    0x38, 0x07, 0x01, 0xF0, 0xFF, 0xFF, 0xFD, 0xFF, 0xFF, 0xF8, 0x7F, 0xC0, 0x00, 0x30, 0x00, 0x30,
    0x00, 0x30, 0x00, 0x30, 0x60, 0x30, 0x70, 0x30, 0x60, 0x38, 0x00, 0x38, 0x00, 0x38, 0x30, 0x38,
    0xFE, 0x3B, 0xFE, 0x3F, 0xC7, 0x3F, 0x07, 0x3E, 0x07, 0x3C, 0x07, 0x78, 0x7E, 0xFF, 0xFC, 0xFF,
    0xF0, 0xF0, 0x00, 0x30, 0x00, 0x06, 0x00, 0x00, 0xC0, 0x00, 0x18, 0x30, 0x03, 0x07, 0x00, 0x60,
    0xC0, 0x0E, 0x00, 0x01, 0xC0, 0x00, 0x38, 0x30, 0x07, 0x1F, 0xC0, 0xEF, 0xF8, 0x1F, 0xE3, 0x83,
    0xF0, 0x70, 0x7C, 0x0E, 0x0F, 0x01, 0xC3, 0xC3, 0xF8, 0xFF, 0xFF, 0xFF, 0xFE, 0xFF, 0xC0, 0x00,
    0x00, 0x0F, 0x00, 0x7F, 0x01, 0xFE, 0x03, 0x80, 0x06, 0x00, 0x0C, 0x00, 0x1C, 0x10, 0x3F, 0xF0,
    0x3F, 0xE0, 0x3E, 0x00, 0xF0, 0x03, 0xC0, 0x07, 0x00, 0x1C, 0x00, 0x38, 0x00, 0x70, 0x00, 0xE0,
    0x01, 0xC0, 0x03, 0x80, 0x03, 0xC0, 0x07, 0xFF, 0xC7, 0xFF, 0xC3, 0xFE, 0x00, 0x03, 0x80, 0x3F,
    0x80, 0xFF, 0x83, 0xC7, 0x07, 0x86, 0x07, 0x9C, 0x07, 0xF0, 0x07, 0xE0, 0x0F, 0xE0, 0x3F, 0xFC,
    0xF3, 0xFB, 0xC0, 0x0F, 0x00, 0x1C, 0x00, 0x38, 0x00, 0x70, 0x00, 0xE0, 0x01, 0xE0, 0x11, 0xFF,
    0xF1, 0xFF, 0xE1, 0xFF, 0x00, 0x0F, 0xC1, 0xFC, 0x3E, 0x83, 0x80, 0x30, 0x03, 0x00, 0x38, 0x03,
    0xE7, 0x1F, 0xFF, 0xFE, 0xFF, 0x00, 0x00, 0x03, 0x80, 0x3F, 0x80, 0xFF, 0x83, 0xC7, 0x07, 0x06,
    0x07, 0x9C, 0x07, 0xF8, 0x07, 0xE0, 0x1F, 0xE1, 0xFF, 0xFB, 0xE3, 0xF8, 0x00, 0x00, 0x06, 0x00,
    0x1E, 0x00, 0x18, 0x00, 0x00, 0x00, 0x00, 0x01, 0xE0, 0x0F, 0xE0, 0x3F, 0xC0, 0x70, 0x00, 0xC0,
    0x01, 0x80, 0x03, 0x82, 0x07, 0xFE, 0x07, 0xFC, 0x07, 0xC0, 0x1E, 0x00, 0x78, 0x00, 0xE0, 0x03,
    0x80, 0x07, 0x00, 0x0E, 0x00, 0x1C, 0x00, 0x38, 0x00, 0x70, 0x00, 0x78, 0x00, 0xFF, 0xF8, 0xFF,
    0xF8, 0x7F, 0xC0, 0x03, 0x00, 0x07, 0x00, 0x0E, 0x00, 0x00, 0x00, 0x00, 0x00, 0x70, 0x07, 0xF0,
    0x1F, 0xF0, 0x78, 0xE0, 0xF0, 0xC0, 0xF3, 0x80, 0xFE, 0x00, 0xFC, 0x01, 0xFC, 0x07, 0xFF, 0x9E,
    0x7F, 0x78, 0x01, 0xE0, 0x03, 0x80, 0x07, 0x00, 0x0E, 0x00, 0x1C, 0x00, 0x3C, 0x02, 0x3F, 0xFE,
    0x3F, 0xFC, 0x3F, 0xE0, 0x03, 0x00, 0x70, 0x07, 0x00, 0x00, 0x00, 0x00, 0xFC, 0x1F, 0xC3, 0xE8,
    0x38, 0x03, 0x00, 0x30, 0x03, 0x80, 0x3E, 0x71, 0xFF, 0xFF, 0xEF, 0xF0, 0x00, 0x00, 0x03, 0x00,
    0x0E, 0x00, 0x0C, 0x00, 0x00, 0x00, 0x00, 0x00, 0x70, 0x07, 0xF0, 0x1F, 0xF0, 0x78, 0xE0, 0xE0,
    0xC0, 0xF3, 0x80, 0xFF, 0x00, 0xFC, 0x03, 0xFC, 0x3F, 0xFF, 0x7C, 0x7F, 0x00, 0x00, 0x00, 0x00,
    0x30, 0x00, 0x00, 0x78, 0x00, 0x00, 0x30, 0x00, 0x00, 0x00, 0x00, 0x00, 0x00, 0x00, 0x00, 0x38,
    0x00, 0x00, 0x7C, 0x00, 0x00, 0xFE, 0x00, 0x01, 0xCE, 0x60, 0x01, 0xC7, 0x70, 0x01, 0xC7, 0x60,
    0x01, 0xC7, 0xE0, 0x01, 0xFF, 0xE0, 0x00, 0xFF, 0xF0, 0x00, 0x07, 0x78, 0x00, 0x0E, 0x7F, 0xFF,
    0xFE, 0x1F, 0xFF, 0xFC, 0x07, 0xFF, 0xE0, 0x00, 0x00, 0x0C, 0x00, 0x00, 0x00, 0x70, 0x00, 0x00,
    0x03, 0x80, 0x00, 0x00, 0x00, 0x00, 0x00, 0x00, 0x00, 0x00, 0x00, 0x07, 0x00, 0x00, 0x00, 0xFC,
    0x0C, 0x00, 0x07, 0xF0, 0x70, 0x00, 0x73, 0xC3, 0x00, 0x03, 0x8E, 0x38, 0x00, 0x1C, 0x71, 0xC0,
    0x00, 0xE3, 0x8F, 0x00, 0x07, 0xB8, 0x3C, 0x00, 0x1F, 0xC1, 0xFF, 0xFF, 0xFF, 0xE3, 0xFF, 0xFF,
    0xFF, 0x07, 0xFF, 0x80, 0x00, 0x0E, 0x01, 0xC0, 0x38, 0x00, 0x00, 0x00, 0x1E, 0x07, 0xE1, 0xFE,
    0x39, 0xC6, 0x39, 0xC3, 0x1C, 0x63, 0xFC, 0x3F, 0x80, 0x70, 0x3C, 0xFF, 0x9F, 0xC0, 0x00, 0x00,
    0x06, 0x00, 0x1C, 0x00, 0x60, 0x00, 0x00, 0x00, 0x00, 0x1C, 0x01, 0xF8, 0x07, 0xF0, 0x39, 0xE0,
    0xE3, 0x83, 0x0E, 0x0E, 0x38, 0x3D, 0xC0, 0x7F, 0x0F, 0xFF, 0xFF, 0xFF, 0x00, 0x00, 0x00, 0x1B,
    0x80, 0x07, 0xF0, 0x00, 0x6E, 0x00, 0x00, 0x00, 0x00, 0x00, 0x00, 0x0E, 0x00, 0x07, 0xE0, 0x00,
    0xFE, 0x00, 0x39, 0xC0, 0x07, 0x19, 0xC0, 0xC3, 0xB8, 0x1C, 0x77, 0x03, 0xFF, 0xC0, 0x3F, 0xB8,
    0x01, 0xF7, 0x00, 0x0E, 0x70, 0x03, 0xCF, 0x00, 0xF0, 0xFF, 0xFC, 0x0F, 0xFF, 0x00, 0x7F, 0x80,
    0x00, 0x1D, 0x80, 0x00, 0x7F, 0x00, 0x01, 0xD8, 0x00, 0x00, 0x00, 0x00, 0x00, 0x00, 0x00, 0x18,
    0x00, 0x00, 0xF8, 0x00, 0x07, 0xF0, 0x00, 0x39, 0xC0, 0x00, 0xE7, 0x03, 0x03, 0x0E, 0x1C, 0x0E,
    0x38, 0x70, 0x3F, 0xFD, 0x80, 0x7F, 0xFE, 0x00, 0x3F, 0x38, 0x00, 0x70, 0x70, 0x03, 0xC1, 0xE0,
    0x1E, 0x03, 0xFF, 0xF0, 0x0F, 0xFF, 0x80, 0x0F, 0xF8, 0x00, 0x1B, 0x07, 0x70, 0x6E, 0x00, 0x00,
    0x00, 0x1E, 0x07, 0xE1, 0xFE, 0x39, 0xC6, 0x39, 0xC3, 0x1C, 0x63, 0xFC, 0x3F, 0x80, 0x70, 0x3C,
    0xFF, 0x9F, 0xC0, 0x00, 0x00, 0x1D, 0x80, 0x7E, 0x01, 0xD8, 0x00, 0x00, 0x00, 0x00, 0x1C, 0x01,
    0xF8, 0x07, 0xF0, 0x39, 0xE0, 0xE3, 0x83, 0x0E, 0x0E, 0x38, 0x3D, 0xC0, 0x7F, 0x0F, 0xFF, 0xFF,
    0xFF, 0x00, 0x00, 0x00, 0x00, 0x30, 0x00, 0x01, 0x80, 0x00, 0x0E, 0x00, 0x00, 0x70, 0x00, 0x83,
    0x80, 0x1E, 0x1C, 0x00, 0xE0, 0xE0, 0x0E, 0x07, 0x00, 0x38, 0x3B, 0x00, 0xC1, 0xDC, 0x0F, 0x0E,
    0xC1, 0xF0, 0x7E, 0x06, 0x03, 0xF0, 0x00, 0x1F, 0xC0, 0x00, 0xEF, 0x00, 0x1E, 0x7F, 0xFF, 0xF0,
    0xFF, 0xFF, 0x01, 0xFF, 0x80, 0x00, 0x00, 0x30, 0x00, 0x00, 0x18, 0x00, 0x00, 0x0E, 0x00, 0x00,
    0x07, 0x00, 0x00, 0x83, 0x80, 0x01, 0xE1, 0xC0, 0x00, 0xE0, 0xE0, 0x00, 0xE0, 0x70, 0x00, 0x38,
    0x38, 0x30, 0x0C, 0x1C, 0x1C, 0x0F, 0x0E, 0x0C, 0x1F, 0x07, 0x0E, 0x06, 0x03, 0x87, 0x00, 0x01,
    0xC3, 0xC0, 0x00, 0xE0, 0xF0, 0x01, 0xF8, 0x7F, 0xFF, 0xFF, 0x8F, 0xFF, 0xF7, 0xC1, 0xFF, 0xC0,
    0x00, 0x00, 0x40, 0x3C, 0x1F, 0x8F, 0xC7, 0xE0, 0xF0, 0x3C, 0x03, 0xC0, 0x3C, 0x03, 0xC0, 0x3C,
    0x03, 0x80, 0x38, 0x07, 0x00, 0xE0, 0x3C, 0xFF, 0x1F, 0xC3, 0x00, 0x00, 0x00, 0x40, 0x0F, 0x80,
    0x7E, 0x07, 0xE0, 0x7E, 0x01, 0xE0, 0x0E, 0x00, 0x1C, 0x00, 0x78, 0x00, 0x70, 0x00, 0xE0, 0x01,
    0xC0, 0x03, 0x80, 0x0E, 0x00, 0x3C, 0x01, 0xFC, 0xFF, 0xFF, 0xF9, 0xFC, 0x00, 0x00, 0x00, 0x07,
    0x00, 0x07, 0x00, 0x07, 0x00, 0x07, 0x00, 0x07, 0x00, 0x07, 0x00, 0x07, 0x00, 0x07, 0x00, 0x07,
    0x00, 0x07, 0x00, 0x07, 0x00, 0x07, 0x00, 0x07, 0x20, 0x07, 0x70, 0x07, 0x70, 0x07, 0x60, 0x07,
    0xE0, 0x07, 0xE0, 0x07, 0x70, 0x0E, 0x78, 0x1E, 0x7F, 0xFC, 0x3F, 0xF8, 0x0F, 0xF0, 0x00, 0x07,
    0x00, 0x00, 0x70, 0x00, 0x07, 0x00, 0x00, 0x70, 0x00, 0x07, 0x00, 0x00, 0x70, 0x00, 0x07, 0x00,
    0x00, 0x70, 0x00, 0x07, 0x00, 0x00, 0x70, 0x00, 0x07, 0x00, 0x00, 0x70, 0x00, 0x07, 0x02, 0x00,
    0x70, 0x70, 0x07, 0x07, 0x00, 0x78, 0x60, 0x07, 0xFE, 0x00, 0x7F, 0xE0, 0x07, 0x07, 0x00, 0xF0,
    0x78, 0x1E, 0x03, 0xFF, 0xC0, 0x1F, 0xF8, 0x00, 0xFE, 0x00, 0x38, 0xE3, 0x8E, 0x38, 0xE3, 0x8E,
    0x38, 0xE3, 0x8E, 0x18, 0x61, 0x8E, 0xFB, 0xC0, 0x00, 0x38, 0x1C, 0x0E, 0x07, 0x03, 0x81, 0xC0,
    0xE0, 0x70, 0x38, 0x1C, 0x0E, 0x07, 0x01, 0x80, 0xC0, 0x70, 0x7C, 0xFF, 0xFB, 0xC0, 0x00, 0x07,
    0x81, 0xFC, 0x3F, 0xE3, 0x8E, 0x30, 0x60, 0x06, 0x0F, 0xE3, 0xFE, 0x7F, 0xEF, 0x00, 0xE0, 0x0E,
    0x00, 0xE0, 0x0E, 0x00, 0xE0, 0x06, 0x00, 0x60, 0x07, 0x00, 0x70, 0x07, 0x00, 0x00, 0x00, 0x07,
    0xC0, 0x0F, 0xE0, 0x1F, 0xE0, 0x3C, 0x70, 0x78, 0x70, 0x7C, 0x30, 0xFE, 0x38, 0xEF, 0xFF, 0xE7,
    0xFF, 0xE1, 0xC0, 0xE0, 0x00, 0xE0, 0x00, 0xE0, 0x00, 0xE0, 0x00, 0x60, 0x00, 0x70, 0x00, 0x70,
    0x00, 0x70, 0x00, 0x70, 0x00, 0x07, 0xC0, 0xFE, 0x0F, 0xE1, 0xC7, 0x18, 0x73, 0x87, 0x7E, 0x7F,
    0xFE, 0xE7, 0xE0, 0x00, 0x00, 0x00, 0x07, 0xC0, 0x0F, 0xE0, 0x0E, 0xE0, 0x1C, 0x70, 0x38, 0x70,
    0x3C, 0x38, 0x7E, 0x3C, 0xFF, 0xFF, 0xE7, 0xFF, 0x01, 0xC0, 0x01, 0x80, 0x01, 0xC0, 0x01, 0xC0,
    0x00, 0x00, 0x00, 0x00, 0x00, 0x0E, 0x00, 0x0E, 0x00, 0x0E, 0x20, 0x07, 0x70, 0x07, 0x70, 0x07,
    0x60, 0x07, 0xE0, 0x07, 0xE0, 0x07, 0x70, 0x07, 0x78, 0x1E, 0x7F, 0xFC, 0x3F, 0xF8, 0x0F, 0xF0,
    0x01, 0x80, 0x00, 0x1C, 0x00, 0x01, 0xC0, 0x00, 0x00, 0x00, 0x00, 0x00, 0x00, 0x00, 0x00, 0x00,
    0x0E, 0x00, 0x00, 0x70, 0x20, 0x07, 0x07, 0x00, 0x70, 0x70, 0x07, 0x86, 0x00, 0x7F, 0xE0, 0x07,
    0xFE, 0x00, 0x70, 0x70, 0x07, 0x07, 0x00, 0xE0, 0x7F, 0xFE, 0x03, 0xFF, 0xC0, 0x0F, 0xF0, 0x00,
    0x30, 0xE3, 0x00, 0x00, 0x03, 0x8E, 0x38, 0x71, 0xC7, 0x1C, 0xFF, 0xBC, 0x00, 0x18, 0x0E, 0x01,
    0x80, 0x00, 0x00, 0x00, 0x01, 0xC0, 0x70, 0x1C, 0x07, 0x03, 0xE3, 0xFF, 0xF7, 0xC0, 0x00, 0x08,
    0x07, 0x81, 0xE0, 0xFC, 0x3B, 0x9C, 0x66, 0x1F, 0x87, 0xE1, 0xDC, 0xE7, 0xF8, 0xFC, 0x01, 0x80,
    0x06, 0x00, 0xFC, 0x07, 0xF0, 0x3F, 0xC1, 0xC7, 0x06, 0x1C, 0x38, 0x70, 0x7F, 0xC1, 0xFF, 0x03,
    0xFE, 0x00, 0x3F, 0x00, 0x7C, 0x00, 0x00, 0x08, 0x00, 0x38, 0x00, 0xF0, 0x07, 0xE0, 0x3F, 0xC0,
    0xE7, 0x83, 0x1F, 0x0C, 0x7E, 0x39, 0xF8, 0xFE, 0x71, 0xF1, 0xFF, 0xFE, 0xFF, 0xF8, 0x01, 0x80,
    0x03, 0x80, 0x1F, 0x00, 0xFC, 0x07, 0x38, 0x1C, 0xE0, 0xE3, 0x83, 0x8C, 0x0E, 0x70, 0x3F, 0xC3,
    0xFF, 0xFF, 0xFF, 0xCE, 0x1C, 0x38, 0x70, 0xF1, 0xC1, 0xFE, 0x03, 0xF8, 0x03, 0x80, 0x1C, 0x1F,
    0x9F, 0xCE, 0x7E, 0x3F, 0x1F, 0x8E, 0xFF, 0x7F, 0x87, 0xC1, 0xC3, 0xEF, 0xE7, 0xE3, 0x80, 0x1C,
    0x01, 0xF8, 0x1F, 0xC0, 0xE7, 0x0E, 0x38, 0x71, 0xC3, 0xCE, 0x0F, 0xFE, 0x7F, 0xF0, 0x3F, 0x01,
    0xC0, 0x3E, 0x0F, 0xE0, 0x7E, 0x03, 0x80, 0x00, 0x00, 0x03, 0xC0, 0x01, 0xFC, 0x00, 0x7F, 0x00,
    0x1E, 0x00, 0x03, 0x80, 0x00, 0xE0, 0x08, 0x1C, 0x03, 0x83, 0xE0, 0x70, 0x3F, 0x0C, 0x01, 0xFB,
    0x80, 0x07, 0x70, 0x00, 0xE7, 0x00, 0x3C, 0xF0, 0x0F, 0x1F, 0xFF, 0xC1, 0xFF, 0xF0, 0x0F, 0xF0,
    0x00, 0x20, 0x00, 0x07, 0x00, 0xC0, 0x70, 0x0F, 0x86, 0x00, 0xFF, 0xE0, 0x03, 0xFE, 0x00, 0x1C,
    0x70, 0x01, 0xC7, 0x80, 0x78, 0x3F, 0xFF, 0x81, 0xFF, 0xE0, 0x0F, 0xF8, 0x00, 0x00, 0x03, 0xC0,
    0x01, 0xFC, 0x00, 0x7F, 0x00, 0x1E, 0x00, 0x03, 0x80, 0x00, 0xE0, 0x08, 0x1C, 0x03, 0x83, 0xE0,
    0x70, 0x3F, 0x0C, 0x01, 0xFB, 0x80, 0x07, 0x70, 0x00, 0xE7, 0x00, 0x3C, 0xF0, 0x0F, 0x1F, 0xFF,
    0xC1, 0xFF, 0xF0, 0x0F, 0xF0, 0x00, 0x00, 0x00, 0x00, 0x00, 0x01, 0xB8, 0x00, 0x3F, 0x00, 0x06,
    0xE0, 0x00, 0x20, 0x00, 0x07, 0x00, 0xC0, 0x70, 0x0F, 0x86, 0x00, 0xFF, 0xE0, 0x03, 0xFE, 0x00,
    0x1C, 0x70, 0x01, 0xC7, 0x80, 0x78, 0x3F, 0xFF, 0x81, 0xFF, 0xE0, 0x0F, 0xF8, 0x00, 0x00, 0x00,
    0x00, 0x00, 0x00, 0x76, 0x00, 0x07, 0xF0, 0x00, 0x76, 0x00, 0x00, 0x18, 0x38, 0x70, 0xE0, 0xC1,
    0x83, 0x0E, 0xFD, 0xF0, 0x00, 0x0D, 0xDF, 0xB7, 0x00, 0x01, 0xC0, 0x30, 0x0E, 0x01, 0xC0, 0x7C,
    0x3F, 0xFF, 0xBF, 0x00, 0x00, 0x00, 0xD8, 0x3B, 0x83, 0x60, 0x78, 0x01, 0xFF, 0x3B, 0x3C, 0x70,
    0x00, 0xE0, 0x81, 0xC3, 0x83, 0x87, 0xC7, 0x07, 0xCE, 0x03, 0xDC, 0x03, 0xF8, 0x03, 0xE0, 0x01,
    0xC0, 0x07, 0xC0, 0x1F, 0xC0, 0x7B, 0x81, 0xE3, 0x07, 0x8E, 0x1F, 0xFC, 0x3F, 0xF0, 0x38, 0x00,
    0x0F, 0xF3, 0x81, 0x3E, 0x70, 0x00, 0x0E, 0x00, 0x01, 0xC0, 0x30, 0x38, 0x07, 0x07, 0x00, 0x70,
    0xE0, 0x07, 0x1C, 0x00, 0x73, 0x80, 0x07, 0x70, 0x00, 0x7E, 0x00, 0x0F, 0xC0, 0x00, 0xF8, 0x00,
    0x0F, 0x00, 0x01, 0xF0, 0x01, 0xFE, 0x03, 0xFD, 0xF8, 0x7F, 0x1F, 0x00, 0x00, 0x00, 0x38, 0x01,
    0xE0, 0x06, 0x00, 0x18, 0x00, 0x7C, 0x39, 0xF0, 0xE6, 0x03, 0x84, 0x0E, 0x38, 0x38, 0xF8, 0xE1,
    0xF3, 0x81, 0xEE, 0x03, 0xF8, 0x07, 0xC0, 0x07, 0x00, 0x3E, 0x01, 0xFC, 0x0F, 0x70, 0x78, 0xC3,
    0xC7, 0x1F, 0xFC, 0x7F, 0xE0, 0x30, 0x00, 0x78, 0x00, 0x30, 0x00, 0x18, 0x00, 0x07, 0x87, 0x07,
    0xC3, 0x83, 0x01, 0xC0, 0x00, 0xE0, 0x60, 0x70, 0x38, 0x38, 0x0E, 0x1C, 0x03, 0x8E, 0x00, 0xE7,
    0x00, 0x3B, 0x80, 0x0F, 0xC0, 0x07, 0xE0, 0x01, 0xF0, 0x00, 0x78, 0x00, 0x3E, 0x00, 0xFF, 0x07,
    0xFB, 0xF3, 0xF8, 0xF8, 0x00, 0x00, 0x00, 0xE0, 0x0E, 0x00, 0xE4, 0x0E, 0xE0, 0xEF, 0x8E, 0x7C,
    0xE1, 0xEE, 0x0F, 0xE0, 0x7C, 0x01, 0xC0, 0x3E, 0x07, 0xF0, 0xF7, 0x1E, 0x33, 0xC7, 0x7F, 0xF7,
    0xFE, 0x00, 0x03, 0x80, 0x78, 0x06, 0x00, 0x60, 0x07, 0xC0, 0x7C, 0x06, 0x00, 0x00, 0xE0, 0x00,
    0xE0, 0x00, 0xE0, 0x00, 0xE0, 0xC0, 0xE0, 0xE0, 0xE0, 0x70, 0xE0, 0x38, 0xE0, 0x1C, 0xE0, 0x0E,
    0xE0, 0x07, 0xE0, 0x07, 0xE0, 0x03, 0xE0, 0x01, 0xE0, 0x01, 0xF0, 0x0F, 0xF0, 0xFF, 0x7E, 0xFE,
    0x3E, 0x00, 0x00, 0x0C, 0x00, 0x1E, 0x00, 0x38, 0x00, 0x38, 0x00, 0x1F, 0x00, 0x3F, 0x00, 0x18,
    0x00, 0x00, 0xE0, 0x0E, 0x00, 0xE4, 0x0E, 0xE0, 0xEF, 0x8E, 0x7C, 0xE1, 0xEE, 0x0F, 0xE0, 0x7C,
    0x01, 0xC0, 0x3E, 0x07, 0xF0, 0xF7, 0x1E, 0x33, 0xC7, 0x7F, 0xF7, 0xFE, 0x00, 0xE0, 0x00, 0xE0,
    0x00, 0xE0, 0x00, 0xE0, 0xC0, 0xE0, 0xE0, 0xE0, 0x70, 0xE0, 0x38, 0xE0, 0x1C, 0xE0, 0x0E, 0xE0,
    0x07, 0xE0, 0x07, 0xE0, 0x03, 0xE0, 0x01, 0xE0, 0x01, 0xF0, 0x0F, 0xF0, 0xFF, 0x7E, 0xFE, 0x3E,
    0x00, 0x00,
};

static const EpdGlyph inter_12_regularGlyphs[] = {
    { 0, 0, 234, 0, 0, 0, 0 }, // U+0000
    { 0, 0, 104, 0, 0, 0, 0 }, // U+000D
    { 0, 0, 113, 0, 0, 0, 0 }, // U+0020
    { 5, 18, 115, 1, 18, 12, 0 }, // !
    { 8, 7, 186, 2, 18, 7, 12 }, // "
    { 16, 18, 253, 0, 18, 36, 19 }, // #
    { 14, 25, 257, 1, 22, 44, 55 }, // $
    { 20, 18, 393, 2, 18, 45, 99 }, // %
    { 15, 18, 258, 1, 18, 34, 144 }, // &
    { 3, 7, 120, 2, 18, 3, 178 }, // '
    { 6, 23, 146, 2, 20, 18, 181 }, // (
    { 6, 23, 146, 1, 20, 18, 199 }, // )
    { 11, 10, 200, 1, 18, 14, 217 }, // *
    { 13, 12, 265, 2, 13, 20, 231 }, // +
    { 5, 7, 115, 1, 2, 5, 251 }, // ,
    { 9, 2, 184, 1, 9, 3, 256 }, // -
    { 5, 3, 115, 1, 3, 2, 259 }, // .
    { 9, 22, 144, 0, 19, 25, 261 }, // /
    { 14, 18, 252, 1, 18, 32, 286 }, // 0
    { 7, 18, 163, 1, 18, 16, 318 }, // 1
    { 13, 18, 244, 1, 18, 30, 334 }, // 2
    { 13, 18, 247, 1, 18, 30, 364 }, // 3
    { 14, 18, 258, 1, 18, 32, 394 }, // 4
    { 13, 18, 237, 1, 18, 30, 426 }, // 5
    { 14, 18, 248, 1, 18, 32, 456 }, // 6
    { 12, 18, 226, 1, 18, 27, 488 }, // 7
    { 13, 18, 247, 1, 18, 30, 515 }, // 8
    { 14, 18, 248, 1, 18, 32, 545 }, // 9
    { 5, 13, 115, 1, 13, 9, 577 }, // :
    { 5, 18, 121, 1, 13, 12, 586 }, // ;
    { 12, 14, 265, 2, 14, 21, 598 }, // <
    { 12, 7, 265, 2, 10, 11, 619 }, // =
    { 13, 14, 265, 2, 14, 23, 630 }, // >
    { 11, 18, 204, 1, 18, 25, 653 }, // ?
    { 22, 23, 386, 1, 18, 64, 678 }, // @
    { 17, 18, 276, 0, 18, 39, 742 }, // A
    { 13, 18, 262, 2, 18, 30, 781 }, // B
    { 16, 18, 292, 1, 18, 36, 811 }, // C
    { 15, 18, 289, 2, 18, 34, 847 }, // D
    { 12, 18, 240, 2, 18, 27, 881 }, // E
    { 12, 18, 236, 2, 18, 27, 908 }, // F
    { 17, 18, 298, 1, 18, 39, 935 }, // G
    { 15, 18, 297, 2, 18, 34, 974 }, // H
    { 3, 18, 107, 2, 18, 7, 1008 }, // I
    { 12, 18, 228, 1, 18, 27, 1015 }, // J
    { 15, 18, 269, 2, 18, 34, 1042 }, // K
    { 11, 18, 226, 2, 18, 25, 1076 }, // L
    { 19, 18, 361, 2, 18, 43, 1101 }, // M
    { 15, 18, 301, 2, 18, 34, 1144 }, // N
    { 17, 18, 306, 1, 18, 39, 1178 }, // O
    { 13, 18, 255, 2, 18, 30, 1217 }, // P
    { 17, 20, 306, 1, 18, 43, 1247 }, // Q
    { 14, 18, 257, 2, 18, 32, 1290 }, // R
    { 14, 18, 257, 1, 18, 32, 1322 }, // S
    { 14, 18, 258, 1, 18, 32, 1354 }, // T
    { 15, 18, 298, 2, 18, 34, 1386 }, // U
    { 17, 18, 276, 0, 18, 39, 1420 }, // V
    { 24, 18, 394, 0, 18, 54, 1459 }, // W
    { 17, 18, 273, 0, 18, 39, 1513 }, // X
    { 17, 18, 271, 0, 18, 39, 1552 }, // Y
    { 14, 18, 252, 1, 18, 32, 1591 }, // Z
    { 6, 23, 146, 2, 20, 18, 1623 }, // [
    { 9, 22, 144, 0, 19, 25, 1641 }, // <backslash>
    { 6, 23, 146, 1, 20, 18, 1666 }, // ]
    { 10, 8, 188, 1, 18, 10, 1684 }, // ^
    { 12, 2, 182, 0, 0, 3, 1694 }, // _
    { 5, 4, 129, 1, 20, 3, 1697 }, // `
    { 12, 14, 225, 1, 14, 21, 1700 }, // a
    { 14, 18, 245, 1, 18, 32, 1721 }, // b
    { 13, 14, 229, 1, 14, 23, 1753 }, // c
    { 13, 18, 245, 1, 18, 30, 1776 }, // d
    { 13, 14, 233, 1, 14, 23, 1806 }, // e
    { 9, 19, 148, 0, 19, 22, 1829 }, // f
    { 13, 19, 245, 1, 14, 31, 1851 }, // g
    { 12, 18, 237, 1, 18, 27, 1882 }, // h
    { 4, 19, 97, 1, 19, 10, 1909 }, // i
    { 6, 24, 97, -1, 19, 18, 1919 }, // j
    { 13, 18, 220, 1, 18, 30, 1937 }, // k
    { 4, 18, 97, 1, 18, 9, 1967 }, // l
    { 19, 14, 350, 1, 14, 34, 1976 }, // m
    { 12, 14, 236, 1, 14, 21, 2010 }, // n
    { 13, 14, 240, 1, 14, 23, 2031 }, // o
    { 14, 19, 245, 1, 14, 34, 2054 }, // p
    { 13, 19, 245, 1, 14, 31, 2088 }, // q
    { 8, 14, 151, 1, 14, 14, 2119 }, // r
    { 11, 14, 211, 1, 14, 20, 2133 }, // s
    { 8, 18, 131, 0, 18, 18, 2153 }, // t
    { 12, 14, 237, 1, 14, 21, 2171 }, // u
    { 14, 14, 225, 0, 14, 25, 2192 }, // v
    { 20, 14, 327, 0, 14, 35, 2217 }, // w
    { 13, 14, 218, 0, 14, 23, 2252 }, // x
    { 14, 19, 225, 0, 14, 34, 2275 }, // y
    { 12, 14, 221, 1, 14, 21, 2309 }, // z
    { 9, 23, 171, 1, 20, 26, 2330 }, // {
    { 3, 31, 133, 3, 25, 12, 2356 }, // |
    { 8, 23, 171, 1, 20, 23, 2368 }, // }
    { 13, 5, 265, 2, 10, 9, 2391 }, // ~
    { 0, 0, 113, 0, 0, 0, 2400 }, // U+00A0
    { 5, 18, 115, 1, 14, 12, 2400 }, // U+00A1
    { 13, 18, 229, 1, 18, 30, 2412 }, // U+00A2
    { 13, 18, 244, 1, 18, 30, 2442 }, // U+00A3
    { 16, 17, 290, 1, 17, 34, 2472 }, // U+00A4
    { 14, 18, 220, 0, 18, 32, 2506 }, // U+00A5
    { 3, 21, 108, 2, 18, 8, 2538 }, // U+00A6
    { 12, 23, 227, 1, 18, 35, 2546 }, // U+00A7
    { 9, 3, 236, 3, 19, 4, 2581 }, // U+00A8
    { 19, 19, 366, 2, 19, 46, 2585 }, // U+00A9
    { 10, 11, 181, 0, 19, 14, 2631 }, // U+00AA
    { 13, 12, 233, 1, 14, 20, 2645 }, // U+00AB
    { 11, 6, 265, 2, 9, 9, 2665 }, // U+00AC
    { 15, 15, 266, 1, 19, 29, 2674 }, // U+00AE
    { 8, 2, 191, 2, 19, 2, 2703 }, // U+00AF
    { 9, 8, 182, 1, 18, 9, 2705 }, // U+00B0
    { 13, 13, 265, 2, 14, 22, 2714 }, // U+00B1
    { 9, 10, 177, 1, 21, 12, 2736 }, // U+00B2
    { 10, 10, 178, 1, 21, 13, 2748 }, // U+00B3
    { 5, 4, 129, 2, 20, 3, 2761 }, // U+00B4
    { 14, 19, 234, 1, 14, 34, 2764 }, // U+00B5
    { 12, 18, 241, 1, 18, 27, 2798 }, // U+00B6
    { 5, 3, 115, 1, 10, 2, 2825 }, // U+00B7
    { 6, 7, 107, 1, 1, 6, 2827 }, // U+00B8
    { 6, 10, 122, 1, 21, 8, 2833 }, // U+00B9
    { 12, 11, 193, 0, 19, 17, 2841 }, // U+00BA
    { 14, 12, 233, 0, 14, 21, 2858 }, // U+00BB
    { 19, 18, 321, 0, 18, 43, 2879 }, // U+00BC
    { 20, 18, 339, 0, 18, 45, 2922 }, // U+00BD
    { 20, 18, 353, 1, 18, 45, 2967 }, // U+00BE
    { 11, 19, 204, 1, 14, 27, 3012 }, // U+00BF
    { 17, 25, 276, 0, 25, 54, 3039 }, // U+00C0
    { 17, 25, 276, 0, 25, 54, 3093 }, // U+00C1
    { 17, 25, 276, 0, 25, 54, 3147 }, // U+00C2
    { 17, 24, 276, 0, 24, 51, 3201 }, // U+00C3
    { 17, 24, 276, 0, 24, 51, 3252 }, // U+00C4
    { 17, 25, 276, 0, 25, 54, 3303 }, // U+00C5
    { 24, 18, 397, 0, 18, 54, 3357 }, // U+00C6
    { 16, 24, 292, 1, 18, 48, 3411 }, // U+00C7
    { 12, 25, 240, 2, 25, 38, 3459 }, // U+00C8
    { 12, 25, 240, 2, 25, 38, 3497 }, // U+00C9
    { 12, 25, 240, 2, 25, 38, 3535 }, // U+00CA
    { 12, 24, 240, 2, 24, 36, 3573 }, // U+00CB
    { 5, 25, 107, 0, 25, 16, 3609 }, // U+00CC
    { 5, 25, 107, 2, 25, 16, 3625 }, // U+00CD
    { 9, 25, 107, -1, 25, 29, 3641 }, // U+00CE
    { 9, 24, 107, -1, 24, 27, 3670 }, // U+00CF
    { 17, 18, 294, 0, 18, 39, 3697 }, // U+00D0
    { 15, 24, 301, 2, 24, 45, 3736 }, // U+00D1
    { 17, 25, 306, 1, 25, 54, 3781 }, // U+00D2
    { 17, 25, 306, 1, 25, 54, 3835 }, // U+00D3
    { 17, 25, 306, 1, 25, 54, 3889 }, // U+00D4
    { 17, 24, 306, 1, 24, 51, 3943 }, // U+00D5
    { 17, 24, 306, 1, 24, 51, 3994 }, // U+00D6
    { 13, 12, 265, 2, 13, 20, 4045 }, // U+00D7
    { 17, 20, 306, 1, 19, 43, 4065 }, // U+00D8
    { 15, 25, 298, 2, 25, 47, 4108 }, // U+00D9
    { 15, 25, 298, 2, 25, 47, 4155 }, // U+00DA
    { 15, 25, 298, 2, 25, 47, 4202 }, // U+00DB
    { 15, 24, 298, 2, 24, 45, 4249 }, // U+00DC
    { 17, 25, 271, 0, 25, 54, 4294 }, // U+00DD
    { 12, 18, 254, 2, 18, 27, 4348 }, // U+00DE
    { 12, 18, 246, 2, 18, 27, 4375 }, // U+00DF
    { 12, 20, 225, 1, 20, 30, 4402 }, // U+00E0
    { 12, 20, 225, 1, 20, 30, 4432 }, // U+00E1
    { 12, 20, 225, 1, 20, 30, 4462 }, // U+00E2
    { 12, 19, 225, 1, 19, 29, 4492 }, // U+00E3
    { 12, 19, 225, 1, 19, 29, 4521 }, // U+00E4
    { 12, 21, 225, 1, 21, 32, 4550 }, // U+00E5
    { 21, 14, 367, 1, 14, 37, 4582 }, // U+00E6
    { 13, 20, 229, 1, 14, 33, 4619 }, // U+00E7
    { 13, 20, 233, 1, 20, 33, 4652 }, // U+00E8
    { 13, 20, 233, 1, 20, 33, 4685 }, // U+00E9
    { 13, 20, 233, 1, 20, 33, 4718 }, // U+00EA
    { 13, 19, 233, 1, 19, 31, 4751 }, // U+00EB
    { 6, 20, 97, -1, 20, 15, 4782 }, // U+00EC
    { 6, 20, 97, 1, 20, 15, 4797 }, // U+00ED
    { 8, 20, 97, -1, 20, 20, 4812 }, // U+00EE
    { 9, 19, 97, -1, 19, 22, 4832 }, // U+00EF
    { 13, 20, 233, 1, 20, 33, 4854 }, // U+00F0
    { 12, 19, 236, 1, 19, 29, 4887 }, // U+00F1
    { 13, 20, 240, 1, 20, 33, 4916 }, // U+00F2
    { 13, 20, 240, 1, 20, 33, 4949 }, // U+00F3
    { 13, 20, 240, 1, 20, 33, 4982 }, // U+00F4
    { 13, 19, 240, 1, 19, 31, 5015 }, // U+00F5
    { 13, 19, 240, 1, 19, 31, 5046 }, // U+00F6
    { 12, 12, 265, 2, 14, 18, 5077 }, // U+00F7
    { 13, 16, 240, 1, 15, 26, 5095 }, // U+00F8
    { 12, 20, 237, 1, 20, 30, 5121 }, // U+00F9
    { 12, 20, 237, 1, 20, 30, 5151 }, // U+00FA
    { 12, 20, 237, 1, 20, 30, 5181 }, // U+00FB
    { 12, 19, 237, 1, 19, 29, 5211 }, // U+00FC
    { 14, 25, 225, 0, 20, 44, 5240 }, // U+00FD
    { 14, 23, 245, 1, 18, 41, 5284 }, // U+00FE
    { 14, 24, 225, 0, 19, 42, 5325 }, // U+00FF
    { 17, 24, 276, 0, 24, 51, 5367 }, // U+0100
    { 12, 19, 225, 1, 19, 29, 5418 }, // U+0101
    { 17, 25, 276, 0, 25, 54, 5447 }, // U+0102
    { 12, 20, 225, 1, 20, 30, 5501 }, // U+0103
    { 18, 23, 276, 0, 18, 52, 5531 }, // U+0104
    { 12, 19, 225, 1, 14, 29, 5583 }, // U+0105
    { 16, 25, 292, 1, 25, 50, 5612 }, // U+0106
    { 13, 20, 229, 1, 20, 33, 5662 }, // U+0107
    { 16, 25, 292, 1, 25, 50, 5695 }, // U+0108
    { 13, 20, 229, 1, 20, 33, 5745 }, // U+0109
    { 16, 24, 292, 1, 24, 48, 5778 }, // U+010A
    { 13, 19, 229, 1, 19, 31, 5826 }, // U+010B
    { 16, 25, 292, 1, 25, 50, 5857 }, // U+010C
    { 13, 20, 229, 1, 20, 33, 5907 }, // U+010D
    { 15, 25, 289, 2, 25, 47, 5940 }, // U+010E
    { 17, 20, 284, 1, 20, 43, 5987 }, // U+010F
    { 17, 18, 294, 0, 18, 39, 6030 }, // U+0110
    { 15, 18, 245, 1, 18, 34, 6069 }, // U+0111
    { 12, 24, 240, 2, 24, 36, 6103 }, // U+0112
    { 13, 19, 233, 1, 19, 31, 6139 }, // U+0113
    { 12, 25, 240, 2, 25, 38, 6170 }, // U+0114
    { 13, 20, 233, 1, 20, 33, 6208 }, // U+0115
    { 12, 24, 240, 2, 24, 36, 6241 }, // U+0116
    { 13, 19, 233, 1, 19, 31, 6277 }, // U+0117
    { 13, 23, 240, 2, 18, 38, 6308 }, // U+0118
    { 13, 19, 233, 1, 14, 31, 6346 }, // U+0119
    { 12, 25, 240, 2, 25, 38, 6377 }, // U+011A
    { 13, 20, 233, 1, 20, 33, 6415 }, // U+011B
    { 17, 25, 298, 1, 25, 54, 6448 }, // U+011C
    { 13, 25, 245, 1, 20, 41, 6502 }, // U+011D
    { 17, 25, 298, 1, 25, 54, 6543 }, // U+011E
    { 13, 25, 245, 1, 20, 41, 6597 }, // U+011F
    { 17, 24, 298, 1, 24, 51, 6638 }, // U+0120
    { 13, 24, 245, 1, 19, 39, 6689 }, // U+0121
    { 17, 24, 298, 1, 18, 51, 6728 }, // U+0122
    { 13, 26, 245, 1, 21, 43, 6779 }, // U+0123
    { 15, 25, 297, 2, 25, 47, 6822 }, // U+0124
    { 14, 25, 237, -1, 25, 44, 6869 }, // U+0125
    { 18, 18, 311, 1, 18, 41, 6913 }, // U+0126
    { 13, 18, 237, 0, 18, 30, 6954 }, // U+0127
    { 8, 24, 107, -1, 24, 24, 6984 }, // U+0128
    { 8, 19, 97, -1, 19, 19, 7008 }, // U+0129
    { 8, 24, 107, -1, 24, 24, 7027 }, // U+012A
    { 8, 19, 97, -1, 19, 19, 7051 }, // U+012B
    { 8, 25, 107, -1, 25, 25, 7070 }, // U+012C
    { 8, 20, 97, -1, 20, 20, 7095 }, // U+012D
    { 6, 23, 107, 0, 18, 18, 7115 }, // U+012E
    { 6, 24, 97, -1, 19, 18, 7133 }, // U+012F
    { 4, 24, 107, 1, 24, 12, 7151 }, // U+0130
    { 4, 14, 97, 1, 14, 7, 7163 }, // U+0131
    { 17, 18, 336, 2, 18, 39, 7170 }, // U+0132
    { 10, 24, 194, 1, 19, 30, 7209 }, // U+0133
    { 14, 25, 228, 1, 25, 44, 7239 }, // U+0134
    { 8, 25, 97, -1, 20, 25, 7283 }, // U+0135
    { 15, 24, 269, 2, 18, 45, 7308 }, // U+0136
    { 13, 24, 220, 1, 18, 39, 7353 }, // U+0137
    { 12, 14, 210, 1, 14, 21, 7392 }, // U+0138
    { 11, 25, 226, 2, 25, 35, 7413 }, // U+0139
    { 6, 25, 97, 1, 25, 19, 7448 }, // U+013A
    { 11, 24, 226, 2, 18, 33, 7467 }, // U+013B
    { 5, 24, 97, 0, 18, 15, 7500 }, // U+013C
    { 11, 20, 226, 2, 20, 28, 7515 }, // U+013D
    { 8, 20, 136, 1, 20, 20, 7543 }, // U+013E
    { 11, 18, 225, 2, 18, 25, 7563 }, // U+013F
    { 8, 18, 144, 1, 18, 18, 7588 }, // U+0140
    { 14, 18, 238, 0, 18, 32, 7606 }, // U+0141
    { 8, 18, 97, -1, 18, 18, 7638 }, // U+0142
    { 15, 25, 301, 2, 25, 47, 7656 }, // U+0143
    { 12, 20, 236, 1, 20, 30, 7703 }, // U+0144
    { 15, 24, 301, 2, 18, 45, 7733 }, // U+0145
    { 12, 20, 236, 1, 14, 30, 7778 }, // U+0146
    { 15, 25, 301, 2, 25, 47, 7808 }, // U+0147
    { 12, 20, 236, 1, 20, 30, 7855 }, // U+0148
    { 15, 23, 301, 2, 18, 44, 7885 }, // U+014A
    { 12, 19, 236, 1, 14, 29, 7929 }, // U+014B
    { 17, 24, 306, 1, 24, 51, 7958 }, // U+014C
    { 13, 19, 240, 1, 19, 31, 8009 }, // U+014D
    { 17, 25, 306, 1, 25, 54, 8040 }, // U+014E
    { 13, 20, 240, 1, 20, 33, 8094 }, // U+014F
    { 17, 25, 306, 1, 25, 54, 8127 }, // U+0150
    { 13, 20, 240, 1, 20, 33, 8181 }, // U+0151
    { 23, 18, 402, 1, 18, 52, 8214 }, // U+0152
    { 23, 14, 400, 1, 14, 41, 8266 }, // U+0153
    { 14, 25, 257, 2, 25, 44, 8307 }, // U+0154
    { 8, 20, 151, 1, 20, 20, 8351 }, // U+0155
    { 14, 24, 257, 2, 18, 42, 8371 }, // U+0156
    { 9, 20, 151, 0, 14, 23, 8413 }, // U+0157
    { 14, 25, 257, 2, 25, 44, 8436 }, // U+0158
    { 9, 20, 151, 1, 20, 23, 8480 }, // U+0159
    { 14, 25, 257, 1, 25, 44, 8503 }, // U+015A
    { 11, 20, 211, 1, 20, 28, 8547 }, // U+015B
    { 14, 25, 257, 1, 25, 44, 8575 }, // U+015C
    { 11, 20, 211, 1, 20, 28, 8619 }, // U+015D
    { 14, 24, 257, 1, 18, 42, 8647 }, // U+015E
    { 11, 20, 211, 1, 14, 28, 8689 }, // U+015F
    { 14, 25, 257, 1, 25, 44, 8717 }, // U+0160
    { 11, 20, 211, 1, 20, 28, 8761 }, // U+0161
    { 14, 24, 258, 1, 18, 42, 8789 }, // U+0162
    { 9, 24, 131, 0, 18, 27, 8831 }, // U+0163
    { 14, 25, 258, 1, 25, 44, 8858 }, // U+0164
    { 9, 21, 150, 0, 21, 24, 8902 }, // U+0165
    { 14, 18, 258, 1, 18, 32, 8926 }, // U+0166
    { 8, 18, 131, 0, 18, 18, 8958 }, // U+0167
    { 15, 24, 298, 2, 24, 45, 8976 }, // U+0168
    { 12, 19, 237, 1, 19, 29, 9021 }, // U+0169
    { 15, 24, 298, 2, 24, 45, 9050 }, // U+016A
    { 12, 19, 237, 1, 19, 29, 9095 }, // U+016B
    { 15, 25, 298, 2, 25, 47, 9124 }, // U+016C
    { 12, 20, 237, 1, 20, 30, 9171 }, // U+016D
    { 15, 25, 298, 2, 25, 47, 9201 }, // U+016E
    { 12, 21, 237, 1, 21, 32, 9248 }, // U+016F
    { 15, 25, 298, 2, 25, 47, 9280 }, // U+0170
    { 12, 20, 237, 1, 20, 30, 9327 }, // U+0171
    { 15, 23, 298, 2, 18, 44, 9357 }, // U+0172
    { 13, 19, 237, 1, 14, 31, 9401 }, // U+0173
    { 24, 25, 394, 0, 25, 75, 9432 }, // U+0174
    { 20, 20, 327, 0, 20, 50, 9507 }, // U+0175
    { 17, 25, 271, 0, 25, 54, 9557 }, // U+0176
    { 14, 25, 225, 0, 20, 44, 9611 }, // U+0177
    { 17, 24, 271, 0, 24, 51, 9655 }, // U+0178
    { 14, 25, 252, 1, 25, 44, 9706 }, // U+0179
    { 12, 20, 221, 1, 20, 30, 9750 }, // U+017A
    { 14, 24, 252, 1, 24, 42, 9780 }, // U+017B
    { 12, 19, 221, 1, 19, 29, 9822 }, // U+017C
    { 14, 25, 252, 1, 25, 44, 9851 }, // U+017D
    { 12, 20, 221, 1, 20, 30, 9895 }, // U+017E
    { 7, 19, 126, 1, 19, 17, 9925 }, // U+017F
    { 17, 21, 305, 1, 21, 45, 9942 }, // U+01A0
    { 14, 17, 239, 1, 17, 30, 9987 }, // U+01A1
    { 17, 21, 296, 2, 21, 45, 10017 }, // U+01AF
    { 14, 17, 248, 1, 17, 30, 10062 }, // U+01B0
    { 29, 20, 510, 2, 20, 73, 10092 }, // U+01C5
    { 27, 20, 466, 1, 20, 68, 10165 }, // U+01C6
    { 25, 18, 454, 2, 18, 57, 10233 }, // U+01C7
    { 17, 24, 323, 2, 19, 51, 10290 }, // U+01C8
    { 10, 24, 194, 1, 19, 30, 10341 }, // U+01C9
    { 29, 18, 530, 2, 18, 66, 10371 }, // U+01CA
    { 22, 24, 398, 2, 19, 66, 10437 }, // U+01CB
    { 19, 24, 333, 1, 19, 57, 10503 }, // U+01CC
    { 17, 25, 276, 0, 25, 54, 10560 }, // U+01CD
    { 12, 20, 225, 1, 20, 30, 10614 }, // U+01CE
    { 9, 25, 107, -1, 25, 29, 10644 }, // U+01CF
    { 8, 20, 97, -1, 20, 20, 10673 }, // U+01D0
    { 17, 25, 306, 1, 25, 54, 10693 }, // U+01D1
    { 13, 20, 240, 1, 20, 33, 10747 }, // U+01D2
    { 15, 25, 298, 2, 25, 47, 10780 }, // U+01D3
    { 12, 20, 237, 1, 20, 30, 10827 }, // U+01D4
    { 15, 27, 298, 2, 27, 51, 10857 }, // U+01D5
    { 12, 22, 237, 1, 22, 33, 10908 }, // U+01D6
    { 15, 28, 298, 2, 28, 53, 10941 }, // U+01D7
    { 12, 23, 237, 1, 23, 35, 10994 }, // U+01D8
    { 15, 28, 298, 2, 28, 53, 11029 }, // U+01D9
    { 12, 23, 237, 1, 23, 35, 11082 }, // U+01DA
    { 15, 28, 298, 2, 28, 53, 11117 }, // U+01DB
    { 12, 23, 237, 1, 23, 35, 11170 }, // U+01DC
    { 13, 14, 233, 1, 14, 23, 11205 }, // U+01DD
    { 17, 27, 276, 0, 27, 58, 11228 }, // U+01DE
    { 12, 22, 225, 1, 22, 33, 11286 }, // U+01DF
    { 17, 27, 276, 0, 27, 58, 11319 }, // U+01E0
    { 12, 22, 225, 1, 22, 33, 11377 }, // U+01E1
    { 24, 24, 397, 0, 24, 72, 11410 }, // U+01E2
    { 21, 19, 367, 1, 19, 50, 11482 }, // U+01E3
    { 17, 18, 298, 1, 18, 39, 11532 }, // U+01E4
    { 16, 19, 269, 1, 14, 38, 11571 }, // U+01E5
    { 17, 25, 298, 1, 25, 54, 11609 }, // U+01E6
    { 13, 25, 245, 1, 20, 41, 11663 }, // U+01E7
    { 15, 25, 269, 2, 25, 47, 11704 }, // U+01E8
    { 15, 25, 220, -1, 25, 47, 11751 }, // U+01E9
    { 17, 23, 306, 1, 18, 49, 11798 }, // U+01EA
    { 13, 19, 240, 1, 14, 31, 11847 }, // U+01EB
    { 17, 29, 306, 1, 24, 62, 11878 }, // U+01EC
    { 13, 24, 240, 1, 19, 39, 11940 }, // U+01ED
    { 15, 30, 274, 1, 25, 57, 11979 }, // U+01EE
    { 14, 25, 248, 1, 20, 44, 12036 }, // U+01EF
    { 8, 25, 97, -1, 20, 25, 12080 }, // U+01F0
    { 31, 18, 540, 2, 18, 70, 12105 }, // U+01F1
    { 29, 18, 510, 2, 18, 66, 12175 }, // U+01F2
    { 27, 18, 466, 1, 18, 61, 12241 }, // U+01F3
    { 17, 25, 298, 1, 25, 54, 12302 }, // U+01F4
    { 13, 25, 245, 1, 20, 41, 12356 }, // U+01F5
    { 25, 18, 447, 2, 18, 57, 12397 }, // U+01F6
    { 14, 23, 254, 1, 18, 41, 12454 }, // U+01F7
    { 15, 25, 301, 2, 25, 47, 12495 }, // U+01F8
    { 12, 20, 236, 1, 20, 30, 12542 }, // U+01F9
    { 17, 28, 276, 0, 28, 60, 12572 }, // U+01FA
    { 12, 24, 225, 1, 24, 36, 12632 }, // U+01FB
    { 24, 25, 397, 0, 25, 75, 12668 }, // U+01FC
    { 21, 20, 367, 1, 20, 53, 12743 }, // U+01FD
    { 17, 26, 306, 1, 25, 56, 12796 }, // U+01FE
    { 13, 21, 240, 1, 20, 35, 12852 }, // U+01FF
    { 17, 25, 276, 0, 25, 54, 12887 }, // U+0200
    { 12, 20, 225, 1, 20, 30, 12941 }, // U+0201
    { 17, 25, 276, 0, 25, 54, 12971 }, // U+0202
    { 12, 20, 225, 1, 20, 30, 13025 }, // U+0203
    { 12, 25, 240, 2, 25, 38, 13055 }, // U+0204
    { 13, 20, 233, 1, 20, 33, 13093 }, // U+0205
    { 12, 25, 240, 2, 25, 38, 13126 }, // U+0206
    { 13, 20, 233, 1, 20, 33, 13164 }, // U+0207
    { 10, 25, 107, -3, 25, 32, 13197 }, // U+0208
    { 9, 20, 97, -3, 20, 23, 13229 }, // U+0209
    { 9, 25, 107, -1, 25, 29, 13252 }, // U+020A
    { 8, 20, 97, -1, 20, 20, 13281 }, // U+020B
    { 17, 25, 306, 1, 25, 54, 13301 }, // U+020C
    { 13, 20, 240, 1, 20, 33, 13355 }, // U+020D
    { 17, 25, 306, 1, 25, 54, 13388 }, // U+020E
    { 13, 20, 240, 1, 20, 33, 13442 }, // U+020F
    { 14, 25, 257, 2, 25, 44, 13475 }, // U+0210
    { 10, 20, 151, -1, 20, 25, 13519 }, // U+0211
    { 14, 25, 257, 2, 25, 44, 13544 }, // U+0212
    { 8, 20, 151, 1, 20, 20, 13588 }, // U+0213
    { 15, 25, 298, 2, 25, 47, 13608 }, // U+0214
    { 12, 20, 237, 1, 20, 30, 13655 }, // U+0215
    { 15, 25, 298, 2, 25, 47, 13685 }, // U+0216
    { 12, 20, 237, 1, 20, 30, 13732 }, // U+0217
    { 14, 24, 257, 1, 18, 42, 13762 }, // U+0218
    { 11, 20, 211, 1, 14, 28, 13804 }, // U+0219
    { 14, 24, 258, 1, 18, 42, 13832 }, // U+021A
    { 8, 24, 131, 0, 18, 24, 13874 }, // U+021B
    { 14, 25, 254, 1, 18, 44, 13898 }, // U+021C
    { 11, 20, 217, 1, 14, 28, 13942 }, // U+021D
    { 15, 25, 297, 2, 25, 47, 13970 }, // U+021E
    { 14, 25, 237, -1, 25, 44, 14017 }, // U+021F
    { 5, 4, 0, 1, 20, 3, 14061 }, // U+0300
    { 5, 4, 0, 2, 20, 3, 14064 }, // U+0301
    { 9, 4, 0, 1, 20, 5, 14067 }, // U+0302
    { 8, 3, 0, 2, 19, 3, 14072 }, // U+0303
    { 8, 2, 0, 2, 19, 2, 14075 }, // U+0304
    { 8, 4, 0, 1, 20, 4, 14077 }, // U+0306
    { 4, 3, 0, 1, 19, 2, 14081 }, // U+0307
    { 9, 3, 0, 3, 19, 4, 14083 }, // U+0308
    { 5, 4, 0, 1, 20, 3, 14087 }, // U+0309
    { 7, 6, 0, 0, 21, 6, 14090 }, // U+030A
    { 11, 4, 0, -4, 20, 6, 14096 }, // U+030B
    { 9, 4, 0, 1, 20, 5, 14102 }, // U+030C
    { 10, 4, 0, 1, 20, 5, 14107 }, // U+030F
    { 4, 7, 0, -2, 18, 4, 14112 }, // U+0312
    { 5, 8, 0, 4, 12, 5, 14116 }, // U+0313
    { 5, 8, 0, 4, 12, 5, 14121 }, // U+0315
    { 4, 6, 0, -5, 17, 3, 14126 }, // U+031B
    { 4, 3, 97, 1, -2, 2, 14129 }, // U+0323
    { 4, 6, 0, -10, -2, 3, 14131 }, // U+0326
    { 6, 7, 0, 1, 1, 6, 14134 }, // U+0327
    { 6, 6, 0, 1, 1, 5, 14140 }, // U+0328
    { 9, 4, 0, 1, -1, 5, 14145 }, // U+032C
    { 11, 17, 0, -13, 15, 24, 14150 }, // U+0337
    { 15, 20, 0, -15, 19, 38, 14174 }, // U+0338
    { 8, 3, 0, -11, 19, 3, 14212 }, // U+0342
    { 4, 5, 0, 0, 16, 3, 14215 }, // U+0343
    { 10, 5, 0, -12, 20, 7, 14218 }, // U+0346
    { 8, 5, 0, -12, -3, 5, 14225 }, // U+0347
    { 7, 5, 0, -10, -1, 5, 14230 }, // U+0348
    { 6, 5, 0, -10, -1, 4, 14235 }, // U+0349
    { 9, 6, 0, -12, 20, 7, 14239 }, // U+034A
    { 10, 9, 0, -13, 23, 12, 14246 }, // U+034B
    { 10, 6, 0, -12, 22, 8, 14258 }, // U+034C
    { 11, 7, 0, -13, 0, 10, 14266 }, // U+034D
    { 7, 6, 0, -11, -1, 6, 14276 }, // U+034E
    { 0, 0, 0, 0, 0, 0, 14282 }, // U+034F
    { 10, 10, 0, -12, 25, 13, 14282 }, // U+0350
    { 3, 5, 0, -8, 19, 2, 14295 }, // U+0351
    { 8, 7, 0, -11, 21, 7, 14297 }, // U+0352
    { 7, 7, 0, -10, 0, 7, 14304 }, // U+0353
    { 7, 7, 0, -10, 0, 7, 14311 }, // U+0354
    { 7, 7, 0, -9, 0, 7, 14318 }, // U+0355
    { 14, 7, 0, -12, 0, 13, 14325 }, // U+0356
    { 4, 6, 0, 0, 21, 3, 14338 }, // U+0357
    { 4, 3, 0, 1, 19, 2, 14341 }, // U+0358
    { 6, 6, 0, -10, -1, 5, 14343 }, // U+0359
    { 10, 5, 0, -12, -1, 7, 14348 }, // U+035A
    { 6, 7, 0, -10, 21, 6, 14355 }, // U+035B
    { 18, 4, 0, -9, 0, 9, 14361 }, // U+035C
    { 18, 4, 0, -9, 19, 9, 14370 }, // U+035D
    { 16, 2, 0, -15, 19, 4, 14379 }, // U+035E
    { 16, 2, 0, -15, -2, 4, 14383 }, // U+035F
    { 24, 5, 0, -12, 20, 15, 14387 }, // U+0360
    { 18, 4, 0, -9, 19, 9, 14402 }, // U+0361
    { 20, 7, 0, -9, 0, 18, 14411 }, // U+0362
    { 7, 8, 0, -10, 22, 7, 14429 }, // U+0363
    { 7, 8, 0, -10, 22, 7, 14436 }, // U+0364
    { 3, 9, 0, -8, 24, 4, 14443 }, // U+0365
    { 8, 8, 0, -11, 22, 8, 14447 }, // U+0366
    { 6, 8, 0, -10, 22, 6, 14455 }, // U+0367
    { 8, 8, 0, -11, 22, 8, 14461 }, // U+0368
    { 8, 11, 0, -11, 25, 11, 14469 }, // U+0369
    { 6, 10, 0, -10, 25, 8, 14480 }, // U+036A
    { 11, 7, 0, -12, 22, 10, 14488 }, // U+036B
    { 5, 7, 0, -9, 22, 5, 14498 }, // U+036C
    { 5, 10, 0, 0, 24, 7, 14503 }, // U+036D
    { 8, 7, 0, -11, 22, 7, 14510 }, // U+036E
    { 7, 7, 0, -10, 22, 7, 14517 }, // U+036F
    { 12, 25, 240, 2, 25, 38, 14524 }, // U+0400
    { 12, 24, 240, 2, 24, 36, 14562 }, // U+0401
    { 19, 19, 337, 1, 18, 46, 14598 }, // U+0402
    { 12, 25, 231, 2, 25, 38, 14644 }, // U+0403
    { 16, 18, 292, 1, 18, 36, 14682 }, // U+0404
    { 14, 18, 257, 1, 18, 32, 14718 }, // U+0405
    { 3, 18, 107, 2, 18, 7, 14750 }, // U+0406
    { 9, 24, 107, -1, 24, 27, 14757 }, // U+0407
    { 12, 18, 228, 1, 18, 27, 14784 }, // U+0408
    { 26, 18, 445, 1, 18, 59, 14811 }, // U+0409
    { 25, 18, 450, 2, 18, 57, 14870 }, // U+040A
    { 20, 18, 354, 1, 18, 45, 14927 }, // U+040B
    { 15, 25, 269, 2, 25, 47, 14972 }, // U+040C
    { 15, 25, 301, 2, 25, 47, 15019 }, // U+040D
    { 16, 25, 251, 0, 25, 50, 15066 }, // U+040E
    { 14, 22, 289, 2, 18, 39, 15116 }, // U+040F
    { 17, 18, 276, 0, 18, 39, 15155 }, // U+0410
    { 13, 18, 258, 2, 18, 30, 15194 }, // U+0411
    { 13, 18, 262, 2, 18, 30, 15224 }, // U+0412
    { 12, 18, 231, 2, 18, 27, 15254 }, // U+0413
    { 19, 23, 328, 1, 18, 55, 15281 }, // U+0414
    { 12, 18, 240, 2, 18, 27, 15336 }, // U+0415
    { 24, 18, 384, 0, 18, 54, 15363 }, // U+0416
    { 13, 18, 247, 1, 18, 30, 15417 }, // U+0417
    { 15, 18, 301, 2, 18, 34, 15447 }, // U+0418
    { 15, 25, 301, 2, 25, 47, 15481 }, // U+0419
    { 15, 18, 269, 2, 18, 34, 15528 }, // U+041A
    { 16, 18, 299, 1, 18, 36, 15562 }, // U+041B
    { 19, 18, 361, 2, 18, 43, 15598 }, // U+041C
    { 15, 18, 297, 2, 18, 34, 15641 }, // U+041D
    { 17, 18, 306, 1, 18, 39, 15675 }, // U+041E
    { 15, 18, 297, 2, 18, 34, 15714 }, // U+041F
    { 13, 18, 255, 2, 18, 30, 15748 }, // U+0420
    { 16, 18, 292, 1, 18, 36, 15778 }, // U+0421
    { 14, 18, 258, 1, 18, 32, 15814 }, // U+0422
    { 16, 18, 251, 0, 18, 36, 15846 }, // U+0423
    { 19, 21, 331, 1, 20, 50, 15882 }, // U+0424
    { 17, 18, 273, 0, 18, 39, 15932 }, // U+0425
    { 16, 22, 288, 2, 18, 44, 15971 }, // U+0426
    { 15, 18, 280, 1, 18, 34, 16015 }, // U+0427
    { 20, 18, 383, 2, 18, 45, 16049 }, // U+0428
    { 22, 22, 389, 2, 18, 61, 16094 }, // U+0429
    { 19, 18, 327, 1, 18, 43, 16155 }, // U+042A
    { 18, 18, 353, 2, 18, 41, 16198 }, // U+042B
    { 13, 18, 260, 2, 18, 30, 16239 }, // U+042C
    { 16, 18, 292, 1, 18, 36, 16269 }, // U+042D
    { 22, 18, 406, 2, 18, 50, 16305 }, // U+042E
    { 14, 18, 257, 0, 18, 32, 16355 }, // U+042F
    { 12, 14, 225, 1, 14, 21, 16387 }, // U+0430
    { 13, 18, 238, 1, 18, 30, 16408 }, // U+0431
    { 12, 14, 226, 1, 14, 21, 16438 }, // U+0432
    { 10, 14, 174, 1, 14, 18, 16459 }, // U+0433
    { 15, 19, 245, 0, 14, 36, 16477 }, // U+0434
    { 13, 14, 233, 1, 14, 23, 16513 }, // U+0435
    { 20, 14, 324, 0, 14, 35, 16536 }, // U+0436
    { 11, 14, 198, 1, 14, 20, 16571 }, // U+0437
    { 12, 14, 237, 1, 14, 21, 16591 }, // U+0438
    { 12, 20, 237, 1, 20, 30, 16612 }, // U+0439
    { 13, 14, 217, 1, 14, 23, 16642 }, // U+043A
    { 13, 14, 230, 0, 14, 23, 16665 }, // U+043B
    { 17, 14, 308, 1, 14, 30, 16688 }, // U+043C
    { 12, 14, 235, 1, 14, 21, 16718 }, // U+043D
    { 13, 14, 240, 1, 14, 23, 16739 }, // U+043E
    { 12, 14, 235, 1, 14, 21, 16762 }, // U+043F
    { 14, 19, 245, 1, 14, 34, 16783 }, // U+0440
    { 13, 14, 229, 1, 14, 23, 16817 }, // U+0441
    { 12, 14, 186, 0, 14, 21, 16840 }, // U+0442
    { 14, 19, 225, 0, 14, 34, 16861 }, // U+0443
    { 15, 23, 275, 1, 18, 44, 16895 }, // U+0444
    { 13, 14, 218, 0, 14, 23, 16939 }, // U+0445
    { 14, 18, 239, 1, 14, 32, 16962 }, // U+0446
    { 12, 14, 231, 1, 14, 21, 16994 }, // U+0447
    { 18, 14, 329, 1, 14, 32, 17015 }, // U+0448
    { 20, 18, 335, 1, 14, 45, 17047 }, // U+0449
    { 15, 14, 257, 0, 14, 27, 17092 }, // U+044A
    { 16, 14, 295, 1, 14, 28, 17119 }, // U+044B
    { 12, 14, 223, 1, 14, 21, 17147 }, // U+044C
    { 13, 14, 229, 1, 14, 23, 17168 }, // U+044D
    { 19, 14, 337, 1, 14, 34, 17191 }, // U+044E
    { 12, 14, 222, 0, 14, 21, 17225 }, // U+044F
    { 13, 20, 233, 1, 20, 33, 17246 }, // U+0450
    { 13, 19, 233, 1, 19, 31, 17279 }, // U+0451
    { 13, 23, 237, 0, 18, 38, 17310 }, // U+0452
    { 10, 20, 174, 1, 20, 25, 17348 }, // U+0453
    { 13, 14, 229, 1, 14, 23, 17373 }, // U+0454
    { 11, 14, 211, 1, 14, 20, 17396 }, // U+0455
    { 4, 19, 97, 1, 19, 10, 17416 }, // U+0456
    { 9, 19, 97, -1, 19, 22, 17426 }, // U+0457
    { 6, 24, 97, -1, 19, 18, 17448 }, // U+0458
    { 22, 14, 370, 0, 14, 39, 17466 }, // U+0459
    { 21, 14, 359, 1, 14, 37, 17505 }, // U+045A
    { 13, 18, 237, 0, 18, 30, 17542 }, // U+045B
    { 13, 20, 217, 1, 20, 33, 17572 }, // U+045C
    { 12, 20, 237, 1, 20, 30, 17605 }, // U+045D
    { 14, 25, 225, 0, 20, 44, 17635 }, // U+045E
    { 12, 18, 235, 1, 14, 27, 17679 }, // U+045F
    { 19, 18, 359, 2, 18, 43, 17706 }, // U+0460
    { 18, 14, 323, 1, 14, 32, 17749 }, // U+0461
    { 16, 18, 275, 0, 18, 36, 17781 }, // U+0462
    { 15, 18, 246, 0, 18, 34, 17817 }, // U+0463
    { 21, 18, 382, 2, 18, 48, 17851 }, // U+0464
    { 18, 14, 313, 1, 14, 32, 17899 }, // U+0465
    { 17, 18, 276, 0, 18, 39, 17931 }, // U+0466
    { 14, 14, 228, 0, 14, 25, 17970 }, // U+0467
    { 21, 18, 375, 2, 18, 48, 17995 }, // U+0468
    { 18, 14, 310, 1, 14, 32, 18043 }, // U+0469
    { 19, 18, 341, 1, 18, 43, 18075 }, // U+046A
    { 16, 14, 278, 1, 14, 28, 18118 }, // U+046B
    { 25, 18, 458, 2, 18, 57, 18146 }, // U+046C
    { 22, 14, 383, 1, 14, 39, 18203 }, // U+046D
    { 12, 30, 218, 1, 24, 45, 18242 }, // U+046E
    { 11, 25, 209, 1, 20, 35, 18287 }, // U+046F
    { 18, 18, 352, 2, 18, 41, 18322 }, // U+0470
    { 17, 23, 311, 1, 18, 49, 18363 }, // U+0471
    { 17, 18, 306, 1, 18, 39, 18412 }, // U+0472
    { 13, 14, 240, 1, 14, 23, 18451 }, // U+0473
    { 17, 18, 282, 0, 18, 39, 18474 }, // U+0474
    { 15, 14, 237, 0, 14, 27, 18513 }, // U+0475
    { 17, 25, 282, 0, 25, 54, 18540 }, // U+0476
    { 15, 20, 237, 0, 20, 38, 18594 }, // U+0477
    { 32, 23, 531, 1, 18, 92, 18632 }, // U+0478
    { 27, 19, 457, 1, 14, 65, 18724 }, // U+0479
    { 16, 18, 284, 1, 18, 36, 18789 }, // U+0480
    { 12, 18, 226, 1, 14, 27, 18825 }, // U+0481
    { 14, 17, 253, 1, 17, 30, 18852 }, // U+0482
    { 10, 5, 0, -12, 20, 7, 18882 }, // U+0483
    { 11, 3, 0, -12, 19, 5, 18889 }, // U+0484
    { 4, 5, 0, -9, 20, 3, 18894 }, // U+0485
    { 4, 5, 0, -8, 20, 3, 18897 }, // U+0486
    { 11, 3, 0, -12, 19, 5, 18900 }, // U+0487
    { 25, 22, 0, -19, 18, 69, 18905 }, // U+0488
    { 24, 23, 0, -19, 18, 69, 18974 }, // U+0489
    { 18, 29, 301, 2, 25, 66, 19043 }, // U+048A
    { 15, 24, 237, 1, 20, 45, 19109 }, // U+048B
    { 16, 18, 275, 0, 18, 36, 19154 }, // U+048C
    { 15, 17, 246, 0, 17, 32, 19190 }, // U+048D
    { 13, 18, 254, 2, 18, 30, 19222 }, // U+048E
    { 14, 19, 244, 1, 14, 34, 19252 }, // U+048F
    { 12, 22, 231, 2, 22, 33, 19286 }, // U+0490
    { 10, 17, 174, 1, 17, 22, 19319 }, // U+0491
    { 15, 18, 231, -1, 18, 34, 19341 }, // U+0492
    { 11, 14, 174, 0, 14, 20, 19375 }, // U+0493
    { 14, 19, 261, 2, 18, 34, 19395 }, // U+0494
    { 12, 18, 217, 1, 14, 27, 19429 }, // U+0495
    { 25, 22, 392, 0, 18, 69, 19456 }, // U+0496
    { 21, 18, 332, 0, 14, 48, 19525 }, // U+0497
    { 13, 24, 247, 1, 18, 39, 19573 }, // U+0498
    { 11, 20, 198, 1, 14, 28, 19612 }, // U+0499
    { 16, 22, 282, 2, 18, 44, 19640 }, // U+049A
    { 14, 18, 225, 1, 14, 32, 19684 }, // U+049B
    { 14, 18, 267, 2, 18, 32, 19716 }, // U+049C
    { 14, 14, 234, 1, 14, 25, 19748 }, // U+049D
    { 20, 18, 336, 1, 18, 45, 19773 }, // U+04A0
    { 16, 14, 251, 0, 14, 28, 19818 }, // U+04A1
    { 17, 22, 303, 2, 18, 47, 19846 }, // U+04A2
    { 14, 18, 241, 1, 14, 32, 19893 }, // U+04A3
    { 22, 18, 394, 2, 18, 50, 19925 }, // U+04A4
    { 16, 14, 271, 1, 14, 28, 19975 }, // U+04A5
    { 25, 19, 443, 2, 18, 60, 20003 }, // U+04A6
    { 21, 18, 369, 1, 14, 48, 20063 }, // U+04A7
    { 23, 18, 394, 1, 18, 52, 20111 }, // U+04A8
    { 18, 14, 311, 1, 14, 32, 20163 }, // U+04A9
    { 16, 24, 292, 1, 18, 48, 20195 }, // U+04AA
    { 13, 20, 229, 1, 14, 33, 20243 }, // U+04AB
    { 14, 22, 258, 1, 18, 39, 20276 }, // U+04AC
    { 12, 18, 186, 0, 14, 27, 20315 }, // U+04AD
    { 17, 18, 271, 0, 18, 39, 20342 }, // U+04AE
    { 14, 19, 225, 0, 14, 34, 20381 }, // U+04AF
    { 17, 18, 271, 0, 18, 39, 20415 }, // U+04B0
    { 14, 19, 225, 0, 14, 34, 20454 }, // U+04B1
    { 18, 22, 281, 0, 18, 50, 20488 }, // U+04B2
    { 15, 18, 226, 0, 14, 34, 20538 }, // U+04B3
    { 22, 22, 366, 1, 18, 61, 20572 }, // U+04B4
    { 17, 18, 264, 0, 14, 39, 20633 }, // U+04B5
    { 17, 22, 286, 1, 18, 47, 20672 }, // U+04B6
    { 14, 18, 237, 1, 14, 32, 20719 }, // U+04B7
    { 15, 18, 280, 1, 18, 34, 20751 }, // U+04B8
    { 12, 14, 231, 1, 14, 21, 20785 }, // U+04B9
    { 14, 18, 280, 2, 18, 32, 20806 }, // U+04BA
    { 12, 18, 237, 1, 18, 27, 20838 }, // U+04BB
    { 20, 18, 336, 0, 18, 45, 20865 }, // U+04BC
    { 17, 14, 286, 0, 14, 30, 20910 }, // U+04BD
    { 20, 22, 336, 0, 18, 55, 20940 }, // U+04BE
    { 17, 20, 286, 0, 14, 43, 20995 }, // U+04BF
    { 3, 18, 107, 2, 18, 7, 21038 }, // U+04C0
    { 24, 25, 384, 0, 25, 75, 21045 }, // U+04C1
    { 20, 20, 324, 0, 20, 50, 21120 }, // U+04C2
    { 14, 22, 273, 2, 18, 39, 21170 }, // U+04C3
    { 13, 18, 235, 1, 14, 30, 21209 }, // U+04C4
    { 18, 22, 299, 1, 18, 50, 21239 }, // U+04C5
    { 15, 18, 230, 0, 14, 34, 21289 }, // U+04C6
    { 15, 23, 297, 2, 18, 44, 21323 }, // U+04C7
    { 12, 19, 235, 1, 14, 29, 21367 }, // U+04C8
    { 17, 22, 297, 2, 18, 47, 21396 }, // U+04C9
    { 15, 18, 235, 1, 14, 34, 21443 }, // U+04CA
    { 15, 22, 286, 1, 18, 42, 21477 }, // U+04CB
    { 12, 18, 237, 1, 14, 27, 21519 }, // U+04CC
    { 21, 22, 361, 2, 18, 58, 21546 }, // U+04CD
    { 19, 18, 308, 1, 14, 43, 21604 }, // U+04CE
    { 4, 18, 97, 1, 18, 9, 21647 }, // U+04CF
    { 17, 25, 276, 0, 25, 54, 21656 }, // U+04D0
    { 12, 20, 225, 1, 20, 30, 21710 }, // U+04D1
    { 17, 24, 276, 0, 24, 51, 21740 }, // U+04D2
    { 12, 19, 225, 1, 19, 29, 21791 }, // U+04D3
    { 24, 18, 397, 0, 18, 54, 21820 }, // U+04D4
    { 21, 14, 367, 1, 14, 37, 21874 }, // U+04D5
    { 12, 25, 240, 2, 25, 38, 21911 }, // U+04D6
    { 13, 20, 233, 1, 20, 33, 21949 }, // U+04D7
    { 17, 18, 298, 1, 18, 39, 21982 }, // U+04D8
    { 13, 14, 233, 1, 14, 23, 22021 }, // U+04D9
    { 17, 24, 298, 1, 24, 51, 22044 }, // U+04DA
    { 13, 19, 233, 1, 19, 31, 22095 }, // U+04DB
    { 24, 24, 384, 0, 24, 72, 22126 }, // U+04DC
    { 20, 19, 324, 0, 19, 48, 22198 }, // U+04DD
    { 13, 24, 247, 1, 24, 39, 22246 }, // U+04DE
    { 11, 19, 198, 1, 19, 27, 22285 }, // U+04DF
    { 14, 18, 248, 1, 18, 32, 22312 }, // U+04E0
    { 14, 18, 248, 1, 13, 32, 22344 }, // U+04E1
    { 15, 24, 301, 2, 24, 45, 22376 }, // U+04E2
    { 12, 19, 237, 1, 19, 29, 22421 }, // U+04E3
    { 15, 24, 301, 2, 24, 45, 22450 }, // U+04E4
    { 12, 19, 237, 1, 19, 29, 22495 }, // U+04E5
    { 17, 24, 306, 1, 24, 51, 22524 }, // U+04E6
    { 13, 19, 240, 1, 19, 31, 22575 }, // U+04E7
    { 17, 18, 306, 1, 18, 39, 22606 }, // U+04E8
    { 13, 14, 240, 1, 14, 23, 22645 }, // U+04E9
    { 17, 24, 306, 1, 24, 51, 22668 }, // U+04EA
    { 13, 19, 240, 1, 19, 31, 22719 }, // U+04EB
    { 16, 24, 292, 1, 24, 48, 22750 }, // U+04EC
    { 13, 19, 229, 1, 19, 31, 22798 }, // U+04ED
    { 16, 24, 251, 0, 24, 48, 22829 }, // U+04EE
    { 14, 24, 225, 0, 19, 42, 22877 }, // U+04EF
    { 16, 24, 251, 0, 24, 48, 22919 }, // U+04F0
    { 14, 24, 225, 0, 19, 42, 22967 }, // U+04F1
    { 16, 25, 251, 0, 25, 50, 23009 }, // U+04F2
    { 14, 25, 225, 0, 20, 44, 23059 }, // U+04F3
    { 15, 24, 280, 1, 24, 45, 23103 }, // U+04F4
    { 12, 19, 231, 1, 19, 29, 23148 }, // U+04F5
    { 12, 22, 231, 2, 18, 33, 23177 }, // U+04F6
    { 10, 18, 174, 1, 14, 23, 23210 }, // U+04F7
    { 18, 24, 353, 2, 24, 54, 23233 }, // U+04F8
    { 16, 19, 295, 1, 19, 38, 23287 }, // U+04F9
    { 14, 23, 237, 0, 18, 41, 23325 }, // U+04FA
    { 11, 19, 174, 0, 14, 27, 23366 }, // U+04FB
    { 18, 23, 281, 0, 18, 52, 23393 }, // U+04FC
    { 13, 19, 208, 0, 14, 31, 23445 }, // U+04FD
    { 17, 18, 273, 0, 18, 39, 23476 }, // U+04FE
    { 13, 14, 218, 0, 14, 23, 23515 }, // U+04FF
    { 15, 15, 253, 0, 15, 29, 23538 }, // U+05D0
    { 13, 15, 229, 1, 15, 25, 23567 }, // U+05D1
    { 9, 16, 150, 0, 15, 18, 23592 }, // U+05D2
    { 13, 15, 217, 0, 15, 25, 23610 }, // U+05D3
    { 13, 15, 251, 1, 15, 25, 23635 }, // U+05D4
    { 6, 15, 120, 0, 15, 12, 23660 }, // U+05D5
    { 7, 15, 132, 1, 15, 14, 23672 }, // U+05D6
    { 14, 15, 265, 1, 15, 27, 23686 }, // U+05D7
    { 14, 15, 254, 1, 15, 27, 23713 }, // U+05D8
    { 6, 9, 118, 0, 15, 7, 23740 }, // U+05D9
    { 11, 20, 218, 1, 15, 28, 23747 }, // U+05DA
    { 11, 15, 206, 1, 15, 21, 23775 }, // U+05DB
    { 13, 20, 209, 0, 20, 33, 23796 }, // U+05DC
    { 15, 15, 274, 1, 15, 29, 23829 }, // U+05DD
    { 15, 15, 264, 1, 15, 29, 23858 }, // U+05DE
    { 5, 20, 132, 1, 15, 13, 23887 }, // U+05DF
    { 7, 15, 152, 1, 15, 14, 23900 }, // U+05E0
    { 14, 15, 257, 1, 15, 27, 23914 }, // U+05E1
    { 14, 17, 237, 0, 16, 30, 23941 }, // U+05E2
    { 13, 20, 248, 1, 15, 33, 23971 }, // U+05E3
    { 13, 15, 240, 1, 15, 25, 24004 }, // U+05E4
    { 13, 20, 212, 0, 15, 33, 24029 }, // U+05E5
    { 12, 15, 222, 1, 15, 23, 24062 }, // U+05E6
    { 14, 20, 251, 1, 15, 35, 24085 }, // U+05E7
    { 11, 15, 209, 1, 15, 21, 24120 }, // U+05E8
    { 16, 15, 292, 1, 15, 30, 24141 }, // U+05E9
    { 16, 15, 274, 0, 15, 30, 24171 }, // U+05EA
    { 4, 7, 131, 2, 6, 4, 24201 }, // U+060C
    { 5, 14, 138, 1, 13, 9, 24205 }, // U+061B
    { 11, 20, 174, 0, 19, 28, 24214 }, // U+061F
    { 10, 11, 164, 0, 9, 14, 24242 }, // U+0621
    { 8, 3, 108, 0, 2, 3, 24256 }, // U+0640
    { 6, 7, 0, 0, 21, 6, 24259 }, // U+0654
    { 5, 5, 229, 5, 10, 4, 24265 }, // U+0660
    { 5, 19, 229, 5, 18, 12, 24269 }, // U+0661
    { 11, 19, 229, 2, 18, 27, 24281 }, // U+0662
    { 14, 19, 229, 0, 18, 34, 24308 }, // U+0663
    { 11, 19, 229, 2, 18, 27, 24342 }, // U+0664
    { 11, 14, 229, 2, 13, 20, 24369 }, // U+0665
    { 12, 19, 229, 1, 18, 29, 24389 }, // U+0666
    { 14, 19, 229, 0, 18, 34, 24418 }, // U+0667
    { 14, 19, 229, 0, 18, 34, 24452 }, // U+0668
    { 11, 18, 229, 2, 17, 25, 24486 }, // U+0669
    { 16, 14, 274, 0, 8, 28, 24511 }, // U+06BA
    { 6, 2, 120, 1, 2, 2, 24539 }, // U+06D4
    { 10, 12, 162, 0, 12, 15, 24541 }, // U+06D5
    { 5, 5, 229, 5, 10, 4, 24556 }, // U+06F0
    { 5, 19, 229, 5, 18, 12, 24560 }, // U+06F1
    { 11, 19, 229, 2, 18, 27, 24572 }, // U+06F2
    { 14, 19, 229, 0, 18, 34, 24599 }, // U+06F3
    { 11, 17, 229, 2, 17, 24, 24633 }, // U+06F4
    { 12, 17, 229, 1, 17, 26, 24657 }, // U+06F5
    { 10, 18, 229, 2, 17, 23, 24683 }, // U+06F6
    { 14, 19, 229, 0, 18, 34, 24706 }, // U+06F7
    { 14, 19, 229, 0, 18, 34, 24740 }, // U+06F8
    { 11, 18, 229, 2, 17, 25, 24774 }, // U+06F9
    { 17, 23, 276, 0, 18, 49, 24799 }, // U+1EA0
    { 12, 19, 225, 1, 14, 29, 24848 }, // U+1EA1
    { 17, 25, 276, 0, 25, 54, 24877 }, // U+1EA2
    { 12, 20, 225, 1, 20, 30, 24931 }, // U+1EA3
    { 17, 29, 276, 0, 29, 62, 24961 }, // U+1EA4
    { 12, 24, 225, 1, 24, 36, 25023 }, // U+1EA5
    { 17, 28, 276, 0, 28, 60, 25059 }, // U+1EA6
    { 12, 23, 225, 1, 23, 35, 25119 }, // U+1EA7
    { 17, 29, 276, 0, 29, 62, 25154 }, // U+1EA8
    { 12, 24, 225, 1, 24, 36, 25216 }, // U+1EA9
    { 17, 28, 276, 0, 28, 60, 25252 }, // U+1EAA
    { 12, 23, 225, 1, 23, 35, 25312 }, // U+1EAB
    { 17, 30, 276, 0, 25, 64, 25347 }, // U+1EAC
    { 12, 25, 225, 1, 20, 38, 25411 }, // U+1EAD
    { 17, 28, 276, 0, 28, 60, 25449 }, // U+1EAE
    { 12, 23, 225, 1, 23, 35, 25509 }, // U+1EAF
    { 17, 28, 276, 0, 28, 60, 25544 }, // U+1EB0
    { 12, 23, 225, 1, 23, 35, 25604 }, // U+1EB1
    { 17, 28, 276, 0, 28, 60, 25639 }, // U+1EB2
    { 12, 23, 225, 1, 23, 35, 25699 }, // U+1EB3
    { 17, 27, 276, 0, 27, 58, 25734 }, // U+1EB4
    { 12, 22, 225, 1, 22, 33, 25792 }, // U+1EB5
    { 17, 30, 276, 0, 25, 64, 25825 }, // U+1EB6
    { 12, 25, 225, 1, 20, 38, 25889 }, // U+1EB7
    { 12, 23, 240, 2, 18, 35, 25927 }, // U+1EB8
    { 13, 19, 233, 1, 14, 31, 25962 }, // U+1EB9
    { 12, 25, 240, 2, 25, 38, 25993 }, // U+1EBA
    { 13, 20, 233, 1, 20, 33, 26031 }, // U+1EBB
    { 12, 24, 240, 2, 24, 36, 26064 }, // U+1EBC
    { 13, 19, 233, 1, 19, 31, 26100 }, // U+1EBD
    { 12, 29, 240, 2, 29, 44, 26131 }, // U+1EBE
    { 13, 24, 233, 1, 24, 39, 26175 }, // U+1EBF
    { 12, 28, 240, 2, 28, 42, 26214 }, // U+1EC0
    { 13, 23, 233, 1, 23, 38, 26256 }, // U+1EC1
    { 12, 29, 240, 2, 29, 44, 26294 }, // U+1EC2
    { 13, 24, 233, 1, 24, 39, 26338 }, // U+1EC3
    { 12, 28, 240, 2, 28, 42, 26377 }, // U+1EC4
    { 13, 23, 233, 1, 23, 38, 26419 }, // U+1EC5
    { 12, 30, 240, 2, 25, 45, 26457 }, // U+1EC6
    { 13, 25, 233, 1, 20, 41, 26502 }, // U+1EC7
    { 5, 25, 107, 1, 25, 16, 26543 }, // U+1EC8
    { 5, 20, 97, 1, 20, 13, 26559 }, // U+1EC9
    { 4, 23, 107, 1, 18, 12, 26572 }, // U+1ECA
    { 4, 24, 97, 1, 19, 12, 26584 }, // U+1ECB
    { 17, 23, 306, 1, 18, 49, 26596 }, // U+1ECC
    { 13, 19, 240, 1, 14, 31, 26645 }, // U+1ECD
    { 17, 25, 306, 1, 25, 54, 26676 }, // U+1ECE
    { 13, 20, 240, 1, 20, 33, 26730 }, // U+1ECF
    { 17, 29, 306, 1, 29, 62, 26763 }, // U+1ED0
    { 13, 24, 240, 1, 24, 39, 26825 }, // U+1ED1
    { 17, 28, 306, 1, 28, 60, 26864 }, // U+1ED2
    { 13, 23, 240, 1, 23, 38, 26924 }, // U+1ED3
    { 17, 29, 306, 1, 29, 62, 26962 }, // U+1ED4
    { 13, 24, 240, 1, 24, 39, 27024 }, // U+1ED5
    { 17, 28, 306, 1, 28, 60, 27063 }, // U+1ED6
    { 13, 23, 240, 1, 23, 38, 27123 }, // U+1ED7
    { 17, 30, 306, 1, 25, 64, 27161 }, // U+1ED8
    { 13, 25, 240, 1, 20, 41, 27225 }, // U+1ED9
    { 17, 25, 305, 1, 25, 54, 27266 }, // U+1EDA
    { 14, 20, 239, 1, 20, 35, 27320 }, // U+1EDB
    { 17, 25, 305, 1, 25, 54, 27355 }, // U+1EDC
    { 14, 20, 239, 1, 20, 35, 27409 }, // U+1EDD
    { 17, 25, 305, 1, 25, 54, 27444 }, // U+1EDE
    { 14, 20, 239, 1, 20, 35, 27498 }, // U+1EDF
    { 17, 24, 305, 1, 24, 51, 27533 }, // U+1EE0
    { 14, 19, 239, 1, 19, 34, 27584 }, // U+1EE1
    { 17, 26, 305, 1, 21, 56, 27618 }, // U+1EE2
    { 14, 22, 239, 1, 17, 39, 27674 }, // U+1EE3
    { 15, 23, 298, 2, 18, 44, 27713 }, // U+1EE4
    { 12, 19, 237, 1, 14, 29, 27757 }, // U+1EE5
    { 15, 25, 298, 2, 25, 47, 27786 }, // U+1EE6
    { 12, 20, 237, 1, 20, 30, 27833 }, // U+1EE7
    { 17, 25, 296, 2, 25, 54, 27863 }, // U+1EE8
    { 14, 20, 248, 1, 20, 35, 27917 }, // U+1EE9
    { 17, 25, 296, 2, 25, 54, 27952 }, // U+1EEA
    { 14, 20, 248, 1, 20, 35, 28006 }, // U+1EEB
    { 17, 25, 296, 2, 25, 54, 28041 }, // U+1EEC
    { 14, 20, 248, 1, 20, 35, 28095 }, // U+1EED
    { 17, 24, 296, 2, 24, 51, 28130 }, // U+1EEE
    { 14, 19, 248, 1, 19, 34, 28181 }, // U+1EEF
    { 17, 26, 296, 2, 21, 56, 28215 }, // U+1EF0
    { 14, 22, 248, 1, 17, 39, 28271 }, // U+1EF1
    { 17, 25, 271, 0, 25, 54, 28310 }, // U+1EF2
    { 14, 25, 225, 0, 20, 44, 28364 }, // U+1EF3
    { 17, 23, 271, 0, 18, 49, 28408 }, // U+1EF4
    { 14, 19, 225, 0, 14, 34, 28457 }, // U+1EF5
    { 17, 25, 271, 0, 25, 54, 28491 }, // U+1EF6
    { 14, 25, 225, 0, 20, 44, 28545 }, // U+1EF7
    { 17, 24, 271, 0, 24, 51, 28589 }, // U+1EF8
    { 14, 24, 225, 0, 19, 42, 28640 }, // U+1EF9
    { 0, 0, 218, 0, 0, 0, 28682 }, // U+2000
    { 0, 0, 436, 0, 0, 0, 28682 }, // U+2001
    { 0, 0, 200, 0, 0, 0, 28682 }, // U+2002
    { 0, 0, 400, 0, 0, 0, 28682 }, // U+2003
    { 0, 0, 134, 0, 0, 0, 28682 }, // U+2004
    { 0, 0, 100, 0, 0, 0, 28682 }, // U+2005
    { 0, 0, 66, 0, 0, 0, 28682 }, // U+2006
    { 0, 0, 259, 0, 0, 0, 28682 }, // U+2007
    { 0, 0, 115, 0, 0, 0, 28682 }, // U+2008
    { 0, 0, 73, 0, 0, 0, 28682 }, // U+2009
    { 0, 0, 36, 0, 0, 0, 28682 }, // U+200A
    { 0, 0, 0, 0, 0, 0, 28682 }, // U+200B
    { 2, 19, 0, -1, 18, 5, 28682 }, // U+200C
    { 6, 19, 0, -3, 18, 15, 28687 }, // U+200D
    { 7, 20, 0, -1, 18, 18, 28702 }, // U+200E
    { 7, 20, 0, -6, 18, 18, 28720 }, // U+200F
    { 9, 2, 143, 0, 9, 3, 28738 }, // U+2010
    { 9, 2, 143, 0, 9, 3, 28741 }, // U+2011
    { 14, 2, 259, 1, 9, 4, 28744 }, // U+2012
    { 13, 2, 200, 0, 9, 4, 28748 }, // U+2013
    { 25, 2, 400, 0, 9, 7, 28752 }, // U+2014
    { 25, 2, 400, 0, 9, 7, 28759 }, // U+2015
    { 6, 31, 192, 3, 25, 24, 28766 }, // U+2016
    { 13, 5, 181, -1, 0, 9, 28790 }, // U+2017
    { 5, 7, 104, 1, 18, 5, 28799 }, // U+2018
    { 5, 7, 104, 1, 18, 5, 28804 }, // U+2019
    { 5, 7, 96, 1, 2, 5, 28809 }, // U+201A
    { 5, 7, 104, 0, 18, 5, 28814 }, // U+201B
    { 10, 7, 176, 1, 18, 9, 28819 }, // U+201C
    { 10, 7, 176, 1, 18, 9, 28828 }, // U+201D
    { 9, 7, 168, 1, 2, 8, 28837 }, // U+201E
    { 10, 7, 176, 0, 18, 9, 28845 }, // U+201F
    { 10, 14, 196, 1, 18, 18, 28854 }, // U+2020
    { 10, 18, 196, 1, 18, 23, 28872 }, // U+2021
    { 8, 8, 225, 3, 11, 8, 28895 }, // U+2022
    { 7, 9, 225, 4, 12, 8, 28903 }, // U+2023
    { 5, 3, 115, 1, 3, 2, 28911 }, // U+2024
    { 12, 3, 230, 1, 3, 5, 28913 }, // U+2025
    { 19, 3, 346, 1, 3, 8, 28918 }, // U+2026
    { 5, 3, 115, 1, 10, 2, 28926 }, // U+2027
    { 0, 0, 73, 0, 0, 0, 28928 }, // U+202F
    { 29, 18, 534, 2, 18, 66, 28928 }, // U+2030
    { 38, 18, 676, 2, 18, 86, 28994 }, // U+2031
    { 4, 7, 89, 1, 18, 4, 29080 }, // U+2032
    { 9, 7, 177, 1, 18, 8, 29084 }, // U+2033
    { 15, 7, 265, 1, 18, 14, 29092 }, // U+2034
    { 4, 7, 89, 1, 18, 4, 29106 }, // U+2035
    { 9, 7, 177, 1, 18, 8, 29110 }, // U+2036
    { 15, 7, 265, 1, 18, 14, 29118 }, // U+2037
    { 10, 6, 182, 1, -1, 8, 29132 }, // U+2038
    { 8, 12, 154, 1, 14, 12, 29140 }, // U+2039
    { 9, 12, 154, 0, 14, 14, 29152 }, // U+203A
    { 14, 14, 256, 1, 16, 25, 29166 }, // U+203B
    { 12, 18, 230, 1, 18, 27, 29191 }, // U+203C
    { 11, 18, 203, 1, 18, 25, 29218 }, // U+203D
    { 12, 2, 216, 1, 21, 3, 29243 }, // U+203E
    { 20, 4, 327, 0, -2, 10, 29246 }, // U+203F
    { 20, 5, 327, 0, 19, 13, 29256 }, // U+2040
    { 10, 15, 181, 1, 8, 19, 29269 }, // U+2041
    { 16, 15, 289, 1, 17, 30, 29288 }, // U+2042
    { 8, 2, 225, 3, 8, 2, 29318 }, // U+2043
    { 15, 18, 77, -5, 18, 34, 29320 }, // U+2044
    { 6, 23, 146, 2, 20, 18, 29354 }, // U+2045
    { 6, 23, 146, 1, 20, 18, 29372 }, // U+2046
    { 24, 18, 409, 1, 18, 54, 29390 }, // U+2047
    { 18, 18, 320, 1, 18, 41, 29444 }, // U+2048
    { 18, 18, 320, 1, 18, 41, 29485 }, // U+2049
    { 9, 19, 178, 1, 14, 22, 29526 }, // U+204A
    { 12, 18, 241, 2, 18, 27, 29548 }, // U+204B
    { 12, 11, 237, 1, 13, 17, 29575 }, // U+204C
    { 13, 11, 237, 1, 13, 18, 29592 }, // U+204D
    { 11, 10, 200, 1, 8, 14, 29610 }, // U+204E
    { 5, 17, 121, 1, 13, 11, 29624 }, // U+204F
    { 20, 25, 325, 0, 19, 63, 29635 }, // U+2050
    { 11, 23, 216, 2, 18, 32, 29698 }, // U+2051
    { 16, 18, 296, 1, 18, 36, 29730 }, // U+2052
    { 16, 5, 290, 1, 12, 10, 29766 }, // U+2053
    { 20, 5, 327, 0, -2, 13, 29776 }, // U+2054
    { 12, 11, 220, 1, 12, 17, 29789 }, // U+2055
    { 20, 7, 353, 1, 18, 18, 29806 }, // U+2057
    { 0, 0, 113, 0, 0, 0, 29824 }, // U+205F
    { 10, 10, 184, 1, 21, 13, 29824 }, // U+2070
    { 3, 11, 79, 1, 22, 5, 29837 }, // U+2071
    { 10, 10, 184, 1, 21, 13, 29842 }, // U+2074
    { 9, 10, 176, 1, 21, 12, 29855 }, // U+2075
    { 9, 10, 178, 1, 21, 12, 29867 }, // U+2076
    { 9, 10, 162, 1, 21, 12, 29879 }, // U+2077
    { 10, 10, 180, 1, 21, 13, 29891 }, // U+2078
    { 9, 10, 178, 1, 21, 12, 29904 }, // U+2079
    { 9, 7, 171, 1, 19, 8, 29916 }, // U+207A
    { 9, 2, 172, 1, 17, 3, 29924 }, // U+207B
    { 8, 5, 171, 1, 18, 5, 29927 }, // U+207C
    { 5, 13, 108, 1, 22, 9, 29932 }, // U+207D
    { 5, 13, 108, 0, 22, 9, 29941 }, // U+207E
    { 9, 8, 174, 1, 19, 9, 29950 }, // U+207F
    { 10, 10, 184, 1, 6, 13, 29959 }, // U+2080
    { 6, 10, 122, 1, 6, 8, 29972 }, // U+2081
    { 9, 10, 177, 1, 6, 12, 29980 }, // U+2082
    { 10, 10, 178, 1, 6, 13, 29992 }, // U+2083
    { 10, 10, 184, 1, 6, 13, 30005 }, // U+2084
    { 9, 10, 176, 1, 6, 12, 30018 }, // U+2085
    { 9, 10, 178, 1, 6, 12, 30030 }, // U+2086
    { 9, 10, 162, 1, 6, 12, 30042 }, // U+2087
    { 10, 10, 180, 1, 6, 13, 30054 }, // U+2088
    { 9, 10, 178, 1, 6, 12, 30067 }, // U+2089
    { 9, 7, 171, 1, 4, 8, 30079 }, // U+208A
    { 9, 2, 172, 1, 2, 3, 30087 }, // U+208B
    { 8, 5, 171, 1, 3, 5, 30090 }, // U+208C
    { 5, 13, 108, 1, 7, 9, 30095 }, // U+208D
    { 5, 13, 108, 0, 7, 9, 30104 }, // U+208E
    { 9, 8, 161, 0, 4, 9, 30113 }, // U+2090
    { 9, 8, 167, 1, 4, 9, 30122 }, // U+2091
    { 9, 8, 171, 1, 4, 9, 30131 }, // U+2092
    { 10, 8, 160, 0, 4, 10, 30140 }, // U+2093
    { 10, 10, 180, 1, 5, 13, 30150 }, // U+2094
    { 9, 10, 174, 1, 6, 12, 30163 }, // U+2095
    { 9, 10, 159, 1, 6, 12, 30175 }, // U+2096
    { 3, 10, 79, 1, 6, 4, 30187 }, // U+2097
    { 14, 8, 250, 1, 4, 14, 30191 }, // U+2098
    { 9, 8, 174, 1, 4, 9, 30205 }, // U+2099
    { 9, 11, 175, 1, 4, 13, 30214 }, // U+209A
    { 8, 8, 156, 1, 4, 8, 30227 }, // U+209B
    { 6, 10, 98, 0, 6, 8, 30235 }, // U+209C
    { 16, 19, 292, 1, 19, 38, 30243 }, // U+20A0
    { 16, 23, 292, 1, 21, 46, 30281 }, // U+20A1
    { 16, 18, 292, 1, 18, 36, 30327 }, // U+20A2
    { 15, 18, 241, -1, 18, 34, 30363 }, // U+20A3
    { 13, 18, 244, 1, 18, 30, 30397 }, // U+20A4
    { 19, 18, 344, 1, 16, 43, 30427 }, // U+20A5
    { 19, 18, 308, 0, 18, 43, 30470 }, // U+20A6
    { 22, 18, 386, 2, 18, 50, 30513 }, // U+20A7
    { 25, 18, 448, 2, 18, 57, 30563 }, // U+20A8
    { 24, 18, 382, 0, 18, 54, 30620 }, // U+20A9
    { 17, 14, 327, 2, 14, 30, 30674 }, // U+20AA
    { 15, 23, 245, 1, 18, 44, 30704 }, // U+20AB
    { 16, 18, 267, 0, 18, 36, 30748 }, // U+20AC
    { 18, 18, 284, 0, 18, 41, 30784 }, // U+20AD
    { 14, 18, 258, 1, 18, 32, 30825 }, // U+20AE
    { 33, 26, 556, 1, 21, 108, 30857 }, // U+20AF
    { 16, 18, 266, 0, 18, 36, 30965 }, // U+20B1
    { 17, 25, 298, 1, 22, 54, 31001 }, // U+20B2
    { 17, 18, 276, 0, 18, 39, 31055 }, // U+20B3
    { 14, 18, 253, 1, 18, 32, 31094 }, // U+20B4
    { 16, 25, 292, 1, 22, 50, 31126 }, // U+20B5
    { 14, 18, 258, 1, 18, 32, 31176 }, // U+20B8
    { 13, 19, 217, 0, 18, 31, 31208 }, // U+20B9
    { 13, 18, 238, 1, 18, 30, 31239 }, // U+20BA
    { 16, 14, 291, 1, 14, 28, 31269 }, // U+20BC
    { 17, 18, 280, 0, 18, 39, 31297 }, // U+20BD
    { 16, 18, 290, 1, 18, 36, 31336 }, // U+20BE
    { 13, 24, 262, 2, 21, 39, 31372 }, // U+20BF
    { 11, 15, 201, 1, 15, 21, 31411 }, // U+20C0
    { 19, 18, 382, 2, 17, 43, 31432 }, // U+2190
    { 17, 19, 334, 2, 19, 41, 31475 }, // U+2191
    { 19, 18, 382, 3, 17, 43, 31516 }, // U+2192
    { 17, 19, 334, 2, 18, 41, 31559 }, // U+2193
    { 30, 18, 536, 2, 17, 68, 31600 }, // U+2194
    { 17, 30, 334, 2, 23, 64, 31668 }, // U+2195
    { 14, 14, 310, 3, 14, 25, 31732 }, // U+2196
    { 15, 14, 310, 2, 14, 27, 31757 }, // U+2197
    { 15, 14, 310, 2, 14, 27, 31784 }, // U+2198
    { 14, 14, 310, 3, 14, 25, 31811 }, // U+2199
    { 25, 19, 458, 2, 19, 60, 31836 }, // U+21A9
    { 25, 19, 458, 2, 19, 60, 31896 }, // U+21AA
    { 21, 20, 395, 2, 19, 53, 31956 }, // U+21B0
    { 21, 20, 395, 2, 19, 53, 32009 }, // U+21B1
    { 21, 16, 395, 2, 18, 42, 32062 }, // U+21B3
    { 17, 19, 334, 2, 18, 41, 32104 }, // U+21B4
    { 21, 16, 395, 2, 18, 42, 32145 }, // U+21B5
    { 20, 23, 382, 2, 23, 58, 32187 }, // U+21BA
    { 20, 23, 382, 2, 23, 58, 32245 }, // U+21BB
    { 19, 16, 382, 2, 16, 38, 32303 }, // U+21D0
    { 19, 16, 382, 3, 16, 38, 32341 }, // U+21D2
    { 30, 16, 536, 2, 16, 60, 32379 }, // U+21D4
    { 11, 20, 243, 2, 19, 28, 32439 }, // U+21DE
    { 11, 20, 243, 2, 19, 28, 32467 }, // U+21DF
    { 22, 12, 406, 2, 15, 33, 32495 }, // U+21E4
    { 22, 12, 406, 2, 15, 33, 32528 }, // U+21E5
    { 22, 20, 412, 2, 20, 55, 32561 }, // U+21E7
    { 22, 24, 412, 2, 20, 66, 32616 }, // U+21EA
    { 13, 19, 254, 1, 19, 31, 32682 }, // U+2202
    { 15, 16, 274, 1, 15, 30, 32713 }, // U+2205
    { 17, 18, 272, 0, 18, 39, 32743 }, // U+2206
    { 14, 22, 289, 2, 19, 39, 32782 }, // U+220F
    { 14, 22, 254, 1, 19, 39, 32821 }, // U+2211
    { 12, 2, 265, 2, 8, 3, 32860 }, // U+2212
    { 15, 19, 252, 0, 19, 36, 32863 }, // U+221A
    { 22, 10, 374, 1, 13, 28, 32899 }, // U+221E
    { 10, 25, 146, -1, 19, 32, 32927 }, // U+222B
    { 5, 13, 115, 1, 16, 9, 32959 }, // U+2236
    { 13, 10, 265, 2, 12, 17, 32968 }, // U+2248
    { 12, 13, 265, 2, 14, 20, 32985 }, // U+2260
    { 13, 14, 265, 2, 15, 23, 33005 }, // U+2264
    { 13, 14, 265, 2, 15, 23, 33028 }, // U+2265
    { 35, 35, 556, 0, 27, 154, 33051 }, // U+2295
    { 35, 35, 556, 0, 27, 154, 33205 }, // U+2296
    { 35, 35, 556, 0, 27, 154, 33359 }, // U+2297
    { 35, 35, 556, 0, 27, 154, 33513 }, // U+2298
    { 24, 20, 397, 0, 11, 60, 33667 }, // U+FB56
    { 29, 18, 437, 0, 9, 66, 33727 }, // U+FB57
    { 7, 19, 120, -1, 11, 17, 33793 }, // U+FB58
    { 11, 16, 149, 0, 8, 22, 33810 }, // U+FB59
    { 24, 19, 397, 0, 18, 57, 33832 }, // U+FB66
    { 29, 19, 437, 0, 18, 69, 33889 }, // U+FB67
    { 7, 21, 108, 0, 20, 19, 33958 }, // U+FB68
    { 11, 18, 149, 0, 17, 25, 33977 }, // U+FB69
    { 16, 21, 264, 0, 11, 42, 34002 }, // U+FB7A
    { 20, 21, 288, 0, 11, 53, 34044 }, // U+FB7B
    { 14, 17, 236, 0, 9, 30, 34097 }, // U+FB7C
    { 18, 17, 255, 0, 9, 39, 34127 }, // U+FB7D
    { 11, 23, 191, 0, 22, 32, 34166 }, // U+FB88
    { 15, 23, 213, 0, 22, 44, 34198 }, // U+FB89
    { 9, 23, 147, -1, 17, 26, 34242 }, // U+FB8A
    { 13, 23, 158, -1, 17, 38, 34268 }, // U+FB8B
    { 10, 25, 147, -1, 19, 32, 34306 }, // U+FB8C
    { 13, 25, 158, -1, 19, 41, 34338 }, // U+FB8D
    { 23, 19, 351, 0, 18, 55, 34379 }, // U+FB8E
    { 26, 19, 390, 0, 18, 62, 34434 }, // U+FB8F
    { 11, 19, 165, 0, 18, 27, 34496 }, // U+FB90
    { 14, 19, 203, 0, 18, 34, 34523 }, // U+FB91
    { 23, 22, 351, 0, 21, 64, 34557 }, // U+FB92
    { 26, 22, 390, 0, 21, 72, 34621 }, // U+FB93
    { 11, 22, 165, 0, 21, 31, 34693 }, // U+FB94
    { 14, 22, 203, 0, 21, 39, 34724 }, // U+FB95
    { 16, 14, 274, 0, 8, 28, 34763 }, // U+FB9E
    { 20, 14, 292, 0, 8, 35, 34791 }, // U+FB9F
    { 10, 12, 162, 0, 12, 15, 34826 }, // U+FBA6
    { 14, 10, 192, 0, 9, 18, 34841 }, // U+FBA7
    { 6, 16, 108, 0, 11, 12, 34859 }, // U+FBA8
    { 13, 11, 175, 0, 4, 18, 34871 }, // U+FBA9
    { 16, 14, 269, 0, 13, 28, 34889 }, // U+FBAA
    { 17, 17, 246, 0, 11, 37, 34917 }, // U+FBAB
    { 14, 14, 230, 0, 13, 25, 34954 }, // U+FBAC
    { 14, 17, 203, 0, 11, 30, 34979 }, // U+FBAD
    { 23, 13, 377, 0, 12, 38, 35009 }, // U+FBAE
    { 15, 9, 220, 0, 2, 17, 35047 }, // U+FBAF
    { 23, 19, 377, 0, 18, 55, 35064 }, // U+FBB0
    { 15, 16, 220, 0, 9, 30, 35119 }, // U+FBB1
    { 19, 17, 304, 0, 11, 41, 35149 }, // U+FBFC
    { 20, 11, 294, 0, 5, 28, 35190 }, // U+FBFD
    { 7, 16, 120, -1, 11, 14, 35218 }, // U+FBFE
    { 11, 13, 149, 0, 8, 18, 35232 }, // U+FBFF
    { 10, 11, 164, 0, 9, 14, 35250 }, // U+FE80
    { 9, 21, 94, -2, 21, 24, 35264 }, // U+FE81
    { 11, 24, 116, -2, 23, 33, 35288 }, // U+FE82
    { 6, 24, 94, 0, 24, 18, 35321 }, // U+FE83
    { 9, 27, 116, 0, 26, 31, 35339 }, // U+FE84
    { 9, 22, 179, 1, 16, 25, 35370 }, // U+FE85
    { 13, 23, 189, 1, 17, 38, 35395 }, // U+FE86
    { 6, 26, 95, 1, 18, 20, 35433 }, // U+FE87
    { 8, 26, 116, 1, 18, 26, 35453 }, // U+FE88
    { 19, 18, 304, 0, 12, 43, 35479 }, // U+FE89
    { 20, 18, 294, 0, 12, 45, 35522 }, // U+FE8A
    { 6, 19, 108, 0, 18, 15, 35567 }, // U+FE8B
    { 10, 16, 137, 0, 15, 20, 35582 }, // U+FE8C
    { 4, 18, 95, 1, 18, 9, 35602 }, // U+FE8D
    { 8, 19, 116, 1, 18, 19, 35611 }, // U+FE8E
    { 24, 17, 397, 0, 11, 51, 35630 }, // U+FE8F
    { 29, 15, 437, 0, 9, 55, 35681 }, // U+FE90
    { 6, 16, 108, 0, 11, 12, 35736 }, // U+FE91
    { 10, 13, 137, 0, 8, 17, 35748 }, // U+FE92
    { 10, 17, 162, 0, 17, 22, 35765 }, // U+FE93
    { 14, 20, 194, 0, 19, 35, 35787 }, // U+FE94
    { 24, 14, 397, 0, 13, 42, 35822 }, // U+FE95
    { 29, 14, 437, 0, 13, 51, 35864 }, // U+FE96
    { 7, 17, 108, 0, 16, 15, 35915 }, // U+FE97
    { 11, 14, 149, 0, 13, 20, 35930 }, // U+FE98
    { 24, 17, 397, 0, 16, 51, 35950 }, // U+FE99
    { 29, 17, 437, 0, 16, 62, 36001 }, // U+FE9A
    { 7, 20, 108, 0, 19, 18, 36063 }, // U+FE9B
    { 11, 17, 149, 0, 16, 24, 36081 }, // U+FE9C
    { 15, 21, 256, 0, 11, 40, 36105 }, // U+FE9D
    { 18, 21, 260, 0, 11, 48, 36145 }, // U+FE9E
    { 14, 14, 236, 0, 9, 25, 36193 }, // U+FE9F
    { 18, 14, 255, 0, 9, 32, 36218 }, // U+FEA0
    { 15, 21, 256, 0, 11, 40, 36250 }, // U+FEA1
    { 18, 21, 260, 0, 11, 48, 36290 }, // U+FEA2
    { 14, 10, 236, 0, 9, 18, 36338 }, // U+FEA3
    { 18, 10, 255, 0, 9, 23, 36356 }, // U+FEA4
    { 15, 26, 256, 0, 16, 49, 36379 }, // U+FEA5
    { 18, 26, 260, 0, 16, 59, 36428 }, // U+FEA6
    { 14, 15, 236, 0, 14, 27, 36487 }, // U+FEA7
    { 18, 15, 255, 0, 14, 34, 36514 }, // U+FEA8
    { 11, 13, 191, 0, 12, 18, 36548 }, // U+FEA9
    { 15, 13, 213, 0, 12, 25, 36566 }, // U+FEAA
    { 11, 18, 191, 0, 17, 25, 36591 }, // U+FEAB
    { 15, 18, 213, 0, 17, 34, 36616 }, // U+FEAC
    { 9, 15, 147, -1, 9, 17, 36650 }, // U+FEAD
    { 13, 15, 158, -1, 9, 25, 36667 }, // U+FEAE
    { 9, 20, 147, -1, 14, 23, 36692 }, // U+FEAF
    { 13, 20, 158, -1, 14, 33, 36715 }, // U+FEB0
    { 29, 17, 484, 0, 11, 62, 36748 }, // U+FEB1
    { 33, 15, 508, 0, 9, 62, 36810 }, // U+FEB2
    { 19, 12, 314, 0, 11, 29, 36872 }, // U+FEB3
    { 23, 10, 340, 0, 9, 29, 36901 }, // U+FEB4
    { 29, 23, 484, 0, 17, 84, 36930 }, // U+FEB5
    { 33, 23, 508, 0, 17, 95, 37014 }, // U+FEB6
    { 19, 18, 314, 0, 17, 43, 37109 }, // U+FEB7
    { 23, 18, 340, 0, 17, 52, 37152 }, // U+FEB8
    { 32, 16, 522, 0, 10, 64, 37204 }, // U+FEB9
    { 36, 16, 541, 0, 10, 72, 37268 }, // U+FEBA
    { 22, 11, 361, 0, 10, 31, 37340 }, // U+FEBB
    { 25, 11, 380, 0, 10, 35, 37371 }, // U+FEBC
    { 32, 21, 522, 0, 15, 84, 37406 }, // U+FEBD
    { 36, 21, 541, 0, 15, 95, 37490 }, // U+FEBE
    { 22, 16, 361, 0, 15, 44, 37585 }, // U+FEBF
    { 25, 16, 380, 0, 15, 50, 37629 }, // U+FEC0
    { 19, 19, 315, 0, 18, 46, 37679 }, // U+FEC1
    { 23, 19, 332, 0, 18, 55, 37725 }, // U+FEC2
    { 16, 19, 271, 0, 18, 38, 37780 }, // U+FEC3
    { 19, 19, 284, 0, 18, 46, 37818 }, // U+FEC4
    { 19, 19, 315, 0, 18, 46, 37864 }, // U+FEC5
    { 23, 19, 332, 0, 18, 55, 37910 }, // U+FEC6
    { 16, 19, 271, 0, 18, 38, 37965 }, // U+FEC7
    { 19, 19, 284, 0, 18, 46, 38003 }, // U+FEC8
    { 15, 23, 203, 0, 13, 44, 38049 }, // U+FEC9
    { 15, 21, 212, 0, 11, 40, 38093 }, // U+FECA
    { 12, 12, 201, 0, 11, 18, 38133 }, // U+FECB
    { 15, 12, 208, 0, 11, 23, 38151 }, // U+FECC
    { 15, 28, 203, 0, 18, 53, 38174 }, // U+FECD
    { 15, 26, 212, 0, 16, 49, 38227 }, // U+FECE
    { 12, 17, 201, 0, 16, 26, 38276 }, // U+FECF
    { 15, 17, 208, 0, 16, 32, 38302 }, // U+FED0
    { 24, 19, 393, 0, 18, 57, 38334 }, // U+FED1
    { 29, 17, 439, 0, 16, 62, 38391 }, // U+FED2
    { 11, 19, 179, 0, 18, 27, 38453 }, // U+FED3
    { 14, 17, 198, 0, 16, 30, 38480 }, // U+FED4
    { 19, 21, 310, 0, 16, 50, 38510 }, // U+FED5
    { 22, 21, 323, 0, 14, 58, 38560 }, // U+FED6
    { 11, 19, 179, 0, 18, 27, 38618 }, // U+FED7
    { 14, 17, 198, 0, 16, 30, 38645 }, // U+FED8
    { 21, 19, 353, 0, 18, 50, 38675 }, // U+FED9
    { 25, 19, 369, 0, 18, 60, 38725 }, // U+FEDA
    { 11, 19, 165, 0, 18, 27, 38785 }, // U+FEDB
    { 14, 19, 203, 0, 18, 34, 38812 }, // U+FEDC
    { 16, 24, 278, 0, 18, 48, 38846 }, // U+FEDD
    { 20, 24, 292, 0, 18, 60, 38894 }, // U+FEDE
    { 6, 19, 104, 0, 18, 15, 38954 }, // U+FEDF
    { 9, 19, 120, 0, 18, 22, 38969 }, // U+FEE0
    { 12, 20, 194, 0, 10, 30, 38991 }, // U+FEE1
    { 16, 20, 225, 0, 10, 40, 39021 }, // U+FEE2
    { 12, 10, 210, 0, 9, 15, 39061 }, // U+FEE3
    { 16, 11, 231, 0, 10, 22, 39076 }, // U+FEE4
    { 16, 19, 274, 0, 13, 38, 39098 }, // U+FEE5
    { 20, 19, 292, 0, 13, 48, 39136 }, // U+FEE6
    { 6, 17, 108, 0, 16, 13, 39184 }, // U+FEE7
    { 10, 14, 137, 0, 13, 18, 39197 }, // U+FEE8
    { 10, 12, 162, 0, 12, 15, 39215 }, // U+FEE9
    { 14, 14, 194, 0, 13, 25, 39230 }, // U+FEEA
    { 14, 14, 230, 0, 13, 25, 39255 }, // U+FEEB
    { 14, 17, 203, 0, 11, 30, 39280 }, // U+FEEC
    { 9, 15, 179, 1, 9, 17, 39310 }, // U+FEED
    { 13, 15, 189, 1, 9, 25, 39327 }, // U+FEEE
    { 19, 17, 304, 0, 11, 41, 39352 }, // U+FEEF
    { 20, 11, 294, 0, 5, 28, 39393 }, // U+FEF0
    { 19, 22, 304, 0, 11, 53, 39421 }, // U+FEF1
    { 20, 16, 294, 0, 5, 40, 39474 }, // U+FEF2
    { 7, 16, 120, -1, 11, 14, 39514 }, // U+FEF3
    { 11, 13, 149, 0, 8, 18, 39528 }, // U+FEF4
    { 15, 19, 233, -2, 19, 36, 39546 }, // U+FEF5
    { 19, 20, 240, -2, 19, 48, 39582 }, // U+FEF6
    { 14, 22, 233, -1, 22, 39, 39630 }, // U+FEF7
    { 17, 23, 240, 0, 22, 49, 39669 }, // U+FEF8
    { 12, 26, 233, 1, 18, 39, 39718 }, // U+FEF9
    { 16, 26, 240, 1, 18, 52, 39757 }, // U+FEFA
    { 12, 18, 233, 1, 18, 27, 39809 }, // U+FEFB
    { 16, 19, 240, 1, 18, 38, 39836 }, // U+FEFC
};

static const EpdUnicodeInterval inter_12_regularIntervals[] = {
    { 0x0, 0x0, 0x0 },
    { 0xD, 0xD, 0x1 },
    { 0x20, 0x7E, 0x2 },
    { 0xA0, 0xAC, 0x61 },
    { 0xAE, 0x148, 0x6E },
    { 0x14A, 0x17F, 0x109 },
    { 0x1A0, 0x1A1, 0x13F },
    { 0x1AF, 0x1B0, 0x141 },
    { 0x1C5, 0x21F, 0x143 },
    { 0x300, 0x304, 0x19E },
    { 0x306, 0x30C, 0x1A3 },
    { 0x30F, 0x30F, 0x1AA },
    { 0x312, 0x313, 0x1AB },
    { 0x315, 0x315, 0x1AD },
    { 0x31B, 0x31B, 0x1AE },
    { 0x323, 0x323, 0x1AF },
    { 0x326, 0x328, 0x1B0 },
    { 0x32C, 0x32C, 0x1B3 },
    { 0x337, 0x338, 0x1B4 },
    { 0x342, 0x343, 0x1B6 },
    { 0x346, 0x36F, 0x1B8 },
    { 0x400, 0x479, 0x1E2 },
    { 0x480, 0x49D, 0x25C },
    { 0x4A0, 0x4FF, 0x27A },
    { 0x5D0, 0x5EA, 0x2DA },
    { 0x60C, 0x60C, 0x2F5 },
    { 0x61B, 0x61B, 0x2F6 },
    { 0x61F, 0x61F, 0x2F7 },
    { 0x621, 0x621, 0x2F8 },
    { 0x640, 0x640, 0x2F9 },
    { 0x654, 0x654, 0x2FA },
    { 0x660, 0x669, 0x2FB },
    { 0x6BA, 0x6BA, 0x305 },
    { 0x6D4, 0x6D5, 0x306 },
    { 0x6F0, 0x6F9, 0x308 },
    { 0x1EA0, 0x1EF9, 0x312 },
    { 0x2000, 0x2027, 0x36C },
    { 0x202F, 0x2055, 0x394 },
    { 0x2057, 0x2057, 0x3BB },
    { 0x205F, 0x205F, 0x3BC },
    { 0x2070, 0x2071, 0x3BD },
    { 0x2074, 0x208E, 0x3BF },
    { 0x2090, 0x209C, 0x3DA },
    { 0x20A0, 0x20AF, 0x3E7 },
    { 0x20B1, 0x20B5, 0x3F7 },
    { 0x20B8, 0x20BA, 0x3FC },
    { 0x20BC, 0x20C0, 0x3FF },
    { 0x2190, 0x2199, 0x404 },
    { 0x21A9, 0x21AA, 0x40E },
    { 0x21B0, 0x21B1, 0x410 },
    { 0x21B3, 0x21B5, 0x412 },
    { 0x21BA, 0x21BB, 0x415 },
    { 0x21D0, 0x21D0, 0x417 },
    { 0x21D2, 0x21D2, 0x418 },
    { 0x21D4, 0x21D4, 0x419 },
    { 0x21DE, 0x21DF, 0x41A },
    { 0x21E4, 0x21E5, 0x41C },
    { 0x21E7, 0x21E7, 0x41E },
    { 0x21EA, 0x21EA, 0x41F },
    { 0x2202, 0x2202, 0x420 },
    { 0x2205, 0x2206, 0x421 },
    { 0x220F, 0x220F, 0x423 },
    { 0x2211, 0x2212, 0x424 },
    { 0x221A, 0x221A, 0x426 },
    { 0x221E, 0x221E, 0x427 },
    { 0x222B, 0x222B, 0x428 },
    { 0x2236, 0x2236, 0x429 },
    { 0x2248, 0x2248, 0x42A },
    { 0x2260, 0x2260, 0x42B },
    { 0x2264, 0x2265, 0x42C },
    { 0x2295, 0x2298, 0x42E },
    { 0xFB56, 0xFB59, 0x432 },
    { 0xFB66, 0xFB69, 0x436 },
    { 0xFB7A, 0xFB7D, 0x43A },
    { 0xFB88, 0xFB95, 0x43E },
    { 0xFB9E, 0xFB9F, 0x44C },
    { 0xFBA6, 0xFBB1, 0x44E },
    { 0xFBFC, 0xFBFF, 0x45A },
    { 0xFE80, 0xFEFC, 0x45E },
};

static const uint16_t inter_12_regularKernLeftCodepoints[] = {
    0x0022, 0x0024, 0x0025, 0x0026, 0x0027, 0x0028, 0x0029, 0x002A, 0x002B, 0x002C, 0x002D, 0x002E,
    0x002F, 0x0030, 0x0031, 0x0032, 0x0033, 0x0034, 0x0035, 0x0036, 0x0037, 0x0038, 0x0039, 0x003A,
    0x003B, 0x003D, 0x003E, 0x003F, 0x0040, 0x0041, 0x0042, 0x0043, 0x0044, 0x0045, 0x0046, 0x0047,
    0x0048, 0x0049, 0x004A, 0x004B, 0x004C, 0x004D, 0x004E, 0x004F, 0x0050, 0x0051, 0x0052, 0x0053,
    0x0054, 0x0055, 0x0056, 0x0057, 0x0058, 0x0059, 0x005A, 0x005B, 0x005C, 0x005D, 0x005E, 0x005F,
    0x0061, 0x0062, 0x0063, 0x0064, 0x0065, 0x0066, 0x0067, 0x0068, 0x0069, 0x006A, 0x006B, 0x006C,
    0x006D, 0x006E, 0x006F, 0x0070, 0x0071, 0x0072, 0x0073, 0x0074, 0x0075, 0x0076, 0x0077, 0x0078,
    0x0079, 0x007A, 0x007B, 0x007C, 0x007D, 0x007E, 0x00A1, 0x00A2, 0x00A5, 0x00A9, 0x00AA, 0x00AB,
    0x00AC, 0x00AE, 0x00B0, 0x00B1, 0x00B2, 0x00B5, 0x00B6, 0x00B7, 0x00BA, 0x00BB, 0x00BF, 0x00C0,
    0x00C1, 0x00C2, 0x00C3, 0x00C4, 0x00C5, 0x00C6, 0x00C7, 0x00C8, 0x00C9, 0x00CA, 0x00CB, 0x00CC,
    0x00CD, 0x00CE, 0x00CF, 0x00D0, 0x00D1, 0x00D2, 0x00D3, 0x00D4, 0x00D5, 0x00D6, 0x00D7, 0x00D8,
    0x00D9, 0x00DA, 0x00DB, 0x00DC, 0x00DD, 0x00DE, 0x00DF, 0x00E0, 0x00E1, 0x00E2, 0x00E3, 0x00E4,
    0x00E5, 0x00E6, 0x00E7, 0x00E8, 0x00E9, 0x00EA, 0x00EB, 0x00EC, 0x00ED, 0x00EE, 0x00EF, 0x00F0,
    0x00F1, 0x00F2, 0x00F3, 0x00F4, 0x00F5, 0x00F6, 0x00F7, 0x00F8, 0x00F9, 0x00FA, 0x00FB, 0x00FC,
    0x00FD, 0x00FE, 0x00FF, 0x0100, 0x0101, 0x0102, 0x0103, 0x0104, 0x0105, 0x0106, 0x0107, 0x0108,
    0x0109, 0x010A, 0x010B, 0x010C, 0x010D, 0x010E, 0x010F, 0x0111, 0x0112, 0x0113, 0x0114, 0x0115,
    0x0116, 0x0117, 0x0118, 0x0119, 0x011A, 0x011B, 0x011C, 0x011D, 0x011E, 0x011F, 0x0120, 0x0121,
    0x0122, 0x0123, 0x0124, 0x0125, 0x0126, 0x0127, 0x0128, 0x0129, 0x012A, 0x012B, 0x012C, 0x012D,
    0x012E, 0x012F, 0x0130, 0x0131, 0x0133, 0x0134, 0x0135, 0x0136, 0x0137, 0x0138, 0x0139, 0x013A,
    0x013B, 0x013C, 0x013D, 0x013E, 0x013F, 0x0140, 0x0141, 0x0142, 0x0143, 0x0144, 0x0145, 0x0146,
    0x0147, 0x0148, 0x014A, 0x014C, 0x014D, 0x014E, 0x014F, 0x0150, 0x0151, 0x0152, 0x0153, 0x0154,
    0x0155, 0x0156, 0x0157, 0x0158, 0x0159, 0x015A, 0x015B, 0x015C, 0x015D, 0x015E, 0x015F, 0x0160,
    0x0161, 0x0162, 0x0163, 0x0164, 0x0165, 0x0166, 0x0167, 0x0168, 0x0169, 0x016A, 0x016B, 0x016C,
    0x016D, 0x016E, 0x016F, 0x0170, 0x0171, 0x0172, 0x0173, 0x0174, 0x0175, 0x0176, 0x0177, 0x0178,
    0x0179, 0x017A, 0x017B, 0x017C, 0x017D, 0x017E, 0x017F, 0x01A0, 0x01A1, 0x01AF, 0x01B0, 0x01C5,
    0x01C6, 0x01C8, 0x01C9, 0x01CB, 0x01CC, 0x01CD, 0x01CE, 0x01CF, 0x01D0, 0x01D1, 0x01D2, 0x01D3,
    0x01D4, 0x01D5, 0x01D6, 0x01D7, 0x01D8, 0x01D9, 0x01DA, 0x01DB, 0x01DC, 0x01DD, 0x01DE, 0x01DF,
    0x01E0, 0x01E1, 0x01E2, 0x01E3, 0x01E4, 0x01E5, 0x01E6, 0x01E7, 0x01E8, 0x01E9, 0x01EA, 0x01EB,
    0x01EC, 0x01ED, 0x01F0, 0x01F1, 0x01F2, 0x01F3, 0x01F4, 0x01F5, 0x01F6, 0x01F8, 0x01F9, 0x01FA,
    0x01FB, 0x01FC, 0x01FD, 0x01FE, 0x01FF, 0x0200, 0x0201, 0x0202, 0x0203, 0x0204, 0x0205, 0x0206,
    0x0207, 0x0208, 0x0209, 0x020A, 0x020B, 0x020C, 0x020D, 0x020E, 0x020F, 0x0210, 0x0211, 0x0212,
    0x0213, 0x0214, 0x0215, 0x0216, 0x0217, 0x0218, 0x0219, 0x021A, 0x021B, 0x021E, 0x021F, 0x0400,
    0x0401, 0x0402, 0x0403, 0x0404, 0x0405, 0x0406, 0x0407, 0x0408, 0x0409, 0x040A, 0x040B, 0x040C,
    0x040D, 0x040F, 0x0410, 0x0411, 0x0412, 0x0413, 0x0414, 0x0415, 0x0416, 0x0417, 0x0418, 0x0419,
    0x041A, 0x041B, 0x041C, 0x041D, 0x041E, 0x041F, 0x0420, 0x0421, 0x0422, 0x0423, 0x0424, 0x0425,
    0x0426, 0x0427, 0x0428, 0x0429, 0x042A, 0x042B, 0x042C, 0x042D, 0x042E, 0x0430, 0x0432, 0x0433,
    0x0434, 0x0435, 0x0436, 0x0437, 0x0438, 0x0439, 0x043A, 0x043B, 0x043C, 0x043D, 0x043E, 0x043F,
    0x0440, 0x0441, 0x0442, 0x0443, 0x0444, 0x0445, 0x0446, 0x0447, 0x0448, 0x0449, 0x044A, 0x044B,
    0x044C, 0x044D, 0x044E, 0x044F, 0x0450, 0x0451, 0x0452, 0x0453, 0x0454, 0x0455, 0x0456, 0x0457,
    0x0458, 0x0459, 0x045A, 0x045B, 0x045C, 0x045D, 0x045E, 0x045F, 0x0460, 0x0462, 0x0463, 0x0464,
    0x0465, 0x0466, 0x0467, 0x0468, 0x046E, 0x0472, 0x0473, 0x0474, 0x0475, 0x0476, 0x0477, 0x0479,
    0x0481, 0x048A, 0x048B, 0x048C, 0x048D, 0x048E, 0x048F, 0x0490, 0x0491, 0x0492, 0x0493, 0x0497,
    0x0498, 0x049A, 0x049B, 0x049C, 0x049D, 0x04A0, 0x04A1, 0x04A2, 0x04A3, 0x04A4, 0x04A5, 0x04A6,
    0x04A7, 0x04A9, 0x04AA, 0x04AB, 0x04AC, 0x04AD, 0x04AE, 0x04AF, 0x04B0, 0x04B1, 0x04B3, 0x04B5,
    0x04B7, 0x04B9, 0x04BA, 0x04BB, 0x04BD, 0x04BF, 0x04C0, 0x04C1, 0x04C3, 0x04C4, 0x04C6, 0x04C7,
    0x04C8, 0x04C9, 0x04CA, 0x04CC, 0x04CD, 0x04CE, 0x04CF, 0x04D0, 0x04D1, 0x04D2, 0x04D3, 0x04D4,
    0x04D5, 0x04D6, 0x04D7, 0x04D9, 0x04DA, 0x04DB, 0x04DC, 0x04E0, 0x04E2, 0x04E3, 0x04E4, 0x04E5,
    0x04E6, 0x04E7, 0x04E8, 0x04E9, 0x04EA, 0x04EB, 0x04ED, 0x04EF, 0x04F1, 0x04F3, 0x04F5, 0x04F6,
    0x04F7, 0x04F9, 0x04FA, 0x04FB, 0x04FC, 0x04FD, 0x04FE, 0x04FF, 0x05D0, 0x05D1, 0x05D2, 0x05D3,
    0x05D5, 0x05D6, 0x05D8, 0x05D9, 0x05DB, 0x05DC, 0x05DE, 0x05E0, 0x05E1, 0x05E2, 0x05E4, 0x05E6,
    0x05E8, 0x05E9, 0x05EA, 0x1EA0, 0x1EA1, 0x1EA2, 0x1EA3, 0x1EA4, 0x1EA5, 0x1EA6, 0x1EA7, 0x1EA8,
    0x1EA9, 0x1EAA, 0x1EAB, 0x1EAC, 0x1EAD, 0x1EAE, 0x1EAF, 0x1EB0, 0x1EB1, 0x1EB2, 0x1EB3, 0x1EB4,
    0x1EB5, 0x1EB6, 0x1EB7, 0x1EB8, 0x1EB9, 0x1EBA, 0x1EBB, 0x1EBC, 0x1EBD, 0x1EBE, 0x1EBF, 0x1EC0,
    0x1EC1, 0x1EC2, 0x1EC3, 0x1EC4, 0x1EC5, 0x1EC6, 0x1EC7, 0x1EC8, 0x1EC9, 0x1ECA, 0x1ECB, 0x1ECC,
    0x1ECD, 0x1ECE, 0x1ECF, 0x1ED0, 0x1ED1, 0x1ED2, 0x1ED3, 0x1ED4, 0x1ED5, 0x1ED6, 0x1ED7, 0x1ED8,
    0x1ED9, 0x1EDA, 0x1EDB, 0x1EDC, 0x1EDD, 0x1EDE, 0x1EDF, 0x1EE0, 0x1EE1, 0x1EE2, 0x1EE3, 0x1EE4,
    0x1EE5, 0x1EE6, 0x1EE7, 0x1EE8, 0x1EE9, 0x1EEA, 0x1EEB, 0x1EEC, 0x1EED, 0x1EEE, 0x1EEF, 0x1EF0,
    0x1EF1, 0x1EF2, 0x1EF3, 0x1EF4, 0x1EF5, 0x1EF6, 0x1EF7, 0x1EF8, 0x1EF9, 0x2018, 0x2019, 0x201A,
    0x201C, 0x201D, 0x201E, 0x2020, 0x2021, 0x2022, 0x2023, 0x2026, 0x2034, 0x2039, 0x203A, 0x203D,
    0x2043, 0x204B, 0x204C, 0x204D, 0x204F, 0x2071, 0x2074, 0x2077, 0x207A, 0x207B, 0x2080, 0x2081,
    0x2082, 0x2083, 0x2084, 0x2085, 0x2086, 0x2087, 0x2088, 0x2089, 0x208A, 0x208B, 0x208C, 0x208D,
    0x208E, 0x2090, 0x2091, 0x2092, 0x2093, 0x2095, 0x2096, 0x2097, 0x2098, 0x2099, 0x209A, 0x209B,
    0x209C, 0x20A1, 0x20A7, 0x20A8, 0x20A9, 0x20AF, 0x20B2, 0x20B5, 0x20BD, 0x20BF, 0x2190, 0x21D0,
    0x2206, 0x2212, 0x221E, 0x2248, 0x2260, 0x2264, 0x2265, 0xFB8C, 0xFEAD, 0xFEAE, 0xFEAF,
};

static const uint8_t inter_12_regularKernLeftClassIds[] = {
      1,   2,   3,   4,   1,   5,   6,   7,   8,   9,   8,   9,  10,  11,  12,  13,
     14,  15,  16,  17,  18,  14,  11,  19,  19,  20,  21,  22,  23,  24,  25,  26,
     23,  27,  28,  29,  12,  12,  30,  31,  32,  12,  12,  23,  33,  23,  34,   2,
     35,  30,  36,  37,  38,  39,  40,  41,  42,   6,   7,  43,  44,  45,  45,  12,
     45,  46,  47,  44,  48,  48,  49,  12,  44,  44,  45,  45,  47,  50,  51,  52,
     53,  54,  55,  56,  54,  57,   5,  12,   6,   8,  58,  45,  59,  23,  60,  61,
     47,  62,   7,  20,  63,  64,  12,  65,  60,  66,  67,  24,  24,  24,  24,  24,
     24,  27,  26,  27,  27,  27,  27,  12,  12,  68,  68,  23,  12,  23,  23,  23,
     23,  23,  69,  23,  30,  30,  30,  30,  39,  70,  71,  44,  44,  44,  44,  44,
     44,  72,  45,  45,  45,  45,  45,  48,  48,  73,  74,  45,  75,  45,  45,  45,
     76,  76,   8,  45,  53,  53,  53,  53,  54,  45,  54,  24,  77,  24,  44,  24,
     44,  26,  45,  26,  45,  26,  45,  26,  45,  23,  78,  79,  27,  45,  27,  45,
     27,  45,  27,  45,  27,  45,  29,  47,  29,  47,  29,  47,  29,  47,  12,  44,
     12,  44,  68,  80,  68,  81,  68,  82,  12,  48,  12,  48,  48,  30,  83,  31,
     49,  49,  84,  85,  32,  12,  86,  12,  87,  12,  88,  12,  12,  44,  12,  44,
     12,  44,  12,  23,  45,  23,  45,  23,  45,  27,  45,  34,  50,  34,  50,  34,
     50,   2,  51,   2,  51,   2,  51,   2,  51,  89,  52,  90,  52,  91,  52,  30,
     53,  30,  53,  30,  53,  30,  53,  30,  53,  30,  53,  37,  55,  39,  54,  39,
     40,  57,  40,  57,  40,  57,  92,  93,  94,  95,  96,  97,  57,  48,  48,  48,
     48,  24,  44,  85,  98,  23,  45,  30,  53,  30,  53,  30,  53,  30,  53,  30,
     53,  45,  24,  44,  24,  44,  27,  72,  29,  47,  29,  47,  31,  49,  23,  45,
     23,  45,  48,  99,  57,  57,  29,  47, 100,  12,  44,  24,  44,  27,  72,  23,
     45,  24,  44,  24,  44,  27,  45,  27,  45, 101, 102,  68, 103,  23,  45,  23,
     45,  34,  50,  34,  50,  30,  53,  30,  53,   2,  51,  35,  52,  12,  44,  27,
     27,  45,  35,  94,   2,  12,  68,  30,  45,  45,  44,  31,  12,  12,  24,  25,
     25,  35, 104,  27, 105,  14,  12,  12,  31,  12,  12,  12,  23,  12,  33,  26,
     35,  39, 106,  38, 104,  12,  12, 104,  45,  12,  45,  23, 107,  44,  51,  50,
    108,  45,  56,  44,  44,  44,  49,  44,  44,  44,  45,  44,  45,  45, 109,  54,
     45,  56, 108,  44,  44, 108, 110,  48, 110,  45,  45,  44,  45,  45,  44,  50,
     45,  51,  48,  74,  48, 110, 110,  44,  49,  44,  54,  53,  12,  45,  45,  26,
     45,  24,  24,  24,  25,  23,  45,  36,  54,  36,  54,  46,  45,  12,  52,  45,
     45,  33,  45,  35,  50,  35,  50,  56,  14,  31,  49,  31,  49,  31,  49,  52,
     52,  35,  50,  45, 110,  72,  26,  45,  35,  50,  39,  54,  39,  54,  56, 108,
     52,  44,  44,  44,  45,  72,  12,  38,  25,  44,  52,  12,  44,  52,  52,  44,
     12,  52,  12,  24,  44,  24,  44,  27,  72,  27,  45,  45,  23,  45,  38,  14,
     12,  44,  12,  44,  23,  45,  23,  45,  23,  45,  45,  54,  54,  54,  44,  35,
     50,  44,  35,  50,  38,  56,  38,  56, 111, 112, 113, 114, 115, 116, 117, 118,
    119, 120, 121, 122, 123, 124, 125, 126, 127, 128, 129,  24,  44,  24,  44,  24,
     44,  24,  44,  24,  44,  24,  44,  24,  44,  24,  44,  24,  44,  24,  44,  24,
     44,  24,  44,  27,  45,  27,  45,  27,  45,  27,  45,  27,  45,  27,  45,  27,
     45,  27,  45,  12, 102,  12, 130,  23,  45,  23,  45,  23,  45,  23,  45,  23,
     45,  23,  45,  23,  45,  23,  45,  23,  45,  23,  45,  23,  45,  23,  45,  30,
     53,  30,  53, 131,  53, 131,  53, 131,  96, 131,  53, 131,  53,  39,  54,  39,
     54,  39,  54,  39,  54, 132, 133, 134, 132, 133, 134,  60,  60, 135, 135, 136,
    133,  61,  66,  22, 135,  33,  44, 135,  19, 137, 138, 139, 140, 140, 141, 141,
    141, 141, 141, 142, 141, 143, 141, 141, 141, 141, 141, 141, 141, 141, 141, 141,
    141, 141, 141, 141, 141, 141, 141, 141, 141,  26,  52,  51, 144,  45,  29,  26,
    145,  25,   8,  20,  24,   8,  87,  20,  20,  20,  20, 146, 146, 146, 146,
};

static const uint16_t inter_12_regularKernRightCodepoints[] = {
    0x0022, 0x0023, 0x0024, 0x0026, 0x0027, 0x0029, 0x002A, 0x002B, 0x002C, 0x002D, 0x002E, 0x002F,
    0x0030, 0x0031, 0x0032, 0x0033, 0x0034, 0x0035, 0x0036, 0x0037, 0x0038, 0x0039, 0x003A, 0x003B,
    0x003C, 0x003D, 0x003F, 0x0040, 0x0041, 0x0042, 0x0043, 0x0044, 0x0045, 0x0046, 0x0047, 0x0048,
    0x0049, 0x004A, 0x004B, 0x004C, 0x004D, 0x004E, 0x004F, 0x0050, 0x0051, 0x0052, 0x0053, 0x0054,
    0x0055, 0x0056, 0x0057, 0x0058, 0x0059, 0x005A, 0x005C, 0x005D, 0x005E, 0x005F, 0x0061, 0x0062,
    0x0063, 0x0064, 0x0065, 0x0066, 0x0067, 0x0068, 0x0069, 0x006A, 0x006B, 0x006C, 0x006D, 0x006E,
    0x006F, 0x0070, 0x0071, 0x0072, 0x0073, 0x0074, 0x0075, 0x0076, 0x0077, 0x0078, 0x0079, 0x007A,
    0x007C, 0x007D, 0x007E, 0x00A2, 0x00A9, 0x00AA, 0x00AB, 0x00AC, 0x00AE, 0x00B0, 0x00B1, 0x00B2,
    0x00B5, 0x00B6, 0x00B7, 0x00B9, 0x00BA, 0x00BB, 0x00BF, 0x00C0, 0x00C1, 0x00C2, 0x00C3, 0x00C4,
    0x00C5, 0x00C6, 0x00C7, 0x00C8, 0x00C9, 0x00CA, 0x00CB, 0x00CC, 0x00CD, 0x00CE, 0x00CF, 0x00D0,
    0x00D1, 0x00D2, 0x00D3, 0x00D4, 0x00D5, 0x00D6, 0x00D7, 0x00D8, 0x00D9, 0x00DA, 0x00DB, 0x00DC,
    0x00DD, 0x00DE, 0x00DF, 0x00E0, 0x00E1, 0x00E2, 0x00E3, 0x00E4, 0x00E5, 0x00E6, 0x00E7, 0x00E8,
    0x00E9, 0x00EA, 0x00EB, 0x00EC, 0x00ED, 0x00EE, 0x00EF, 0x00F0, 0x00F1, 0x00F2, 0x00F3, 0x00F4,
    0x00F5, 0x00F6, 0x00F7, 0x00F8, 0x00F9, 0x00FA, 0x00FB, 0x00FC, 0x00FD, 0x00FE, 0x00FF, 0x0100,
    0x0101, 0x0102, 0x0103, 0x0104, 0x0105, 0x0106, 0x0107, 0x0108, 0x0109, 0x010A, 0x010B, 0x010C,
    0x010D, 0x010E, 0x010F, 0x0110, 0x0111, 0x0112, 0x0113, 0x0114, 0x0115, 0x0116, 0x0117, 0x0118,
    0x0119, 0x011A, 0x011B, 0x011C, 0x011D, 0x011E, 0x011F, 0x0120, 0x0121, 0x0122, 0x0123, 0x0124,
    0x0125, 0x0126, 0x0127, 0x0128, 0x0129, 0x012A, 0x012B, 0x012C, 0x012D, 0x012E, 0x012F, 0x0130,
    0x0131, 0x0133, 0x0134, 0x0135, 0x0136, 0x0137, 0x0138, 0x0139, 0x013A, 0x013B, 0x013C, 0x013D,
    0x013E, 0x0140, 0x0141, 0x0142, 0x0143, 0x0144, 0x0145, 0x0146, 0x0147, 0x0148, 0x014A, 0x014B,
    0x014C, 0x014D, 0x014E, 0x014F, 0x0150, 0x0151, 0x0152, 0x0153, 0x0154, 0x0155, 0x0156, 0x0157,
    0x0158, 0x0159, 0x015A, 0x015B, 0x015C, 0x015D, 0x015E, 0x015F, 0x0160, 0x0161, 0x0162, 0x0163,
    0x0164, 0x0165, 0x0166, 0x0167, 0x0168, 0x0169, 0x016A, 0x016B, 0x016C, 0x016D, 0x016E, 0x016F,
    0x0170, 0x0171, 0x0172, 0x0173, 0x0174, 0x0175, 0x0176, 0x0177, 0x0178, 0x0179, 0x017A, 0x017B,
    0x017C, 0x017D, 0x017E, 0x017F, 0x01A0, 0x01A1, 0x01AF, 0x01B0, 0x01C5, 0x01C6, 0x01C8, 0x01C9,
    0x01CB, 0x01CC, 0x01CD, 0x01CE, 0x01CF, 0x01D0, 0x01D1, 0x01D2, 0x01D3, 0x01D4, 0x01D5, 0x01D6,
    0x01D7, 0x01D8, 0x01D9, 0x01DA, 0x01DB, 0x01DC, 0x01DD, 0x01DE, 0x01DF, 0x01E0, 0x01E1, 0x01E2,
    0x01E3, 0x01E4, 0x01E5, 0x01E6, 0x01E7, 0x01E8, 0x01E9, 0x01EA, 0x01EB, 0x01EC, 0x01ED, 0x01EF,
    0x01F0, 0x01F2, 0x01F3, 0x01F4, 0x01F5, 0x01F6, 0x01F8, 0x01F9, 0x01FA, 0x01FB, 0x01FC, 0x01FD,
    0x01FE, 0x01FF, 0x0200, 0x0201, 0x0202, 0x0203, 0x0204, 0x0205, 0x0206, 0x0207, 0x0208, 0x0209,
    0x020A, 0x020B, 0x020C, 0x020D, 0x020E, 0x020F, 0x0210, 0x0211, 0x0212, 0x0213, 0x0214, 0x0215,
    0x0216, 0x0217, 0x0218, 0x0219, 0x021A, 0x021B, 0x021E, 0x021F, 0x0400, 0x0401, 0x0402, 0x0403,
    0x0404, 0x0405, 0x0406, 0x0407, 0x0408, 0x0409, 0x040A, 0x040B, 0x040C, 0x040D, 0x040F, 0x0410,
    0x0411, 0x0412, 0x0413, 0x0414, 0x0415, 0x0416, 0x0417, 0x0418, 0x0419, 0x041A, 0x041B, 0x041C,
    0x041D, 0x041E, 0x041F, 0x0420, 0x0421, 0x0422, 0x0423, 0x0424, 0x0425, 0x0426, 0x0427, 0x0428,
    0x0429, 0x042A, 0x042B, 0x042C, 0x042D, 0x042E, 0x0430, 0x0431, 0x0432, 0x0433, 0x0434, 0x0435,
    0x0436, 0x0437, 0x0438, 0x0439, 0x043A, 0x043B, 0x043C, 0x043D, 0x043E, 0x043F, 0x0440, 0x0441,
    0x0442, 0x0443, 0x0444, 0x0445, 0x0446, 0x0447, 0x0448, 0x0449, 0x044A, 0x044B, 0x044C, 0x044D,
    0x044E, 0x044F, 0x0450, 0x0451, 0x0452, 0x0453, 0x0454, 0x0455, 0x0456, 0x0457, 0x0458, 0x0459,
    0x045A, 0x045B, 0x045C, 0x045D, 0x045E, 0x045F, 0x0460, 0x0463, 0x0464, 0x0465, 0x0466, 0x0467,
    0x0468, 0x046C, 0x046E, 0x0472, 0x0473, 0x0474, 0x0475, 0x0476, 0x0477, 0x0478, 0x0479, 0x0481,
    0x048A, 0x048B, 0x048D, 0x048E, 0x048F, 0x0490, 0x0491, 0x0493, 0x0494, 0x0495, 0x0497, 0x049A,
    0x049B, 0x049C, 0x049D, 0x04A0, 0x04A1, 0x04A2, 0x04A3, 0x04A4, 0x04A5, 0x04A6, 0x04A7, 0x04A9,
    0x04AA, 0x04AB, 0x04AC, 0x04AD, 0x04AE, 0x04AF, 0x04B0, 0x04B1, 0x04B2, 0x04B3, 0x04B4, 0x04B5,
    0x04B7, 0x04B9, 0x04BA, 0x04BB, 0x04BD, 0x04C0, 0x04C1, 0x04C3, 0x04C4, 0x04C6, 0x04C7, 0x04C8,
    0x04C9, 0x04CA, 0x04CD, 0x04CE, 0x04CF, 0x04D0, 0x04D1, 0x04D2, 0x04D3, 0x04D4, 0x04D5, 0x04D6,
    0x04D7, 0x04D9, 0x04DA, 0x04DB, 0x04DC, 0x04E1, 0x04E2, 0x04E3, 0x04E4, 0x04E5, 0x04E6, 0x04E7,
    0x04E8, 0x04E9, 0x04EA, 0x04EB, 0x04ED, 0x04EF, 0x04F1, 0x04F3, 0x04F7, 0x04F9, 0x04FB, 0x04FC,
    0x04FD, 0x04FE, 0x04FF, 0x05D0, 0x05D1, 0x05D2, 0x05D3, 0x05D4, 0x05D6, 0x05D7, 0x05D8, 0x05D9,
    0x05DA, 0x05DB, 0x05DC, 0x05DD, 0x05DE, 0x05E1, 0x05E2, 0x05E3, 0x05E4, 0x05E5, 0x05E7, 0x05E8,
    0x05E9, 0x05EA, 0x06D5, 0x1EA0, 0x1EA1, 0x1EA2, 0x1EA3, 0x1EA4, 0x1EA5, 0x1EA6, 0x1EA7, 0x1EA8,
    0x1EA9, 0x1EAA, 0x1EAB, 0x1EAC, 0x1EAD, 0x1EAE, 0x1EAF, 0x1EB0, 0x1EB1, 0x1EB2, 0x1EB3, 0x1EB4,
    0x1EB5, 0x1EB6, 0x1EB7, 0x1EB8, 0x1EB9, 0x1EBA, 0x1EBB, 0x1EBC, 0x1EBD, 0x1EBE, 0x1EBF, 0x1EC0,
    0x1EC1, 0x1EC2, 0x1EC3, 0x1EC4, 0x1EC5, 0x1EC6, 0x1EC7, 0x1EC8, 0x1EC9, 0x1ECA, 0x1ECB, 0x1ECC,
    0x1ECD, 0x1ECE, 0x1ECF, 0x1ED0, 0x1ED1, 0x1ED2, 0x1ED3, 0x1ED4, 0x1ED5, 0x1ED6, 0x1ED7, 0x1ED8,
    0x1ED9, 0x1EDA, 0x1EDB, 0x1EDC, 0x1EDD, 0x1EDE, 0x1EDF, 0x1EE0, 0x1EE1, 0x1EE2, 0x1EE3, 0x1EE4,
    0x1EE5, 0x1EE6, 0x1EE7, 0x1EE8, 0x1EE9, 0x1EEA, 0x1EEB, 0x1EEC, 0x1EED, 0x1EEE, 0x1EEF, 0x1EF0,
    0x1EF1, 0x1EF2, 0x1EF3, 0x1EF4, 0x1EF5, 0x1EF6, 0x1EF7, 0x1EF8, 0x1EF9, 0x2018, 0x2019, 0x201A,
    0x201B, 0x201C, 0x201D, 0x201E, 0x201F, 0x2020, 0x2021, 0x2022, 0x2023, 0x2026, 0x2034, 0x2039,
    0x203A, 0x203D, 0x2043, 0x2044, 0x204A, 0x204B, 0x204C, 0x204D, 0x204F, 0x2074, 0x2077, 0x2079,
    0x207E, 0x207F, 0x2080, 0x2081, 0x2082, 0x2083, 0x2084, 0x2086, 0x2087, 0x2088, 0x2089, 0x208A,
    0x208B, 0x208C, 0x208D, 0x208E, 0x2091, 0x2092, 0x2093, 0x2095, 0x2096, 0x2097, 0x2098, 0x2099,
    0x209A, 0x209B, 0x209C, 0x20A1, 0x20A7, 0x20A8, 0x20AB, 0x20B2, 0x20B4, 0x20B5, 0x20B8, 0x20BF,
    0x2192, 0x21D2, 0x2206, 0x2212, 0x221E, 0x222B, 0x2236, 0x2248, 0x2260, 0x2264, 0x2265, 0xFB8E,
    0xFBA6, 0xFBAA, 0xFE8D, 0xFEA3, 0xFEA9, 0xFEB1, 0xFEB3, 0xFEB9, 0xFEBB, 0xFEC1, 0xFEC3, 0xFECB,
    0xFEDB, 0xFEDF, 0xFEE1, 0xFEE3, 0xFEEB,
};

static const uint8_t inter_12_regularKernRightClassIds[] = {
      1,   2,   3,   4,   1,   5,   6,   7,   8,   9,  10,  11,  12,  13,  14,  15,
     16,  17,  12,  18,  19,  20,  21,  21,  22,  23,  24,  25,  26,  27,  25,  27,
     27,  27,  25,  27,  27,  28,  27,  27,  27,  27,  25,  27,  25,  27,   3,  29,
     30,  31,  32,  33,  34,  35,  31,   5,  36,  37,  38,  27,  39,  39,  39,  40,
     39,  27,  41,  42,  27,  27,  43,  43,  39,  43,  39,  43,  44,  45,  46,  47,
     48,  49,  47,  50,  27,   5,  51,  39,  25,  52,  53,  54,  55,  56,  23,  57,
     58,  59,  60,  61,  52,  62,  63,  26,  26,  26,  26,  26,  26,  26,  25,  27,
     27,  27,  27,  27,  27,  64,  64,  65,  27,  25,  25,  25,  25,  25,  66,  25,
     30,  30,  30,  30,  34,  27,  27,  38,  38,  38,  67,  68,  38,  38,  39,  39,
     39,  39,  69,  70,  41,  71,  72,  39,  43,  39,  39,  39,  73,  69,   7,  39,
     46,  46,  46,  74,  47,  27,  75,  26,  76,  26,  38,  26,  38,  25,  39,  25,
     39,  25,  39,  25,  39,  27,  39,  65,  39,  27,  39,  27,  39,  27,  39,  27,
     39,  27,  39,  25,  39,  25,  39,  25,  39,  25,  39,  27,  27,  27,  77,  64,
     78,  64,  79,  64,  72,  27,  41,  27,  41,  41,  28,  80,  27,  27,  43,  27,
     27,  27,  27,  27,  27,  27,  27,  27,  27,  43,  27,  43,  27,  43,  27,  43,
     25,  81,  25,  39,  25,  39,  25,  39,  27,  43,  27,  43,  27,  43,   3,  44,
      3,  44,   3,  44,   3,  44,  82,  45,  83,  45,  84,  45,  30,  85,  30,  46,
     30,  46,  30,  46,  30,  46,  30,  46,  32,  48,  34,  47,  34,  35,  50,  35,
     50,  35,  50,  27,  25,  39,  30,  46,  86,  39,  27,  27,  27,  43,  26,  38,
     27,  87,  25,  39,  30,  46,  30,  46,  30,  46,  30,  46,  30,  46,  81,  26,
     38,  26,  38,  26,  38,  25,  39,  25,  39,  27,  27,  25,  39,  25,  39,  45,
     42,  27,  81,  25,  39,  86,  27,  43,  26,  38,  26,  38,  25,  39,  26,  38,
     26,  38,  27,  39,  27,  39,  64,  88,  64,  89,  25,  39,  25,  39,  27,  43,
     27,  43,  30,  46,  30,  46,   3,  44,  29,  45,  27,  27,  27,  27,  29,  27,
     25,   3,  27,  64,  28,  90,  27,  29,  27,  27,  27,  26,  27,  27,  27,  91,
     27,  92,  93,  86,  27,  27,  90,  27,  27,  25,  27,  27,  25,  29,  31,  94,
     33,  27,  95,  27,  27,  96,  27,  27,  25,  27,  38,  12,  43,  43,  97,  39,
     49,  39,  43,  43,  43,  98,  43,  43,  39,  43,  43,  39,  99,  47,  39,  49,
     43, 100,  43,  43, 101,  41,  43,  39,  43, 102,  39,  39,  27,  43,  39,  44,
     41,  72,  42,  98,  43,  27,  43,  43,  47,  46,  27,  45,  27,  43,  26,  26,
     27,  27,  27,  25,  39,  31,  47,  31,  47,  25,  39,  39,  86,  43,  45,  27,
     43,  27,  43,  45,  27,  43,  49,  27,  43,  27,  43,  29,  45,  27,  43,  27,
     43,  27,  43,  39,  25,  39,  29,  45,  34,  47,  34,  47,  33,  49,  29,  45,
     38,  38,  27,  27,  45,  27,  33,  27,  43,  98,  86,  43,  27,  43,  27,  43,
     27,  26,  38,  26,  38,  26,  38,  27,  39,  39,  25,  39,  33,  45,  27,  43,
     27,  43,  25,  39,  25,  39,  25,  39,  39,  47,  47,  47,  43,  43,  45,  33,
     49,  33,  49, 103, 104, 105, 106, 107, 108, 109, 110, 111, 112, 113, 114, 115,
    116, 117, 118, 119, 120, 121, 122, 123, 124, 125, 126,  26,  38,  26,  38,  26,
     38,  26,  38,  26,  38,  26,  38,  26,  38,  26,  38,  26,  38,  26,  38,  26,
     38,  26,  38,  27,  39,  27,  39,  27,  39,  27,  39,  27,  39,  27,  39,  27,
     39,  27,  39,  27,  41,  27,  41,  25,  39,  25,  39,  25,  39,  25,  39,  25,
     39,  25,  39,  25,  39,  25,  39,  25,  39,  25,  39,  25,  39,  25,  39,  30,
     46,  30,  46,  30,  46,  30,  46,  30,  46,  30,  46,  30,  46,  34,  47,  34,
     47,  34,  47,  34,  47, 127, 128, 129, 130, 127, 128, 129, 131,  52,  52, 132,
    132, 133, 134,  53,  62,  24, 132, 135,  45,  27, 132,  43,  21, 136, 137, 138,
    139, 140, 141, 141, 141, 141, 142, 141, 143, 141, 141, 141, 141, 141, 141, 141,
    141, 141, 141, 141, 141, 141, 141, 141, 141, 141, 141,  25,  27,  27,  39,  25,
    144,  25, 145,  27,   7,  23,  26,   7, 146,  42,  21,  23,  23,  23,  23, 126,
    126, 126, 147, 126, 148, 148, 148, 148, 148, 148, 148, 147, 126, 147, 126, 126,
    126,
};

static const uint16_t inter_12_regularKernRowOffsets[] = {
        0,    13,    25,    28,    43,    50,    51,    63,    82,   106,   112,   126,   137,   138,   148,   157,
      161,   166,   204,   211,   227,   243,   244,   264,   312,   322,   330,   335,   360,   374,   382,   418,
      454,   471,   485,   544,   589,   622,   659,   711,   726,   733,   781,   821,   836,   866,   907,   912,
      917,   934,   985,   996,  1032,  1050,  1090,  1108,  1128,  1137,  1145,  1150,  1157,  1164,  1183,  1184,
     1202,  1221,  1246,  1256,  1261,  1272,  1286,  1296,  1301,  1306,  1335,  1350,  1380,  1395,  1426,  1445,
     1474,  1503,  1532,  1537,  1573,  1584,  1620,  1621,  1657,  1716,  1775,  1834,  1858,  1862,  1865,  1870,
     1879,  1888,  1893,  1894,  1912,  1917,  1922,  1951,  1959,  1996,  2016,  2021,  2051,  2102,  2121,  2127,
     2132,  2139,  2150,  2156,  2157,  2166,  2177,  2183,  2193,  2198,  2201,  2208,  2210,  2217,  2224,  2234,
     2241,  2251,  2256,  2260,  2280,  2330,  2356,  2367,  2391,  2392,  2394,  2398,  2400,  2416,  2417,  2418,
     2419,  2424,  2427,
};

static const uint8_t inter_12_regularKernSparseCols[] = {
      3,   7,   9,  15,  25,  27,  38,  68,  72,  80,  89,  90, 132,  28,  32,  71,
     77,  78,  81,  82,  83,  88,  91,  95, 141, 126, 127, 133,   0,  28,  30,  31,
     33,  46,  47,  51,  54,  74,  81,  82,  83,  95, 126,  38,  41,  68,  72,  79,
     80,  87, 126,   3,   7,   9,  15,  24,  25,  27,  36,  89,  90,  93, 132,  13,
     14,  17,  25,  27,  28,  30,  31,  32,  33,  48,  58,  81,  82,  83,  91,  92,
     95, 126,   0,  11,  12,  14,  16,  17,  18,  19,  23,  24,  28,  33,  58,  81,
     82,  83,  92,  93,  95,  99, 127, 129, 130, 133,   7,   9,  25,  27,  87, 132,
      7,   9,  17,  30,  32,  33,  36,  44,  91,  98, 100, 126, 128, 132,  44,  46,
     64,  71,  74,  77,  78,  87,  88,  98, 100,  15,   5,   7,   9,  32,  35,  52,
     55,  91, 128, 132,   5,   7,   9,  12,  35,  54,  55,  58, 132,   7,   9,  54,
    132,   7,   9,  36, 128, 132,   1,   3,   7,   9,  11,  14,  15,  16,  17,  18,
     19,  20,  21,  25,  27,  36,  37,  38,  42,  43,  52,  66,  67,  68,  71,  72,
     75,  77,  78,  80,  88,  89,  90,  92, 101, 128, 132, 141,  28,  30,  81,  82,
     83,  95, 126,  25,  28,  30,  31,  32,  33,  46,  48,  74,  81,  82,  83,  91,
     95, 126, 144,  17,  28,  30,  31,  32,  33,  34,  81,  82,  83,  89,  90,  91,
     95, 126, 144,  25,   7,   9,  10,  25,  28,  30,  32,  33,  36,  54,  81,  82,
     83,  91,  95, 126, 128, 132, 140, 141,   0,   5,   6,   8,  10,  12,  22,  23,
     24,  25,  28,  29,  30,  31,  33,  35,  40,  44,  46,  47,  50,  51,  52,  53,
     54,  55,  58,  59,  61,  65,  69,  70,  74,  81,  82,  83,  86,  93,  95,  98,
     99, 100, 126, 127, 131, 133, 134, 144,  28,  71,  77,  78,  81,  82,  83,  88,
     95, 126,  25,  32,  36,  71,  77,  78,  88,  91,  71,  77,  78,  87,  88,   7,
      9,  25,  27,  36,  37,  38,  42,  45,  46,  49,  57,  66,  67,  68,  72,  73,
     74,  75,  80,  84,  87, 128, 132, 141,  25,  28,  30,  32,  33,  71,  77,  78,
     81,  82,  83,  88,  91,  95,   7,   9,  10,  25,  36,  87, 128, 132,   2,   6,
      8,  21,  22,  24,  38,  40,  45,  46,  47,  50,  52,  53,  54,  57,  59,  65,
     68,  69,  70,  71,  72,  73,  74,  77,  78,  80,  84,  86,  87,  88,  93,  99,
    131, 145,   0,   5,   6,   8,  12,  24,  28,  30,  33,  35,  44,  46,  50,  51,
     52,  53,  54,  55,  58,  59,  65,  74,  81,  82,  83,  93,  95,  98,  99, 100,
    126, 127, 129, 130, 131, 133,   3,   6,   7,   8,   9,  25,  27,  38,  50,  53,
     59,  68,  72,  80, 128, 132, 141,  30,  33,  37,  38,  66,  67,  68,  71,  72,
     75,  77,  78,  80,  88,   3,   6,   7,   8,   9,  10,  11,  15,  17,  20,  21,
     22,  24,  25,  27,  33,  36,  37,  38,  42,  43,  44,  45,  46,  47,  48,  49,
     50,  52,  53,  57,  59,  61,  65,  66,  67,  68,  71,  72,  73,  74,  75,  77,
     78,  80,  84,  87,  88,  89,  90,  93,  98,  99, 100, 101, 128, 131, 132, 141,
      3,   6,   7,   8,   9,  10,  11,  15,  20,  21,  22,  24,  25,  27,  30,  36,
     37,  38,  43,  50,  52,  53,  59,  65,  66,  67,  68,  71,  72,  75,  77,  78,
     80,  87,  88,  89,  90,  93,  99, 101, 128, 131, 132, 140, 141,   3,   6,   7,
      8,   9,  15,  20,  21,  22,  25,  27,  31,  37,  38,  42,  43,  50,  52,  53,
     59,  66,  67,  68,  72,  75,  80,  87,  99, 101, 128, 132, 140, 141,   2,   6,
      8,  11,  14,  15,  18,  21,  22,  24,  28,  37,  38,  50,  52,  53,  54,  59,
     65,  66,  67,  68,  72,  75,  80,  81,  82,  83,  87,  92,  93,  94,  95,  98,
     99, 131, 143,   3,   6,   7,   8,   9,  15,  20,  21,  22,  24,  25,  27,  28,
     37,  38,  40,  42,  43,  45,  50,  52,  53,  54,  57,  59,  61,  65,  66,  67,
     68,  69,  70,  72,  73,  75,  80,  81,  82,  83,  84,  86,  87,  93,  95,  99,
    101, 128, 131, 132, 140, 141, 145,   6,   8,  21,  24,  50,  52,  53,  59,  71,
     77,  78,  87,  88,  93,  99,  38,  41,  68,  72,  79,  80,  87,   0,   5,   6,
      8,  10,  12,  22,  23,  24,  25,  28,  29,  30,  31,  33,  35,  40,  44,  46,
     47,  50,  51,  52,  53,  54,  55,  58,  59,  61,  65,  69,  70,  74,  81,  82,
     83,  86,  93,  95,  98,  99, 100, 126, 127, 131, 133, 134, 144,   5,  11,  12,
     14,  15,  16,  18,  19,  24,  26,  28,  29,  30,  35,  40,  41,  42,  46,  55,
     58,  69,  70,  74,  76,  79,  81,  82,  83,  85,  86,  89,  90,  92,  93,  94,
     95,  96,  97, 126, 144,  12,  28,  30,  31,  33,  46,  54,  74,  81,  82,  83,
     95, 126, 127, 133,   0,   4,  12,  25,  28,  30,  31,  32,  33,  37,  46,  47,
     48,  49,  51,  54,  66,  67,  74,  75,  81,  82,  83,  87,  91,  95,  99, 126,
    127, 133,   6,   7,   8,   9,  10,  15,  25,  27,  33,  36,  37,  38,  39,  43,
     44,  47,  50,  52,  53,  59,  65,  66,  67,  68,  71,  72,  75,  77,  78,  80,
     87,  88,  89,  90,  98, 100, 101, 128, 131, 132, 141,  28,  81,  82,  83,  95,
     71,  77,  78,  87,  88,   6,   8,  15,  21,  28,  38,  50,  52,  53,  59,  68,
     72,  80,  81,  82,  83,  95,   6,   7,   8,   9,  10,  21,  25,  26,  27,  28,
     34,  38,  39,  40,  41,  42,  44,  46,  47,  48,  50,  53,  59,  68,  69,  70,
     71,  72,  74,  76,  77,  78,  79,  80,  81,  82,  83,  85,  86,  88,  95,  96,
     97,  98, 100, 126, 127, 128, 132, 133, 141,  28,  30,  31,  33,  54,  81,  82,
     83,  95, 126, 128,   6,   8,  15,  21,  28,  30,  31,  33,  37,  38,  39,  41,
     43,  46,  47,  50,  53,  59,  65,  66,  67,  68,  72,  74,  75,  79,  80,  81,
     82,  83,  87,  95, 101, 126, 131, 141,   6,   8,  10,  21,  28,  33,  36,  50,
     53,  59,  81,  82,  83,  95, 126, 127, 133, 141,   6,   7,   8,   9,  10,  21,
     22,  25,  26,  27,  28,  33,  36,  37,  38,  39,  44,  50,  52,  53,  59,  66,
     67,  68,  72,  75,  76,  80,  81,  82,  83,  85,  95,  96,  97,  98, 100, 128,
    132, 141,   3,   7,   9,  25,  27,  28,  34,  38,  52,  68,  72,  80,  81,  82,
     83,  95, 128, 132,   6,   8,  22,  28,  38,  39,  44,  50,  52,  53,  59,  68,
     72,  80,  81,  82,  83,  95,  98, 100,  28,  38,  68,  72,  80,  81,  82,  83,
     95,  28,  30,  33,  81,  82,  83,  95, 126,  40,  69,  70,  86,  87,   3,  25,
     27,  38,  68,  72,  80,  25,  28,  33,  81,  82,  83,  95,   3,  15,  24,  25,
     27,  32,  33,  37,  38,  43,  66,  67,  68,  72,  75,  80,  91,  93, 101, 135,
      6,   8,  10,  21,  28,  33,  36,  50,  53,  59,  81,  82,  83,  95, 126, 127,
    133, 141,  13,  14,  17,  25,  27,  28,  30,  31,  32,  33,  48,  58,  81,  82,
     83,  91,  92,  95, 126,  12,  13,  14,  17,  18,  25,  28,  30,  31,  32,  33,
     34,  46,  47,  48,  74,  81,  82,  83,  89,  90,  91,  92,  95, 126,  28,  30,
     31,  81,  82,  83,  95, 126, 127, 133,  71,  77,  78,  87,  88,  25,  28,  30,
     32,  33,  81,  82,  83,  91,  95, 144,   7,   9,  25,  27,  28,  30,  34,  81,
     82,  83,  95, 126, 128, 132,  28,  71,  77,  78,  81,  82,  83,  88,  95, 126,
     28,  81,  82,  83,  95,  71,  77,  78,  87,  88,  12,  17,  26,  28,  30,  34,
     39,  40,  41,  42,  44,  63,  69,  70,  71,  76,  77,  78,  79,  81,  82,  83,
     85,  86,  87,  88,  95,  98, 100,  12,  28,  30,  31,  33,  46,  54,  74,  81,
     82,  83,  95, 126, 127, 133,   0,   4,  12,  25,  28,  30,  31,  32,  33,  37,
     46,  47,  48,  49,  51,  54,  66,  67,  74,  75,  81,  82,  83,  87,  91,  95,
     99, 126, 127, 133,  12,  28,  30,  31,  33,  46,  54,  74,  81,  82,  83,  95,
    126, 127, 133,   0,   4,   5,  12,  17,  26,  28,  35,  40,  41,  42,  51,  54,
     55,  69,  70,  71,  76,  77,  78,  79,  81,  82,  83,  85,  86,  87,  88,  95,
    126, 141,  26,  28,  40,  41,  69,  70,  71,  76,  77,  78,  79,  81,  82,  83,
     85,  86,  87,  88,  95,  12,  17,  26,  28,  30,  34,  39,  40,  41,  42,  44,
     63,  69,  70,  71,  76,  77,  78,  79,  81,  82,  83,  85,  86,  87,  88,  95,
     98, 100,  12,  17,  26,  28,  30,  34,  39,  40,  41,  42,  44,  63,  69,  70,
     71,  76,  77,  78,  79,  81,  82,  83,  85,  86,  87,  88,  95,  98, 100,  12,
     17,  26,  28,  30,  34,  39,  40,  41,  42,  44,  63,  69,  70,  71,  76,  77,
     78,  79,  81,  82,  83,  85,  86,  87,  88,  95,  98, 100,  71,  77,  78,  87,
     88,   0,   5,   6,   8,  12,  24,  28,  30,  33,  35,  44,  46,  50,  51,  52,
     53,  54,  55,  58,  59,  65,  74,  81,  82,  83,  93,  95,  98,  99, 100, 126,
    127, 129, 130, 131, 133,  44,  46,  64,  71,  74,  77,  78,  87,  88,  98, 100,
      0,   5,   6,   8,  12,  24,  28,  30,  33,  35,  44,  46,  50,  51,  52,  53,
     54,  55,  58,  59,  65,  74,  81,  82,  83,  93,  95,  98,  99, 100, 126, 127,
    129, 130, 131, 133,  33,   0,   5,   6,   8,  12,  24,  28,  30,  33,  35,  44,
     46,  50,  51,  52,  53,  54,  55,  58,  59,  65,  74,  81,  82,  83,  93,  95,
     98,  99, 100, 126, 127, 129, 130, 131, 133,   3,   6,   7,   8,   9,  10,  11,
     15,  17,  20,  21,  22,  24,  25,  27,  33,  36,  37,  38,  42,  43,  44,  45,
     46,  47,  48,  49,  50,  52,  53,  57,  59,  61,  65,  66,  67,  68,  71,  72,
     73,  74,  75,  77,  78,  80,  84,  87,  88,  89,  90,  93,  98,  99, 100, 101,
    128, 131, 132, 141,   3,   6,   7,   8,   9,  10,  11,  15,  17,  20,  21,  22,
     24,  25,  27,  33,  36,  37,  38,  42,  43,  44,  45,  46,  47,  48,  49,  50,
     52,  53,  57,  59,  61,  65,  66,  67,  68,  71,  72,  73,  74,  75,  77,  78,
     80,  84,  87,  88,  89,  90,  93,  98,  99, 100, 101, 128, 131, 132, 141,   3,
      6,   7,   8,   9,  10,  11,  15,  17,  20,  21,  22,  24,  25,  27,  33,  36,
     37,  38,  42,  43,  44,  45,  46,  47,  48,  49,  50,  52,  53,  57,  59,  61,
     65,  66,  67,  68,  71,  72,  73,  74,  75,  77,  78,  80,  84,  87,  88,  89,
     90,  93,  98,  99, 100, 101, 128, 131, 132, 141,  37,  38,  39,  42,  43,  44,
     45,  46,  47,  48,  49,  57,  66,  67,  68,  72,  73,  74,  75,  80,  84,  98,
    100, 101,   7,   9,  25, 132,   7,   9, 132,  28,  81,  82,  83,  95,  38,  44,
     46,  68,  72,  74,  80,  98, 100,  28,  38,  68,  72,  80,  81,  82,  83,  95,
     71,  77,  78,  87,  88,  87,   6,   8,  10,  21,  28,  33,  36,  50,  53,  59,
     81,  82,  83,  95, 126, 127, 133, 141,  71,  77,  78,  87,  88,  71,  77,  78,
     87,  88,  12,  17,  26,  28,  30,  34,  39,  40,  41,  42,  44,  63,  69,  70,
     71,  76,  77,  78,  79,  81,  82,  83,  85,  86,  87,  88,  95,  98, 100,  28,
     36,  81,  82,  83,  89,  90,  95,   2,   6,   8,  11,  14,  15,  18,  21,  22,
     24,  28,  37,  38,  50,  52,  53,  54,  59,  65,  66,  67,  68,  72,  75,  80,
     81,  82,  83,  87,  92,  93,  94,  95,  98,  99, 131, 143,   7,   9,  10,  25,
     28,  30,  32,  33,  36,  54,  81,  82,  83,  91,  95, 126, 128, 132, 140, 141,
      7,   9,  36, 128, 132,   0,   5,   6,   7,   8,   9,  11,  15,  18,  35,  38,
     39,  44,  46,  47,  50,  53,  55,  58,  59,  68,  72,  74,  80,  98,  99, 100,
    127, 132, 133,   6,   7,   8,   9,  10,  21,  25,  26,  27,  28,  34,  38,  39,
     40,  41,  42,  44,  46,  47,  48,  50,  53,  59,  68,  69,  70,  71,  72,  74,
     76,  77,  78,  79,  80,  81,  82,  83,  85,  86,  88,  95,  96,  97,  98, 100,
    126, 127, 128, 132, 133, 141,   4,  28,  30,  32,  33,  44,  46,  47,  48,  51,
     74,  81,  82,  83,  91,  95,  98, 100, 126, 110, 112, 113, 119, 121, 123, 105,
    111, 116, 119, 122, 103, 109, 110, 112, 113, 115, 119, 103, 106, 109, 111, 112,
    114, 115, 116, 118, 119, 122, 103, 109, 114, 116, 119, 122, 103, 105, 109, 111,
    112, 118, 119, 120, 121, 122, 103, 106, 108, 109, 112, 114, 115, 116, 119, 122,
    124, 109, 112, 115, 116, 118, 119, 103, 104, 109, 111, 112, 116, 118, 119, 123,
    124, 112, 114, 115, 116, 119, 109, 110, 112, 109, 111, 113, 116, 118, 119, 122,
    109, 116, 111, 112, 113, 116, 118, 119, 123, 102, 103, 105, 110, 114, 116, 119,
    103, 109, 111, 112, 115, 116, 118, 119, 122, 124, 103, 109, 112, 114, 116, 119,
    122, 105, 107, 110, 112, 113, 115, 116, 117, 119, 123,  71,  77,  78,  87,  88,
      7,   9,  87, 132,   3,   7,   9,  10,  15,  25,  27,  38,  43,  62,  68,  72,
     80,  89,  90,  96,  97, 101, 128, 132,   1,   3,   6,   7,   8,   9,  10,  11,
     15,  17,  18,  20,  21,  22,  24,  25,  27,  36,  37,  38,  42,  43,  44,  45,
     46,  50,  52,  53,  57,  58,  59,  62,  66,  67,  68,  72,  73,  74,  75,  80,
     84,  89,  90,  93,  96,  97,  98, 100, 101, 132,  12,  24,  28,  30,  31,  33,
     37,  46,  66,  67,  74,  75,  81,  82,  83,  89,  90,  93,  94,  95,  96,  97,
     98, 126, 127, 133,  25,  28,  30,  32,  33,  81,  82,  83,  91,  95, 144,   0,
     11,  12,  14,  16,  17,  18,  19,  23,  24,  28,  33,  58,  81,  82,  83,  92,
     93,  95,  99, 127, 129, 130, 133, 138,  60, 136, 135, 136, 137, 139,  56, 136,
     12,  24,  28,  30,  31,  33,  46,  74,  81,  82,  83,  93,  94,  95, 141, 142,
    140, 141,  87,   7,   9,  10,  36, 132, 125, 146, 147,
};

static const int8_t inter_12_regularKernSparseValues[] = {
     -13,  -33,  -33,  -25,  -32,  -66,   -6,   -6,   -6,   -6,  -18,  -18,  -33,   -2,   -4,   18,
      18,   18,   -2,   -2,   -2,   18,   -4,   -2,  -27,  -25,  -27,  -27,  -13,  -23,  -25,  -16,
     -29,  -13,  -13,  -16,   -9,  -13,  -23,  -23,  -23,  -23,  -36,   -4,   11,   -4,   -4,   11,
      -4,   57,  -13,  -13,  -54,  -54,  -18,   -4,  -32,  -38,  -27,  -13,  -13,   -4,  -54,  -13,
      -4,   -9,  -13,  -18,  -29,  -20,  -20,  -14,  -32,   -9,   -7,  -43,  -43,  -29,  -57,  -25,
     -57,  -25,  -33,  -10,  -35,  -11,   -6,   -6,   -9,   -3,  -35,  -18,  -13,  -13,  -20,  -13,
     -13,  -13,  -11,  -18,  -13,  -14,  -23,  -54,  -54,  -23,  -16,  -16,  -10,  -25,   16,  -16,
     -10,  -10,   -8,   -4,  -14,  -13,  -18,    6,  -14,    6,    6,  -18,  -20,  -10,    6,    2,
      13,   23,    2,   23,   23,   13,   23,    6,    6,   -6,   -6,   -9,   -9,   -8,   -6,  -13,
      -6,   -8,  -20,   -9,   -8,  -13,  -13,   -8,   -8,   -2,   -8,  -16,  -13,  -11,  -11,   -2,
     -11,  -13,  -13,  -18,  -18,  -13,  -23,  -18,  -50,  -50,   -6,   -7,  -23,   -4,    8,   -6,
      -4,  -13,  -36,  -43,  -38,  -63,  -18,  -20,  -20,  -16,  -25,  -18,  -18,  -20,   36,  -20,
     -18,   36,   36,  -20,   36,  -41,  -41,   -7,  -16,  -57,  -50,  -36,  -13,  -25,  -13,  -13,
     -13,  -34,  -18,  -20,  -18,  -27,  -25,  -20,  -38,  -16,  -13,  -16,  -18,  -18,  -18,  -20,
     -18,  -23,  -16,  -29,  -32,  -29,  -29,  -23,  -36,  -25,  -32,  -32,  -32,  -13,  -13,  -20,
     -29,  -38,  -29,  -25,  -18,  -18,  -16,  -14,  -12,  -13,  -14,  -13,  -16,   -2,  -12,  -12,
     -12,  -34,  -25,  -13,  -16,  -18,  -16,  -39,  -32,  -32,  -13,  -13,    8,  -13,  -20,  -25,
     -14,    6,  -34,   -8,  -27,  -23,  -29,  -32,    2,   -8,  -27,  -27,  -13,  -29,  -13,  -13,
     -28,  -32,  -20,  -13,  -13,  -13,    2,    2,  -27,  -34,  -34,  -57,    2,  -14,  -34,   -8,
     -27,   -8,  -52,  -41,  -13,  -41,   -2,  -20,  -23,   13,   13,   13,  -23,  -23,  -23,   13,
     -23,  -25,   -8,   -2,  -16,   13,   13,   13,   13,   -2,   29,   29,   29,   13,   29,  -16,
     -29,  -36,  -27,  -13,  -10,  -16,  -12,  -13,  -13,  -13,  -13,  -10,  -10,  -16,  -16,  -13,
     -13,  -10,  -16,  -13,   29,  -48,  -50,  -23,   -9,  -12,   -9,   -2,   -9,   13,   13,   13,
     -12,  -12,  -12,   13,   -2,  -12,  -13,  -13,  -23,   -8,  -20,   13,  -32,  -13,   -4,  -43,
     -43,  -27,  -13,  -13,  -16,    6,  -13,  -16,  -25,  -43,  -20,  -63,   -6,  -13,  -61,  -13,
     -16,    6,    6,   34,  -16,  -13,  -16,   34,   34,  -16,  -13,    6,   34,   34,  -13,  -39,
     -13,  -13,  -36,  -68,  -34,  -54,  -18,  -11,  -38,  -27,  -13,  -52,   -9,  -27,  -50,  -38,
     -25,  -86,  -32,  -70,  -35,  -59,  -13,  -27,  -38,  -38,  -38,  -11,  -38,   -9,  -57,   -9,
     -34,  -16,  -18,  -18,  -13,  -43,  -13,  -18,  -16,  -18,  -29,  -29,  -38,   -2,  -18,  -18,
     -18,   -2,   -2,   -2,  -57,  -54,  -32,   -7,  -10,   -2,   -6,   -2,   -2,   -6,   18,   -6,
      -2,   18,   18,   -6,   18,  -13,  -29,  -13,  -29,  -13,  -52,  -13,  -27,  -32,  -13,  -32,
     -13,  -12,  -34,  -36,    8,  -23,  -29,  -31,  -23,  -29,  -41,  -29,  -25,  -25,  -25,  -18,
     -29,  -52,  -29,  -70,  -61,  -20,  -13,  -45,  -45,  -52,   36,  -52,  -50,  -38,  -29,   36,
      36,  -31,  -45,   51,   36,  -55,  -55,  -12,  -41,  -21,  -41,  -29,  -48,  -13,  -47,  -50,
     -20,  -20,  -38,  -20,  -38,  -20,   -4,  -13,  -25,  -29,  -25,  -13,  -27,  -38,    6,  -32,
     -20,  -20,  -18,  -20,  -23,  -45,  -36,  -16,  -20,  -36,  -20,   34,  -38,  -20,   34,   34,
     -20,   16,   34,  -51,  -51,  -13,   -4,  -18,  -45,  -16,  -38,  -49,  -61,  -20,  -20,  -38,
     -20,  -38,  -13,  -20,  -29,  -25,  -23,  -25,   10,  -20,  -20,  -14,  -13,  -20,  -23,  -20,
     -34,  -20,  -20,  -20,  -20,  -20,  -20,   34,  -14,  -13,  -43,  -38,  -33,  -43,   -4,  -14,
     -14,  -14,   -8,  -16,   -8,  -23,  -20,  -14,  -16,  -23,  -11,  -14,  -16,  -34,   -3,  -32,
     -18,  -23,  -23,  -11,  -11,  -23,  -11,  -16,  -16,  -16,   34,   -8,  -34,  -13,  -16,  -25,
     -31,  -18,  -13,  -25,  -32,  -13,  -32,  -13,  -27,  -25,  -41,  -38,  -13,  -29,  -13,    8,
     -28,  -31,  -11,  -16,  -27,  -16,  -32,  -36,  -52,   -3,  -16,  -52,  -25,  -34,  -28,  -48,
     -31,  -11,  -11,  -31,  -16,  -47,  -53,    8,    8,    8,  -16,  -11,   34,  -13,    8,  -20,
     -27,  -43,  -16,  -52,  -59,  -70,  -13,  -16,  -16,  -25,  -13,  -16,  -13,  -16,  -29,   34,
      34,   34,   13,   34,  -13,  -10,   -4,   11,   -4,   -4,   11,   -4,   34,  -32,  -32,  -13,
     -13,    8,  -13,  -20,  -25,  -14,    6,  -50,   -8,  -47,  -23,  -29,  -32,    2,   -8,  -47,
     -27,  -13,  -29,  -13,  -13,  -28,  -32,  -20,  -13,  -13,  -13,    2,    2,  -47,  -50,  -50,
     -50,    2,  -14,  -50,   -8,  -27,   -8,  -69,  -63,  -13,  -63,   -2,  -20,  -27,  -18,  -43,
     -18,  -23,  -18,  -18,  -18,  -16,   13,  -23,  -16,  -32,  -27,   13,   38,   13,  -32,  -27,
     -18,   13,   13,  -32,   13,   38,  -23,  -23,  -23,   13,   13,   23,   23,  -18,  -16,  -43,
     -20,   18,   18,  -16,  -20,  -16,  -27,  -20,  -20,  -29,   -6,   -3,   -6,  -27,  -27,  -27,
     -27,  -18,   -8,   -8,   -6,   -4,  -13,  -13,  -31,  -20,  -20,  -11,  -34,    4,   -8,   -7,
      -9,   -6,  -13,   -4,    4,    4,   -8,    4,  -31,  -31,  -31,   18,  -11,  -31,   -4,  -25,
     -10,  -10,  -11,  -23,  -11,  -23,  -11,  -25,  -13,  -25,    4,   -6,   -6,  -12,  -16,   -9,
     -14,    6,  -11,  -16,  -11,  -11,   -9,   -6,   -6,  -12,   41,  -12,   -6,   41,   57,  -12,
      18,   54,  -29,  -29,  -14,  -14,   -9,  -36,   -9,  -23,  -16,  -20,  -20,  -20,  -20,  -20,
      25,   39,   25,   34,   39,  -18,  -18,  -18,  -34,  -23,   -9,  -18,  -20,  -45,  -18,   -9,
      -9,   -9,  -23,  -23,  -23,  -23,  -16,  -25,  -16,  -25,  -13,  -16,  -16,    6,  -23,  -23,
     -13,   -7,    6,    4,    6,    6,    6,    6,    3,    6,  -16,  -29,  -16,   -7,    4,    4,
      13,   -7,    6,    6,   13,   13,    6,   -7,  -23,  -23,  -23,    6,    4,   13,  -23,   -6,
      -6,    6,    6,  -16,    6,  -32,  -25,    6,  -20,  -29,  -18,  -13,  -29,   -3,  -29,  -29,
     -29,  -29,  -20,   -6,   -8,   -8,   -6,  -11,  -13,   -4,   -4,   -6,    2,   -4,  -10,    4,
      -4,    8,    6,   -8,   -8,   -8,   -4,    2,    2,   -4,   -4,    8,    2,    4,   -4,  -13,
     -13,  -13,   18,  -13,   -4,  -16,   -4,   13,  -16,  -16,  -13,  -16,  -20,  -23,  -13,  -16,
     -29,  -16,  -20,  -50,  -20,  -20,  -16,    6,    6,  -25,  -16,  -18,  -16,  -18,  -23,  -13,
     -16,  -27,    2,  -25,  -13,  -13,  -32,   -2,   -8,    6,    6,  -16,  -16,  -16,  -16,   -2,
      -2,   -8,   -8,   -2,    2,   -8,  -13,  -38,  -13,    2,  -13,  -18,  -18,    6,    6,  -32,
     -47,  -20,  -13,  -29,  -29,  -27,  -23,  -20,  -13,   -7,  -13,   -7,   -7,   -7,  -20,  -20,
     -20,  -20,  -32,  -29,   -9,   -9,  -13,  -25,   -9,    8,    8,   -9,  -13,   -9,   -9,   -9,
      -9,   -9,  -25,  -25,  -25,  -25,    8,    8,  -13,   -6,   -6,   -6,   -6,  -13,  -13,  -13,
     -13,  -27,  -13,  -27,  -27,  -27,  -27,  -27,  -13,   13,   13,   13,   13,   18,  -16,  -29,
     -29,  -13,  -13,  -13,  -13,  -13,  -20,  -25,  -20,  -20,  -20,  -47,  -13,  -20,   -2,  -28,
     -28,   -3,   -3,   -4,  -11,   -4,   -4,   -4,  -11,  -11,   -4,  -11,   -3,   -2,   -4,   -4,
     -16,  -16,  -13,  -16,  -20,  -23,  -13,  -16,  -29,  -16,  -20,  -50,  -20,  -20,  -36,    6,
       6,  -25,  -13,   -4,   -9,  -13,  -18,  -61,  -36,  -20,  -32,  -52,   -9,   -7,  -61,  -61,
     -61,  -32,  -25,  -61,  -25,  -16,  -20,  -18,  -20,  -13,  -13,  -52,  -25,  -23,  -16,  -36,
     -13,  -13,  -13,  -13,  -13,  -52,  -52,  -52,  -13,  -13,  -36,  -18,  -79,  -34,  -27,  -31,
     -29,  -27,  -27,  -27,  -27,  -25,  -13,  -13,    8,    8,    8,   16,    8,  -13,  -36,  -16,
     -18,  -18,  -36,  -36,  -36,  -18,  -36,  -13,  -41,  -41,  -16,  -16,  -23,  -20,  -16,  -23,
     -23,  -23,  -23,  -23,  -50,  -41,  -23,   13,   13,   13,  -23,  -23,  -23,   13,  -23,  -52,
     -32,  -32,  -32,  -32,  -32,   39,   41,   39,   29,   39,   18,   36,   23,   36,   34,   36,
      16,   25,   25,   13,   20,    8,   39,   39,   66,   23,   66,   66,   39,   36,   36,   36,
      53,   39,   20,   66,   36,   20,   20,  -16,  -48,  -20,  -20,  -29,   -6,   -3,   -6,  -48,
     -48,  -48,  -48,  -18,   -8,   -8,   -6,   -4,  -13,  -13,  -52,  -20,  -20,  -11,  -34,    4,
      -8,   -7,   -9,   -6,  -13,   -4,    4,    4,   -8,    4,  -52,  -52,  -52,   18,  -11,  -52,
      -4,  -25,  -10,  -10,  -16,  -57,  -20,  -20,  -29,   -6,   -3,   -6,  -57,  -57,  -57,  -57,
     -18,   -8,   -8,   13,   35,   23,   18,   18,   13,   16,   23,   16,   13,   13,   16,    7,
      23,   16,   29,   13,   13,   13,   13,   13,   16,   16,   16,   13,   29,   18,   13,   16,
      13,  -16,   13,   13,   13,   16,   13,   16,   16,   16,   16,   16,   16,   13,   13,   13,
      13,   13,   16,   16,   13,   18,   36,   23,   36,   34,   36,   16,   41,   39,   13,   20,
       8,   41,   41,   66,   23,   66,   66,   39,   36,   36,   36,   53,   41,   43,   66,   36,
      20,   20,   18,   36,   23,   36,   34,   36,   16,   41,   41,   13,   20,    8,   41,   41,
      66,   23,   66,   66,   41,   36,   36,   36,   53,   41,   20,   66,   36,   20,   20,   18,
      36,   23,   36,   34,   36,   16,   41,   25,   13,   20,    8,   41,   41,   66,   23,   66,
      66,   39,   36,   36,   36,   53,   41,   20,   66,   36,   20,   20,   39,   41,   39,   29,
      41,  -36,  -70,  -54,  -54,  -18,  -11,  -38,  -27,  -13,  -70,   -9,  -27,  -52,  -38,  -25,
     -54,  -32,  -70,  -35,  -54,  -13,  -27,  -38,  -38,  -38,  -11,  -38,   -9,  -57,   -9,  -34,
     -16,  -18,  -18,  -13,  -43,    6,    2,   13,   23,    2,   23,   23,   29,   23,    6,    6,
     -36,  -68,  -50,  -50,  -18,  -11,  -38,  -27,  -13,  -52,   -9,  -27,  -47,  -38,  -25,  -50,
     -32,  -70,  -35,  -50,  -13,  -27,  -38,  -38,  -38,  -11,  -38,   -9,  -57,   -9,  -34,  -16,
     -18,  -18,  -13,  -43,  -13,  -36,  -66,  -34,  -54,  -18,  -11,  -38,  -27,  -13,  -66,   -9,
     -27,  -50,  -38,  -25,  -86,  -32,  -66,  -35,  -59,  -13,  -27,  -38,  -38,  -38,  -11,  -38,
      -9,  -57,   -9,  -34,  -29,  -18,  -18,  -13,  -29,  -13,  -43,  -13,  -43,  -13,  -52,  -13,
     -27,  -32,  -13,  -32,  -13,  -12,  -34,  -36,    8,  -23,  -29,  -31,  -23,  -29,  -41,  -43,
     -25,  -25,  -25,  -32,  -43,  -52,  -43,  -43,  -43,  -20,  -13,  -45,  -45,  -52,   36,  -52,
     -43,  -38,  -29,   36,   36,  -31,  -43,   51,   36,  -55,  -55,  -12,  -41,  -21,  -41,  -29,
     -48,  -13,  -47,  -50,  -13,  -43,  -13,  -43,  -13,  -52,  -13,  -27,  -32,  -13,  -32,  -13,
     -12,  -34,  -36,    8,  -23,  -29,  -31,  -23,  -29,  -41,  -29,  -25,  -25,  -25,  -18,  -43,
     -52,  -43,  -70,  -43,  -20,  -13,  -45,  -45,  -52,   36,  -52,  -50,  -38,  -29,   36,   36,
     -31,  -45,   51,   36,  -55,  -55,  -12,  -41,  -21,  -41,  -29,  -48,  -13,  -47,  -50,  -13,
     -29,  -13,  -29,  -13,  -52,  -13,  -27,  -32,  -13,  -32,  -13,  -12,  -57,  -84,    8,  -23,
     -29,  -31,  -23,  -29,  -41,  -29,  -25,  -25,  -25,  -18,  -29,  -52,  -29,  -70,  -61,  -20,
     -13,  -45,  -45,  -52,   36,  -52,  -50,  -38,  -29,   36,   36,  -31,  -45,   51,   36,  -55,
     -55,  -12,  -41,  -21,  -41,  -29,  -48,  -13,  -47,  -79,  -23,  -27,  -12,  -23,  -23,  -12,
     -23,  -23,  -23,  -23,  -23,  -23,  -23,  -23,  -27,  -27,  -23,  -23,  -23,  -27,  -23,  -12,
     -12,  -23,  -18,  -18,  -14,  -18,  -18,  -18,  -18,   16,   16,   16,   16,   16,  -14,   12,
       6,  -14,  -14,    6,  -14,   12,   12,  -29,   -6,   -6,   -6,   -6,  -29,  -29,  -29,  -29,
      39,   39,   39,   36,   39,   13,  -16,  -16,  -13,  -16,  -38,  -23,  -13,  -16,  -29,  -16,
     -38,  -38,  -38,  -38,  -16,    6,    6,  -25,    8,    8,    8,   29,    8,   39,   39,   39,
      34,   39,   18,   36,   23,   36,   34,   36,   16,   39,   41,   13,   20,    8,   39,   39,
      66,   23,   66,   66,   41,   36,   36,   36,   53,   39,   38,   82,   36,   20,   20,  -14,
      25,  -14,  -14,  -14,   10,   10,  -14,   -4,  -57,  -57,  -14,   -8,  -16,   -8,  -20,  -20,
     -14,  -16,  -23,  -11,  -57,  -36,  -57,   -3,  -57,  -18,  -23,  -23,  -11,  -11,  -23,  -11,
     -16,  -16,  -16,   34,   -8,  -34,  -13,  -16,  -25,  -31,  -18,  -13,  -18,  -18,  -16,  -14,
     -12,  -13,  -14,  -13,  -16,   -2,  -12,  -12,  -12,  -34,  -25,  -13,  -36,  -18,  -16,  -39,
     -18,  -18,  -16,  -13,  -18,  -12,  -12,  -12,    6,  -12,    6,   -4,  -10,   -4,  -12,   -6,
     -10,  -10,   -8,  -10,  -12,  -12,  -12,  -10,  -12,   -6,   -6,   -8,   -6,  -10,   -6,  -10,
     -12,    6,  -12,  -16,  -25,  -16,  -25,  -13,  -16,  -16,    6,  -23,  -23,  -13,   -7,    6,
       4,    6,    6,    6,    6,    3,    6,  -16,  -29,  -16,   -7,    4,    4,   13,   -7,    6,
       6,   13,   13,    6,   -7,  -23,  -23,  -23,    6,    4,   13,  -23,   -6,   -6,    6,    6,
     -16,    6,  -61,  -25,    6,  -20,  -11,  -40,  -40,  -11,  -68,   -8,  -11,  -11,   -9,  -23,
     -11,  -40,  -40,  -40,  -11,  -40,   -8,  -43,  -28,   -8,   -2,   -2,   -8,   -4,   -8,   -5,
      -8,  -13,  -13,  -10,    2,   -8,  -13,   -5,   -6,   -9,  -10,  -16,   -8,   -8,  -20,  -14,
     -10,   -5,  -13,  -20,  -14,  -14,   -2,   -6,   -4,   -3,   -8,   -4,   -8,   -5,   -8,   -8,
      -2,   -4,   -9,   -8,   -8,   -5,  -26,   -8,   -3,   -3,   -3,  -12,   -3,   -3,   -9,   -8,
      -8,   -8,   -5,   -6,   -6,  -10,  -10,  -16,   -2,   -8,  -12,  -10,   -8,  -15,   -6,    8,
      -2,   -8,   -5,   -8,   -9,  -11,   -6,   -6,  -10,   -2,  -12,   -2,   -2,  -12,   -5,   -4,
      -3,  -10,   -3,   -8,   -3,   -3,  -11,   -2,   -3,   -5,  -10,   -8,   -8,  -10,  -13,  -10,
     -16,   -8,   -6,   -8,   -3,   -4,  -12,   -4,   -8,   -9,  -10,   -2,  -10,   -3,   -4,   -3,
      -3,  -18,  -20,   -6,   -8,   -2,  -14,  -16,  -16,  -10,   -8,   25,   39,   25,   29,   39,
     -13,  -13,   16,  -13,  -25,  -34,  -34,  -38,  -25,  -38,  -59,  -16,   -8,  -25,  -16,  -16,
     -16,  -25,  -45,  -57,  -34,   -8,  -25,  -34,  -50,  -27,  -25,  -40,  -25,  -40,  -57,  -18,
     -38,  -25,  -16,  -23,  -38,  -23,  -23,  -55,  -50,  -16,  -23,  -25,   -8,  -31,    6,  -16,
       6,  -43,  -34,  -25,  -34,   -4,  -25,  -27,  -23,  -23,  -25,  -25,  -16,    6,  -23,  -25,
     -16,  -20,  -36,  -23,  -48,  -25,    6,    6,  -44,  -40,  -27,  -16,  -38,  -36,  -25,  -43,
     -13,  -20,  -13,  -13,  -20,  -13,  -38,  -38,  -38,   20,   20,  -16,  -25,  -59,   25,   25,
     -20,  -50,  -38,  -38,  -13,  -13,  -16,  -18,  -18,  -13,  -13,  -13,  -18,  -43,  -13,  -33,
     -10,  -35,  -11,   -6,   -6,   -9,   -3,  -35,  -18,  -13,  -13,  -20,  -13,  -13,  -13,  -11,
     -18,  -13,  -14,  -23,  -54,  -73,  -23,    9,   -3,   -6,  -21,    5,   -3,  -13,   -9,   -6,
     -36,  -16,  -50,  -49,  -33,  -59,  -20,  -20,  -50,  -50,  -79,  -16,  -16,  -63,  -10,   -6,
      -6,  -20,   16,  -27,  -27,  -16,  -20,  -27,  -16,  -10,  -12,
};

static const EpdFontData inter_12_regular = {
    inter_12_regularBitmaps,
    inter_12_regularGlyphs,
    inter_12_regularIntervals,
    79,
    30,
    25,
    -7,
    false,
    nullptr,
    0,
    nullptr,
    nullptr,  // kernLeftClasses: built-in fonts use the split arrays below
    nullptr,  // kernRightClasses
    inter_12_regularKernLeftCodepoints,
    inter_12_regularKernLeftClassIds,
    inter_12_regularKernRightCodepoints,
    inter_12_regularKernRightClassIds,
    nullptr,  // kernMatrix: built-in fonts use the sparse form below
    inter_12_regularKernRowOffsets,
    inter_12_regularKernSparseCols,
    inter_12_regularKernSparseValues,
    767,
    785,
    146,
    148,
    nullptr,
    0,
};
