/**
 * generated by fontconvert.py
 * name: inter_12_bold
 * size: 12
 * mode: 1-bit
 * Command used: fontconvert.py inter_12_bold 12 ../builtinFonts/source/Inter/Inter-Bold.ttf ../builtinFonts/source/NotoSansHebrew/NotoSansHebrew-Bold.ttf ../builtinFonts/source/NotoSansArabic/NotoSansArabic-Bold.ttf ../builtinFonts/source/Ubuntu/Ubuntu-Vietnamese-Bold.ttf --additional-intervals 0x05D0,0x05EA --additional-intervals 0x060C,0x060C --additional-intervals 0x061B,0x061B --additional-intervals 0x061F,0x061F --additional-intervals 0x0621,0x0621 --additional-intervals 0x0640,0x0640 --additional-intervals 0x0654,0x0654 --additional-intervals 0x0660,0x0669 --additional-intervals 0x06BA,0x06BA --additional-intervals 0x06D4,0x06D4 --additional-intervals 0x06D5,0x06D5 --additional-intervals 0x06F0,0x06F9 --additional-intervals 0xFB56,0xFB59 --additional-intervals 0xFB66,0xFB69 --additional-intervals 0xFB7A,0xFB7D --additional-intervals 0xFB88,0xFB95 --additional-intervals 0xFB9E,0xFB9F --additional-intervals 0xFBA6,0xFBB1 --additional-intervals 0xFBFC,0xFBFF --additional-intervals 0xFE80,0xFEFC
 */
#pragma once
#include "EpdFontData.h"

static const uint8_t inter_12_boldBitmaps[44616] = {
    0xFF, 0xFF, 0xEF, 0x7B, 0xDE, 0xF7, 0xBD, 0xE0, 0x03, 0xDF, 0xFF, 0x80, 0xF7, 0xFD, 0xFF, 0x3F,
    0xCF, 0xF3, 0xBC, 0xEF, 0x3B, 0xCE, 0x07, 0x1C, 0x0F, 0x1C, 0x0F, 0x1C, 0x0F, 0x3C, 0x7F, 0xFF,
    0x7F, 0xFF, 0x7F, 0xFF, 0x1E, 0x38, 0x1E, 0x38, 0x1E, 0x78, 0x1C, 0x78, 0xFF, 0xFE, 0xFF, 0xFE,
    0xFF, 0xFE, 0x3C, 0x70, 0x3C, 0x70, 0x38, 0xF0, 0x38, 0xF0, 0x03, 0x00, 0x06, 0x00, 0x0C, 0x00,
    0xFF, 0x83, 0xFF, 0x8F, 0xFF, 0xBF, 0xFF, 0x7D, 0x9E, 0xFB, 0x1D, 0xFE, 0x01, 0xFF, 0x01, 0xFF,
    0x81, 0xFF, 0x80, 0x7F, 0x80, 0xDF, 0x79, 0x9F, 0xF3, 0x3F, 0xFF, 0xF9, 0xFF, 0xF3, 0xFF, 0xC1,
    0xFF, 0x00, 0x60, 0x00, 0xC0, 0x00, 0x7E, 0x01, 0xC1, 0xFC, 0x0F, 0x0F, 0xF0, 0x78, 0x39, 0xE1,
    0xC0, 0xE7, 0x8E, 0x03, 0xFC, 0x78, 0x07, 0xF1, 0xC0, 0x1F, 0x8E, 0x00, 0x00, 0x78, 0x00, 0x01,
    0xC7, 0xC0, 0x0E, 0x3F, 0x80, 0x79, 0xFE, 0x03, 0xC7, 0x38, 0x0E, 0x1C, 0xE0, 0x78, 0x73, 0x83,
    0xC1, 0xFE, 0x0E, 0x03, 0xF8, 0x70, 0x0F, 0xC0, 0x0F, 0xE0, 0x0F, 0xF8, 0x07, 0xFC, 0x07, 0xDF,
    0x03, 0xC7, 0x81, 0xE7, 0x80, 0x7F, 0xC0, 0x3F, 0xC0, 0x1F, 0xC0, 0x1F, 0xE7, 0x9F, 0xFB, 0xCF,
    0xBF, 0xE7, 0x8F, 0xE3, 0xC7, 0xF1, 0xF3, 0xF8, 0xFF, 0xFC, 0x3F, 0xFF, 0x0F, 0xF7, 0xC0, 0xFF,
    0xFF, 0xFF, 0xFF, 0x1E, 0x78, 0xF3, 0xE7, 0x8F, 0x3E, 0x7C, 0xF1, 0xE3, 0xC7, 0x8F, 0x1E, 0x3C,
    0x7C, 0xF9, 0xF1, 0xE3, 0xE3, 0xC7, 0x87, 0x80, 0x78, 0x78, 0x7C, 0x3C, 0x3E, 0x3E, 0x1E, 0x1E,
    0x1E, 0x1F, 0x1F, 0x1F, 0x1F, 0x1F, 0x1F, 0x1E, 0x1E, 0x3E, 0x3E, 0x3C, 0x7C, 0x78, 0x78, 0x0E,
    0x04, 0xC9, 0xDB, 0xBF, 0xF3, 0xFC, 0x7F, 0x9F, 0xFB, 0xB7, 0x26, 0x41, 0xC0, 0x07, 0x00, 0x38,
    0x01, 0xC0, 0x0E, 0x00, 0x70, 0x7F, 0xFF, 0xFF, 0xFF, 0xFF, 0x07, 0x00, 0x38, 0x01, 0xC0, 0x0E,
    0x00, 0x70, 0x00, 0x79, 0xE7, 0x9E, 0x73, 0xCF, 0x38, 0xFF, 0xFF, 0xFF, 0xE0, 0xF7, 0xFF, 0xE0,
    0x03, 0xC1, 0xE0, 0x78, 0x1E, 0x07, 0x83, 0xC0, 0xF0, 0x3C, 0x0E, 0x07, 0x81, 0xE0, 0x78, 0x3C,
    0x0F, 0x03, 0xC0, 0xF0, 0x78, 0x1E, 0x07, 0x81, 0xE0, 0xF0, 0x3C, 0x00, 0x0F, 0xE0, 0x7F, 0xE0,
    0xFF, 0xE3, 0xE7, 0xE7, 0x83, 0xDF, 0x07, 0xFE, 0x0F, 0xF8, 0x1F, 0xF0, 0x1F, 0xE0, 0x3F, 0xC0,
    0xFF, 0xC1, 0xFF, 0x83, 0xEF, 0x07, 0x9F, 0x3F, 0x1F, 0xFC, 0x3F, 0xF0, 0x1F, 0xC0, 0x1F, 0xBF,
    0xFF, 0xFF, 0xFE, 0xFE, 0x7C, 0x3E, 0x1F, 0x0F, 0x87, 0xC3, 0xE1, 0xF0, 0xF8, 0x7C, 0x3E, 0x1F,
    0x0F, 0x87, 0xC0, 0x1F, 0xC0, 0xFF, 0xC7, 0xFF, 0xBF, 0x3E, 0xF8, 0x7B, 0xC1, 0xE0, 0x07, 0x80,
    0x3E, 0x01, 0xF0, 0x0F, 0xC0, 0x7E, 0x03, 0xF0, 0x1F, 0x80, 0xFC, 0x07, 0xE0, 0x3F, 0xFF, 0xFF,
    0xFF, 0xFF, 0xF0, 0x1F, 0xE0, 0xFF, 0xC7, 0xFF, 0xBF, 0x3E, 0xF8, 0x7C, 0x01, 0xF0, 0x0F, 0x81,
    0xFC, 0x07, 0xF0, 0x1F, 0xE0, 0x0F, 0xC0, 0x1F, 0xF0, 0x3F, 0xE1, 0xFF, 0xCF, 0xDF, 0xFE, 0x3F,
    0xF8, 0x7F, 0x80, 0x01, 0xF8, 0x07, 0xF0, 0x0F, 0xE0, 0x3F, 0xC0, 0x7F, 0x81, 0xEF, 0x07, 0xDE,
    0x0F, 0x3C, 0x3E, 0x78, 0xF8, 0xF1, 0xE1, 0xE7, 0xC3, 0xCF, 0xFF, 0xFF, 0xFF, 0xFF, 0xFF, 0x80,
    0x3C, 0x00, 0x78, 0x00, 0xF0, 0x7F, 0xF9, 0xFF, 0xE7, 0xFF, 0x9E, 0x00, 0x78, 0x03, 0xFF, 0x8F,
    0xFF, 0x3F, 0xFE, 0xFD, 0xF8, 0x41, 0xF0, 0x07, 0xC0, 0x1F, 0xF0, 0x7F, 0xC1, 0xEF, 0xCF, 0x9F,
    0xFC, 0x3F, 0xF0, 0x7F, 0x00, 0x0F, 0xE0, 0x3F, 0xE0, 0xFF, 0xE3, 0xE3, 0xE7, 0x83, 0xDF, 0x00,
    0x3C, 0xFC, 0x7F, 0xFC, 0xFF, 0xFD, 0xF9, 0xFB, 0xE0, 0xF7, 0xC1, 0xEF, 0x83, 0xDF, 0x07, 0x9F,
    0x3F, 0x3F, 0xFC, 0x3F, 0xF0, 0x1F, 0xC0, 0x7F, 0xFD, 0xFF, 0xF7, 0xFF, 0xC0, 0x1F, 0x00, 0x78,
    0x03, 0xE0, 0x0F, 0x00, 0x7C, 0x01, 0xE0, 0x0F, 0x80, 0x3C, 0x01, 0xF0, 0x07, 0x80, 0x3E, 0x00,
    0xF0, 0x07, 0xC0, 0x1E, 0x00, 0xF8, 0x00, 0x1F, 0xE0, 0x7F, 0xE1, 0xFF, 0xE3, 0xE7, 0xEF, 0x87,
    0xCF, 0x0F, 0x9F, 0x3E, 0x1F, 0xF8, 0x1F, 0xF0, 0xFF, 0xF3, 0xF3, 0xF7, 0xC1, 0xEF, 0x03, 0xDF,
    0x07, 0xBF, 0x3F, 0x3F, 0xFE, 0x3F, 0xF8, 0x3F, 0xC0, 0x1F, 0xC0, 0x7F, 0xE1, 0xFF, 0xE7, 0xE7,
    0xCF, 0x87, 0xDE, 0x07, 0xBC, 0x0F, 0x7C, 0x3E, 0xFC, 0xFC, 0xFF, 0xF9, 0xFF, 0xF0, 0xFD, 0xE0,
    0x03, 0xDF, 0x0F, 0xBF, 0x3E, 0x3F, 0xFC, 0x3F, 0xF0, 0x3F, 0x80, 0xF7, 0xFF, 0xE0, 0x00, 0x00,
    0x07, 0xBF, 0xFF, 0x00, 0x39, 0xF7, 0xCE, 0x00, 0x00, 0x00, 0x01, 0xE7, 0x9E, 0x79, 0xCF, 0x3C,
    0xE0, 0x00, 0x00, 0x01, 0xC0, 0x3E, 0x0F, 0xF1, 0xFF, 0xBF, 0xE3, 0xFC, 0x1F, 0x00, 0xFE, 0x07,
    0xFC, 0x0F, 0xFC, 0x1F, 0xF0, 0x3F, 0x80, 0x3C, 0x00, 0x60, 0xFF, 0xFF, 0xFF, 0xFF, 0xFE, 0x00,
    0x00, 0x00, 0x00, 0x03, 0xFF, 0xFF, 0xFF, 0xFF, 0xF8, 0x00, 0x07, 0x00, 0x3E, 0x01, 0xFE, 0x0F,
    0xFC, 0x0F, 0xF8, 0x1F, 0xE0, 0x1F, 0x03, 0xF8, 0x7F, 0xDF, 0xF9, 0xFF, 0x0F, 0xC0, 0x78, 0x03,
    0x00, 0x00, 0x1F, 0xE1, 0xFF, 0x9F, 0xFE, 0xF9, 0xF7, 0x87, 0x80, 0x3C, 0x03, 0xE0, 0x7E, 0x07,
    0xE0, 0x3E, 0x01, 0xE0, 0x1E, 0x00, 0x70, 0x00, 0x00, 0x3C, 0x01, 0xF0, 0x0F, 0x80, 0x78, 0x00,
    0x01, 0xFF, 0x80, 0x07, 0xFF, 0xE0, 0x1F, 0xFF, 0xF0, 0x3F, 0xC3, 0xF8, 0x3E, 0x00, 0x7C, 0x7C,
    0xFF, 0xBC, 0x79, 0xFF, 0xDE, 0xF1, 0xFF, 0xDE, 0xF3, 0xC7, 0xCE, 0xF3, 0x83, 0xCF, 0xF3, 0x83,
    0xCF, 0xF3, 0x83, 0xCF, 0xF3, 0x83, 0xCE, 0xF3, 0x83, 0xCE, 0xF3, 0xC7, 0xDE, 0xF3, 0xFF, 0xFE,
    0x79, 0xFF, 0xFC, 0x7C, 0xFD, 0xF8, 0x3E, 0x00, 0x00, 0x3F, 0xC1, 0xC0, 0x1F, 0xFF, 0xC0, 0x07,
    0xFF, 0xC0, 0x01, 0xFF, 0x80, 0x03, 0xF0, 0x00, 0x7F, 0x00, 0x0F, 0xE0, 0x03, 0xFC, 0x00, 0x7F,
    0xC0, 0x0F, 0x78, 0x03, 0xEF, 0x00, 0x79, 0xF0, 0x1F, 0x3E, 0x03, 0xE3, 0xC0, 0x7C, 0x7C, 0x1F,
    0xFF, 0x83, 0xFF, 0xF0, 0x7F, 0xFF, 0x1F, 0x03, 0xE3, 0xE0, 0x3E, 0x7C, 0x07, 0xDF, 0x00, 0xF8,
    0xFF, 0xF1, 0xFF, 0xF3, 0xFF, 0xF7, 0xC3, 0xEF, 0x83, 0xDF, 0x07, 0xBE, 0x1F, 0x7F, 0xFC, 0xFF,
    0xF1, 0xFF, 0xFB, 0xE3, 0xF7, 0xC1, 0xFF, 0x83, 0xFF, 0x07, 0xFE, 0x1F, 0xFF, 0xFE, 0xFF, 0xF9,
    0xFF, 0xE0, 0x07, 0xF8, 0x0F, 0xFE, 0x0F, 0xFF, 0x8F, 0xC7, 0xE7, 0xC1, 0xF7, 0xC0, 0x7F, 0xE0,
    0x01, 0xE0, 0x00, 0xF0, 0x00, 0x78, 0x00, 0x3C, 0x00, 0x1F, 0x00, 0x0F, 0x80, 0xFB, 0xE0, 0xF9,
    0xF8, 0xFC, 0x7F, 0xFC, 0x1F, 0xFC, 0x03, 0xFC, 0x00, 0xFF, 0xE0, 0xFF, 0xF8, 0xFF, 0xFC, 0xF8,
    0x7E, 0xF8, 0x3E, 0xF8, 0x1F, 0xF8, 0x0F, 0xF8, 0x0F, 0xF8, 0x0F, 0xF8, 0x0F, 0xF8, 0x0F, 0xF8,
    0x0F, 0xF8, 0x1F, 0xF8, 0x3E, 0xF8, 0x7E, 0xFF, 0xFC, 0xFF, 0xF8, 0xFF, 0xE0, 0xFF, 0xFF, 0xFF,
    0xFF, 0xFF, 0xF0, 0x0F, 0x80, 0x7C, 0x03, 0xE0, 0x1F, 0xFF, 0xFF, 0xFF, 0xFF, 0xFE, 0x01, 0xF0,
    0x0F, 0x80, 0x7C, 0x03, 0xE0, 0x1F, 0xFF, 0xFF, 0xFF, 0xFF, 0xC0, 0xFF, 0xFF, 0xFF, 0xFF, 0xFF,
    0xF0, 0x0F, 0x80, 0x7C, 0x03, 0xE0, 0x1F, 0x00, 0xFF, 0xF7, 0xFF, 0xBF, 0xFD, 0xF0, 0x0F, 0x80,
    0x7C, 0x03, 0xE0, 0x1F, 0x00, 0xF8, 0x07, 0xC0, 0x00, 0x07, 0xF8, 0x0F, 0xFE, 0x0F, 0xFF, 0x8F,
    0xC7, 0xE7, 0xC0, 0xF7, 0xC0, 0x7F, 0xE0, 0x01, 0xE0, 0x00, 0xF0, 0x7F, 0xF8, 0x3F, 0xFC, 0x1F,
    0xFF, 0x00, 0xFF, 0x80, 0xFB, 0xE0, 0x79, 0xF8, 0xFC, 0x7F, 0xFC, 0x1F, 0xFC, 0x03, 0xFC, 0x00,
    0xF8, 0x0F, 0x7C, 0x07, 0xBE, 0x03, 0xDF, 0x01, 0xEF, 0x80, 0xF7, 0xC0, 0x7B, 0xE0, 0x3D, 0xFF,
    0xFE, 0xFF, 0xFF, 0x7F, 0xFF, 0xBE, 0x03, 0xDF, 0x01, 0xEF, 0x80, 0xF7, 0xC0, 0x7B, 0xE0, 0x3D,
    0xF0, 0x1E, 0xF8, 0x0F, 0x7C, 0x07, 0x80, 0xFF, 0xFF, 0xFF, 0xFF, 0xFF, 0xFF, 0xFF, 0xFF, 0xFF,
    0xFF, 0xFF, 0xC0, 0x00, 0x78, 0x03, 0xC0, 0x1E, 0x00, 0xF0, 0x07, 0x80, 0x3C, 0x01, 0xE0, 0x0F,
    0x00, 0x78, 0x03, 0xC0, 0x1E, 0xF0, 0xFF, 0x87, 0xBC, 0x3D, 0xF3, 0xEF, 0xFF, 0x3F, 0xF0, 0xFF,
    0x00, 0xF8, 0x1F, 0x7C, 0x1F, 0x3E, 0x1F, 0x1F, 0x1F, 0x8F, 0x9F, 0x87, 0xDF, 0x83, 0xEF, 0x81,
    0xFF, 0x80, 0xFF, 0xC0, 0x7F, 0xF0, 0x3F, 0xFC, 0x1F, 0xBE, 0x0F, 0x8F, 0x87, 0xC3, 0xE3, 0xE1,
    0xF1, 0xF0, 0x7C, 0xF8, 0x1F, 0x7C, 0x0F, 0x80, 0xF8, 0x07, 0xC0, 0x3E, 0x01, 0xF0, 0x0F, 0x80,
    0x7C, 0x03, 0xE0, 0x1F, 0x00, 0xF8, 0x07, 0xC0, 0x3E, 0x01, 0xF0, 0x0F, 0x80, 0x7C, 0x03, 0xE0,
    0x1F, 0xFF, 0xFF, 0xFF, 0xFF, 0xC0, 0xFE, 0x03, 0xFF, 0xF0, 0x1F, 0xFF, 0xC0, 0xFF, 0xFE, 0x0F,
    0xFF, 0xF0, 0x7F, 0xFF, 0xC3, 0xFF, 0xFE, 0x3F, 0xFF, 0xF1, 0xEF, 0xFF, 0xCF, 0x7F, 0xDE, 0xFB,
    0xFE, 0xF7, 0x9F, 0xF7, 0xFC, 0xFF, 0x9F, 0xE7, 0xFC, 0xFE, 0x3F, 0xE7, 0xF1, 0xFF, 0x1F, 0x0F,
    0xF8, 0xF8, 0x7F, 0xC3, 0xC3, 0xC0, 0xFC, 0x0F, 0xFE, 0x07, 0xFF, 0x83, 0xFF, 0xC1, 0xFF, 0xF0,
    0xFF, 0xFC, 0x7F, 0xFE, 0x3F, 0xFF, 0x9F, 0xFB, 0xEF, 0xFD, 0xF7, 0xFE, 0x7F, 0xFF, 0x1F, 0xFF,
    0x8F, 0xFF, 0xC3, 0xFF, 0xE0, 0xFF, 0xF0, 0x7F, 0xF8, 0x1F, 0xFC, 0x07, 0xC0, 0x07, 0xF8, 0x07,
    0xFF, 0x03, 0xFF, 0xE1, 0xF8, 0xFC, 0x7C, 0x0F, 0xBE, 0x03, 0xEF, 0x80, 0x7B, 0xC0, 0x1E, 0xF0,
    0x07, 0xBC, 0x01, 0xEF, 0x00, 0x7B, 0xE0, 0x1E, 0xF8, 0x0F, 0x9F, 0x03, 0xE7, 0xE3, 0xF0, 0xFF,
    0xF8, 0x1F, 0xFC, 0x01, 0xFE, 0x00, 0xFF, 0xE1, 0xFF, 0xF3, 0xFF, 0xF7, 0xC7, 0xEF, 0x83, 0xDF,
    0x07, 0xFE, 0x0F, 0xFC, 0x1E, 0xF8, 0xFD, 0xFF, 0xFB, 0xFF, 0xE7, 0xFF, 0x0F, 0x80, 0x1F, 0x00,
    0x3E, 0x00, 0x7C, 0x00, 0xF8, 0x01, 0xF0, 0x00, 0x07, 0xF8, 0x07, 0xFF, 0x03, 0xFF, 0xE1, 0xF8,
    0xFC, 0x7C, 0x0F, 0xBE, 0x03, 0xEF, 0x80, 0x7B, 0xC0, 0x1E, 0xF0, 0x07, 0xBC, 0x01, 0xEF, 0x00,
    0x7B, 0xE3, 0x1E, 0xF8, 0xFF, 0x9F, 0x3F, 0xE7, 0xE7, 0xF0, 0xFF, 0xF8, 0x1F, 0xFE, 0x01, 0xFF,
    0xC0, 0x00, 0xF8, 0x00, 0x1E, 0xFF, 0xF1, 0xFF, 0xF3, 0xFF, 0xF7, 0xC3, 0xEF, 0x83, 0xFF, 0x07,
    0xFE, 0x0F, 0xFC, 0x3E, 0xFF, 0xFD, 0xFF, 0xF3, 0xFF, 0xC7, 0xCF, 0x8F, 0x8F, 0x1F, 0x1F, 0x3E,
    0x1F, 0x7C, 0x3E, 0xF8, 0x3F, 0xF0, 0x7C, 0x1F, 0xE0, 0x7F, 0xF1, 0xFF, 0xF3, 0xE3, 0xEF, 0x83,
    0xDF, 0x03, 0xBF, 0x00, 0x3F, 0xE0, 0x7F, 0xF0, 0x3F, 0xF0, 0x1F, 0xF0, 0x03, 0xFF, 0x03, 0xFE,
    0x07, 0xFF, 0x1F, 0x3F, 0xFE, 0x7F, 0xF8, 0x3F, 0xE0, 0x7F, 0xFF, 0x7F, 0xFF, 0x7F, 0xFF, 0x03,
    0xE0, 0x03, 0xE0, 0x03, 0xE0, 0x03, 0xE0, 0x03, 0xE0, 0x03, 0xE0, 0x03, 0xE0, 0x03, 0xE0, 0x03,
    0xE0, 0x03, 0xE0, 0x03, 0xE0, 0x03, 0xE0, 0x03, 0xE0, 0x03, 0xE0, 0x03, 0xE0, 0xF8, 0x0F, 0xF8,
    0x0F, 0xF8, 0x0F, 0xF8, 0x0F, 0xF8, 0x0F, 0xF8, 0x0F, 0xF8, 0x0F, 0xF8, 0x0F, 0xF8, 0x0F, 0xF8,
    0x0F, 0xF8, 0x0F, 0xF8, 0x0F, 0xF8, 0x1F, 0x78, 0x1F, 0x7E, 0x3E, 0x3F, 0xFE, 0x1F, 0xFC, 0x0F,
    0xF0, 0xF8, 0x07, 0xCF, 0x80, 0xF9, 0xF0, 0x1F, 0x3E, 0x07, 0xC3, 0xE0, 0xF8, 0x7C, 0x1F, 0x07,
    0x87, 0xC0, 0xF8, 0xF8, 0x1F, 0x1F, 0x01, 0xE3, 0xC0, 0x3E, 0xF8, 0x07, 0xDE, 0x00, 0x7B, 0xC0,
    0x0F, 0xF8, 0x01, 0xFE, 0x00, 0x1F, 0xC0, 0x03, 0xF8, 0x00, 0x7E, 0x00, 0xF8, 0x1E, 0x07, 0xDE,
    0x0F, 0xC1, 0xE7, 0xC3, 0xF0, 0xF9, 0xF0, 0xFC, 0x3E, 0x7C, 0x3F, 0x0F, 0x0F, 0x1F, 0xE3, 0xC3,
    0xE7, 0xF9, 0xF0, 0xF9, 0xFE, 0x7C, 0x1E, 0x7F, 0x9E, 0x07, 0xBC, 0xF7, 0x81, 0xEF, 0x3F, 0xE0,
    0x7F, 0xCF, 0xF8, 0x0F, 0xF3, 0xFC, 0x03, 0xF8, 0x7F, 0x00, 0xFE, 0x1F, 0xC0, 0x3F, 0x87, 0xF0,
    0x07, 0xE1, 0xF8, 0x01, 0xF0, 0x3E, 0x00, 0x7C, 0x0F, 0x8F, 0x83, 0xE3, 0xF1, 0xF0, 0x7C, 0xF8,
    0x0F, 0xBE, 0x03, 0xFF, 0x00, 0x7F, 0x80, 0x0F, 0xE0, 0x03, 0xF0, 0x00, 0xFC, 0x00, 0x3F, 0x80,
    0x1F, 0xF0, 0x0F, 0xFC, 0x07, 0xCF, 0x81, 0xF1, 0xF0, 0xF8, 0x7E, 0x7C, 0x0F, 0x9F, 0x01, 0xF0,
    0xFC, 0x07, 0xDF, 0x03, 0xE3, 0xE0, 0xF8, 0xF8, 0x7C, 0x1F, 0x1E, 0x07, 0xCF, 0x80, 0xFB, 0xC0,
    0x1F, 0xF0, 0x07, 0xF8, 0x00, 0xFE, 0x00, 0x3F, 0x00, 0x07, 0x80, 0x01, 0xE0, 0x00, 0x78, 0x00,
    0x1E, 0x00, 0x07, 0x80, 0x01, 0xE0, 0x00, 0x78, 0x00, 0xFF, 0xFF, 0xFF, 0xFF, 0xFF, 0xF0, 0x03,
    0xE0, 0x0F, 0x80, 0x3E, 0x00, 0x7C, 0x01, 0xF0, 0x07, 0xC0, 0x1F, 0x00, 0x3E, 0x00, 0xF8, 0x03,
    0xE0, 0x07, 0xC0, 0x1F, 0x00, 0x7F, 0xFF, 0xFF, 0xFF, 0xFF, 0xFC, 0xFF, 0xFF, 0xFF, 0x8F, 0x1E,
    0x3C, 0x78, 0xF1, 0xE3, 0xC7, 0x8F, 0x1E, 0x3C, 0x78, 0xF1, 0xE3, 0xC7, 0x8F, 0xFF, 0xFF, 0x80,
    0xF0, 0x3C, 0x07, 0x81, 0xE0, 0x78, 0x1E, 0x03, 0xC0, 0xF0, 0x3C, 0x0F, 0x01, 0xE0, 0x78, 0x1E,
    0x03, 0x80, 0xF0, 0x3C, 0x0F, 0x01, 0xE0, 0x78, 0x1E, 0x07, 0x80, 0xF0, 0xFF, 0xFF, 0xF9, 0xF3,
    0xE7, 0xCF, 0x9F, 0x3E, 0x7C, 0xF9, 0xF3, 0xE7, 0xCF, 0x9F, 0x3E, 0x7C, 0xF9, 0xFF, 0xFF, 0xFF,
    0x80, 0x0F, 0x01, 0xF8, 0x1F, 0x81, 0xFC, 0x3D, 0xC3, 0x9E, 0x79, 0xE7, 0x0E, 0xFF, 0xFF, 0xFF,
    0xFF, 0xF0, 0x78, 0xF0, 0xF0, 0xE0, 0x0F, 0xE1, 0xFF, 0x9F, 0xFE, 0xF9, 0xF3, 0x87, 0x80, 0xFC,
    0x7F, 0xEF, 0xFF, 0x7C, 0x7B, 0xC3, 0xFE, 0x3E, 0xFF, 0xF7, 0xFF, 0x9F, 0xBC, 0xF8, 0x03, 0xE0,
    0x0F, 0x80, 0x3E, 0x00, 0xFF, 0xE3, 0xFF, 0xCF, 0xFF, 0xBF, 0x3E, 0xF8, 0x7F, 0xE1, 0xFF, 0x83,
    0xFE, 0x0F, 0xF8, 0x7F, 0xE1, 0xFF, 0xCF, 0xFF, 0xFE, 0xFF, 0xF3, 0xFF, 0x80, 0x0F, 0xE0, 0x7F,
    0xE3, 0xFF, 0x9F, 0x9F, 0x7C, 0x3D, 0xE0, 0x07, 0x80, 0x1E, 0x00, 0x78, 0x21, 0xF0, 0xF7, 0xE7,
    0xCF, 0xFE, 0x1F, 0xF8, 0x3F, 0x80, 0x00, 0x3E, 0x00, 0x7C, 0x00, 0xF8, 0x01, 0xF0, 0xFB, 0xE7,
    0xFF, 0xCF, 0xFF, 0xBF, 0x3F, 0x7C, 0x3E, 0xF0, 0x7D, 0xE0, 0xFB, 0xC1, 0xF7, 0x83, 0xEF, 0x87,
    0xDF, 0x9F, 0x9F, 0xFF, 0x3F, 0xFE, 0x1F, 0x7C, 0x0F, 0xE0, 0x7F, 0xC3, 0xFF, 0x9F, 0x1F, 0x78,
    0x3D, 0xFF, 0xF7, 0xFF, 0xDF, 0xFF, 0x78, 0x01, 0xE0, 0xC7, 0xE7, 0xCF, 0xFF, 0x1F, 0xF8, 0x3F,
    0x80, 0x07, 0xC7, 0xF1, 0xFC, 0xFE, 0x3E, 0x3F, 0xFF, 0xFF, 0xFF, 0x3E, 0x0F, 0x83, 0xE0, 0xF8,
    0x3E, 0x0F, 0x83, 0xE0, 0xF8, 0x3E, 0x0F, 0x83, 0xE0, 0x0F, 0xBE, 0x7F, 0xFC, 0xFF, 0xFB, 0xF3,
    0xF7, 0xC3, 0xEF, 0x07, 0xDE, 0x0F, 0xBC, 0x1F, 0x78, 0x3E, 0xF8, 0x7D, 0xF9, 0xF9, 0xFF, 0xF3,
    0xFF, 0xE3, 0xF7, 0xC0, 0x0F, 0x3E, 0x3E, 0x7F, 0xFC, 0x7F, 0xF0, 0x3F, 0xC0, 0xF8, 0x03, 0xE0,
    0x0F, 0x80, 0x3E, 0x00, 0xFF, 0xE3, 0xFF, 0xCF, 0xFF, 0xBF, 0x3E, 0xF8, 0x7B, 0xE1, 0xEF, 0x87,
    0xBE, 0x1E, 0xF8, 0x7B, 0xE1, 0xEF, 0x87, 0xBE, 0x1E, 0xF8, 0x7B, 0xE1, 0xE0, 0x77, 0xFE, 0xE0,
    0x03, 0xFF, 0xFF, 0xFF, 0xFF, 0xFF, 0xFF, 0xFF, 0xFF, 0xF0, 0x1C, 0x7C, 0xF8, 0xE0, 0x00, 0x0F,
    0x9F, 0x3E, 0x7C, 0xF9, 0xF3, 0xE7, 0xCF, 0x9F, 0x3E, 0x7C, 0xF9, 0xF3, 0xE7, 0xFF, 0x7E, 0xF8,
    0xF8, 0x03, 0xE0, 0x0F, 0x80, 0x3E, 0x00, 0xF8, 0xFB, 0xE7, 0xCF, 0xBF, 0x3E, 0xF8, 0xFF, 0xC3,
    0xFE, 0x0F, 0xF8, 0x3F, 0xE0, 0xFF, 0xC3, 0xEF, 0x8F, 0xBE, 0x3E, 0x7C, 0xF8, 0xFB, 0xE3, 0xE0,
    0xFF, 0xFF, 0xFF, 0xFF, 0xFF, 0xFF, 0xFF, 0xFF, 0xFF, 0xFF, 0xFF, 0xC0, 0xF7, 0xC7, 0xE7, 0xFF,
    0x7F, 0xBF, 0xFF, 0xFD, 0xFB, 0xFB, 0xEF, 0x8F, 0x8F, 0xFC, 0x7C, 0x7F, 0xE3, 0xE3, 0xFF, 0x1F,
    0x1F, 0xF8, 0xF8, 0xFF, 0xC7, 0xC7, 0xFE, 0x3E, 0x3F, 0xF1, 0xF1, 0xFF, 0x8F, 0x8F, 0xFC, 0x7C,
    0x7C, 0xF7, 0xE7, 0xFF, 0xBF, 0xFF, 0xF9, 0xFF, 0x87, 0xFC, 0x3F, 0xE1, 0xFF, 0x0F, 0xF8, 0x7F,
    0xC3, 0xFE, 0x1F, 0xF0, 0xFF, 0x87, 0xFC, 0x3C, 0x0F, 0xE0, 0x3F, 0xF0, 0xFF, 0xE3, 0xF3, 0xE7,
    0xC3, 0xCF, 0x07, 0xDE, 0x0F, 0xBC, 0x1F, 0x78, 0x3E, 0xF8, 0x79, 0xF9, 0xF1, 0xFF, 0xC1, 0xFF,
    0x81, 0xFC, 0x00, 0xFF, 0xE3, 0xFF, 0xCF, 0xFF, 0xBF, 0x3E, 0xF8, 0x7F, 0xE1, 0xFF, 0x83, 0xFE,
    0x0F, 0xF8, 0x7F, 0xE1, 0xFF, 0xCF, 0xFF, 0xFE, 0xFF, 0xF3, 0xFF, 0x8F, 0x80, 0x3E, 0x00, 0xF8,
    0x03, 0xE0, 0x0F, 0x80, 0x00, 0x0F, 0xBE, 0x7F, 0xFC, 0xFF, 0xFB, 0xF3, 0xF7, 0xC3, 0xEF, 0x07,
    0xDE, 0x0F, 0xBC, 0x1F, 0x78, 0x3E, 0xF8, 0x7D, 0xF9, 0xF9, 0xFF, 0xF3, 0xFF, 0xE1, 0xF7, 0xC0,
    0x0F, 0x80, 0x1F, 0x00, 0x3E, 0x00, 0x7C, 0x00, 0xF8, 0x00, 0x7B, 0xFF, 0xFF, 0xFF, 0xC7, 0xC3,
    0xE1, 0xF0, 0xF8, 0x7C, 0x3E, 0x1F, 0x0F, 0x87, 0xC3, 0xE0, 0x1F, 0xE0, 0xFF, 0xC7, 0xFF, 0x9F,
    0x3E, 0x78, 0x61, 0xFC, 0x03, 0xFE, 0x07, 0xFE, 0x03, 0xF9, 0xE1, 0xE7, 0xCF, 0x9F, 0xFE, 0x3F,
    0xF0, 0x7F, 0x80, 0x3C, 0x1E, 0x0F, 0x07, 0x8F, 0xFF, 0xFF, 0xFE, 0x78, 0x3C, 0x1E, 0x0F, 0x07,
    0x83, 0xC1, 0xE0, 0xF0, 0x7F, 0x3F, 0x8F, 0xC0, 0xF8, 0x7B, 0xE1, 0xEF, 0x87, 0xBE, 0x1E, 0xF8,
    0x7B, 0xE1, 0xEF, 0x87, 0xBE, 0x1E, 0xF8, 0x7B, 0xE1, 0xEF, 0xCF, 0x9F, 0xFE, 0x7F, 0xF8, 0xFD,
    0xE0, 0xF8, 0x3E, 0xF0, 0x79, 0xE0, 0xF3, 0xE3, 0xE3, 0xC7, 0x87, 0x8F, 0x0F, 0xBE, 0x0F, 0x78,
    0x1E, 0xF0, 0x3F, 0xE0, 0x3F, 0x80, 0x7F, 0x00, 0xFC, 0x00, 0xF8, 0x00, 0xF8, 0xF8, 0xFF, 0xC7,
    0xC7, 0xDE, 0x3E, 0x3E, 0xF1, 0xF9, 0xE7, 0xDF, 0xCF, 0x1E, 0xFE, 0xF8, 0xF7, 0xF7, 0x87, 0xBB,
    0xBC, 0x3F, 0xDF, 0xE0, 0xFE, 0xFF, 0x07, 0xE3, 0xF0, 0x3F, 0x1F, 0x80, 0xF8, 0xFC, 0x07, 0xC3,
    0xC0, 0x78, 0x7D, 0xF1, 0xE3, 0xCF, 0x8F, 0xBC, 0x1F, 0xE0, 0x3F, 0x80, 0xFC, 0x03, 0xF0, 0x0F,
    0xE0, 0x7F, 0xC3, 0xEF, 0x0F, 0x3E, 0x7C, 0x7B, 0xE1, 0xF0, 0xF8, 0x3E, 0xF0, 0x79, 0xE0, 0xF3,
    0xE3, 0xE3, 0xC7, 0x87, 0x8F, 0x0F, 0xBE, 0x0F, 0x78, 0x1E, 0xF0, 0x1F, 0xC0, 0x3F, 0x80, 0x7F,
    0x00, 0x7C, 0x00, 0xF8, 0x01, 0xF0, 0x03, 0xC0, 0x3F, 0x80, 0xFE, 0x01, 0xF8, 0x00, 0xFF, 0xFF,
    0xFF, 0xFF, 0xF0, 0x3E, 0x03, 0xE0, 0x7C, 0x0F, 0x81, 0xF0, 0x1F, 0x03, 0xE0, 0x7C, 0x0F, 0xFF,
    0xFF, 0xFF, 0xFF, 0x07, 0xC3, 0xF0, 0xFC, 0x7C, 0x1E, 0x07, 0x81, 0xE0, 0x78, 0x1E, 0x0F, 0x8F,
    0xC3, 0xE0, 0xFC, 0x0F, 0x81, 0xE0, 0x78, 0x1E, 0x07, 0x81, 0xE0, 0x7C, 0x1F, 0xC3, 0xF0, 0x7C,
    0x7B, 0xDE, 0xF7, 0xBD, 0xEF, 0x7B, 0xDE, 0xF7, 0xBD, 0xEF, 0x7B, 0xDE, 0xF7, 0xBD, 0xEF, 0x7B,
    0xDE, 0xF7, 0xBC, 0xF8, 0x3F, 0x0F, 0xC0, 0xF0, 0x3E, 0x07, 0x81, 0xE0, 0x78, 0x1E, 0x07, 0xC1,
    0xF8, 0x1E, 0x1F, 0x87, 0xC1, 0xE0, 0x78, 0x1E, 0x07, 0x83, 0xE0, 0xF0, 0xFC, 0x3F, 0x0F, 0x80,
    0x3E, 0x1C, 0xFE, 0x39, 0xFE, 0xF3, 0xDF, 0xE7, 0x1F, 0xCE, 0x1F, 0x00, 0xF7, 0xFF, 0xE0, 0x03,
    0xDE, 0xF7, 0xBD, 0xEF, 0x7B, 0xDF, 0xFF, 0xFE, 0x01, 0x80, 0x06, 0x00, 0x7E, 0x07, 0xFC, 0x3F,
    0xF9, 0xFF, 0xF7, 0xDB, 0xDE, 0x68, 0x79, 0x81, 0xE6, 0x07, 0x98, 0x1F, 0x6F, 0x7F, 0xFC, 0xFF,
    0xE1, 0xFF, 0x83, 0xF8, 0x01, 0x80, 0x06, 0x00, 0x0F, 0xE0, 0x7F, 0xE3, 0xFF, 0x8F, 0x9F, 0x3C,
    0x3D, 0xF0, 0x03, 0xC0, 0x3F, 0xF8, 0xFF, 0xE3, 0xFF, 0x83, 0xC0, 0x0F, 0x00, 0x3C, 0x00, 0xF0,
    0xF7, 0x83, 0xFF, 0xFF, 0xFF, 0xFF, 0xFF, 0xE0, 0x00, 0x00, 0x31, 0xF1, 0x9F, 0xFF, 0xEF, 0xFF,
    0xE3, 0xF3, 0xE1, 0xC0, 0x71, 0xC0, 0x1C, 0xE0, 0x0E, 0x70, 0x07, 0x38, 0x03, 0x9C, 0x01, 0xCE,
    0x00, 0xE3, 0x80, 0xE3, 0xF1, 0xF9, 0xFF, 0xFE, 0xFF, 0xFE, 0x67, 0xF3, 0x00, 0x00, 0x00, 0xF8,
    0x7D, 0xE1, 0xF7, 0xC7, 0x8F, 0x3E, 0x3C, 0xF0, 0xFF, 0xC1, 0xFE, 0x07, 0xF8, 0x3F, 0xF1, 0xFF,
    0xE7, 0xFF, 0x81, 0xE0, 0x7F, 0xF9, 0xFF, 0xE3, 0xFF, 0x01, 0xE0, 0x07, 0x80, 0x1E, 0x00, 0xFF,
    0xFF, 0xFF, 0xFF, 0x00, 0x00, 0x0F, 0xFF, 0xFF, 0xFF, 0xF0, 0x1F, 0x83, 0xFE, 0x1F, 0xF8, 0xF3,
    0xC7, 0x8E, 0x3C, 0x01, 0xF8, 0x07, 0xF8, 0x7F, 0xE7, 0x9F, 0xB8, 0x3D, 0xE0, 0xEF, 0xC7, 0x3F,
    0xF0, 0xFF, 0x00, 0xFC, 0x01, 0xE3, 0x87, 0xBE, 0x7C, 0xFF, 0xC7, 0xFE, 0x0F, 0xC0, 0xF3, 0xBD,
    0xFF, 0x7F, 0xCE, 0x07, 0xF8, 0x01, 0xFF, 0xC0, 0x7F, 0xFC, 0x1F, 0x8F, 0xC7, 0xDF, 0x7C, 0xF7,
    0xF7, 0xBD, 0xFF, 0x7F, 0xFD, 0xEF, 0xEF, 0x1D, 0xFD, 0xC0, 0x3F, 0xBC, 0x77, 0xFF, 0xDE, 0xFF,
    0x7F, 0xDE, 0xF7, 0xF7, 0x9F, 0x7D, 0xF1, 0xF8, 0xFC, 0x1F, 0xFF, 0x01, 0xFF, 0xC0, 0x1F, 0xE0,
    0x00, 0x3F, 0x8F, 0xF9, 0xEF, 0x08, 0xF1, 0xFE, 0xFF, 0xDF, 0x7F, 0x8F, 0xFF, 0xEF, 0xFC, 0xFF,
    0x80, 0x0F, 0xBE, 0x3E, 0xF8, 0x7B, 0xE1, 0xFF, 0x87, 0xDE, 0x1F, 0x7C, 0x3E, 0xF8, 0x3E, 0xF0,
    0x3D, 0xF0, 0x7D, 0xF0, 0x7D, 0xF0, 0x7D, 0xF0, 0xFF, 0xFF, 0xFF, 0xFF, 0xF0, 0x0F, 0x00, 0xF0,
    0x0F, 0x0F, 0xE0, 0x7F, 0xE1, 0xF1, 0xE3, 0xFE, 0xEE, 0xFD, 0xDD, 0xDD, 0xF3, 0xB3, 0xE7, 0xE7,
    0xEF, 0xCF, 0xDD, 0xB9, 0xD1, 0xF3, 0xE3, 0xC3, 0xFF, 0x01, 0xFC, 0x00, 0x7F, 0x3F, 0x9F, 0xC0,
    0x3E, 0x1F, 0xCF, 0xFB, 0xCE, 0xE3, 0xBC, 0xEF, 0xF9, 0xFC, 0x3E, 0x00, 0x07, 0x00, 0x38, 0x01,
    0xC1, 0xFF, 0xFF, 0xFF, 0xFF, 0xFC, 0x1C, 0x00, 0xE0, 0x07, 0x00, 0x00, 0x3F, 0xFF, 0xFF, 0xFF,
    0xFF, 0x80, 0x7F, 0x3F, 0xEF, 0x7B, 0x8E, 0x07, 0x87, 0xC3, 0xE1, 0xF0, 0xFF, 0xFF, 0xF0, 0x3F,
    0x1F, 0xEF, 0xF8, 0x0E, 0x1F, 0x87, 0xE0, 0x7F, 0xFF, 0xFF, 0xDF, 0xC0, 0x79, 0xEF, 0x38, 0xF8,
    0x79, 0xF0, 0xF3, 0xE1, 0xE7, 0xC3, 0xCF, 0x87, 0x9F, 0x0F, 0x3E, 0x1E, 0x7C, 0x3C, 0xF8, 0x79,
    0xF0, 0xF3, 0xF3, 0xE7, 0xFF, 0xFF, 0xFF, 0xFF, 0xF7, 0xFE, 0x00, 0x7C, 0x00, 0xF8, 0x01, 0xF0,
    0x03, 0xE0, 0x00, 0x0F, 0xFC, 0xFF, 0xF7, 0xFF, 0xDF, 0xEF, 0x7F, 0xBD, 0xFE, 0xF7, 0xFB, 0xDF,
    0xEF, 0x7F, 0xBC, 0xFE, 0xF1, 0xFB, 0xC1, 0xCF, 0x00, 0x3C, 0x00, 0xF0, 0x03, 0xC0, 0x0F, 0x00,
    0x3C, 0x00, 0xF0, 0xF7, 0xFF, 0xE0, 0x71, 0xC7, 0x87, 0x7F, 0xE7, 0x00, 0x7F, 0xFF, 0xF7, 0x1C,
    0x71, 0xC7, 0x1C, 0x70, 0x1F, 0x83, 0xFC, 0x7F, 0xE7, 0x8E, 0x70, 0xFF, 0x0F, 0x70, 0xF7, 0x8E,
    0x7F, 0xE3, 0xFC, 0x1F, 0x80, 0x7D, 0xE0, 0x3D, 0xF0, 0x3E, 0xF8, 0x1F, 0x7C, 0x0F, 0xBE, 0x07,
    0xDE, 0x07, 0xDF, 0x0F, 0xBE, 0x1F, 0x7C, 0x3E, 0xF8, 0x3D, 0xF0, 0x7D, 0xE0, 0x3C, 0x03, 0xC3,
    0xE0, 0x1C, 0x1F, 0x01, 0xC0, 0xB8, 0x1E, 0x01, 0xC0, 0xE0, 0x0E, 0x0E, 0x00, 0x70, 0xF0, 0x03,
    0x8F, 0x00, 0x1C, 0x71, 0xF0, 0xE7, 0x0F, 0x80, 0x78, 0xFC, 0x03, 0x87, 0xE0, 0x38, 0x7F, 0x03,
    0xC3, 0xB8, 0x1C, 0x39, 0xC1, 0xC1, 0xFF, 0x1E, 0x0F, 0xF8, 0xE0, 0x07, 0x80, 0x3C, 0x03, 0xC1,
    0xF0, 0x0E, 0x07, 0xC0, 0x70, 0x17, 0x03, 0xC0, 0x1C, 0x0E, 0x00, 0x70, 0x70, 0x01, 0xC3, 0xC0,
    0x07, 0x1E, 0x00, 0x1C, 0x71, 0xF0, 0x73, 0x8F, 0xE0, 0x1E, 0x7B, 0x80, 0x70, 0x0E, 0x03, 0x80,
    0x78, 0x1E, 0x03, 0xC0, 0x70, 0x1E, 0x03, 0x80, 0xF0, 0x1E, 0x07, 0xFC, 0x70, 0x1F, 0xF0, 0x3F,
    0x00, 0xF0, 0xFE, 0x03, 0xC1, 0xDE, 0x07, 0x00, 0x3C, 0x1C, 0x01, 0xF0, 0x78, 0x03, 0xF0, 0xE0,
    0x00, 0xE3, 0x80, 0x3F, 0xCF, 0x00, 0x7F, 0x9C, 0x78, 0x7E, 0x70, 0xF0, 0x01, 0xE3, 0xE0, 0x03,
    0x87, 0xC0, 0x0E, 0x1F, 0x80, 0x3C, 0x7F, 0x00, 0xF0, 0xEE, 0x01, 0xC1, 0xFF, 0x07, 0x03, 0xFE,
    0x1E, 0x00, 0x70, 0x07, 0x80, 0x7C, 0x03, 0xE0, 0x0F, 0x00, 0x00, 0x03, 0x80, 0x1E, 0x01, 0xF0,
    0x0F, 0x01, 0xF8, 0x1F, 0x81, 0xF8, 0x0F, 0x80, 0x78, 0x3B, 0xC3, 0xDF, 0x3E, 0xFF, 0xF3, 0xFF,
    0x07, 0xF0, 0x07, 0xC0, 0x00, 0x78, 0x00, 0x07, 0x00, 0x00, 0xF0, 0x00, 0x00, 0x00, 0x00, 0x00,
    0x00, 0x00, 0x00, 0x1F, 0x80, 0x03, 0xF8, 0x00, 0x7F, 0x00, 0x1F, 0xE0, 0x03, 0xFE, 0x00, 0x7B,
    0xC0, 0x1F, 0x78, 0x03, 0xCF, 0x80, 0xF9, 0xF0, 0x1F, 0x1E, 0x03, 0xE3, 0xE0, 0xFF, 0xFC, 0x1F,
    0xFF, 0x83, 0xFF, 0xF8, 0xF8, 0x1F, 0x1F, 0x01, 0xF3, 0xE0, 0x3E, 0xF8, 0x07, 0xC0, 0x00, 0x78,
    0x00, 0x0F, 0x00, 0x03, 0xC0, 0x00, 0x70, 0x00, 0x00, 0x00, 0x00, 0x00, 0x00, 0x00, 0x00, 0x1F,
    0x80, 0x03, 0xF8, 0x00, 0x7F, 0x00, 0x1F, 0xE0, 0x03, 0xFE, 0x00, 0x7B, 0xC0, 0x1F, 0x78, 0x03,
    0xCF, 0x80, 0xF9, 0xF0, 0x1F, 0x1E, 0x03, 0xE3, 0xE0, 0xFF, 0xFC, 0x1F, 0xFF, 0x83, 0xFF, 0xF8,
    0xF8, 0x1F, 0x1F, 0x01, 0xF3, 0xE0, 0x3E, 0xF8, 0x07, 0xC0, 0x01, 0xE0, 0x00, 0x7E, 0x00, 0x1F,
    0xE0, 0x07, 0x9E, 0x00, 0x00, 0x00, 0x00, 0x00, 0x00, 0x00, 0x00, 0x1F, 0x80, 0x03, 0xF8, 0x00,
    0x7F, 0x00, 0x1F, 0xE0, 0x03, 0xFE, 0x00, 0x7B, 0xC0, 0x1F, 0x78, 0x03, 0xCF, 0x80, 0xF9, 0xF0,
    0x1F, 0x1E, 0x03, 0xE3, 0xE0, 0xFF, 0xFC, 0x1F, 0xFF, 0x83, 0xFF, 0xF8, 0xF8, 0x1F, 0x1F, 0x01,
    0xF3, 0xE0, 0x3E, 0xF8, 0x07, 0xC0, 0x00, 0x00, 0x00, 0x7F, 0x80, 0x1F, 0xF0, 0x03, 0xFC, 0x00,
    0x00, 0x00, 0x00, 0x00, 0x00, 0x00, 0x00, 0x1F, 0x80, 0x03, 0xF8, 0x00, 0x7F, 0x00, 0x1F, 0xE0,
    0x03, 0xFE, 0x00, 0x7B, 0xC0, 0x1F, 0x78, 0x03, 0xCF, 0x80, 0xF9, 0xF0, 0x1F, 0x1E, 0x03, 0xE3,
    0xE0, 0xFF, 0xFC, 0x1F, 0xFF, 0x83, 0xFF, 0xF8, 0xF8, 0x1F, 0x1F, 0x01, 0xF3, 0xE0, 0x3E, 0xF8,
    0x07, 0xC0, 0x07, 0x3C, 0x00, 0xF7, 0x80, 0x1E, 0xF0, 0x03, 0x9E, 0x00, 0x00, 0x00, 0x00, 0x00,
    0x00, 0x00, 0x00, 0x1F, 0x80, 0x03, 0xF8, 0x00, 0x7F, 0x00, 0x1F, 0xE0, 0x03, 0xFE, 0x00, 0x7B,
    0xC0, 0x1F, 0x78, 0x03, 0xCF, 0x80, 0xF9, 0xF0, 0x1F, 0x1E, 0x03, 0xE3, 0xE0, 0xFF, 0xFC, 0x1F,
    0xFF, 0x83, 0xFF, 0xF8, 0xF8, 0x1F, 0x1F, 0x01, 0xF3, 0xE0, 0x3E, 0xF8, 0x07, 0xC0, 0x01, 0xF0,
    0x00, 0x7F, 0x00, 0x0C, 0xE0, 0x01, 0x9C, 0x00, 0x3F, 0x80, 0x03, 0xE0, 0x00, 0x00, 0x00, 0x1F,
    0x80, 0x03, 0xF8, 0x00, 0x7F, 0x00, 0x1F, 0xE0, 0x03, 0xFE, 0x00, 0x7B, 0xC0, 0x1F, 0x78, 0x03,
    0xCF, 0x80, 0xF9, 0xF0, 0x1F, 0x1E, 0x03, 0xE3, 0xE0, 0xFF, 0xFC, 0x1F, 0xFF, 0x83, 0xFF, 0xF8,
    0xF8, 0x1F, 0x1F, 0x01, 0xF3, 0xE0, 0x3E, 0xF8, 0x07, 0xC0, 0x00, 0xFF, 0xFF, 0x80, 0xFF, 0xFF,
    0xC0, 0x7F, 0xFF, 0xE0, 0x3D, 0xE0, 0x00, 0x3E, 0xF0, 0x00, 0x1E, 0x78, 0x00, 0x1F, 0x3C, 0x00,
    0x0F, 0x1F, 0xFE, 0x0F, 0x8F, 0xFF, 0x07, 0xC7, 0xFF, 0x87, 0xC3, 0xC0, 0x03, 0xFF, 0xE0, 0x01,
    0xFF, 0xF0, 0x01, 0xFF, 0xF8, 0x00, 0xF8, 0x3C, 0x00, 0xF8, 0x1F, 0xFF, 0x7C, 0x0F, 0xFF, 0xFC,
    0x07, 0xFF, 0xC0, 0x07, 0xF8, 0x0F, 0xFE, 0x0F, 0xFF, 0x8F, 0xC7, 0xE7, 0xC1, 0xF7, 0xC0, 0x7F,
    0xE0, 0x01, 0xE0, 0x00, 0xF0, 0x00, 0x78, 0x00, 0x3C, 0x00, 0x1F, 0x00, 0x0F, 0x80, 0xFB, 0xE0,
    0xF9, 0xF8, 0xFC, 0x7F, 0xFC, 0x1F, 0xFC, 0x03, 0xFC, 0x00, 0x70, 0x00, 0x3C, 0x00, 0x07, 0x00,
    0x0F, 0x80, 0x07, 0xC0, 0x03, 0x80, 0x1E, 0x00, 0x70, 0x03, 0xC0, 0x0E, 0x00, 0x00, 0x00, 0x00,
    0x00, 0x1F, 0xFF, 0xFF, 0xFF, 0xFF, 0xFE, 0x01, 0xF0, 0x0F, 0x80, 0x7C, 0x03, 0xFF, 0xFF, 0xFF,
    0xFF, 0xFF, 0xC0, 0x3E, 0x01, 0xF0, 0x0F, 0x80, 0x7C, 0x03, 0xFF, 0xFF, 0xFF, 0xFF, 0xF8, 0x01,
    0xE0, 0x1E, 0x00, 0xE0, 0x0F, 0x00, 0x00, 0x00, 0x00, 0x00, 0x1F, 0xFF, 0xFF, 0xFF, 0xFF, 0xFE,
    0x01, 0xF0, 0x0F, 0x80, 0x7C, 0x03, 0xFF, 0xFF, 0xFF, 0xFF, 0xFF, 0xC0, 0x3E, 0x01, 0xF0, 0x0F,
    0x80, 0x7C, 0x03, 0xFF, 0xFF, 0xFF, 0xFF, 0xF8, 0x07, 0x80, 0x7E, 0x07, 0xF8, 0x79, 0xE0, 0x00,
    0x00, 0x00, 0x00, 0x1F, 0xFF, 0xFF, 0xFF, 0xFF, 0xFE, 0x01, 0xF0, 0x0F, 0x80, 0x7C, 0x03, 0xFF,
    0xFF, 0xFF, 0xFF, 0xFF, 0xC0, 0x3E, 0x01, 0xF0, 0x0F, 0x80, 0x7C, 0x03, 0xFF, 0xFF, 0xFF, 0xFF,
    0xF8, 0x3C, 0xE1, 0xEF, 0x8F, 0x7C, 0x79, 0xC0, 0x00, 0x00, 0x00, 0x00, 0x1F, 0xFF, 0xFF, 0xFF,
    0xFF, 0xFE, 0x01, 0xF0, 0x0F, 0x80, 0x7C, 0x03, 0xFF, 0xFF, 0xFF, 0xFF, 0xFF, 0xC0, 0x3E, 0x01,
    0xF0, 0x0F, 0x80, 0x7C, 0x03, 0xFF, 0xFF, 0xFF, 0xFF, 0xF8, 0x78, 0xF0, 0xF0, 0xE0, 0x00, 0x00,
    0x1F, 0x3E, 0x7C, 0xF9, 0xF3, 0xE7, 0xCF, 0x9F, 0x3E, 0x7C, 0xF9, 0xF3, 0xE7, 0xCF, 0x9F, 0x3E,
    0x3C, 0x79, 0xE3, 0x80, 0x00, 0x00, 0x7C, 0xF9, 0xF3, 0xE7, 0xCF, 0x9F, 0x3E, 0x7C, 0xF9, 0xF3,
    0xE7, 0xCF, 0x9F, 0x3E, 0x7C, 0xF8, 0x0E, 0x03, 0xE0, 0xFE, 0x3D, 0xE0, 0x00, 0x00, 0x00, 0x00,
    0xF8, 0x1F, 0x03, 0xE0, 0x7C, 0x0F, 0x81, 0xF0, 0x3E, 0x07, 0xC0, 0xF8, 0x1F, 0x03, 0xE0, 0x7C,
    0x0F, 0x81, 0xF0, 0x3E, 0x07, 0xC0, 0xF8, 0x1F, 0x00, 0x71, 0xCF, 0x79, 0xEF, 0x38, 0xE0, 0x00,
    0x00, 0x00, 0x00, 0xF8, 0x1F, 0x03, 0xE0, 0x7C, 0x0F, 0x81, 0xF0, 0x3E, 0x07, 0xC0, 0xF8, 0x1F,
    0x03, 0xE0, 0x7C, 0x0F, 0x81, 0xF0, 0x3E, 0x07, 0xC0, 0xF8, 0x1F, 0x00, 0x3F, 0xF8, 0x0F, 0xFF,
    0x83, 0xFF, 0xF0, 0xF8, 0x7E, 0x3E, 0x0F, 0x8F, 0x81, 0xF3, 0xE0, 0x7F, 0xFF, 0x8F, 0xFF, 0xE3,
    0xFF, 0xF8, 0xF3, 0xE0, 0x3C, 0xF8, 0x1F, 0x3E, 0x07, 0xCF, 0x83, 0xE3, 0xE1, 0xF8, 0xFF, 0xFC,
    0x3F, 0xFE, 0x0F, 0xFE, 0x00, 0x00, 0x00, 0x03, 0xFC, 0x03, 0xFE, 0x01, 0xFE, 0x00, 0x00, 0x00,
    0x00, 0x00, 0x00, 0x01, 0xF8, 0x1F, 0xFC, 0x0F, 0xFF, 0x07, 0xFF, 0x83, 0xFF, 0xE1, 0xFF, 0xF8,
    0xFF, 0xFC, 0x7F, 0xFF, 0x3F, 0xF7, 0xDF, 0xFB, 0xEF, 0xFC, 0xFF, 0xFE, 0x3F, 0xFF, 0x1F, 0xFF,
    0x87, 0xFF, 0xC1, 0xFF, 0xE0, 0xFF, 0xF0, 0x3F, 0xF8, 0x0F, 0x80, 0x07, 0x80, 0x01, 0xE0, 0x00,
    0x3C, 0x00, 0x07, 0x00, 0x00, 0x00, 0x00, 0x00, 0x00, 0x00, 0x00, 0x1F, 0xE0, 0x1F, 0xFC, 0x0F,
    0xFF, 0x87, 0xE3, 0xF1, 0xF0, 0x3E, 0xF8, 0x0F, 0xBE, 0x01, 0xEF, 0x00, 0x7B, 0xC0, 0x1E, 0xF0,
    0x07, 0xBC, 0x01, 0xEF, 0x80, 0x7B, 0xE0, 0x3E, 0x7C, 0x0F, 0x9F, 0x8F, 0xC3, 0xFF, 0xE0, 0x7F,
    0xF0, 0x07, 0xF8, 0x00, 0x00, 0xF8, 0x00, 0x3C, 0x00, 0x0E, 0x00, 0x07, 0x80, 0x00, 0x00, 0x00,
    0x00, 0x00, 0x00, 0x00, 0x1F, 0xE0, 0x1F, 0xFC, 0x0F, 0xFF, 0x87, 0xE3, 0xF1, 0xF0, 0x3E, 0xF8,
    0x0F, 0xBE, 0x01, 0xEF, 0x00, 0x7B, 0xC0, 0x1E, 0xF0, 0x07, 0xBC, 0x01, 0xEF, 0x80, 0x7B, 0xE0,
    0x3E, 0x7C, 0x0F, 0x9F, 0x8F, 0xC3, 0xFF, 0xE0, 0x7F, 0xF0, 0x07, 0xF8, 0x00, 0x01, 0xE0, 0x00,
    0xFC, 0x00, 0x7F, 0x80, 0x3D, 0xF0, 0x00, 0x00, 0x00, 0x00, 0x00, 0x00, 0x00, 0x1F, 0xE0, 0x1F,
    0xFC, 0x0F, 0xFF, 0x87, 0xE3, 0xF1, 0xF0, 0x3E, 0xF8, 0x0F, 0xBE, 0x01, 0xEF, 0x00, 0x7B, 0xC0,
    0x1E, 0xF0, 0x07, 0xBC, 0x01, 0xEF, 0x80, 0x7B, 0xE0, 0x3E, 0x7C, 0x0F, 0x9F, 0x8F, 0xC3, 0xFF,
    0xE0, 0x7F, 0xF0, 0x07, 0xF8, 0x00, 0x00, 0x00, 0x01, 0xFE, 0x00, 0xFF, 0x80, 0x3B, 0xC0, 0x00,
    0x00, 0x00, 0x00, 0x00, 0x00, 0x00, 0x1F, 0xE0, 0x1F, 0xFC, 0x0F, 0xFF, 0x87, 0xE3, 0xF1, 0xF0,
    0x3E, 0xF8, 0x0F, 0xBE, 0x01, 0xEF, 0x00, 0x7B, 0xC0, 0x1E, 0xF0, 0x07, 0xBC, 0x01, 0xEF, 0x80,
    0x7B, 0xE0, 0x3E, 0x7C, 0x0F, 0x9F, 0x8F, 0xC3, 0xFF, 0xE0, 0x7F, 0xF0, 0x07, 0xF8, 0x00, 0x0F,
    0x38, 0x03, 0xDE, 0x00, 0xF7, 0x80, 0x3C, 0xE0, 0x00, 0x00, 0x00, 0x00, 0x00, 0x00, 0x00, 0x1F,
    0xE0, 0x1F, 0xFC, 0x0F, 0xFF, 0x87, 0xE3, 0xF1, 0xF0, 0x3E, 0xF8, 0x0F, 0xBE, 0x01, 0xEF, 0x00,
    0x7B, 0xC0, 0x1E, 0xF0, 0x07, 0xBC, 0x01, 0xEF, 0x80, 0x7B, 0xE0, 0x3E, 0x7C, 0x0F, 0x9F, 0x8F,
    0xC3, 0xFF, 0xE0, 0x7F, 0xF0, 0x07, 0xF8, 0x00, 0x20, 0x23, 0x83, 0xBE, 0x3F, 0xFB, 0xF7, 0xFF,
    0x1F, 0xF0, 0x7F, 0x03, 0xF8, 0x3F, 0xE3, 0xFF, 0xBF, 0x7F, 0xF1, 0xF7, 0x07, 0x00, 0x00, 0x00,
    0x07, 0x01, 0xFF, 0xC1, 0xFF, 0xF0, 0xFF, 0xF8, 0x7E, 0x3F, 0x1F, 0x0F, 0xEF, 0x87, 0xFB, 0xE1,
    0xDE, 0xF0, 0xE7, 0xBC, 0x79, 0xEF, 0x3C, 0x7B, 0xCE, 0x1E, 0xFF, 0x87, 0xBF, 0xC3, 0xE7, 0xE0,
    0xF9, 0xF8, 0xFC, 0x3F, 0xFE, 0x0F, 0xFF, 0x07, 0xFF, 0x80, 0xC0, 0x00, 0x0F, 0x00, 0x07, 0x80,
    0x03, 0x80, 0x03, 0xC0, 0x00, 0x00, 0x00, 0x00, 0x00, 0x00, 0xF8, 0x0F, 0xF8, 0x0F, 0xF8, 0x0F,
    0xF8, 0x0F, 0xF8, 0x0F, 0xF8, 0x0F, 0xF8, 0x0F, 0xF8, 0x0F, 0xF8, 0x0F, 0xF8, 0x0F, 0xF8, 0x0F,
    0xF8, 0x0F, 0xF8, 0x1F, 0x78, 0x1F, 0x7E, 0x3E, 0x3F, 0xFE, 0x1F, 0xFC, 0x0F, 0xF0, 0x00, 0xF0,
    0x00, 0xE0, 0x01, 0xE0, 0x01, 0xC0, 0x00, 0x00, 0x00, 0x00, 0x00, 0x00, 0xF8, 0x0F, 0xF8, 0x0F,
    0xF8, 0x0F, 0xF8, 0x0F, 0xF8, 0x0F, 0xF8, 0x0F, 0xF8, 0x0F, 0xF8, 0x0F, 0xF8, 0x0F, 0xF8, 0x0F,
    0xF8, 0x0F, 0xF8, 0x0F, 0xF8, 0x1F, 0x78, 0x1F, 0x7E, 0x3E, 0x3F, 0xFE, 0x1F, 0xFC, 0x0F, 0xF0,
    0x03, 0xC0, 0x07, 0xE0, 0x0F, 0xF0, 0x1E, 0x78, 0x00, 0x00, 0x00, 0x00, 0x00, 0x00, 0xF8, 0x0F,
    0xF8, 0x0F, 0xF8, 0x0F, 0xF8, 0x0F, 0xF8, 0x0F, 0xF8, 0x0F, 0xF8, 0x0F, 0xF8, 0x0F, 0xF8, 0x0F,
    0xF8, 0x0F, 0xF8, 0x0F, 0xF8, 0x0F, 0xF8, 0x1F, 0x78, 0x1F, 0x7E, 0x3E, 0x3F, 0xFE, 0x1F, 0xFC,
    0x0F, 0xF0, 0x0E, 0x70, 0x1F, 0x78, 0x1F, 0x78, 0x0E, 0x70, 0x00, 0x00, 0x00, 0x00, 0x00, 0x00,
    0xF8, 0x0F, 0xF8, 0x0F, 0xF8, 0x0F, 0xF8, 0x0F, 0xF8, 0x0F, 0xF8, 0x0F, 0xF8, 0x0F, 0xF8, 0x0F,
    0xF8, 0x0F, 0xF8, 0x0F, 0xF8, 0x0F, 0xF8, 0x0F, 0xF8, 0x1F, 0x78, 0x1F, 0x7E, 0x3E, 0x3F, 0xFE,
    0x1F, 0xFC, 0x0F, 0xF0, 0x00, 0x78, 0x00, 0x3C, 0x00, 0x0F, 0x00, 0x03, 0x80, 0x00, 0x00, 0x00,
    0x00, 0x00, 0x00, 0x03, 0xF0, 0x1F, 0x7C, 0x0F, 0x8F, 0x83, 0xE3, 0xE1, 0xF0, 0x7C, 0x78, 0x1F,
    0x3E, 0x03, 0xEF, 0x00, 0x7F, 0xC0, 0x1F, 0xE0, 0x03, 0xF8, 0x00, 0xFC, 0x00, 0x1E, 0x00, 0x07,
    0x80, 0x01, 0xE0, 0x00, 0x78, 0x00, 0x1E, 0x00, 0x07, 0x80, 0x01, 0xE0, 0x00, 0xF8, 0x03, 0xE0,
    0x0F, 0x80, 0x3F, 0xF8, 0xFF, 0xF3, 0xFF, 0xEF, 0x8F, 0xFE, 0x0F, 0xF8, 0x3F, 0xE0, 0xFF, 0x8F,
    0xFF, 0xFE, 0xFF, 0xF3, 0xFF, 0x8F, 0x80, 0x3E, 0x00, 0xF8, 0x03, 0xE0, 0x00, 0x1F, 0xE0, 0x7F,
    0xE1, 0xFF, 0xE7, 0xE7, 0xCF, 0x87, 0xDF, 0x0F, 0x3E, 0x3E, 0x7D, 0xF8, 0xFB, 0xF9, 0xF7, 0xFB,
    0xE1, 0xF7, 0xC1, 0xFF, 0x83, 0xFF, 0x07, 0xFE, 0x1F, 0xFD, 0xFE, 0xFB, 0xF9, 0xF7, 0xE0, 0x1E,
    0x00, 0x78, 0x01, 0xC0, 0x0F, 0x00, 0x00, 0x00, 0x00, 0x3F, 0x87, 0xFE, 0x7F, 0xFB, 0xE7, 0xCE,
    0x1E, 0x03, 0xF1, 0xFF, 0xBF, 0xFD, 0xF1, 0xEF, 0x0F, 0xF8, 0xFB, 0xFF, 0xDF, 0xFE, 0x7E, 0xF0,
    0x01, 0xE0, 0x0E, 0x00, 0xF0, 0x07, 0x00, 0x00, 0x00, 0x00, 0x3F, 0x87, 0xFE, 0x7F, 0xFB, 0xE7,
    0xCE, 0x1E, 0x03, 0xF1, 0xFF, 0xBF, 0xFD, 0xF1, 0xEF, 0x0F, 0xF8, 0xFB, 0xFF, 0xDF, 0xFE, 0x7E,
    0xF0, 0x07, 0x80, 0x7E, 0x07, 0xF8, 0x79, 0xE0, 0x00, 0x00, 0x00, 0x3F, 0x87, 0xFE, 0x7F, 0xFB,
    0xE7, 0xCE, 0x1E, 0x03, 0xF1, 0xFF, 0xBF, 0xFD, 0xF1, 0xEF, 0x0F, 0xF8, 0xFB, 0xFF, 0xDF, 0xFE,
    0x7E, 0xF0, 0x00, 0x00, 0xFF, 0x87, 0xF8, 0x3F, 0xC0, 0x00, 0x00, 0x00, 0x3F, 0x87, 0xFE, 0x7F,
    0xFB, 0xE7, 0xCE, 0x1E, 0x03, 0xF1, 0xFF, 0xBF, 0xFD, 0xF1, 0xEF, 0x0F, 0xF8, 0xFB, 0xFF, 0xDF,
    0xFE, 0x7E, 0xF0, 0x1C, 0xF1, 0xF7, 0x8F, 0xBC, 0x39, 0xE0, 0x00, 0x00, 0x00, 0x3F, 0x87, 0xFE,
    0x7F, 0xFB, 0xE7, 0xCE, 0x1E, 0x03, 0xF1, 0xFF, 0xBF, 0xFD, 0xF1, 0xEF, 0x0F, 0xF8, 0xFB, 0xFF,
    0xDF, 0xFE, 0x7E, 0xF0, 0x07, 0x80, 0x7E, 0x03, 0xB8, 0x39, 0xC0, 0xEE, 0x07, 0xE0, 0x1E, 0x00,
    0x00, 0x0F, 0xE1, 0xFF, 0x9F, 0xFE, 0xF9, 0xF3, 0x87, 0x80, 0xFC, 0x7F, 0xEF, 0xFF, 0x7C, 0x7B,
    0xC3, 0xFE, 0x3E, 0xFF, 0xF7, 0xFF, 0x9F, 0xBC, 0x0F, 0xCF, 0xE0, 0xFF, 0xFF, 0xC7, 0xFF, 0xFF,
    0x9F, 0x3F, 0x1E, 0x00, 0x78, 0x3C, 0x7F, 0xFF, 0xF3, 0xFF, 0xFF, 0xDF, 0xFF, 0xFF, 0x7C, 0x78,
    0x03, 0xE1, 0xE0, 0xE7, 0x8F, 0xC7, 0xDF, 0xFF, 0xFE, 0x7F, 0xDF, 0xF8, 0xFE, 0x3F, 0x80, 0x0F,
    0xE0, 0x7F, 0xE3, 0xFF, 0x9F, 0x9F, 0x7C, 0x3D, 0xE0, 0x07, 0x80, 0x1E, 0x00, 0x78, 0x21, 0xF0,
    0xF7, 0xE7, 0xCF, 0xFE, 0x1F, 0xF8, 0x3F, 0x80, 0x38, 0x00, 0xF8, 0x00, 0xE0, 0x0F, 0x80, 0x3E,
    0x00, 0xE0, 0x0F, 0x00, 0x3C, 0x00, 0x78, 0x01, 0xE0, 0x00, 0x00, 0x00, 0x00, 0xFE, 0x07, 0xFC,
    0x3F, 0xF9, 0xF1, 0xF7, 0x83, 0xDF, 0xFF, 0x7F, 0xFD, 0xFF, 0xF7, 0x80, 0x1E, 0x0C, 0x7E, 0x7C,
    0xFF, 0xF1, 0xFF, 0x83, 0xF8, 0x01, 0xE0, 0x07, 0x80, 0x3C, 0x00, 0xE0, 0x00, 0x00, 0x00, 0x00,
    0xFE, 0x07, 0xFC, 0x3F, 0xF9, 0xF1, 0xF7, 0x83, 0xDF, 0xFF, 0x7F, 0xFD, 0xFF, 0xF7, 0x80, 0x1E,
    0x0C, 0x7E, 0x7C, 0xFF, 0xF1, 0xFF, 0x83, 0xF8, 0x03, 0x80, 0x1F, 0x00, 0xFE, 0x0F, 0xBC, 0x00,
    0x00, 0x00, 0x00, 0xFE, 0x07, 0xFC, 0x3F, 0xF9, 0xF1, 0xF7, 0x83, 0xDF, 0xFF, 0x7F, 0xFD, 0xFF,
    0xF7, 0x80, 0x1E, 0x0C, 0x7E, 0x7C, 0xFF, 0xF1, 0xFF, 0x83, 0xF8, 0x1C, 0x70, 0x7B, 0xC1, 0xEF,
    0x07, 0x1C, 0x00, 0x00, 0x00, 0x00, 0xFE, 0x07, 0xFC, 0x3F, 0xF9, 0xF1, 0xF7, 0x83, 0xDF, 0xFF,
    0x7F, 0xFD, 0xFF, 0xF7, 0x80, 0x1E, 0x0C, 0x7E, 0x7C, 0xFF, 0xF1, 0xFF, 0x83, 0xF8, 0x78, 0xF0,
    0xE1, 0xE0, 0x00, 0x0F, 0x9F, 0x3E, 0x7C, 0xF9, 0xF3, 0xE7, 0xCF, 0x9F, 0x3E, 0x7C, 0xF9, 0xF0,
    0x3C, 0x79, 0xE3, 0x80, 0x00, 0x3E, 0x7C, 0xF9, 0xF3, 0xE7, 0xCF, 0x9F, 0x3E, 0x7C, 0xF9, 0xF3,
    0xE7, 0xC0, 0x1E, 0x07, 0xE1, 0xFE, 0x7D, 0xE0, 0x00, 0x00, 0x07, 0xC0, 0xF8, 0x1F, 0x03, 0xE0,
    0x7C, 0x0F, 0x81, 0xF0, 0x3E, 0x07, 0xC0, 0xF8, 0x1F, 0x03, 0xE0, 0x7C, 0x0F, 0x80, 0x73, 0xDE,
    0xF7, 0xBD, 0xCF, 0x00, 0x00, 0x01, 0xF0, 0x7C, 0x1F, 0x07, 0xC1, 0xF0, 0x7C, 0x1F, 0x07, 0xC1,
    0xF0, 0x7C, 0x1F, 0x07, 0xC1, 0xF0, 0x7C, 0x18, 0x00, 0x79, 0xC1, 0xFF, 0x01, 0xF0, 0x1F, 0xE0,
    0x77, 0xC1, 0x8F, 0x83, 0xFE, 0x3F, 0xFC, 0xFF, 0xF7, 0xC7, 0xDE, 0x0F, 0x78, 0x3D, 0xE0, 0xF7,
    0x83, 0xDE, 0x0F, 0x7C, 0x7C, 0xFF, 0xE1, 0xFF, 0x03, 0xF8, 0x00, 0x00, 0xFF, 0x0F, 0xF8, 0x77,
    0x80, 0x00, 0x00, 0x03, 0xDF, 0x9F, 0xFE, 0xFF, 0xFF, 0xE7, 0xFE, 0x1F, 0xF0, 0xFF, 0x87, 0xFC,
    0x3F, 0xE1, 0xFF, 0x0F, 0xF8, 0x7F, 0xC3, 0xFE, 0x1F, 0xF0, 0xF0, 0x0F, 0x00, 0x1E, 0x00, 0x1E,
    0x00, 0x1C, 0x00, 0x00, 0x00, 0x00, 0x03, 0xF8, 0x0F, 0xFC, 0x3F, 0xF8, 0xFC, 0xF9, 0xF0, 0xF3,
    0xC1, 0xF7, 0x83, 0xEF, 0x07, 0xDE, 0x0F, 0xBE, 0x1E, 0x7E, 0x7C, 0x7F, 0xF0, 0x7F, 0xE0, 0x7F,
    0x00, 0x01, 0xF0, 0x03, 0xC0, 0x07, 0x00, 0x1E, 0x00, 0x00, 0x00, 0x00, 0x03, 0xF8, 0x0F, 0xFC,
    0x3F, 0xF8, 0xFC, 0xF9, 0xF0, 0xF3, 0xC1, 0xF7, 0x83, 0xEF, 0x07, 0xDE, 0x0F, 0xBE, 0x1E, 0x7E,
    0x7C, 0x7F, 0xF0, 0x7F, 0xE0, 0x7F, 0x00, 0x03, 0xC0, 0x0F, 0xC0, 0x3F, 0xC0, 0xF7, 0xC0, 0x00,
    0x00, 0x00, 0x03, 0xF8, 0x0F, 0xFC, 0x3F, 0xF8, 0xFC, 0xF9, 0xF0, 0xF3, 0xC1, 0xF7, 0x83, 0xEF,
    0x07, 0xDE, 0x0F, 0xBE, 0x1E, 0x7E, 0x7C, 0x7F, 0xF0, 0x7F, 0xE0, 0x7F, 0x00, 0x00, 0x00, 0x1F,
    0xE0, 0x7F, 0xC0, 0xEF, 0x00, 0x00, 0x00, 0x00, 0x03, 0xF8, 0x0F, 0xFC, 0x3F, 0xF8, 0xFC, 0xF9,
    0xF0, 0xF3, 0xC1, 0xF7, 0x83, 0xEF, 0x07, 0xDE, 0x0F, 0xBE, 0x1E, 0x7E, 0x7C, 0x7F, 0xF0, 0x7F,
    0xE0, 0x7F, 0x00, 0x1E, 0x70, 0x3D, 0xE0, 0x7B, 0xC0, 0xF3, 0x80, 0x00, 0x00, 0x00, 0x03, 0xF8,
    0x0F, 0xFC, 0x3F, 0xF8, 0xFC, 0xF9, 0xF0, 0xF3, 0xC1, 0xF7, 0x83, 0xEF, 0x07, 0xDE, 0x0F, 0xBE,
    0x1E, 0x7E, 0x7C, 0x7F, 0xF0, 0x7F, 0xE0, 0x7F, 0x00, 0x07, 0x00, 0x7C, 0x03, 0xE0, 0x0E, 0x00,
    0x00, 0x7F, 0xFF, 0xFF, 0xFF, 0xFF, 0x00, 0x00, 0x00, 0x01, 0xC0, 0x1F, 0x00, 0xF8, 0x03, 0x80,
    0x00, 0x00, 0x1F, 0xD8, 0x7F, 0xF1, 0xFF, 0xE7, 0xE7, 0xCF, 0x9F, 0x9E, 0x3F, 0xBC, 0xFF, 0x7B,
    0xBE, 0xFE, 0x7D, 0xF8, 0xF3, 0xF3, 0xE3, 0xFF, 0x8F, 0xFF, 0x1F, 0xF8, 0x10, 0x00, 0x1E, 0x00,
    0x38, 0x00, 0xF0, 0x01, 0xC0, 0x00, 0x00, 0x00, 0x0F, 0x87, 0xBE, 0x1E, 0xF8, 0x7B, 0xE1, 0xEF,
    0x87, 0xBE, 0x1E, 0xF8, 0x7B, 0xE1, 0xEF, 0x87, 0xBE, 0x1E, 0xFC, 0xF9, 0xFF, 0xE7, 0xFF, 0x8F,
    0xDE, 0x01, 0xE0, 0x0F, 0x00, 0x38, 0x01, 0xE0, 0x00, 0x00, 0x00, 0x0F, 0x87, 0xBE, 0x1E, 0xF8,
    0x7B, 0xE1, 0xEF, 0x87, 0xBE, 0x1E, 0xF8, 0x7B, 0xE1, 0xEF, 0x87, 0xBE, 0x1E, 0xFC, 0xF9, 0xFF,
    0xE7, 0xFF, 0x8F, 0xDE, 0x07, 0x80, 0x3F, 0x01, 0xFE, 0x0F, 0x3C, 0x00, 0x00, 0x00, 0x0F, 0x87,
    0xBE, 0x1E, 0xF8, 0x7B, 0xE1, 0xEF, 0x87, 0xBE, 0x1E, 0xF8, 0x7B, 0xE1, 0xEF, 0x87, 0xBE, 0x1E,
    0xFC, 0xF9, 0xFF, 0xE7, 0xFF, 0x8F, 0xDE, 0x3C, 0xE0, 0xF7, 0xC3, 0xDF, 0x0F, 0x38, 0x00, 0x00,
    0x00, 0x0F, 0x87, 0xBE, 0x1E, 0xF8, 0x7B, 0xE1, 0xEF, 0x87, 0xBE, 0x1E, 0xF8, 0x7B, 0xE1, 0xEF,
    0x87, 0xBE, 0x1E, 0xFC, 0xF9, 0xFF, 0xE7, 0xFF, 0x8F, 0xDE, 0x01, 0xE0, 0x03, 0xC0, 0x0F, 0x00,
    0x1E, 0x00, 0x00, 0x00, 0x00, 0x3E, 0x0F, 0xBC, 0x1E, 0x78, 0x3C, 0xF8, 0xF8, 0xF1, 0xE1, 0xE3,
    0xC3, 0xEF, 0x83, 0xDE, 0x07, 0xBC, 0x07, 0xF0, 0x0F, 0xE0, 0x1F, 0xC0, 0x1F, 0x00, 0x3E, 0x00,
    0x7C, 0x00, 0xF0, 0x0F, 0xE0, 0x3F, 0x80, 0x7E, 0x00, 0xF8, 0x03, 0xE0, 0x0F, 0x80, 0x3E, 0x00,
    0xFF, 0xE3, 0xFF, 0xCF, 0xFF, 0xBF, 0x3E, 0xF8, 0x7F, 0xE1, 0xFF, 0x83, 0xFE, 0x0F, 0xF8, 0x7F,
    0xE1, 0xFF, 0xCF, 0xFF, 0xFE, 0xFF, 0xF3, 0xFF, 0x8F, 0x80, 0x3E, 0x00, 0xF8, 0x03, 0xE0, 0x0F,
    0x80, 0x00, 0x1C, 0x70, 0x3D, 0xE0, 0x7B, 0xC0, 0xE3, 0x80, 0x00, 0x00, 0x00, 0x3E, 0x0F, 0xBC,
    0x1E, 0x78, 0x3C, 0xF8, 0xF8, 0xF1, 0xE1, 0xE3, 0xC3, 0xEF, 0x83, 0xDE, 0x07, 0xBC, 0x07, 0xF0,
    0x0F, 0xE0, 0x1F, 0xC0, 0x1F, 0x00, 0x3E, 0x00, 0x7C, 0x00, 0xF0, 0x0F, 0xE0, 0x3F, 0x80, 0x7E,
    0x00, 0x07, 0xF8, 0x00, 0xFF, 0x00, 0x1F, 0xE0, 0x00, 0x00, 0x00, 0x00, 0x00, 0x00, 0x00, 0x00,
    0xFC, 0x00, 0x1F, 0xC0, 0x03, 0xF8, 0x00, 0xFF, 0x00, 0x1F, 0xF0, 0x03, 0xDE, 0x00, 0xFB, 0xC0,
    0x1E, 0x7C, 0x07, 0xCF, 0x80, 0xF8, 0xF0, 0x1F, 0x1F, 0x07, 0xFF, 0xE0, 0xFF, 0xFC, 0x1F, 0xFF,
    0xC7, 0xC0, 0xF8, 0xF8, 0x0F, 0x9F, 0x01, 0xF7, 0xC0, 0x3E, 0x1F, 0xE0, 0xFF, 0x07, 0xF8, 0x00,
    0x00, 0x00, 0x07, 0xF0, 0xFF, 0xCF, 0xFF, 0x7C, 0xF9, 0xC3, 0xC0, 0x7E, 0x3F, 0xF7, 0xFF, 0xBE,
    0x3D, 0xE1, 0xFF, 0x1F, 0x7F, 0xFB, 0xFF, 0xCF, 0xDE, 0x07, 0x1C, 0x00, 0xF7, 0x80, 0x0F, 0xE0,
    0x00, 0xF8, 0x00, 0x00, 0x00, 0x00, 0x00, 0x00, 0x00, 0x00, 0x1F, 0x80, 0x03, 0xF8, 0x00, 0x7F,
    0x00, 0x1F, 0xE0, 0x03, 0xFE, 0x00, 0x7B, 0xC0, 0x1F, 0x78, 0x03, 0xCF, 0x80, 0xF9, 0xF0, 0x1F,
    0x1E, 0x03, 0xE3, 0xE0, 0xFF, 0xFC, 0x1F, 0xFF, 0x83, 0xFF, 0xF8, 0xF8, 0x1F, 0x1F, 0x01, 0xF3,
    0xE0, 0x3E, 0xF8, 0x07, 0xC0, 0x1C, 0x70, 0xF7, 0x07, 0xF8, 0x1F, 0x80, 0x00, 0x00, 0x00, 0x3F,
    0x87, 0xFE, 0x7F, 0xFB, 0xE7, 0xCE, 0x1E, 0x03, 0xF1, 0xFF, 0xBF, 0xFD, 0xF1, 0xEF, 0x0F, 0xF8,
    0xFB, 0xFF, 0xDF, 0xFE, 0x7E, 0xF0, 0x03, 0xF0, 0x00, 0x7F, 0x00, 0x0F, 0xE0, 0x03, 0xFC, 0x00,
    0x7F, 0xC0, 0x0F, 0x78, 0x03, 0xEF, 0x00, 0x79, 0xF0, 0x1F, 0x3E, 0x03, 0xE3, 0xC0, 0x7C, 0x7C,
    0x1F, 0xFF, 0x83, 0xFF, 0xF0, 0x7F, 0xFF, 0x1F, 0x03, 0xE3, 0xE0, 0x3E, 0x7C, 0x07, 0xDF, 0x00,
    0xF8, 0x00, 0x1E, 0x00, 0x07, 0xC0, 0x00, 0xFC, 0x00, 0x0F, 0xC0, 0x01, 0xF8, 0x0F, 0xE0, 0xFF,
    0xC7, 0xFF, 0x9F, 0x3E, 0x38, 0x78, 0x07, 0xE1, 0xFF, 0x9F, 0xFE, 0x7C, 0x79, 0xE1, 0xEF, 0x8F,
    0x9F, 0xFE, 0x7F, 0xF8, 0xFD, 0xE0, 0x0F, 0x00, 0x38, 0x01, 0xF8, 0x03, 0xF0, 0x0F, 0xC0, 0x00,
    0xF0, 0x00, 0x78, 0x00, 0x38, 0x00, 0x3C, 0x00, 0x00, 0x00, 0x00, 0x00, 0x00, 0x00, 0x0F, 0xF0,
    0x1F, 0xFC, 0x1F, 0xFF, 0x1F, 0x8F, 0xCF, 0x83, 0xEF, 0x80, 0xFF, 0xC0, 0x03, 0xC0, 0x01, 0xE0,
    0x00, 0xF0, 0x00, 0x78, 0x00, 0x3E, 0x00, 0x1F, 0x01, 0xF7, 0xC1, 0xF3, 0xF1, 0xF8, 0xFF, 0xF8,
    0x3F, 0xF8, 0x07, 0xF8, 0x00, 0x01, 0xF0, 0x07, 0x80, 0x1C, 0x00, 0xF0, 0x00, 0x00, 0x00, 0x00,
    0xFE, 0x07, 0xFE, 0x3F, 0xF9, 0xF9, 0xF7, 0xC3, 0xDE, 0x00, 0x78, 0x01, 0xE0, 0x07, 0x82, 0x1F,
    0x0F, 0x7E, 0x7C, 0xFF, 0xE1, 0xFF, 0x83, 0xF8, 0x01, 0xE0, 0x01, 0xF8, 0x01, 0xFE, 0x01, 0xEF,
    0x80, 0x00, 0x00, 0x00, 0x00, 0x00, 0x00, 0x0F, 0xF0, 0x1F, 0xFC, 0x1F, 0xFF, 0x1F, 0x8F, 0xCF,
    0x83, 0xEF, 0x80, 0xFF, 0xC0, 0x03, 0xC0, 0x01, 0xE0, 0x00, 0xF0, 0x00, 0x78, 0x00, 0x3E, 0x00,
    0x1F, 0x01, 0xF7, 0xC1, 0xF3, 0xF1, 0xF8, 0xFF, 0xF8, 0x3F, 0xF8, 0x07, 0xF8, 0x00, 0x03, 0xC0,
    0x1F, 0x80, 0xFF, 0x07, 0xBE, 0x00, 0x00, 0x00, 0x00, 0xFE, 0x07, 0xFE, 0x3F, 0xF9, 0xF9, 0xF7,
    0xC3, 0xDE, 0x00, 0x78, 0x01, 0xE0, 0x07, 0x82, 0x1F, 0x0F, 0x7E, 0x7C, 0xFF, 0xE1, 0xFF, 0x83,
    0xF8, 0x01, 0xC0, 0x01, 0xF0, 0x00, 0xF8, 0x00, 0x38, 0x00, 0x00, 0x00, 0x00, 0x00, 0x00, 0x00,
    0x0F, 0xF0, 0x1F, 0xFC, 0x1F, 0xFF, 0x1F, 0x8F, 0xCF, 0x83, 0xEF, 0x80, 0xFF, 0xC0, 0x03, 0xC0,
    0x01, 0xE0, 0x00, 0xF0, 0x00, 0x78, 0x00, 0x3E, 0x00, 0x1F, 0x01, 0xF7, 0xC1, 0xF3, 0xF1, 0xF8,
    0xFF, 0xF8, 0x3F, 0xF8, 0x07, 0xF8, 0x00, 0x03, 0x80, 0x1F, 0x00, 0x7C, 0x00, 0xE0, 0x00, 0x00,
    0x00, 0x00, 0xFE, 0x07, 0xFE, 0x3F, 0xF9, 0xF9, 0xF7, 0xC3, 0xDE, 0x00, 0x78, 0x01, 0xE0, 0x07,
    0x82, 0x1F, 0x0F, 0x7E, 0x7C, 0xFF, 0xE1, 0xFF, 0x83, 0xF8, 0x0E, 0x3C, 0x07, 0xBC, 0x01, 0xFC,
    0x00, 0x7C, 0x00, 0x00, 0x00, 0x00, 0x00, 0x00, 0x00, 0x0F, 0xF0, 0x1F, 0xFC, 0x1F, 0xFF, 0x1F,
    0x8F, 0xCF, 0x83, 0xEF, 0x80, 0xFF, 0xC0, 0x03, 0xC0, 0x01, 0xE0, 0x00, 0xF0, 0x00, 0x78, 0x00,
    0x3E, 0x00, 0x1F, 0x01, 0xF7, 0xC1, 0xF3, 0xF1, 0xF8, 0xFF, 0xF8, 0x3F, 0xF8, 0x07, 0xF8, 0x00,
    0x1C, 0x78, 0x7B, 0xC0, 0xFE, 0x01, 0xF0, 0x00, 0x00, 0x00, 0x00, 0xFE, 0x07, 0xFE, 0x3F, 0xF9,
    0xF9, 0xF7, 0xC3, 0xDE, 0x00, 0x78, 0x01, 0xE0, 0x07, 0x82, 0x1F, 0x0F, 0x7E, 0x7C, 0xFF, 0xE1,
    0xFF, 0x83, 0xF8, 0x78, 0xE0, 0x3D, 0xE0, 0x1F, 0xC0, 0x0F, 0x80, 0x00, 0x00, 0x00, 0x00, 0x00,
    0x00, 0xFF, 0xE0, 0xFF, 0xF8, 0xFF, 0xFC, 0xF8, 0x7E, 0xF8, 0x3E, 0xF8, 0x1F, 0xF8, 0x0F, 0xF8,
    0x0F, 0xF8, 0x0F, 0xF8, 0x0F, 0xF8, 0x0F, 0xF8, 0x0F, 0xF8, 0x1F, 0xF8, 0x3E, 0xF8, 0x7E, 0xFF,
    0xFC, 0xFF, 0xF8, 0xFF, 0xE0, 0x00, 0x01, 0xE0, 0x00, 0x3C, 0x00, 0xFF, 0x80, 0x1F, 0xE0, 0x03,
    0xFC, 0x00, 0x7C, 0x03, 0xEF, 0x81, 0xFF, 0xF0, 0x3F, 0xFE, 0x0F, 0xCF, 0xC1, 0xF0, 0xF8, 0x3C,
    0x1F, 0x07, 0x83, 0xE0, 0xF0, 0x7C, 0x1E, 0x0F, 0x83, 0xE1, 0xF0, 0x7E, 0x7E, 0x07, 0xFF, 0xC0,
    0xFF, 0xF8, 0x07, 0xDF, 0x00, 0x3F, 0xF8, 0x0F, 0xFF, 0x83, 0xFF, 0xF0, 0xF8, 0x7E, 0x3E, 0x0F,
    0x8F, 0x81, 0xF3, 0xE0, 0x7F, 0xFF, 0x8F, 0xFF, 0xE3, 0xFF, 0xF8, 0xF3, 0xE0, 0x3C, 0xF8, 0x1F,
    0x3E, 0x07, 0xCF, 0x83, 0xE3, 0xE1, 0xF8, 0xFF, 0xFC, 0x3F, 0xFE, 0x0F, 0xFE, 0x00, 0x01, 0xFE,
    0x01, 0xFF, 0x01, 0xFF, 0x00, 0x3E, 0x0F, 0xBE, 0x3F, 0xFE, 0x3F, 0xFE, 0x7E, 0x7E, 0x7C, 0x3E,
    0x78, 0x3E, 0x78, 0x3E, 0x78, 0x3E, 0x78, 0x3E, 0x7C, 0x3E, 0x7E, 0x7E, 0x3F, 0xFE, 0x3F, 0xFE,
    0x0F, 0xBE, 0x1F, 0xE0, 0xFF, 0x07, 0xF8, 0x00, 0x00, 0x00, 0x00, 0x03, 0xFF, 0xFF, 0xFF, 0xFF,
    0xFF, 0xC0, 0x3E, 0x01, 0xF0, 0x0F, 0x80, 0x7F, 0xFF, 0xFF, 0xFF, 0xFF, 0xF8, 0x07, 0xC0, 0x3E,
    0x01, 0xF0, 0x0F, 0x80, 0x7F, 0xFF, 0xFF, 0xFF, 0xFF, 0x0F, 0xE0, 0x3F, 0x80, 0xFE, 0x00, 0x00,
    0x00, 0x00, 0x3F, 0x81, 0xFF, 0x0F, 0xFE, 0x7C, 0x7D, 0xE0, 0xF7, 0xFF, 0xDF, 0xFF, 0x7F, 0xFD,
    0xE0, 0x07, 0x83, 0x1F, 0x9F, 0x3F, 0xFC, 0x7F, 0xE0, 0xFE, 0x00, 0x38, 0xE1, 0xEF, 0x07, 0xF8,
    0x1F, 0x00, 0x00, 0x00, 0x00, 0x00, 0x1F, 0xFF, 0xFF, 0xFF, 0xFF, 0xFE, 0x01, 0xF0, 0x0F, 0x80,
    0x7C, 0x03, 0xFF, 0xFF, 0xFF, 0xFF, 0xFF, 0xC0, 0x3E, 0x01, 0xF0, 0x0F, 0x80, 0x7C, 0x03, 0xFF,
    0xFF, 0xFF, 0xFF, 0xF8, 0x1C, 0x70, 0x7B, 0xC0, 0xFE, 0x01, 0xF0, 0x00, 0x00, 0x00, 0x00, 0xFE,
    0x07, 0xFC, 0x3F, 0xF9, 0xF1, 0xF7, 0x83, 0xDF, 0xFF, 0x7F, 0xFD, 0xFF, 0xF7, 0x80, 0x1E, 0x0C,
    0x7E, 0x7C, 0xFF, 0xF1, 0xFF, 0x83, 0xF8, 0x07, 0x80, 0x7C, 0x03, 0xE0, 0x0F, 0x00, 0x00, 0x00,
    0x00, 0x00, 0x1F, 0xFF, 0xFF, 0xFF, 0xFF, 0xFE, 0x01, 0xF0, 0x0F, 0x80, 0x7C, 0x03, 0xFF, 0xFF,
    0xFF, 0xFF, 0xFF, 0xC0, 0x3E, 0x01, 0xF0, 0x0F, 0x80, 0x7C, 0x03, 0xFF, 0xFF, 0xFF, 0xFF, 0xF8,
    0x03, 0x80, 0x1F, 0x00, 0x7C, 0x00, 0xE0, 0x00, 0x00, 0x00, 0x00, 0xFE, 0x07, 0xFC, 0x3F, 0xF9,
    0xF1, 0xF7, 0x83, 0xDF, 0xFF, 0x7F, 0xFD, 0xFF, 0xF7, 0x80, 0x1E, 0x0C, 0x7E, 0x7C, 0xFF, 0xF1,
    0xFF, 0x83, 0xF8, 0xFF, 0xFB, 0xFF, 0xEF, 0xFF, 0xBE, 0x00, 0xF8, 0x03, 0xE0, 0x0F, 0x80, 0x3F,
    0xFE, 0xFF, 0xFB, 0xFF, 0xEF, 0x80, 0x3E, 0x00, 0xF8, 0x03, 0xE0, 0x0F, 0x80, 0x3F, 0xFE, 0xFF,
    0xFB, 0xFF, 0xE0, 0x0F, 0x00, 0x78, 0x01, 0xF8, 0x03, 0xE0, 0x0F, 0xC0, 0x0F, 0xE0, 0x7F, 0xC3,
    0xFF, 0x9F, 0x1F, 0x78, 0x3D, 0xFF, 0xF7, 0xFF, 0xDF, 0xFF, 0x78, 0x01, 0xE0, 0xC7, 0xE7, 0xCF,
    0xFF, 0x1F, 0xF8, 0x3F, 0xE0, 0x0F, 0x00, 0x3C, 0x00, 0xF8, 0x03, 0xF0, 0x0F, 0xC0, 0x38, 0xF1,
    0xEF, 0x07, 0xF0, 0x1F, 0x00, 0x00, 0x00, 0x00, 0x00, 0x1F, 0xFF, 0xFF, 0xFF, 0xFF, 0xFE, 0x01,
    0xF0, 0x0F, 0x80, 0x7C, 0x03, 0xFF, 0xFF, 0xFF, 0xFF, 0xFF, 0xC0, 0x3E, 0x01, 0xF0, 0x0F, 0x80,
    0x7C, 0x03, 0xFF, 0xFF, 0xFF, 0xFF, 0xF8, 0x1C, 0x70, 0x7B, 0xC0, 0xFE, 0x01, 0xF0, 0x00, 0x00,
    0x00, 0x00, 0xFE, 0x07, 0xFC, 0x3F, 0xF9, 0xF1, 0xF7, 0x83, 0xDF, 0xFF, 0x7F, 0xFD, 0xFF, 0xF7,
    0x80, 0x1E, 0x0C, 0x7E, 0x7C, 0xFF, 0xF1, 0xFF, 0x83, 0xF8, 0x01, 0xC0, 0x01, 0xF0, 0x01, 0xFC,
    0x01, 0xEF, 0x00, 0x00, 0x00, 0x00, 0x00, 0x00, 0x00, 0x0F, 0xF0, 0x1F, 0xFC, 0x1F, 0xFF, 0x1F,
    0x8F, 0xCF, 0x81, 0xEF, 0x80, 0xFF, 0xC0, 0x03, 0xC0, 0x01, 0xE0, 0xFF, 0xF0, 0x7F, 0xF8, 0x3F,
    0xFE, 0x01, 0xFF, 0x01, 0xF7, 0xC0, 0xF3, 0xF1, 0xF8, 0xFF, 0xF8, 0x3F, 0xF8, 0x07, 0xF8, 0x00,
    0x03, 0xC0, 0x0F, 0xC0, 0x3F, 0xC0, 0xF7, 0xC0, 0x00, 0x00, 0x00, 0x03, 0xEF, 0x9F, 0xFF, 0x3F,
    0xFE, 0xFC, 0xFD, 0xF0, 0xFB, 0xC1, 0xF7, 0x83, 0xEF, 0x07, 0xDE, 0x0F, 0xBE, 0x1F, 0x7E, 0x7E,
    0x7F, 0xFC, 0xFF, 0xF8, 0xFD, 0xF0, 0x03, 0xCF, 0x8F, 0x9F, 0xFF, 0x1F, 0xFC, 0x0F, 0xF0, 0x0E,
    0x38, 0x07, 0xBC, 0x01, 0xFC, 0x00, 0x7C, 0x00, 0x00, 0x00, 0x00, 0x00, 0x00, 0x00, 0x0F, 0xF0,
    0x1F, 0xFC, 0x1F, 0xFF, 0x1F, 0x8F, 0xCF, 0x81, 0xEF, 0x80, 0xFF, 0xC0, 0x03, 0xC0, 0x01, 0xE0,
    0xFF, 0xF0, 0x7F, 0xF8, 0x3F, 0xFE, 0x01, 0xFF, 0x01, 0xF7, 0xC0, 0xF3, 0xF1, 0xF8, 0xFF, 0xF8,
    0x3F, 0xF8, 0x07, 0xF8, 0x00, 0x1C, 0x70, 0x3D, 0xE0, 0x3F, 0x80, 0x3E, 0x00, 0x00, 0x00, 0x00,
    0x03, 0xEF, 0x9F, 0xFF, 0x3F, 0xFE, 0xFC, 0xFD, 0xF0, 0xFB, 0xC1, 0xF7, 0x83, 0xEF, 0x07, 0xDE,
    0x0F, 0xBE, 0x1F, 0x7E, 0x7E, 0x7F, 0xFC, 0xFF, 0xF8, 0xFD, 0xF0, 0x03, 0xCF, 0x8F, 0x9F, 0xFF,
    0x1F, 0xFC, 0x0F, 0xF0, 0x01, 0xC0, 0x01, 0xF0, 0x00, 0xF8, 0x00, 0x38, 0x00, 0x00, 0x00, 0x00,
    0x00, 0x00, 0x00, 0x0F, 0xF0, 0x1F, 0xFC, 0x1F, 0xFF, 0x1F, 0x8F, 0xCF, 0x81, 0xEF, 0x80, 0xFF,
    0xC0, 0x03, 0xC0, 0x01, 0xE0, 0xFF, 0xF0, 0x7F, 0xF8, 0x3F, 0xFE, 0x01, 0xFF, 0x01, 0xF7, 0xC0,
    0xF3, 0xF1, 0xF8, 0xFF, 0xF8, 0x3F, 0xF8, 0x07, 0xF8, 0x00, 0x03, 0x80, 0x0F, 0x80, 0x1F, 0x00,
    0x1C, 0x00, 0x00, 0x00, 0x00, 0x03, 0xEF, 0x9F, 0xFF, 0x3F, 0xFE, 0xFC, 0xFD, 0xF0, 0xFB, 0xC1,
    0xF7, 0x83, 0xEF, 0x07, 0xDE, 0x0F, 0xBE, 0x1F, 0x7E, 0x7E, 0x7F, 0xFC, 0xFF, 0xF8, 0xFD, 0xF0,
    0x03, 0xCF, 0x8F, 0x9F, 0xFF, 0x1F, 0xFC, 0x0F, 0xF0, 0x07, 0xF8, 0x0F, 0xFE, 0x0F, 0xFF, 0x8F,
    0xC7, 0xE7, 0xC0, 0xF7, 0xC0, 0x7F, 0xE0, 0x01, 0xE0, 0x00, 0xF0, 0x7F, 0xF8, 0x3F, 0xFC, 0x1F,
    0xFF, 0x00, 0xFF, 0x80, 0xFB, 0xE0, 0x79, 0xF8, 0xFC, 0x7F, 0xFC, 0x1F, 0xFC, 0x03, 0xFC, 0x00,
    0x00, 0x00, 0x00, 0x00, 0x3C, 0x00, 0x1E, 0x00, 0x0E, 0x00, 0x0F, 0x00, 0x01, 0x80, 0x03, 0x80,
    0x0F, 0x00, 0x1C, 0x00, 0x38, 0x00, 0x70, 0x00, 0x00, 0x07, 0xDF, 0x3F, 0xFE, 0x7F, 0xFD, 0xF9,
    0xFB, 0xE1, 0xF7, 0x83, 0xEF, 0x07, 0xDE, 0x0F, 0xBC, 0x1F, 0x7C, 0x3E, 0xFC, 0xFC, 0xFF, 0xF9,
    0xFF, 0xF1, 0xFB, 0xE0, 0x07, 0x9F, 0x1F, 0x3F, 0xFE, 0x3F, 0xF8, 0x1F, 0xE0, 0x03, 0xC0, 0x03,
    0xF0, 0x03, 0xFC, 0x03, 0xEF, 0x00, 0x00, 0x00, 0x00, 0x00, 0x00, 0x01, 0xF0, 0x1E, 0xF8, 0x0F,
    0x7C, 0x07, 0xBE, 0x03, 0xDF, 0x01, 0xEF, 0x80, 0xF7, 0xC0, 0x7B, 0xFF, 0xFD, 0xFF, 0xFE, 0xFF,
    0xFF, 0x7C, 0x07, 0xBE, 0x03, 0xDF, 0x01, 0xEF, 0x80, 0xF7, 0xC0, 0x7B, 0xE0, 0x3D, 0xF0, 0x1E,
    0xF8, 0x0F, 0x00, 0x1E, 0x00, 0x1F, 0x80, 0x1F, 0xE0, 0x1F, 0x78, 0x00, 0x00, 0x00, 0x00, 0x00,
    0x00, 0x00, 0x3E, 0x00, 0x1F, 0x00, 0x0F, 0x80, 0x07, 0xC0, 0x03, 0xFF, 0x81, 0xFF, 0xE0, 0xFF,
    0xF8, 0x7E, 0x7C, 0x3E, 0x1E, 0x1F, 0x0F, 0x0F, 0x87, 0x87, 0xC3, 0xC3, 0xE1, 0xE1, 0xF0, 0xF0,
    0xF8, 0x78, 0x7C, 0x3C, 0x3E, 0x1E, 0x1F, 0x0F, 0x00, 0x3E, 0x03, 0xC3, 0xE0, 0x3C, 0x7F, 0xFF,
    0xE7, 0xFF, 0xFF, 0x7F, 0xFF, 0xF3, 0xE0, 0x3C, 0x3E, 0x03, 0xC3, 0xFF, 0xFC, 0x3F, 0xFF, 0xC3,
    0xFF, 0xFC, 0x3E, 0x03, 0xC3, 0xE0, 0x3C, 0x3E, 0x03, 0xC3, 0xE0, 0x3C, 0x3E, 0x03, 0xC3, 0xE0,
    0x3C, 0x3E, 0x03, 0xC3, 0xE0, 0x3C, 0x7F, 0x80, 0x7F, 0xC0, 0x7F, 0xC0, 0x3E, 0x00, 0x3F, 0xF8,
    0x3F, 0xFC, 0x3F, 0xFE, 0x3F, 0x3E, 0x3E, 0x1E, 0x3E, 0x1E, 0x3E, 0x1E, 0x3E, 0x1E, 0x3E, 0x1E,
    0x3E, 0x1E, 0x3E, 0x1E, 0x3E, 0x1E, 0x3E, 0x1E, 0x3E, 0x1E, 0x00, 0x3F, 0xFF, 0xFF, 0xE0, 0x00,
    0x00, 0x00, 0x7C, 0x3E, 0x1F, 0x0F, 0x87, 0xC3, 0xE1, 0xF0, 0xF8, 0x7C, 0x3E, 0x1F, 0x0F, 0x87,
    0xC3, 0xE1, 0xF0, 0xF8, 0x7C, 0x3E, 0x00, 0x00, 0x3F, 0xFF, 0xFF, 0xE0, 0x00, 0x00, 0xF8, 0x7C,
    0x3E, 0x1F, 0x0F, 0x87, 0xC3, 0xE1, 0xF0, 0xF8, 0x7C, 0x3E, 0x1F, 0x0F, 0x87, 0xC0, 0x7F, 0x3F,
    0x9F, 0xC0, 0x00, 0x00, 0x00, 0xF8, 0x7C, 0x3E, 0x1F, 0x0F, 0x87, 0xC3, 0xE1, 0xF0, 0xF8, 0x7C,
    0x3E, 0x1F, 0x0F, 0x87, 0xC3, 0xE1, 0xF0, 0xF8, 0x7C, 0xFF, 0xFF, 0xFF, 0x00, 0x00, 0x3E, 0x3E,
    0x3E, 0x3E, 0x3E, 0x3E, 0x3E, 0x3E, 0x3E, 0x3E, 0x3E, 0x3E, 0x3E, 0x3E, 0xE3, 0xFB, 0xDF, 0xC7,
    0xC0, 0x00, 0x00, 0x00, 0x7C, 0x3E, 0x1F, 0x0F, 0x87, 0xC3, 0xE1, 0xF0, 0xF8, 0x7C, 0x3E, 0x1F,
    0x0F, 0x87, 0xC3, 0xE1, 0xF0, 0xF8, 0x7C, 0x3E, 0x00, 0xE3, 0xFB, 0xDF, 0xC7, 0xC0, 0x00, 0x00,
    0xF8, 0x7C, 0x3E, 0x1F, 0x0F, 0x87, 0xC3, 0xE1, 0xF0, 0xF8, 0x7C, 0x3E, 0x1F, 0x0F, 0x87, 0xC0,
    0x7D, 0xF7, 0xDF, 0x7D, 0xF7, 0xDF, 0x7D, 0xF7, 0xDF, 0x7D, 0xF7, 0xDF, 0x7D, 0xFF, 0xBC, 0xFB,
    0xF7, 0xC0, 0x39, 0xF7, 0xCE, 0x00, 0x07, 0xDF, 0x7D, 0xF7, 0xDF, 0x7D, 0xF7, 0xDF, 0x7D, 0xF7,
    0xDF, 0xFB, 0xCF, 0xBF, 0x7C, 0x77, 0xFE, 0xE0, 0x00, 0x1F, 0xFF, 0xFF, 0xFF, 0xFF, 0xFF, 0xFF,
    0xFF, 0xFF, 0xFF, 0xFF, 0xF8, 0xFF, 0xFF, 0xFF, 0xFF, 0xFF, 0xFF, 0xFF, 0xFF, 0xFC, 0xF8, 0x01,
    0xFF, 0x00, 0x3F, 0xE0, 0x07, 0xFC, 0x00, 0xFF, 0x80, 0x1F, 0xF0, 0x03, 0xFE, 0x00, 0x7F, 0xC0,
    0x0F, 0xF8, 0x01, 0xFF, 0x00, 0x3F, 0xE0, 0x07, 0xFC, 0xF0, 0xFF, 0xBE, 0x1F, 0xF3, 0xC3, 0xFE,
    0x7C, 0xFF, 0xCF, 0xFF, 0xF8, 0xFF, 0xDF, 0x0F, 0xF0, 0x71, 0xEF, 0x9E, 0xF9, 0xE7, 0x1E, 0x00,
    0x00, 0x00, 0xF9, 0xEF, 0x9E, 0xF9, 0xEF, 0x9E, 0xF9, 0xEF, 0x9E, 0xF9, 0xEF, 0x9E, 0xF9, 0xEF,
    0x9E, 0xF9, 0xEF, 0x9E, 0xF9, 0xEF, 0x9E, 0x01, 0xE0, 0x1E, 0x07, 0xE0, 0x7E, 0x07, 0x80, 0x00,
    0x78, 0x00, 0x7E, 0x00, 0x7F, 0x80, 0x79, 0xE0, 0x00, 0x00, 0x00, 0x00, 0x00, 0x00, 0x00, 0xF0,
    0x00, 0x78, 0x00, 0x3C, 0x00, 0x1E, 0x00, 0x0F, 0x00, 0x07, 0x80, 0x03, 0xC0, 0x01, 0xE0, 0x00,
    0xF0, 0x00, 0x78, 0x00, 0x3C, 0x1E, 0x1E, 0x1F, 0x0F, 0x07, 0x87, 0x83, 0xE7, 0xC1, 0xFF, 0xE0,
    0x7F, 0xE0, 0x1F, 0xE0, 0x00, 0x1E, 0x07, 0xE1, 0xFE, 0x7D, 0xE0, 0x00, 0x00, 0x07, 0xC0, 0xF8,
    0x1F, 0x03, 0xE0, 0x7C, 0x0F, 0x81, 0xF0, 0x3E, 0x07, 0xC0, 0xF8, 0x1F, 0x03, 0xE0, 0x7C, 0x0F,
    0x81, 0xF0, 0x3E, 0x1F, 0x83, 0xF0, 0x7C, 0x00, 0xF8, 0x1F, 0x7C, 0x1F, 0x3E, 0x1F, 0x1F, 0x1F,
    0x8F, 0x9F, 0x87, 0xDF, 0x83, 0xEF, 0x81, 0xFF, 0x80, 0xFF, 0xC0, 0x7F, 0xF0, 0x3F, 0xFC, 0x1F,
    0xBE, 0x0F, 0x8F, 0x87, 0xC3, 0xE3, 0xE1, 0xF1, 0xF0, 0x7C, 0xF8, 0x1F, 0x7C, 0x0F, 0x80, 0x00,
    0x00, 0x00, 0x00, 0x3C, 0x00, 0x3C, 0x00, 0x1E, 0x00, 0x0E, 0x00, 0xF8, 0x03, 0xE0, 0x0F, 0x80,
    0x3E, 0x00, 0xF8, 0xFB, 0xE7, 0xCF, 0xBF, 0x3E, 0xF8, 0xFF, 0xC3, 0xFE, 0x0F, 0xF8, 0x3F, 0xE0,
    0xFF, 0xC3, 0xEF, 0x8F, 0xBE, 0x3E, 0x7C, 0xF8, 0xFB, 0xE3, 0xE0, 0x00, 0x00, 0x00, 0x0F, 0x00,
    0x3C, 0x00, 0xE0, 0x07, 0x80, 0xF8, 0xFF, 0xE3, 0xEF, 0x9F, 0x3E, 0x7C, 0xFB, 0xE3, 0xFF, 0x0F,
    0xF8, 0x3F, 0xE0, 0xFF, 0xC3, 0xFF, 0x0F, 0xBE, 0x3E, 0x7C, 0xF9, 0xFB, 0xE3, 0xE0, 0x3C, 0x01,
    0xE0, 0x1E, 0x00, 0xE0, 0x00, 0x00, 0x00, 0x00, 0x00, 0x1F, 0x00, 0xF8, 0x07, 0xC0, 0x3E, 0x01,
    0xF0, 0x0F, 0x80, 0x7C, 0x03, 0xE0, 0x1F, 0x00, 0xF8, 0x07, 0xC0, 0x3E, 0x01, 0xF0, 0x0F, 0x80,
    0x7C, 0x03, 0xFF, 0xFF, 0xFF, 0xFF, 0xF8, 0x3C, 0x79, 0xE3, 0x80, 0x00, 0x00, 0x7C, 0xF9, 0xF3,
    0xE7, 0xCF, 0x9F, 0x3E, 0x7C, 0xF9, 0xF3, 0xE7, 0xCF, 0x9F, 0x3E, 0x7C, 0xF8, 0xF8, 0x07, 0xC0,
    0x3E, 0x01, 0xF0, 0x0F, 0x80, 0x7C, 0x03, 0xE0, 0x1F, 0x00, 0xF8, 0x07, 0xC0, 0x3E, 0x01, 0xF0,
    0x0F, 0x80, 0x7C, 0x03, 0xE0, 0x1F, 0xFF, 0xFF, 0xFF, 0xFF, 0xC0, 0x00, 0x00, 0x00, 0xF0, 0x07,
    0x80, 0x38, 0x03, 0xC0, 0x7D, 0xF7, 0xDF, 0x7D, 0xF7, 0xDF, 0x7D, 0xF7, 0xDF, 0x7D, 0xF7, 0xDF,
    0x7D, 0xF0, 0x00, 0x79, 0xE7, 0x3C, 0x01, 0xC0, 0x0E, 0x3E, 0x71, 0xF3, 0x8F, 0x9C, 0x7C, 0x03,
    0xE0, 0x1F, 0x00, 0xF8, 0x07, 0xC0, 0x3E, 0x01, 0xF0, 0x0F, 0x80, 0x7C, 0x03, 0xE0, 0x1F, 0x00,
    0xF8, 0x07, 0xFF, 0xFF, 0xFF, 0xFF, 0xF0, 0x07, 0x83, 0xFF, 0xFF, 0xFF, 0xF7, 0xC3, 0xE1, 0xF0,
    0xF8, 0x7C, 0x3E, 0x1F, 0x0F, 0x87, 0xC3, 0xE1, 0xF0, 0xF8, 0x7C, 0x3E, 0x1F, 0x00, 0xF8, 0x07,
    0xC0, 0x3E, 0x01, 0xF0, 0x0F, 0xBC, 0x7D, 0xE3, 0xEF, 0x1F, 0x78, 0xF8, 0x07, 0xC0, 0x3E, 0x01,
    0xF0, 0x0F, 0x80, 0x7C, 0x03, 0xE0, 0x1F, 0xFF, 0xFF, 0xFF, 0xFF, 0xC0, 0xF8, 0x3E, 0x0F, 0x83,
    0xE0, 0xF8, 0x3E, 0x0F, 0x83, 0xEF, 0xFB, 0xFE, 0xFF, 0xBF, 0xE0, 0xF8, 0x3E, 0x0F, 0x83, 0xE0,
    0xF8, 0x3E, 0x00, 0x3E, 0x00, 0x7C, 0x00, 0xF8, 0x01, 0xF1, 0x03, 0xEE, 0x07, 0xFC, 0x0F, 0xF8,
    0x1F, 0xE0, 0x7F, 0x01, 0xFC, 0x03, 0xF8, 0x07, 0xF0, 0x0B, 0xE0, 0x07, 0xC0, 0x0F, 0x80, 0x1F,
    0xFF, 0x3F, 0xFE, 0x7F, 0xFC, 0x3E, 0x3E, 0x3E, 0x3E, 0x3F, 0x3F, 0x3F, 0x3F, 0xFE, 0xFE, 0xFE,
    0x3E, 0x3E, 0x3E, 0x3E, 0x3E, 0x3E, 0x3E, 0x00, 0xF0, 0x00, 0x78, 0x00, 0x78, 0x00, 0x38, 0x00,
    0x00, 0x00, 0x00, 0x00, 0x00, 0x01, 0xF8, 0x1F, 0xFC, 0x0F, 0xFF, 0x07, 0xFF, 0x83, 0xFF, 0xE1,
    0xFF, 0xF8, 0xFF, 0xFC, 0x7F, 0xFF, 0x3F, 0xF7, 0xDF, 0xFB, 0xEF, 0xFC, 0xFF, 0xFE, 0x3F, 0xFF,
    0x1F, 0xFF, 0x87, 0xFF, 0xC1, 0xFF, 0xE0, 0xFF, 0xF0, 0x3F, 0xF8, 0x0F, 0x80, 0x01, 0xE0, 0x1E,
    0x00, 0xE0, 0x0F, 0x00, 0x00, 0x00, 0x03, 0xDF, 0x9F, 0xFE, 0xFF, 0xFF, 0xE7, 0xFE, 0x1F, 0xF0,
    0xFF, 0x87, 0xFC, 0x3F, 0xE1, 0xFF, 0x0F, 0xF8, 0x7F, 0xC3, 0xFE, 0x1F, 0xF0, 0xF0, 0xFC, 0x0F,
    0xFE, 0x07, 0xFF, 0x83, 0xFF, 0xC1, 0xFF, 0xF0, 0xFF, 0xFC, 0x7F, 0xFE, 0x3F, 0xFF, 0x9F, 0xFB,
    0xEF, 0xFD, 0xF7, 0xFE, 0x7F, 0xFF, 0x1F, 0xFF, 0x8F, 0xFF, 0xC3, 0xFF, 0xE0, 0xFF, 0xF0, 0x7F,
    0xF8, 0x1F, 0xFC, 0x07, 0xC0, 0x00, 0x00, 0x00, 0x00, 0x3C, 0x00, 0x1E, 0x00, 0x0E, 0x00, 0x07,
    0x00, 0xF7, 0xE7, 0xFF, 0xBF, 0xFF, 0xF9, 0xFF, 0x87, 0xFC, 0x3F, 0xE1, 0xFF, 0x0F, 0xF8, 0x7F,
    0xC3, 0xFE, 0x1F, 0xF0, 0xFF, 0x87, 0xFC, 0x3C, 0x00, 0x00, 0x00, 0x07, 0x80, 0x78, 0x03, 0xC0,
    0x1C, 0x00, 0x0E, 0x3C, 0x07, 0xBC, 0x01, 0xFC, 0x00, 0x7C, 0x00, 0x00, 0x00, 0x00, 0x00, 0x00,
    0x01, 0xF8, 0x1F, 0xFC, 0x0F, 0xFF, 0x07, 0xFF, 0x83, 0xFF, 0xE1, 0xFF, 0xF8, 0xFF, 0xFC, 0x7F,
    0xFF, 0x3F, 0xF7, 0xDF, 0xFB, 0xEF, 0xFC, 0xFF, 0xFE, 0x3F, 0xFF, 0x1F, 0xFF, 0x87, 0xFF, 0xC1,
    0xFF, 0xE0, 0xFF, 0xF0, 0x3F, 0xF8, 0x0F, 0x80, 0x3C, 0xF1, 0xEF, 0x07, 0xF0, 0x1F, 0x00, 0x00,
    0x00, 0x03, 0xDF, 0x9F, 0xFE, 0xFF, 0xFF, 0xE7, 0xFE, 0x1F, 0xF0, 0xFF, 0x87, 0xFC, 0x3F, 0xE1,
    0xFF, 0x0F, 0xF8, 0x7F, 0xC3, 0xFE, 0x1F, 0xF0, 0xF0, 0xFC, 0x0F, 0xFE, 0x07, 0xFF, 0x83, 0xFF,
    0xC1, 0xFF, 0xF0, 0xFF, 0xFC, 0x7F, 0xFE, 0x3F, 0xFF, 0x9F, 0xFB, 0xEF, 0xFD, 0xF7, 0xFE, 0x7F,
    0xFF, 0x1F, 0xFF, 0x8F, 0xFF, 0xC3, 0xFF, 0xE0, 0xFF, 0xF0, 0x7F, 0xF8, 0x1F, 0xFC, 0x07, 0xC0,
    0x03, 0xE0, 0x01, 0xF0, 0x03, 0xF8, 0x01, 0xF8, 0x00, 0xF8, 0xF7, 0xE3, 0xFF, 0xCF, 0xFF, 0xBF,
    0x3E, 0xF8, 0x7B, 0xE1, 0xEF, 0x87, 0xBE, 0x1E, 0xF8, 0x7B, 0xE1, 0xEF, 0x87, 0xBE, 0x1E, 0xF8,
    0x7B, 0xE1, 0xE0, 0x07, 0x80, 0x1E, 0x03, 0xF8, 0x0F, 0xE0, 0x3F, 0x00, 0x07, 0xF8, 0x01, 0xFE,
    0x00, 0x7F, 0x80, 0x00, 0x00, 0x00, 0x00, 0x00, 0x00, 0x00, 0x7F, 0x80, 0x7F, 0xF0, 0x3F, 0xFE,
    0x1F, 0x8F, 0xC7, 0xC0, 0xFB, 0xE0, 0x3E, 0xF8, 0x07, 0xBC, 0x01, 0xEF, 0x00, 0x7B, 0xC0, 0x1E,
    0xF0, 0x07, 0xBE, 0x01, 0xEF, 0x80, 0xF9, 0xF0, 0x3E, 0x7E, 0x3F, 0x0F, 0xFF, 0x81, 0xFF, 0xC0,
    0x1F, 0xE0, 0x0F, 0xF0, 0x1F, 0xE0, 0x3F, 0xC0, 0x00, 0x00, 0x00, 0x01, 0xFC, 0x07, 0xFE, 0x1F,
    0xFC, 0x7E, 0x7C, 0xF8, 0x79, 0xE0, 0xFB, 0xC1, 0xF7, 0x83, 0xEF, 0x07, 0xDF, 0x0F, 0x3F, 0x3E,
    0x3F, 0xF8, 0x3F, 0xF0, 0x3F, 0x80, 0x0E, 0x38, 0x03, 0xDE, 0x00, 0x7F, 0x00, 0x0F, 0x80, 0x00,
    0x00, 0x00, 0x00, 0x00, 0x00, 0x00, 0x1F, 0xE0, 0x1F, 0xFC, 0x0F, 0xFF, 0x87, 0xE3, 0xF1, 0xF0,
    0x3E, 0xF8, 0x0F, 0xBE, 0x01, 0xEF, 0x00, 0x7B, 0xC0, 0x1E, 0xF0, 0x07, 0xBC, 0x01, 0xEF, 0x80,
    0x7B, 0xE0, 0x3E, 0x7C, 0x0F, 0x9F, 0x8F, 0xC3, 0xFF, 0xE0, 0x7F, 0xF0, 0x07, 0xF8, 0x00, 0x1C,
    0x70, 0x3D, 0xE0, 0x3F, 0x80, 0x3E, 0x00, 0x00, 0x00, 0x00, 0x03, 0xF8, 0x0F, 0xFC, 0x3F, 0xF8,
    0xFC, 0xF9, 0xF0, 0xF3, 0xC1, 0xF7, 0x83, 0xEF, 0x07, 0xDE, 0x0F, 0xBE, 0x1E, 0x7E, 0x7C, 0x7F,
    0xF0, 0x7F, 0xE0, 0x7F, 0x00, 0x07, 0xBC, 0x01, 0xDE, 0x00, 0xF7, 0x80, 0x3B, 0xC0, 0x00, 0x00,
    0x00, 0x00, 0x00, 0x00, 0x00, 0x1F, 0xE0, 0x1F, 0xFC, 0x0F, 0xFF, 0x87, 0xE3, 0xF1, 0xF0, 0x3E,
    0xF8, 0x0F, 0xBE, 0x01, 0xEF, 0x00, 0x7B, 0xC0, 0x1E, 0xF0, 0x07, 0xBC, 0x01, 0xEF, 0x80, 0x7B,
    0xE0, 0x3E, 0x7C, 0x0F, 0x9F, 0x8F, 0xC3, 0xFF, 0xE0, 0x7F, 0xF0, 0x07, 0xF8, 0x00, 0x0F, 0x78,
    0x1F, 0xE0, 0x7B, 0xC0, 0xFF, 0x00, 0x00, 0x00, 0x00, 0x03, 0xF8, 0x0F, 0xFC, 0x3F, 0xF8, 0xFC,
    0xF9, 0xF0, 0xF3, 0xC1, 0xF7, 0x83, 0xEF, 0x07, 0xDE, 0x0F, 0xBE, 0x1E, 0x7E, 0x7C, 0x7F, 0xF0,
    0x7F, 0xE0, 0x7F, 0x00, 0x07, 0xFF, 0xFE, 0x1F, 0xFF, 0xFE, 0x3F, 0xFF, 0xFE, 0x7E, 0x1E, 0x00,
    0x7C, 0x1E, 0x00, 0xF8, 0x1E, 0x00, 0xF8, 0x1E, 0x00, 0xF0, 0x1F, 0xFE, 0xF0, 0x1F, 0xFE, 0xF0,
    0x1F, 0xFE, 0xF0, 0x1E, 0x00, 0xF8, 0x1E, 0x00, 0xF8, 0x1E, 0x00, 0x7C, 0x1E, 0x00, 0x7E, 0x1E,
    0x00, 0x3F, 0xFF, 0xFE, 0x1F, 0xFF, 0xFE, 0x07, 0xFF, 0xFE, 0x0F, 0xE3, 0xF8, 0x1F, 0xFF, 0xFC,
    0x3F, 0xFF, 0xFE, 0x7E, 0x7F, 0x1E, 0x7C, 0x3E, 0x0F, 0x78, 0x3F, 0xFF, 0x78, 0x3F, 0xFF, 0x78,
    0x3F, 0xFF, 0x78, 0x3E, 0x00, 0x7C, 0x3E, 0x0C, 0x7E, 0x7F, 0x1F, 0x3F, 0xFF, 0xFE, 0x1F, 0xFF,
    0xFE, 0x0F, 0xE3, 0xF8, 0x01, 0xE0, 0x07, 0x80, 0x0F, 0x00, 0x1C, 0x00, 0x00, 0x00, 0x00, 0x00,
    0x00, 0x7F, 0xF8, 0xFF, 0xF9, 0xFF, 0xFB, 0xE1, 0xF7, 0xC1, 0xFF, 0x83, 0xFF, 0x07, 0xFE, 0x1F,
    0x7F, 0xFE, 0xFF, 0xF9, 0xFF, 0xE3, 0xE7, 0xC7, 0xC7, 0x8F, 0x8F, 0x9F, 0x0F, 0xBE, 0x1F, 0x7C,
    0x1F, 0xF8, 0x3E, 0x0F, 0x07, 0x83, 0x83, 0xC0, 0x00, 0x03, 0xDF, 0xFF, 0xFF, 0xFE, 0x3E, 0x1F,
    0x0F, 0x87, 0xC3, 0xE1, 0xF0, 0xF8, 0x7C, 0x3E, 0x1F, 0x00, 0xFF, 0xF1, 0xFF, 0xF3, 0xFF, 0xF7,
    0xC3, 0xEF, 0x83, 0xFF, 0x07, 0xFE, 0x0F, 0xFC, 0x3E, 0xFF, 0xFD, 0xFF, 0xF3, 0xFF, 0xC7, 0xCF,
    0x8F, 0x8F, 0x1F, 0x1F, 0x3E, 0x1F, 0x7C, 0x3E, 0xF8, 0x3F, 0xF0, 0x7C, 0x00, 0x00, 0x00, 0x00,
    0x78, 0x00, 0xF0, 0x01, 0xC0, 0x07, 0x80, 0x00, 0x1E, 0xF7, 0xFD, 0xFF, 0x7E, 0x1F, 0x07, 0xC1,
    0xF0, 0x7C, 0x1F, 0x07, 0xC1, 0xF0, 0x7C, 0x1F, 0x07, 0xC0, 0x00, 0x00, 0x1E, 0x07, 0x81, 0xC0,
    0xF0, 0x00, 0x3C, 0xF0, 0x3F, 0xE0, 0x3F, 0x80, 0x3E, 0x00, 0x00, 0x00, 0x00, 0x00, 0x00, 0x7F,
    0xF8, 0xFF, 0xF9, 0xFF, 0xFB, 0xE1, 0xF7, 0xC1, 0xFF, 0x83, 0xFF, 0x07, 0xFE, 0x1F, 0x7F, 0xFE,
    0xFF, 0xF9, 0xFF, 0xE3, 0xE7, 0xC7, 0xC7, 0x8F, 0x8F, 0x9F, 0x0F, 0xBE, 0x1F, 0x7C, 0x1F, 0xF8,
    0x3E, 0x71, 0xEF, 0x78, 0xFE, 0x0F, 0x80, 0x00, 0x00, 0x1E, 0xF3, 0xFE, 0x7F, 0xCF, 0xC1, 0xF0,
    0x3E, 0x07, 0xC0, 0xF8, 0x1F, 0x03, 0xE0, 0x7C, 0x0F, 0x81, 0xF0, 0x3E, 0x00, 0x01, 0xE0, 0x03,
    0x80, 0x0F, 0x00, 0x1C, 0x00, 0x00, 0x00, 0x00, 0x00, 0x00, 0x0F, 0xF0, 0x3F, 0xF8, 0xFF, 0xF9,
    0xF1, 0xF7, 0xC1, 0xEF, 0x81, 0xDF, 0x80, 0x1F, 0xF0, 0x3F, 0xF8, 0x1F, 0xF8, 0x0F, 0xF8, 0x01,
    0xFF, 0x81, 0xFF, 0x03, 0xFF, 0x8F, 0x9F, 0xFF, 0x3F, 0xFC, 0x1F, 0xF0, 0x01, 0xE0, 0x0F, 0x00,
    0x3C, 0x00, 0xE0, 0x00, 0x00, 0x00, 0x01, 0xFE, 0x0F, 0xFC, 0x7F, 0xF9, 0xF3, 0xE7, 0x86, 0x1F,
    0xC0, 0x3F, 0xE0, 0x7F, 0xE0, 0x3F, 0x9E, 0x1E, 0x7C, 0xF9, 0xFF, 0xE3, 0xFF, 0x07, 0xF8, 0x07,
    0x80, 0x1F, 0x80, 0x7F, 0x81, 0xE7, 0x80, 0x00, 0x00, 0x00, 0x00, 0x00, 0x0F, 0xF0, 0x3F, 0xF8,
    0xFF, 0xF9, 0xF1, 0xF7, 0xC1, 0xEF, 0x81, 0xDF, 0x80, 0x1F, 0xF0, 0x3F, 0xF8, 0x1F, 0xF8, 0x0F,
    0xF8, 0x01, 0xFF, 0x81, 0xFF, 0x03, 0xFF, 0x8F, 0x9F, 0xFF, 0x3F, 0xFC, 0x1F, 0xF0, 0x07, 0x80,
    0x3F, 0x01, 0xFE, 0x0F, 0x3C, 0x00, 0x00, 0x00, 0x01, 0xFE, 0x0F, 0xFC, 0x7F, 0xF9, 0xF3, 0xE7,
    0x86, 0x1F, 0xC0, 0x3F, 0xE0, 0x7F, 0xE0, 0x3F, 0x9E, 0x1E, 0x7C, 0xF9, 0xFF, 0xE3, 0xFF, 0x07,
    0xF8, 0x1F, 0xE0, 0x7F, 0xF1, 0xFF, 0xF3, 0xE3, 0xEF, 0x83, 0xDF, 0x03, 0xBF, 0x00, 0x3F, 0xE0,
    0x7F, 0xF0, 0x3F, 0xF0, 0x1F, 0xF0, 0x03, 0xFF, 0x03, 0xFE, 0x07, 0xFF, 0x1F, 0x3F, 0xFE, 0x7F,
    0xF8, 0x3F, 0xE0, 0x0C, 0x00, 0x1E, 0x00, 0x0E, 0x00, 0x7C, 0x01, 0xF0, 0x01, 0xC0, 0x1F, 0xE0,
    0xFF, 0xC7, 0xFF, 0x9F, 0x3E, 0x78, 0x61, 0xFC, 0x03, 0xFE, 0x07, 0xFE, 0x03, 0xF9, 0xE1, 0xE7,
    0xCF, 0x9F, 0xFE, 0x3F, 0xF0, 0x7F, 0x80, 0x30, 0x00, 0xF0, 0x00, 0xC0, 0x0F, 0x00, 0x7C, 0x01,
    0xE0, 0x3C, 0xF0, 0x3D, 0xE0, 0x3F, 0x80, 0x3E, 0x00, 0x00, 0x00, 0x00, 0x00, 0x00, 0x0F, 0xF0,
    0x3F, 0xF8, 0xFF, 0xF9, 0xF1, 0xF7, 0xC1, 0xEF, 0x81, 0xDF, 0x80, 0x1F, 0xF0, 0x3F, 0xF8, 0x1F,
    0xF8, 0x0F, 0xF8, 0x01, 0xFF, 0x81, 0xFF, 0x03, 0xFF, 0x8F, 0x9F, 0xFF, 0x3F, 0xFC, 0x1F, 0xF0,
    0x3C, 0xF0, 0x7F, 0xC0, 0xFE, 0x01, 0xE0, 0x00, 0x00, 0x00, 0x01, 0xFE, 0x0F, 0xFC, 0x7F, 0xF9,
    0xF3, 0xE7, 0x86, 0x1F, 0xC0, 0x3F, 0xE0, 0x7F, 0xE0, 0x3F, 0x9E, 0x1E, 0x7C, 0xF9, 0xFF, 0xE3,
    0xFF, 0x07, 0xF8, 0x7F, 0xFF, 0x7F, 0xFF, 0x7F, 0xFF, 0x03, 0xE0, 0x03, 0xE0, 0x03, 0xE0, 0x03,
    0xE0, 0x03, 0xE0, 0x03, 0xE0, 0x03, 0xE0, 0x03, 0xE0, 0x03, 0xE0, 0x03, 0xE0, 0x03, 0xE0, 0x03,
    0xE0, 0x03, 0xE0, 0x03, 0xE0, 0x03, 0xE0, 0x01, 0xC0, 0x01, 0xE0, 0x00, 0x70, 0x01, 0xF0, 0x03,
    0xE0, 0x01, 0xC0, 0x3C, 0x1E, 0x0F, 0x07, 0x8F, 0xFF, 0xFF, 0xFE, 0x78, 0x3C, 0x1E, 0x0F, 0x07,
    0x83, 0xC1, 0xE0, 0xF0, 0x7F, 0x3F, 0x8F, 0xC3, 0x81, 0xF0, 0x38, 0x7C, 0x3E, 0x1C, 0x1E, 0x38,
    0x0F, 0x78, 0x07, 0xF0, 0x03, 0xE0, 0x00, 0x00, 0x00, 0x00, 0x00, 0x00, 0x7F, 0xFF, 0x7F, 0xFF,
    0x7F, 0xFF, 0x03, 0xE0, 0x03, 0xE0, 0x03, 0xE0, 0x03, 0xE0, 0x03, 0xE0, 0x03, 0xE0, 0x03, 0xE0,
    0x03, 0xE0, 0x03, 0xE0, 0x03, 0xE0, 0x03, 0xE0, 0x03, 0xE0, 0x03, 0xE0, 0x03, 0xE0, 0x03, 0xE0,
    0x01, 0xC0, 0x38, 0x07, 0x1E, 0xE3, 0xDC, 0x78, 0x0F, 0x07, 0xFC, 0xFF, 0x9F, 0xF0, 0xF0, 0x1E,
    0x03, 0xC0, 0x78, 0x0F, 0x01, 0xE0, 0x3C, 0x07, 0x80, 0xFE, 0x1F, 0xC1, 0xF8, 0x7F, 0xFF, 0x7F,
    0xFF, 0x7F, 0xFF, 0x03, 0xE0, 0x03, 0xE0, 0x03, 0xE0, 0x03, 0xE0, 0x1F, 0xFC, 0x1F, 0xFC, 0x1F,
    0xFC, 0x03, 0xE0, 0x03, 0xE0, 0x03, 0xE0, 0x03, 0xE0, 0x03, 0xE0, 0x03, 0xE0, 0x03, 0xE0, 0x03,
    0xE0, 0x3C, 0x1E, 0x0F, 0x07, 0x8F, 0xFF, 0xFF, 0xFE, 0x78, 0x3C, 0x7F, 0xFF, 0xFF, 0xF3, 0xC1,
    0xE0, 0xF0, 0x7F, 0x3F, 0x8F, 0xC0, 0x00, 0x00, 0x0F, 0xF8, 0x0F, 0xF0, 0x0F, 0xF0, 0x00, 0x00,
    0x00, 0x00, 0x00, 0x00, 0xF8, 0x0F, 0xF8, 0x0F, 0xF8, 0x0F, 0xF8, 0x0F, 0xF8, 0x0F, 0xF8, 0x0F,
    0xF8, 0x0F, 0xF8, 0x0F, 0xF8, 0x0F, 0xF8, 0x0F, 0xF8, 0x0F, 0xF8, 0x0F, 0xF8, 0x1F, 0x78, 0x1F,
    0x7E, 0x3E, 0x3F, 0xFE, 0x1F, 0xFC, 0x0F, 0xF0, 0x00, 0x00, 0x7F, 0x83, 0xFE, 0x0E, 0xF0, 0x00,
    0x00, 0x00, 0x0F, 0x87, 0xBE, 0x1E, 0xF8, 0x7B, 0xE1, 0xEF, 0x87, 0xBE, 0x1E, 0xF8, 0x7B, 0xE1,
    0xEF, 0x87, 0xBE, 0x1E, 0xFC, 0xF9, 0xFF, 0xE7, 0xFF, 0x8F, 0xDE, 0x0F, 0xF0, 0x0F, 0xF0, 0x0F,
    0xF0, 0x00, 0x00, 0x00, 0x00, 0x00, 0x00, 0xF8, 0x0F, 0xF8, 0x0F, 0xF8, 0x0F, 0xF8, 0x0F, 0xF8,
    0x0F, 0xF8, 0x0F, 0xF8, 0x0F, 0xF8, 0x0F, 0xF8, 0x0F, 0xF8, 0x0F, 0xF8, 0x0F, 0xF8, 0x0F, 0xF8,
    0x1F, 0x78, 0x1F, 0x7E, 0x3E, 0x3F, 0xFE, 0x1F, 0xFC, 0x0F, 0xF0, 0x1F, 0xE0, 0x7F, 0x81, 0xFE,
    0x00, 0x00, 0x00, 0x03, 0xE1, 0xEF, 0x87, 0xBE, 0x1E, 0xF8, 0x7B, 0xE1, 0xEF, 0x87, 0xBE, 0x1E,
    0xF8, 0x7B, 0xE1, 0xEF, 0x87, 0xBF, 0x3E, 0x7F, 0xF9, 0xFF, 0xE3, 0xF7, 0x80, 0x0E, 0x38, 0x0F,
    0x70, 0x0F, 0xF0, 0x07, 0xE0, 0x00, 0x00, 0x00, 0x00, 0x00, 0x00, 0xF8, 0x0F, 0xF8, 0x0F, 0xF8,
    0x0F, 0xF8, 0x0F, 0xF8, 0x0F, 0xF8, 0x0F, 0xF8, 0x0F, 0xF8, 0x0F, 0xF8, 0x0F, 0xF8, 0x0F, 0xF8,
    0x0F, 0xF8, 0x0F, 0xF8, 0x1F, 0x78, 0x1F, 0x7E, 0x3E, 0x3F, 0xFE, 0x1F, 0xFC, 0x0F, 0xF0, 0x38,
    0xE0, 0x77, 0x81, 0xFE, 0x03, 0xE0, 0x00, 0x00, 0x00, 0x0F, 0x87, 0xBE, 0x1E, 0xF8, 0x7B, 0xE1,
    0xEF, 0x87, 0xBE, 0x1E, 0xF8, 0x7B, 0xE1, 0xEF, 0x87, 0xBE, 0x1E, 0xFC, 0xF9, 0xFF, 0xE7, 0xFF,
    0x8F, 0xDE, 0x03, 0xE0, 0x07, 0xE0, 0x06, 0x70, 0x06, 0x70, 0x07, 0xE0, 0x03, 0xE0, 0x00, 0x00,
    0xF8, 0x0F, 0xF8, 0x0F, 0xF8, 0x0F, 0xF8, 0x0F, 0xF8, 0x0F, 0xF8, 0x0F, 0xF8, 0x0F, 0xF8, 0x0F,
    0xF8, 0x0F, 0xF8, 0x0F, 0xF8, 0x0F, 0xF8, 0x0F, 0xF8, 0x1F, 0x78, 0x1F, 0x7E, 0x3E, 0x3F, 0xFE,
    0x1F, 0xFC, 0x0F, 0xF0, 0x07, 0x80, 0x3F, 0x01, 0xDC, 0x07, 0x30, 0x1D, 0xC0, 0x3F, 0x00, 0xF8,
    0x00, 0x00, 0xF8, 0x7B, 0xE1, 0xEF, 0x87, 0xBE, 0x1E, 0xF8, 0x7B, 0xE1, 0xEF, 0x87, 0xBE, 0x1E,
    0xF8, 0x7B, 0xE1, 0xEF, 0xCF, 0x9F, 0xFE, 0x7F, 0xF8, 0xFD, 0xE0, 0x07, 0xFC, 0x0F, 0x78, 0x0F,
    0xF0, 0x0E, 0xE0, 0x00, 0x00, 0x00, 0x00, 0x00, 0x00, 0xF8, 0x0F, 0xF8, 0x0F, 0xF8, 0x0F, 0xF8,
    0x0F, 0xF8, 0x0F, 0xF8, 0x0F, 0xF8, 0x0F, 0xF8, 0x0F, 0xF8, 0x0F, 0xF8, 0x0F, 0xF8, 0x0F, 0xF8,
    0x0F, 0xF8, 0x1F, 0x78, 0x1F, 0x7E, 0x3E, 0x3F, 0xFE, 0x1F, 0xFC, 0x0F, 0xF0, 0x1E, 0xF0, 0x7B,
    0xC1, 0xDE, 0x0F, 0x70, 0x00, 0x00, 0x00, 0x0F, 0x87, 0xBE, 0x1E, 0xF8, 0x7B, 0xE1, 0xEF, 0x87,
    0xBE, 0x1E, 0xF8, 0x7B, 0xE1, 0xEF, 0x87, 0xBE, 0x1E, 0xFC, 0xF9, 0xFF, 0xE7, 0xFF, 0x8F, 0xDE,
    0xF8, 0x0F, 0xF8, 0x0F, 0xF8, 0x0F, 0xF8, 0x0F, 0xF8, 0x0F, 0xF8, 0x0F, 0xF8, 0x0F, 0xF8, 0x0F,
    0xF8, 0x0F, 0xF8, 0x0F, 0xF8, 0x0F, 0xF8, 0x0F, 0xF8, 0x1F, 0x78, 0x1F, 0x7E, 0x3E, 0x3F, 0xFE,
    0x1F, 0xFC, 0x0F, 0xF0, 0x03, 0xE0, 0x03, 0x80, 0x07, 0xE0, 0x03, 0xF0, 0x03, 0xF0, 0xF8, 0x7B,
    0xE1, 0xEF, 0x87, 0xBE, 0x1E, 0xF8, 0x7B, 0xE1, 0xEF, 0x87, 0xBE, 0x1E, 0xF8, 0x7B, 0xE1, 0xEF,
    0xCF, 0x9F, 0xFE, 0x7F, 0xF8, 0xFD, 0xE0, 0x0F, 0x00, 0x3C, 0x01, 0xF8, 0x03, 0xF0, 0x0F, 0xC0,
    0x00, 0x1E, 0x00, 0x00, 0x0F, 0xC0, 0x00, 0x07, 0xF8, 0x00, 0x03, 0xCF, 0x00, 0x00, 0x00, 0x00,
    0x00, 0x00, 0x00, 0x00, 0x00, 0x00, 0x03, 0xE0, 0x78, 0x1F, 0x78, 0x3F, 0x07, 0x9F, 0x0F, 0xC3,
    0xE7, 0xC3, 0xF0, 0xF9, 0xF0, 0xFC, 0x3C, 0x3C, 0x7F, 0x8F, 0x0F, 0x9F, 0xE7, 0xC3, 0xE7, 0xF9,
    0xF0, 0x79, 0xFE, 0x78, 0x1E, 0xF3, 0xDE, 0x07, 0xBC, 0xFF, 0x81, 0xFF, 0x3F, 0xE0, 0x3F, 0xCF,
    0xF0, 0x0F, 0xE1, 0xFC, 0x03, 0xF8, 0x7F, 0x00, 0xFE, 0x1F, 0xC0, 0x1F, 0x87, 0xE0, 0x07, 0xC0,
    0xF8, 0x00, 0x00, 0x78, 0x00, 0x07, 0xE0, 0x00, 0x7F, 0x80, 0x07, 0xBE, 0x00, 0x00, 0x00, 0x00,
    0x00, 0x03, 0xE3, 0xE3, 0xFF, 0x1F, 0x1F, 0x78, 0xF8, 0xFB, 0xC7, 0xE7, 0x9F, 0x7F, 0x3C, 0x7B,
    0xFB, 0xE3, 0xDF, 0xDE, 0x1E, 0xEE, 0xF0, 0xFF, 0x7F, 0x83, 0xFB, 0xFC, 0x1F, 0x8F, 0xC0, 0xFC,
    0x7E, 0x03, 0xE3, 0xF0, 0x1F, 0x0F, 0x00, 0x01, 0xE0, 0x00, 0xFC, 0x00, 0x7F, 0x80, 0x3C, 0xF0,
    0x00, 0x00, 0x00, 0x00, 0x00, 0x00, 0x03, 0xF0, 0x1F, 0x7C, 0x0F, 0x8F, 0x83, 0xE3, 0xE1, 0xF0,
    0x7C, 0x78, 0x1F, 0x3E, 0x03, 0xEF, 0x00, 0x7F, 0xC0, 0x1F, 0xE0, 0x03, 0xF8, 0x00, 0xFC, 0x00,
    0x1E, 0x00, 0x07, 0x80, 0x01, 0xE0, 0x00, 0x78, 0x00, 0x1E, 0x00, 0x07, 0x80, 0x01, 0xE0, 0x00,
    0x03, 0x80, 0x0F, 0x80, 0x3F, 0x80, 0xF7, 0x80, 0x00, 0x00, 0x00, 0x3E, 0x0F, 0xBC, 0x1E, 0x78,
    0x3C, 0xF8, 0xF8, 0xF1, 0xE1, 0xE3, 0xC3, 0xEF, 0x83, 0xDE, 0x07, 0xBC, 0x07, 0xF0, 0x0F, 0xE0,
    0x1F, 0xC0, 0x1F, 0x00, 0x3E, 0x00, 0x7C, 0x00, 0xF0, 0x0F, 0xE0, 0x3F, 0x80, 0x7E, 0x00, 0x07,
    0x38, 0x03, 0xEF, 0x00, 0xFB, 0xC0, 0x1C, 0xE0, 0x00, 0x00, 0x00, 0x00, 0x00, 0x00, 0x03, 0xF0,
    0x1F, 0x7C, 0x0F, 0x8F, 0x83, 0xE3, 0xE1, 0xF0, 0x7C, 0x78, 0x1F, 0x3E, 0x03, 0xEF, 0x00, 0x7F,
    0xC0, 0x1F, 0xE0, 0x03, 0xF8, 0x00, 0xFC, 0x00, 0x1E, 0x00, 0x07, 0x80, 0x01, 0xE0, 0x00, 0x78,
    0x00, 0x1E, 0x00, 0x07, 0x80, 0x01, 0xE0, 0x00, 0x01, 0xE0, 0x03, 0xC0, 0x0F, 0x00, 0x1C, 0x00,
    0x00, 0x00, 0x00, 0x00, 0x00, 0x7F, 0xFF, 0xFF, 0xFF, 0xFF, 0xF8, 0x01, 0xF0, 0x07, 0xC0, 0x1F,
    0x00, 0x3E, 0x00, 0xF8, 0x03, 0xE0, 0x0F, 0x80, 0x1F, 0x00, 0x7C, 0x01, 0xF0, 0x03, 0xE0, 0x0F,
    0x80, 0x3F, 0xFF, 0xFF, 0xFF, 0xFF, 0xFE, 0x03, 0xC0, 0x78, 0x07, 0x80, 0x70, 0x00, 0x00, 0x00,
    0xFF, 0xFF, 0xFF, 0xFF, 0xF0, 0x3E, 0x03, 0xE0, 0x7C, 0x0F, 0x81, 0xF0, 0x1F, 0x03, 0xE0, 0x7C,
    0x0F, 0xFF, 0xFF, 0xFF, 0xFF, 0x03, 0x80, 0x0F, 0x80, 0x1F, 0x00, 0x1C, 0x00, 0x00, 0x00, 0x00,
    0x00, 0x00, 0x7F, 0xFF, 0xFF, 0xFF, 0xFF, 0xF8, 0x01, 0xF0, 0x07, 0xC0, 0x1F, 0x00, 0x3E, 0x00,
    0xF8, 0x03, 0xE0, 0x0F, 0x80, 0x1F, 0x00, 0x7C, 0x01, 0xF0, 0x03, 0xE0, 0x0F, 0x80, 0x3F, 0xFF,
    0xFF, 0xFF, 0xFF, 0xFE, 0x0F, 0x00, 0xF0, 0x0F, 0x00, 0xF0, 0x00, 0x00, 0x00, 0xFF, 0xFF, 0xFF,
    0xFF, 0xF0, 0x3E, 0x03, 0xE0, 0x7C, 0x0F, 0x81, 0xF0, 0x1F, 0x03, 0xE0, 0x7C, 0x0F, 0xFF, 0xFF,
    0xFF, 0xFF, 0x3C, 0x70, 0x3D, 0xE0, 0x3F, 0x80, 0x3E, 0x00, 0x00, 0x00, 0x00, 0x00, 0x00, 0x7F,
    0xFF, 0xFF, 0xFF, 0xFF, 0xF8, 0x01, 0xF0, 0x07, 0xC0, 0x1F, 0x00, 0x3E, 0x00, 0xF8, 0x03, 0xE0,
    0x0F, 0x80, 0x1F, 0x00, 0x7C, 0x01, 0xF0, 0x03, 0xE0, 0x0F, 0x80, 0x3F, 0xFF, 0xFF, 0xFF, 0xFF,
    0xFE, 0x79, 0xE3, 0xDE, 0x1F, 0xC0, 0xF8, 0x00, 0x00, 0x00, 0xFF, 0xFF, 0xFF, 0xFF, 0xF0, 0x3E,
    0x03, 0xE0, 0x7C, 0x0F, 0x81, 0xF0, 0x1F, 0x03, 0xE0, 0x7C, 0x0F, 0xFF, 0xFF, 0xFF, 0xFF, 0x1F,
    0x7F, 0x7F, 0xFE, 0xF8, 0xF8, 0xF8, 0xF8, 0xF8, 0xF8, 0xF8, 0xF8, 0xF8, 0xF8, 0xF8, 0xF8, 0xF8,
    0xF8, 0xF8, 0x00, 0x03, 0xC0, 0x00, 0xF0, 0x00, 0x3C, 0x1F, 0xFE, 0x1F, 0xFF, 0x8F, 0xFF, 0xC7,
    0xE3, 0xF1, 0xF0, 0x3E, 0xF8, 0x0F, 0xBE, 0x01, 0xEF, 0x00, 0x7B, 0xC0, 0x1E, 0xF0, 0x07, 0xBC,
    0x01, 0xEF, 0x80, 0x7B, 0xE0, 0x3E, 0x7C, 0x0F, 0x1F, 0x8F, 0xC3, 0xFF, 0xE0, 0x7F, 0xF0, 0x07,
    0xF8, 0x00, 0x00, 0x0E, 0x00, 0x0E, 0x00, 0x0E, 0x0F, 0xFE, 0x1F, 0xFC, 0x3F, 0xF8, 0x7E, 0x7C,
    0x7C, 0x3C, 0x78, 0x3E, 0x78, 0x3E, 0x78, 0x3E, 0x78, 0x3E, 0x7C, 0x3C, 0x7E, 0x7C, 0x3F, 0xF8,
    0x1F, 0xF8, 0x0F, 0xE0, 0x00, 0x03, 0xC0, 0x00, 0xF0, 0x00, 0x3C, 0x00, 0x0F, 0xF8, 0x0F, 0xFE,
    0x03, 0xFF, 0x80, 0xFB, 0xE0, 0x3C, 0xF8, 0x0F, 0x3E, 0x03, 0xCF, 0x80, 0xF3, 0xE0, 0x3C, 0xF8,
    0x0F, 0x3E, 0x03, 0xCF, 0x80, 0xF3, 0xE0, 0x3C, 0xF8, 0x1F, 0x1E, 0x07, 0xC7, 0xE3, 0xE0, 0xFF,
    0xF8, 0x1F, 0xFC, 0x03, 0xFC, 0x00, 0x00, 0x0E, 0x00, 0x0E, 0x00, 0x0E, 0xF8, 0x7E, 0xF8, 0x7E,
    0xF8, 0x7C, 0xF8, 0x78, 0xF8, 0x78, 0xF8, 0x78, 0xF8, 0x78, 0xF8, 0x78, 0xF8, 0x78, 0xF8, 0x78,
    0xFC, 0xF8, 0x7F, 0xF8, 0x7F, 0xF8, 0x3F, 0x78, 0x00, 0x00, 0x1E, 0x78, 0x00, 0x00, 0x3D, 0xEF,
    0xFE, 0x00, 0x7F, 0x3F, 0xFE, 0x00, 0xF8, 0xFF, 0xFC, 0x00, 0x03, 0xE1, 0xF8, 0x00, 0x0F, 0x83,
    0xE3, 0xFF, 0xFE, 0x07, 0xCF, 0xFF, 0xF8, 0x0F, 0x3F, 0xFF, 0xE0, 0x3C, 0x03, 0xEF, 0x80, 0xF0,
    0x0F, 0xBE, 0x03, 0xC0, 0x7C, 0xF8, 0x0F, 0x03, 0xE3, 0xE0, 0x3C, 0x1F, 0x0F, 0x81, 0xF0, 0x7C,
    0x3E, 0x0F, 0x83, 0xE0, 0xF8, 0x7E, 0x1F, 0x03, 0xFF, 0xF0, 0xFF, 0xFF, 0xFF, 0x83, 0xFF, 0xFF,
    0xF8, 0x0F, 0xFF, 0x00, 0x00, 0x3C, 0xF0, 0x00, 0x01, 0xEF, 0x00, 0x0F, 0x87, 0xF0, 0x00, 0x7C,
    0x1F, 0x00, 0x03, 0xE0, 0x00, 0x00, 0x1F, 0x00, 0x00, 0x3E, 0xF9, 0xFF, 0xE7, 0xFF, 0xCF, 0xFF,
    0x3F, 0xFE, 0x7F, 0xFB, 0xF3, 0xF0, 0x0F, 0x9F, 0x0F, 0x80, 0xF8, 0xF0, 0x7C, 0x07, 0xC7, 0x83,
    0xE0, 0x7C, 0x3C, 0x1F, 0x07, 0xC1, 0xE0, 0xF8, 0x7C, 0x0F, 0x87, 0xC3, 0xE0, 0x7E, 0x7E, 0x3E,
    0x01, 0xFF, 0xF3, 0xFF, 0xCF, 0xFF, 0x9F, 0xFE, 0x1F, 0x7C, 0xFF, 0xF0, 0xF8, 0x00, 0x03, 0xDF,
    0x00, 0x00, 0x7B, 0xE0, 0x00, 0x0F, 0x7C, 0x00, 0x01, 0xEF, 0x80, 0x00, 0x3D, 0xF0, 0x00, 0x07,
    0xBE, 0x00, 0x00, 0xF7, 0xC0, 0x00, 0x1E, 0xF8, 0x00, 0x03, 0xDF, 0x00, 0x00, 0x7B, 0xE0, 0x00,
    0x0F, 0x7C, 0x01, 0xE1, 0xEF, 0x80, 0x3C, 0x3D, 0xF0, 0x07, 0x87, 0xBE, 0x00, 0xF9, 0xF7, 0xFF,
    0xDF, 0xFE, 0xFF, 0xF9, 0xFF, 0x9F, 0xFF, 0x1F, 0xE0, 0x00, 0x01, 0xC0, 0x00, 0x7F, 0xE0, 0x0F,
    0xFC, 0x00, 0xEF, 0x80, 0x01, 0xF0, 0x00, 0x3E, 0x00, 0xFF, 0xC0, 0x1F, 0xF8, 0x03, 0xFF, 0x00,
    0x7F, 0xE0, 0x0F, 0xFC, 0x01, 0xFF, 0x80, 0x3F, 0xF0, 0x07, 0xFE, 0x00, 0xFF, 0xC0, 0x1F, 0xF8,
    0x03, 0xFF, 0xFF, 0x7F, 0xFF, 0xEF, 0xFF, 0xFD, 0xF0, 0x00, 0x3E, 0x00, 0x07, 0xC0, 0x03, 0xF0,
    0x00, 0x7E, 0x00, 0x0F, 0x80, 0x01, 0xE0, 0x1E, 0xF9, 0xEF, 0x9E, 0xF8, 0x0F, 0x80, 0xF9, 0xEF,
    0x9E, 0xF9, 0xEF, 0x9E, 0xF9, 0xEF, 0x9E, 0xF9, 0xEF, 0x9E, 0xF9, 0xEF, 0x9E, 0xF9, 0xEF, 0x9E,
    0xF9, 0xEF, 0x9E, 0x01, 0xE0, 0x1E, 0x07, 0xE0, 0x7E, 0x07, 0x80, 0xFC, 0x0F, 0x80, 0x1E, 0xFC,
    0x0F, 0x80, 0x1E, 0xFE, 0x0F, 0x80, 0x1E, 0xFE, 0x0F, 0x80, 0x1E, 0xFF, 0x0F, 0x80, 0x1E, 0xFF,
    0x8F, 0x80, 0x1E, 0xFF, 0x8F, 0x80, 0x1E, 0xFF, 0xCF, 0x80, 0x1E, 0xFB, 0xEF, 0x80, 0x1E, 0xFB,
    0xEF, 0x80, 0x1E, 0xF9, 0xFF, 0x80, 0x1E, 0xF8, 0xFF, 0x9E, 0x1E, 0xF8, 0xFF, 0x9E, 0x1E, 0xF8,
    0x7F, 0x9E, 0x1E, 0xF8, 0x3F, 0x9F, 0x3E, 0xF8, 0x3F, 0x9F, 0xFE, 0xF8, 0x1F, 0x8F, 0xFC, 0xF8,
    0x0F, 0x87, 0xF8, 0x00, 0x00, 0x0E, 0x00, 0x00, 0x1F, 0xFC, 0x0F, 0x9F, 0xFC, 0x0F, 0x8E, 0xFE,
    0x0F, 0x80, 0xFE, 0x0F, 0x80, 0xFF, 0x0F, 0x9F, 0xFF, 0x8F, 0x9F, 0xFF, 0x8F, 0x9F, 0xFF, 0xCF,
    0x9F, 0xFB, 0xEF, 0x9F, 0xFB, 0xEF, 0x9F, 0xF9, 0xFF, 0x9F, 0xF8, 0xFF, 0x9F, 0xF8, 0xFF, 0x9F,
    0xF8, 0x7F, 0x9F, 0xF8, 0x3F, 0x9F, 0xF8, 0x3F, 0x9F, 0xF8, 0x1F, 0x9F, 0xF8, 0x0F, 0x9F, 0x00,
    0x00, 0x1F, 0x00, 0x00, 0x1F, 0x00, 0x00, 0x7E, 0x00, 0x00, 0x7E, 0x00, 0x00, 0x7C, 0x00, 0x00,
    0xF0, 0x00, 0x0F, 0x00, 0x00, 0xF0, 0x00, 0x0F, 0x00, 0x00, 0x00, 0x00, 0x00, 0xF7, 0xE0, 0xFF,
    0xFF, 0x0F, 0xFF, 0xF8, 0xFF, 0xCF, 0x8F, 0xF8, 0x78, 0xFF, 0x87, 0x8F, 0xF8, 0x78, 0xFF, 0x87,
    0x8F, 0xF8, 0x78, 0xFF, 0x87, 0x8F, 0xF8, 0x78, 0xFF, 0x87, 0x8F, 0xF8, 0x78, 0xFF, 0x87, 0x8F,
    0x00, 0x00, 0xF0, 0x00, 0x1F, 0x00, 0x03, 0xF0, 0x00, 0x3E, 0x00, 0x03, 0xC0, 0x0F, 0x1C, 0x00,
    0xF7, 0x80, 0x0F, 0xE0, 0x00, 0xF8, 0x00, 0x00, 0x00, 0x00, 0x00, 0x00, 0x00, 0x00, 0x1F, 0x80,
    0x03, 0xF8, 0x00, 0x7F, 0x00, 0x1F, 0xE0, 0x03, 0xFE, 0x00, 0x7B, 0xC0, 0x1F, 0x78, 0x03, 0xCF,
    0x80, 0xF9, 0xF0, 0x1F, 0x1E, 0x03, 0xE3, 0xE0, 0xFF, 0xFC, 0x1F, 0xFF, 0x83, 0xFF, 0xF8, 0xF8,
    0x1F, 0x1F, 0x01, 0xF3, 0xE0, 0x3E, 0xF8, 0x07, 0xC0, 0x3C, 0xF0, 0xF7, 0x83, 0xF8, 0x0F, 0x80,
    0x00, 0x00, 0x00, 0x3F, 0x87, 0xFE, 0x7F, 0xFB, 0xE7, 0xCE, 0x1E, 0x03, 0xF1, 0xFF, 0xBF, 0xFD,
    0xF1, 0xEF, 0x0F, 0xF8, 0xFB, 0xFF, 0xDF, 0xFE, 0x7E, 0xF0, 0x71, 0xEF, 0x78, 0xFE, 0x0F, 0x80,
    0x00, 0x00, 0x00, 0x00, 0xF8, 0x1F, 0x03, 0xE0, 0x7C, 0x0F, 0x81, 0xF0, 0x3E, 0x07, 0xC0, 0xF8,
    0x1F, 0x03, 0xE0, 0x7C, 0x0F, 0x81, 0xF0, 0x3E, 0x07, 0xC0, 0xF8, 0x1F, 0x00, 0xF1, 0xCF, 0x78,
    0xFE, 0x0F, 0x80, 0x00, 0x00, 0x07, 0xC0, 0xF8, 0x1F, 0x03, 0xE0, 0x7C, 0x0F, 0x81, 0xF0, 0x3E,
    0x07, 0xC0, 0xF8, 0x1F, 0x03, 0xE0, 0x7C, 0x0F, 0x80, 0x0E, 0x3C, 0x03, 0xDE, 0x00, 0x7F, 0x00,
    0x0F, 0x80, 0x00, 0x00, 0x00, 0x00, 0x00, 0x00, 0x00, 0x1F, 0xE0, 0x1F, 0xFC, 0x0F, 0xFF, 0x87,
    0xE3, 0xF1, 0xF0, 0x3E, 0xF8, 0x0F, 0xBE, 0x01, 0xEF, 0x00, 0x7B, 0xC0, 0x1E, 0xF0, 0x07, 0xBC,
    0x01, 0xEF, 0x80, 0x7B, 0xE0, 0x3E, 0x7C, 0x0F, 0x9F, 0x8F, 0xC3, 0xFF, 0xE0, 0x7F, 0xF0, 0x07,
    0xF8, 0x00, 0x1C, 0x78, 0x3D, 0xE0, 0x3F, 0x80, 0x3E, 0x00, 0x00, 0x00, 0x00, 0x03, 0xF8, 0x0F,
    0xFC, 0x3F, 0xF8, 0xFC, 0xF9, 0xF0, 0xF3, 0xC1, 0xF7, 0x83, 0xEF, 0x07, 0xDE, 0x0F, 0xBE, 0x1E,
    0x7E, 0x7C, 0x7F, 0xF0, 0x7F, 0xE0, 0x7F, 0x00, 0x1E, 0x78, 0x0F, 0x78, 0x07, 0xF0, 0x03, 0xE0,
    0x00, 0x00, 0x00, 0x00, 0x00, 0x00, 0xF8, 0x0F, 0xF8, 0x0F, 0xF8, 0x0F, 0xF8, 0x0F, 0xF8, 0x0F,
    0xF8, 0x0F, 0xF8, 0x0F, 0xF8, 0x0F, 0xF8, 0x0F, 0xF8, 0x0F, 0xF8, 0x0F, 0xF8, 0x0F, 0xF8, 0x1F,
    0x78, 0x1F, 0x7E, 0x3E, 0x3F, 0xFE, 0x1F, 0xFC, 0x0F, 0xF0, 0x3C, 0xF0, 0xF7, 0x81, 0xFC, 0x03,
    0xE0, 0x00, 0x00, 0x00, 0x0F, 0x87, 0xBE, 0x1E, 0xF8, 0x7B, 0xE1, 0xEF, 0x87, 0xBE, 0x1E, 0xF8,
    0x7B, 0xE1, 0xEF, 0x87, 0xBE, 0x1E, 0xFC, 0xF9, 0xFF, 0xE7, 0xFF, 0x8F, 0xDE, 0x0F, 0xF0, 0x0F,
    0xF0, 0x00, 0x00, 0x0E, 0x30, 0x0E, 0x78, 0x1F, 0x78, 0x0E, 0x78, 0x0E, 0x30, 0x00, 0x00, 0xF8,
    0x0F, 0xF8, 0x0F, 0xF8, 0x0F, 0xF8, 0x0F, 0xF8, 0x0F, 0xF8, 0x0F, 0xF8, 0x0F, 0xF8, 0x0F, 0xF8,
    0x0F, 0xF8, 0x0F, 0xF8, 0x0F, 0xF8, 0x0F, 0xF8, 0x1F, 0x78, 0x1F, 0x7E, 0x3E, 0x3F, 0xFE, 0x1F,
    0xFC, 0x0F, 0xF0, 0x1F, 0xE0, 0x7F, 0x80, 0x00, 0x06, 0x38, 0x3C, 0xE0, 0xF7, 0xC3, 0xCE, 0x06,
    0x38, 0xF8, 0x7B, 0xE1, 0xEF, 0x87, 0xBE, 0x1E, 0xF8, 0x7B, 0xE1, 0xEF, 0x87, 0xBE, 0x1E, 0xF8,
    0x7B, 0xE1, 0xEF, 0xCF, 0x9F, 0xFE, 0x7F, 0xF8, 0xFD, 0xE0, 0x00, 0xF0, 0x01, 0xE0, 0x01, 0xC0,
    0x0E, 0x30, 0x0E, 0x78, 0x1F, 0x78, 0x0E, 0x78, 0x0E, 0x30, 0x00, 0x00, 0xF8, 0x0F, 0xF8, 0x0F,
    0xF8, 0x0F, 0xF8, 0x0F, 0xF8, 0x0F, 0xF8, 0x0F, 0xF8, 0x0F, 0xF8, 0x0F, 0xF8, 0x0F, 0xF8, 0x0F,
    0xF8, 0x0F, 0xF8, 0x0F, 0xF8, 0x1F, 0x78, 0x1F, 0x7E, 0x3E, 0x3F, 0xFE, 0x1F, 0xFC, 0x0F, 0xF0,
    0x01, 0xC0, 0x0E, 0x00, 0x38, 0x06, 0x38, 0x3C, 0xE0, 0xF7, 0xC3, 0xCE, 0x06, 0x38, 0xF8, 0x7B,
    0xE1, 0xEF, 0x87, 0xBE, 0x1E, 0xF8, 0x7B, 0xE1, 0xEF, 0x87, 0xBE, 0x1E, 0xF8, 0x7B, 0xE1, 0xEF,
    0xCF, 0x9F, 0xFE, 0x7F, 0xF8, 0xFD, 0xE0, 0x0E, 0x78, 0x0F, 0xF0, 0x07, 0xE0, 0x03, 0xC0, 0x0E,
    0x30, 0x0E, 0x78, 0x1F, 0x78, 0x0E, 0x78, 0x0E, 0x30, 0x00, 0x00, 0xF8, 0x0F, 0xF8, 0x0F, 0xF8,
    0x0F, 0xF8, 0x0F, 0xF8, 0x0F, 0xF8, 0x0F, 0xF8, 0x0F, 0xF8, 0x0F, 0xF8, 0x0F, 0xF8, 0x0F, 0xF8,
    0x0F, 0xF8, 0x0F, 0xF8, 0x1F, 0x78, 0x1F, 0x7E, 0x3E, 0x3F, 0xFE, 0x1F, 0xFC, 0x0F, 0xF0, 0x3C,
    0xE0, 0x77, 0x80, 0xFC, 0x01, 0xE0, 0x18, 0xE0, 0xF3, 0x83, 0xDF, 0x0F, 0x38, 0x18, 0xE3, 0xE1,
    0xEF, 0x87, 0xBE, 0x1E, 0xF8, 0x7B, 0xE1, 0xEF, 0x87, 0xBE, 0x1E, 0xF8, 0x7B, 0xE1, 0xEF, 0x87,
    0xBF, 0x3E, 0x7F, 0xF9, 0xFF, 0xE3, 0xF7, 0x80, 0x07, 0x00, 0x07, 0x80, 0x03, 0x80, 0x0E, 0x30,
    0x0E, 0x78, 0x1F, 0x78, 0x0E, 0x78, 0x0E, 0x30, 0x00, 0x00, 0xF8, 0x0F, 0xF8, 0x0F, 0xF8, 0x0F,
    0xF8, 0x0F, 0xF8, 0x0F, 0xF8, 0x0F, 0xF8, 0x0F, 0xF8, 0x0F, 0xF8, 0x0F, 0xF8, 0x0F, 0xF8, 0x0F,
    0xF8, 0x0F, 0xF8, 0x1F, 0x78, 0x1F, 0x7E, 0x3E, 0x3F, 0xFE, 0x1F, 0xFC, 0x0F, 0xF0, 0x1E, 0x00,
    0x38, 0x00, 0x70, 0x06, 0x38, 0x3C, 0xE0, 0xF7, 0xC3, 0xCE, 0x06, 0x38, 0xF8, 0x7B, 0xE1, 0xEF,
    0x87, 0xBE, 0x1E, 0xF8, 0x7B, 0xE1, 0xEF, 0x87, 0xBE, 0x1E, 0xF8, 0x7B, 0xE1, 0xEF, 0xCF, 0x9F,
    0xFE, 0x7F, 0xF8, 0xFD, 0xE0, 0x1F, 0xE0, 0xFF, 0xC7, 0xFF, 0x9F, 0x3F, 0x18, 0x7C, 0x00, 0xF7,
    0xFF, 0xDF, 0xFF, 0x7F, 0xFD, 0xE0, 0xF7, 0xC7, 0xCF, 0xFE, 0x1F, 0xF0, 0x3F, 0x80, 0x07, 0xF8,
    0x00, 0xFF, 0x00, 0x00, 0x00, 0x01, 0x8C, 0x00, 0x7B, 0xC0, 0x1F, 0x78, 0x01, 0xEF, 0x00, 0x18,
    0xC0, 0x00, 0x00, 0x00, 0x7E, 0x00, 0x0F, 0xE0, 0x01, 0xFC, 0x00, 0x7F, 0x80, 0x0F, 0xF8, 0x01,
    0xEF, 0x00, 0x7D, 0xE0, 0x0F, 0x3E, 0x03, 0xE7, 0xC0, 0x7C, 0x78, 0x0F, 0x8F, 0x83, 0xFF, 0xF0,
    0x7F, 0xFE, 0x0F, 0xFF, 0xE3, 0xE0, 0x7C, 0x7C, 0x07, 0xCF, 0x80, 0xFB, 0xE0, 0x1F, 0x00, 0x1F,
    0xE0, 0xFF, 0x00, 0x00, 0x38, 0xC1, 0xCF, 0x1F, 0x78, 0x73, 0xC3, 0x8C, 0x0F, 0xE1, 0xFF, 0x9F,
    0xFE, 0xF9, 0xF3, 0x87, 0x80, 0xFC, 0x7F, 0xEF, 0xFF, 0x7C, 0x7B, 0xC3, 0xFE, 0x3E, 0xFF, 0xF7,
    0xFF, 0x9F, 0xBC, 0x07, 0xF8, 0x00, 0xFF, 0x00, 0x00, 0x00, 0x00, 0x70, 0x00, 0x1E, 0x00, 0x03,
    0xE0, 0x00, 0x78, 0x00, 0x07, 0x00, 0x00, 0x00, 0x00, 0x7E, 0x00, 0x0F, 0xE0, 0x01, 0xFC, 0x00,
    0x7F, 0x80, 0x0F, 0xF8, 0x01, 0xEF, 0x00, 0x7D, 0xE0, 0x0F, 0x3E, 0x03, 0xE7, 0xC0, 0x7C, 0x78,
    0x0F, 0x8F, 0x83, 0xFF, 0xF0, 0x7F, 0xFE, 0x0F, 0xFF, 0xE3, 0xE0, 0x7C, 0x7C, 0x07, 0xCF, 0x80,
    0xFB, 0xE0, 0x1F, 0x00, 0x1F, 0xE0, 0xFF, 0x00, 0x00, 0x06, 0x00, 0x78, 0x03, 0xE0, 0x1E, 0x00,
    0x60, 0x0F, 0xE1, 0xFF, 0x9F, 0xFE, 0xF9, 0xF3, 0x87, 0x80, 0xFC, 0x7F, 0xEF, 0xFF, 0x7C, 0x7B,
    0xC3, 0xFE, 0x3E, 0xFF, 0xF7, 0xFF, 0x9F, 0xBC, 0x00, 0x0F, 0xF0, 0x00, 0x07, 0xF8, 0x00, 0x03,
    0xFC, 0x00, 0x00, 0x00, 0x00, 0x00, 0x00, 0x00, 0x00, 0x00, 0x00, 0x03, 0xFF, 0xFE, 0x03, 0xFF,
    0xFF, 0x01, 0xFF, 0xFF, 0x80, 0xF7, 0x80, 0x00, 0xFB, 0xC0, 0x00, 0x79, 0xE0, 0x00, 0x7C, 0xF0,
    0x00, 0x3C, 0x7F, 0xF8, 0x3E, 0x3F, 0xFC, 0x1F, 0x1F, 0xFE, 0x1F, 0x0F, 0x00, 0x0F, 0xFF, 0x80,
    0x07, 0xFF, 0xC0, 0x07, 0xFF, 0xE0, 0x03, 0xE0, 0xF0, 0x03, 0xE0, 0x7F, 0xFD, 0xF0, 0x3F, 0xFF,
    0xF0, 0x1F, 0xFF, 0x01, 0xFE, 0x00, 0x07, 0xF8, 0x00, 0x1F, 0xE0, 0x00, 0x00, 0x00, 0x00, 0x00,
    0x00, 0x3F, 0x3F, 0x83, 0xFF, 0xFF, 0x1F, 0xFF, 0xFE, 0x7C, 0xFC, 0x78, 0x01, 0xE0, 0xF1, 0xFF,
    0xFF, 0xCF, 0xFF, 0xFF, 0x7F, 0xFF, 0xFD, 0xF1, 0xE0, 0x0F, 0x87, 0x83, 0x9E, 0x3F, 0x1F, 0x7F,
    0xFF, 0xF9, 0xFF, 0x7F, 0xE3, 0xF8, 0xFE, 0x00, 0x07, 0xF8, 0x07, 0xFF, 0x03, 0xFF, 0xE1, 0xF8,
    0xFC, 0x7C, 0x0F, 0x3E, 0x03, 0xEF, 0x80, 0x03, 0xC0, 0x00, 0xF0, 0x7F, 0xBC, 0x1F, 0xEF, 0x07,
    0xFB, 0xE0, 0x1E, 0xF8, 0x0F, 0x9F, 0x1F, 0xF7, 0xE3, 0xF0, 0xFF, 0xF8, 0x1F, 0xFC, 0x01, 0xFE,
    0x00, 0x0F, 0xBE, 0x1F, 0xFF, 0x0F, 0xFF, 0x8F, 0xCF, 0xC7, 0xC3, 0xE3, 0xC1, 0xF1, 0xE3, 0xFE,
    0xF0, 0x7C, 0x78, 0x3E, 0x3E, 0x1F, 0x1F, 0x9F, 0x87, 0xFF, 0xC3, 0xFF, 0xE0, 0xFD, 0xF0, 0x00,
    0xF0, 0xF8, 0xF8, 0x7F, 0xFC, 0x1F, 0xFC, 0x03, 0xFC, 0x00, 0x0E, 0x3C, 0x07, 0xBC, 0x01, 0xFC,
    0x00, 0x7C, 0x00, 0x00, 0x00, 0x00, 0x00, 0x00, 0x00, 0x0F, 0xF0, 0x1F, 0xFC, 0x1F, 0xFF, 0x1F,
    0x8F, 0xCF, 0x81, 0xEF, 0x80, 0xFF, 0xC0, 0x03, 0xC0, 0x01, 0xE0, 0xFF, 0xF0, 0x7F, 0xF8, 0x3F,
    0xFE, 0x01, 0xFF, 0x01, 0xF7, 0xC0, 0xF3, 0xF1, 0xF8, 0xFF, 0xF8, 0x3F, 0xF8, 0x07, 0xF8, 0x00,
    0x1C, 0x78, 0x3D, 0xE0, 0x3F, 0x80, 0x3E, 0x00, 0x00, 0x00, 0x00, 0x03, 0xEF, 0x9F, 0xFF, 0x3F,
    0xFE, 0xFC, 0xFD, 0xF0, 0xFB, 0xC1, 0xF7, 0x83, 0xEF, 0x07, 0xDE, 0x0F, 0xBE, 0x1F, 0x7E, 0x7E,
    0x7F, 0xFC, 0xFF, 0xF8, 0xFD, 0xF0, 0x03, 0xCF, 0x8F, 0x9F, 0xFF, 0x1F, 0xFC, 0x0F, 0xF0, 0x1E,
    0x78, 0x0F, 0xF8, 0x03, 0xF8, 0x00, 0xF8, 0x00, 0x00, 0x00, 0x00, 0x00, 0x00, 0x01, 0xF0, 0x3E,
    0xF8, 0x3E, 0x7C, 0x3E, 0x3E, 0x3F, 0x1F, 0x3F, 0x0F, 0xBF, 0x07, 0xDF, 0x03, 0xFF, 0x01, 0xFF,
    0x80, 0xFF, 0xE0, 0x7F, 0xF8, 0x3F, 0x7C, 0x1F, 0x1F, 0x0F, 0x87, 0xC7, 0xC3, 0xE3, 0xE0, 0xF9,
    0xF0, 0x3E, 0xF8, 0x1F, 0x00, 0xF1, 0xC0, 0x3D, 0xE0, 0x0F, 0xE0, 0x03, 0xE0, 0x00, 0x00, 0x00,
    0x00, 0x00, 0x00, 0x00, 0x3E, 0x00, 0x1F, 0x00, 0x0F, 0x80, 0x07, 0xC0, 0x03, 0xE3, 0xE1, 0xF3,
    0xE0, 0xFB, 0xF0, 0x7D, 0xF0, 0x3F, 0xF0, 0x1F, 0xF0, 0x0F, 0xF8, 0x07, 0xFC, 0x03, 0xFF, 0x01,
    0xF7, 0xC0, 0xFB, 0xE0, 0x7C, 0xF8, 0x3E, 0x3E, 0x1F, 0x1F, 0x00, 0x07, 0xF8, 0x07, 0xFF, 0x03,
    0xFF, 0xE1, 0xF8, 0xFC, 0x7C, 0x0F, 0xBE, 0x03, 0xEF, 0x80, 0x7B, 0xC0, 0x1E, 0xF0, 0x07, 0xFC,
    0x01, 0xFF, 0x00, 0x7B, 0xE0, 0x1E, 0xF8, 0x0F, 0x9F, 0x03, 0xE7, 0xE3, 0xF0, 0xFF, 0xF8, 0x1F,
    0xFC, 0x01, 0xFE, 0x00, 0x3E, 0x00, 0x0F, 0x00, 0x03, 0xE0, 0x00, 0xFC, 0x00, 0x1F, 0x00, 0x0F,
    0xE0, 0x3F, 0xF0, 0xFF, 0xE3, 0xF3, 0xE7, 0xC3, 0xCF, 0x07, 0xDE, 0x0F, 0xBC, 0x1F, 0x78, 0x3E,
    0xF8, 0x79, 0xF9, 0xF1, 0xFF, 0xE1, 0xFF, 0x81, 0xFE, 0x00, 0xF0, 0x03, 0xC0, 0x07, 0xC0, 0x0F,
    0xC0, 0x0F, 0x80, 0x07, 0xF8, 0x01, 0xFE, 0x00, 0x7F, 0x80, 0x00, 0x00, 0x00, 0x00, 0x00, 0x00,
    0x00, 0x7F, 0x80, 0x7F, 0xF0, 0x3F, 0xFE, 0x1F, 0x8F, 0xC7, 0xC0, 0xFB, 0xE0, 0x3E, 0xF8, 0x07,
    0xBC, 0x01, 0xEF, 0x00, 0x7F, 0xC0, 0x1F, 0xF0, 0x07, 0xBE, 0x01, 0xEF, 0x80, 0xF9, 0xF0, 0x3E,
    0x7E, 0x3F, 0x0F, 0xFF, 0x81, 0xFF, 0xC0, 0x1F, 0xE0, 0x03, 0xE0, 0x00, 0xF0, 0x00, 0x3E, 0x00,
    0x0F, 0xC0, 0x01, 0xF0, 0x00, 0x0F, 0xF0, 0x1F, 0xE0, 0x3F, 0xC0, 0x00, 0x00, 0x00, 0x01, 0xFC,
    0x07, 0xFE, 0x1F, 0xFC, 0x7E, 0x7C, 0xF8, 0x79, 0xE0, 0xFB, 0xC1, 0xF7, 0x83, 0xEF, 0x07, 0xDF,
    0x0F, 0x3F, 0x3E, 0x3F, 0xFC, 0x3F, 0xF0, 0x3F, 0xC0, 0x1E, 0x00, 0x78, 0x00, 0xF8, 0x01, 0xF8,
    0x01, 0xF0, 0x0E, 0x3C, 0x07, 0xBC, 0x01, 0xFC, 0x00, 0x7C, 0x00, 0x00, 0x00, 0x00, 0x00, 0x00,
    0x00, 0x7F, 0xFE, 0x3F, 0xFF, 0x1F, 0xFF, 0x80, 0x0F, 0x80, 0x0F, 0x80, 0x0F, 0x80, 0x0F, 0x80,
    0x0F, 0x80, 0x07, 0xE0, 0x03, 0xFC, 0x01, 0xFF, 0x00, 0x0F, 0xC0, 0x03, 0xE0, 0x00, 0xF0, 0x00,
    0x7C, 0x00, 0x3E, 0xF0, 0x1E, 0x78, 0x0F, 0x3E, 0x0F, 0x9F, 0x8F, 0x87, 0xFF, 0xC1, 0xFF, 0xC0,
    0x3F, 0x80, 0x3C, 0xF0, 0x3D, 0xE0, 0x3F, 0x80, 0x3E, 0x00, 0x00, 0x00, 0x00, 0x00, 0x00, 0x3F,
    0xFE, 0x7F, 0xFC, 0xFF, 0xF8, 0x03, 0xE0, 0x0F, 0x80, 0x7C, 0x01, 0xF0, 0x03, 0xFC, 0x07, 0xFC,
    0x07, 0xFC, 0x00, 0xF8, 0x00, 0xF7, 0x81, 0xEF, 0x87, 0xDF, 0x9F, 0x9F, 0xFE, 0x1F, 0xF8, 0x1F,
    0xE0, 0xF1, 0xCF, 0x78, 0xFE, 0x0F, 0x80, 0x00, 0x00, 0x07, 0xC0, 0xF8, 0x1F, 0x03, 0xE0, 0x7C,
    0x0F, 0x81, 0xF0, 0x3E, 0x07, 0xC0, 0xF8, 0x1F, 0x03, 0xE0, 0x7C, 0x0F, 0x81, 0xF0, 0x3E, 0x1F,
    0x83, 0xF0, 0x7C, 0x00, 0xFF, 0xE0, 0x3F, 0xFF, 0xFF, 0xFC, 0x1F, 0xFF, 0xFF, 0xFF, 0x0F, 0xFF,
    0xDF, 0x0F, 0xC0, 0x03, 0xEF, 0x83, 0xE0, 0x03, 0xE7, 0xC0, 0xF8, 0x03, 0xE3, 0xE0, 0x3C, 0x01,
    0xF1, 0xF0, 0x1E, 0x01, 0xF0, 0xF8, 0x0F, 0x01, 0xF0, 0x7C, 0x07, 0x80, 0xF0, 0x3E, 0x03, 0xC0,
    0xF8, 0x1F, 0x01, 0xE0, 0xF8, 0x0F, 0x81, 0xF0, 0xF8, 0x07, 0xC1, 0xF0, 0x7C, 0x03, 0xE1, 0xF8,
    0x7C, 0x01, 0xFF, 0xF8, 0x7F, 0xFF, 0xFF, 0xF8, 0x3F, 0xFF, 0xFF, 0xF0, 0x1F, 0xFF, 0xC0, 0xFF,
    0xE0, 0x00, 0x03, 0xFF, 0xE0, 0x00, 0x0F, 0xFF, 0xC0, 0x00, 0x3E, 0x1F, 0x80, 0x00, 0xF8, 0x3E,
    0x3F, 0xFF, 0xE0, 0x7C, 0xFF, 0xFF, 0x80, 0xF3, 0xFF, 0xFE, 0x03, 0xC0, 0x3E, 0xF8, 0x0F, 0x00,
    0xFB, 0xE0, 0x3C, 0x07, 0xCF, 0x80, 0xF0, 0x3E, 0x3E, 0x03, 0xC1, 0xF0, 0xF8, 0x1F, 0x07, 0xC3,
    0xE0, 0xF8, 0x3E, 0x0F, 0x87, 0xE1, 0xF0, 0x3F, 0xFF, 0x0F, 0xFF, 0xFF, 0xF8, 0x3F, 0xFF, 0xFF,
    0x80, 0xFF, 0xF0, 0x00, 0x3E, 0x00, 0x00, 0x01, 0xF0, 0x00, 0x00, 0x0F, 0x80, 0x00, 0x00, 0x7C,
    0x00, 0x00, 0xFB, 0xE7, 0xFF, 0x9F, 0xFF, 0x3F, 0xFC, 0xFF, 0xF9, 0xFF, 0xEF, 0xCF, 0xC0, 0x3E,
    0x7C, 0x3E, 0x03, 0xE3, 0xC1, 0xF0, 0x1F, 0x1E, 0x0F, 0x81, 0xF0, 0xF0, 0x7C, 0x1F, 0x07, 0x83,
    0xE1, 0xF0, 0x3E, 0x1F, 0x0F, 0x81, 0xF9, 0xF8, 0xF8, 0x07, 0xFF, 0xCF, 0xFF, 0x3F, 0xFE, 0x7F,
    0xF8, 0x7D, 0xF3, 0xFF, 0xC0, 0x00, 0xF0, 0x00, 0x78, 0x00, 0x78, 0x00, 0x3C, 0x00, 0x00, 0x00,
    0x00, 0x00, 0x00, 0x00, 0x0F, 0xF0, 0x1F, 0xFC, 0x1F, 0xFF, 0x1F, 0x8F, 0xCF, 0x81, 0xEF, 0x80,
    0xFF, 0xC0, 0x03, 0xC0, 0x01, 0xE0, 0xFF, 0xF0, 0x7F, 0xF8, 0x3F, 0xFE, 0x01, 0xFF, 0x01, 0xF7,
    0xC0, 0xF3, 0xF1, 0xF8, 0xFF, 0xF8, 0x3F, 0xF8, 0x07, 0xF8, 0x00, 0x01, 0xF0, 0x03, 0xC0, 0x07,
    0x00, 0x1E, 0x00, 0x00, 0x00, 0x00, 0x03, 0xEF, 0x9F, 0xFF, 0x3F, 0xFE, 0xFC, 0xFD, 0xF0, 0xFB,
    0xC1, 0xF7, 0x83, 0xEF, 0x07, 0xDE, 0x0F, 0xBE, 0x1F, 0x7E, 0x7E, 0x7F, 0xFC, 0xFF, 0xF8, 0xFD,
    0xF0, 0x03, 0xCF, 0x8F, 0x9F, 0xFF, 0x1F, 0xFC, 0x0F, 0xF0, 0xF8, 0x0F, 0x00, 0x3E, 0x03, 0xC0,
    0x0F, 0x80, 0xF0, 0x03, 0xE0, 0x3C, 0x00, 0xF8, 0x0F, 0x07, 0xFE, 0x03, 0xC1, 0xFF, 0x80, 0xF0,
    0x7F, 0xFF, 0xFC, 0x1F, 0xFF, 0xFF, 0x07, 0xFF, 0xFF, 0xC1, 0xFF, 0x80, 0xF0, 0x7F, 0xE0, 0x3C,
    0x1F, 0xF8, 0x0F, 0x07, 0xFE, 0x03, 0xE1, 0xFF, 0x80, 0xFC, 0xFB, 0xE0, 0x1F, 0xFE, 0xF8, 0x03,
    0xFF, 0x3E, 0x00, 0x7F, 0x80, 0xFF, 0xE1, 0xFF, 0xE3, 0xFF, 0xE7, 0xE7, 0xEF, 0x03, 0xDE, 0x07,
    0xFC, 0x0F, 0xF8, 0x1F, 0xF0, 0x3F, 0xE0, 0x7F, 0xC0, 0xFF, 0x81, 0xEF, 0x07, 0xDE, 0x1F, 0x3C,
    0x7E, 0x79, 0xF8, 0xFF, 0xE1, 0xFF, 0x83, 0xFC, 0x07, 0xE0, 0x0F, 0x00, 0x1E, 0x00, 0x3C, 0x00,
    0x00, 0x07, 0x80, 0x03, 0xC0, 0x00, 0xF0, 0x00, 0x38, 0x00, 0x00, 0x00, 0x00, 0x00, 0x00, 0x01,
    0xF8, 0x1F, 0xFC, 0x0F, 0xFF, 0x07, 0xFF, 0x83, 0xFF, 0xE1, 0xFF, 0xF8, 0xFF, 0xFC, 0x7F, 0xFF,
    0x3F, 0xF7, 0xDF, 0xFB, 0xEF, 0xFC, 0xFF, 0xFE, 0x3F, 0xFF, 0x1F, 0xFF, 0x87, 0xFF, 0xC1, 0xFF,
    0xE0, 0xFF, 0xF0, 0x3F, 0xF8, 0x0F, 0x80, 0x1E, 0x00, 0x70, 0x03, 0xC0, 0x0E, 0x00, 0x00, 0x00,
    0x03, 0xDF, 0x9F, 0xFE, 0xFF, 0xFF, 0xE7, 0xFE, 0x1F, 0xF0, 0xFF, 0x87, 0xFC, 0x3F, 0xE1, 0xFF,
    0x0F, 0xF8, 0x7F, 0xC3, 0xFE, 0x1F, 0xF0, 0xF0, 0x00, 0x78, 0x00, 0x0E, 0x00, 0x03, 0x80, 0x00,
    0xF8, 0x00, 0x3B, 0x80, 0x06, 0x70, 0x00, 0xCE, 0x00, 0x1D, 0xC0, 0x01, 0xF0, 0x00, 0x00, 0x00,
    0x0F, 0xC0, 0x01, 0xFC, 0x00, 0x3F, 0x80, 0x0F, 0xF0, 0x01, 0xFF, 0x00, 0x3D, 0xE0, 0x0F, 0xBC,
    0x01, 0xE7, 0xC0, 0x7C, 0xF8, 0x0F, 0x8F, 0x01, 0xF1, 0xF0, 0x7F, 0xFE, 0x0F, 0xFF, 0xC1, 0xFF,
    0xFC, 0x7C, 0x0F, 0x8F, 0x80, 0xF9, 0xF0, 0x1F, 0x7C, 0x03, 0xE0, 0x01, 0xE0, 0x0E, 0x00, 0xE0,
    0x0F, 0x00, 0xFC, 0x07, 0x70, 0x73, 0x81, 0xDC, 0x0F, 0xC0, 0x3C, 0x00, 0x00, 0x1F, 0xC3, 0xFF,
    0x3F, 0xFD, 0xF3, 0xE7, 0x0F, 0x01, 0xF8, 0xFF, 0xDF, 0xFE, 0xF8, 0xF7, 0x87, 0xFC, 0x7D, 0xFF,
    0xEF, 0xFF, 0x3F, 0x78, 0x00, 0x00, 0xF0, 0x00, 0x00, 0x78, 0x00, 0x00, 0x78, 0x00, 0x00, 0x38,
    0x00, 0x00, 0x00, 0x00, 0x00, 0x00, 0x00, 0x00, 0x00, 0x00, 0x01, 0xFF, 0xFF, 0x01, 0xFF, 0xFF,
    0x80, 0xFF, 0xFF, 0xC0, 0x7B, 0xC0, 0x00, 0x7D, 0xE0, 0x00, 0x3C, 0xF0, 0x00, 0x3E, 0x78, 0x00,
    0x1E, 0x3F, 0xFC, 0x1F, 0x1F, 0xFE, 0x0F, 0x8F, 0xFF, 0x0F, 0x87, 0x80, 0x07, 0xFF, 0xC0, 0x03,
    0xFF, 0xE0, 0x03, 0xFF, 0xF0, 0x01, 0xF0, 0x78, 0x01, 0xF0, 0x3F, 0xFE, 0xF8, 0x1F, 0xFF, 0xF8,
    0x0F, 0xFF, 0x80, 0x00, 0x1E, 0x00, 0x00, 0x70, 0x00, 0x03, 0xC0, 0x00, 0x0E, 0x00, 0x00, 0x00,
    0x00, 0x00, 0x00, 0x00, 0xFC, 0xFE, 0x0F, 0xFF, 0xFC, 0x7F, 0xFF, 0xF9, 0xF3, 0xF1, 0xE0, 0x07,
    0x83, 0xC7, 0xFF, 0xFF, 0x3F, 0xFF, 0xFD, 0xFF, 0xFF, 0xF7, 0xC7, 0x80, 0x3E, 0x1E, 0x0E, 0x78,
    0xFC, 0x7D, 0xFF, 0xFF, 0xE7, 0xFD, 0xFF, 0x8F, 0xE3, 0xF8, 0x00, 0xF8, 0x00, 0x3C, 0x00, 0x0E,
    0x00, 0x07, 0x80, 0x00, 0x00, 0x00, 0x00, 0x00, 0x00, 0x70, 0x1F, 0xFC, 0x1F, 0xFF, 0x0F, 0xFF,
    0x87, 0xE3, 0xF1, 0xF0, 0xFE, 0xF8, 0x7F, 0xBE, 0x1D, 0xEF, 0x0E, 0x7B, 0xC7, 0x9E, 0xF3, 0xC7,
    0xBC, 0xE1, 0xEF, 0xF8, 0x7B, 0xFC, 0x3E, 0x7E, 0x0F, 0x9F, 0x8F, 0xC3, 0xFF, 0xE0, 0xFF, 0xF0,
    0x7F, 0xF8, 0x0C, 0x00, 0x00, 0x01, 0xF0, 0x03, 0xC0, 0x07, 0x00, 0x1E, 0x00, 0x00, 0x00, 0x00,
    0x03, 0xFB, 0x0F, 0xFE, 0x3F, 0xFC, 0xFC, 0xF9, 0xF3, 0xF3, 0xC7, 0xF7, 0x9F, 0xEF, 0x77, 0xDF,
    0xCF, 0xBF, 0x1E, 0x7E, 0x7C, 0x7F, 0xF1, 0xFF, 0xE3, 0xFF, 0x02, 0x00, 0x00, 0x1E, 0xF0, 0x01,
    0xEE, 0x00, 0x3D, 0xE0, 0x03, 0xDC, 0x00, 0x00, 0x00, 0x00, 0x00, 0x00, 0x00, 0x00, 0x1F, 0x80,
    0x03, 0xF8, 0x00, 0x7F, 0x00, 0x1F, 0xE0, 0x03, 0xFE, 0x00, 0x7B, 0xC0, 0x1F, 0x78, 0x03, 0xCF,
    0x80, 0xF9, 0xF0, 0x1F, 0x1E, 0x03, 0xE3, 0xE0, 0xFF, 0xFC, 0x1F, 0xFF, 0x83, 0xFF, 0xF8, 0xF8,
    0x1F, 0x1F, 0x01, 0xF3, 0xE0, 0x3E, 0xF8, 0x07, 0xC0, 0x7B, 0xC3, 0xDE, 0x0F, 0x70, 0x3F, 0xC0,
    0x00, 0x00, 0x00, 0x3F, 0x87, 0xFE, 0x7F, 0xFB, 0xE7, 0xCE, 0x1E, 0x03, 0xF1, 0xFF, 0xBF, 0xFD,
    0xF1, 0xEF, 0x0F, 0xF8, 0xFB, 0xFF, 0xDF, 0xFE, 0x7E, 0xF0, 0x00, 0x00, 0x00, 0x7E, 0x00, 0x1F,
    0xE0, 0x03, 0xDE, 0x00, 0x71, 0xC0, 0x00, 0x00, 0x00, 0x00, 0x00, 0x00, 0x00, 0x03, 0xF0, 0x00,
    0x7F, 0x00, 0x0F, 0xE0, 0x03, 0xFC, 0x00, 0x7F, 0xC0, 0x0F, 0x78, 0x03, 0xEF, 0x00, 0x79, 0xF0,
    0x1F, 0x3E, 0x03, 0xE3, 0xC0, 0x7C, 0x7C, 0x1F, 0xFF, 0x83, 0xFF, 0xF0, 0x7F, 0xFF, 0x1F, 0x03,
    0xE3, 0xE0, 0x3E, 0x7C, 0x07, 0xDF, 0x00, 0xF8, 0x00, 0x00, 0x7E, 0x07, 0xF8, 0x3D, 0xE1, 0xC7,
    0x00, 0x00, 0x00, 0x01, 0xFC, 0x3F, 0xF3, 0xFF, 0xDF, 0x3E, 0x70, 0xF0, 0x1F, 0x8F, 0xFD, 0xFF,
    0xEF, 0x8F, 0x78, 0x7F, 0xC7, 0xDF, 0xFE, 0xFF, 0xF3, 0xF7, 0x80, 0xFF, 0x83, 0xDE, 0x0F, 0xF0,
    0x3B, 0x80, 0x00, 0x00, 0x00, 0x00, 0x1F, 0xFF, 0xFF, 0xFF, 0xFF, 0xFE, 0x01, 0xF0, 0x0F, 0x80,
    0x7C, 0x03, 0xFF, 0xFF, 0xFF, 0xFF, 0xFF, 0xC0, 0x3E, 0x01, 0xF0, 0x0F, 0x80, 0x7C, 0x03, 0xFF,
    0xFF, 0xFF, 0xFF, 0xF8, 0x7B, 0xC0, 0xF7, 0x01, 0xDE, 0x07, 0xB8, 0x00, 0x00, 0x00, 0x00, 0xFE,
    0x07, 0xFC, 0x3F, 0xF9, 0xF1, 0xF7, 0x83, 0xDF, 0xFF, 0x7F, 0xFD, 0xFF, 0xF7, 0x80, 0x1E, 0x0C,
    0x7E, 0x7C, 0xFF, 0xF1, 0xFF, 0x83, 0xF8, 0x00, 0x00, 0x7E, 0x07, 0xF8, 0x7B, 0xC3, 0x8E, 0x00,
    0x00, 0x00, 0x00, 0x00, 0xFF, 0xFF, 0xFF, 0xFF, 0xFF, 0xF0, 0x0F, 0x80, 0x7C, 0x03, 0xE0, 0x1F,
    0xFF, 0xFF, 0xFF, 0xFF, 0xFE, 0x01, 0xF0, 0x0F, 0x80, 0x7C, 0x03, 0xE0, 0x1F, 0xFF, 0xFF, 0xFF,
    0xFF, 0xC0, 0x00, 0x00, 0x1F, 0x00, 0xFE, 0x07, 0xBC, 0x1C, 0x70, 0x00, 0x00, 0x00, 0x03, 0xF8,
    0x1F, 0xF0, 0xFF, 0xE7, 0xC7, 0xDE, 0x0F, 0x7F, 0xFD, 0xFF, 0xF7, 0xFF, 0xDE, 0x00, 0x78, 0x31,
    0xF9, 0xF3, 0xFF, 0xC7, 0xFE, 0x0F, 0xE0, 0xF7, 0x9E, 0xF3, 0xBC, 0xF7, 0x00, 0x00, 0x00, 0x00,
    0x3E, 0x0F, 0x83, 0xE0, 0xF8, 0x3E, 0x0F, 0x83, 0xE0, 0xF8, 0x3E, 0x0F, 0x83, 0xE0, 0xF8, 0x3E,
    0x0F, 0x83, 0xE0, 0xF8, 0x3E, 0x0F, 0x80, 0xF7, 0x9E, 0xE7, 0xBC, 0xF7, 0x00, 0x00, 0x00, 0xF8,
    0x3E, 0x0F, 0x83, 0xE0, 0xF8, 0x3E, 0x0F, 0x83, 0xE0, 0xF8, 0x3E, 0x0F, 0x83, 0xE0, 0xF8, 0x3E,
    0x00, 0x1F, 0x1F, 0xDE, 0xFE, 0x38, 0x00, 0x00, 0x00, 0x3E, 0x1F, 0x0F, 0x87, 0xC3, 0xE1, 0xF0,
    0xF8, 0x7C, 0x3E, 0x1F, 0x0F, 0x87, 0xC3, 0xE1, 0xF0, 0xF8, 0x7C, 0x3E, 0x1F, 0x00, 0x00, 0x1F,
    0x1F, 0xDE, 0xFE, 0x38, 0x00, 0x00, 0x7C, 0x3E, 0x1F, 0x0F, 0x87, 0xC3, 0xE1, 0xF0, 0xF8, 0x7C,
    0x3E, 0x1F, 0x0F, 0x87, 0xC3, 0xE0, 0x3D, 0xE0, 0x07, 0xBC, 0x00, 0xEF, 0x00, 0x3D, 0xC0, 0x00,
    0x00, 0x00, 0x00, 0x00, 0x00, 0x00, 0x1F, 0xE0, 0x1F, 0xFC, 0x0F, 0xFF, 0x87, 0xE3, 0xF1, 0xF0,
    0x3E, 0xF8, 0x0F, 0xBE, 0x01, 0xEF, 0x00, 0x7B, 0xC0, 0x1E, 0xF0, 0x07, 0xBC, 0x01, 0xEF, 0x80,
    0x7B, 0xE0, 0x3E, 0x7C, 0x0F, 0x9F, 0x8F, 0xC3, 0xFF, 0xE0, 0x7F, 0xF0, 0x07, 0xF8, 0x00, 0x7B,
    0xC0, 0x7B, 0xC0, 0x77, 0x80, 0xF7, 0x00, 0x00, 0x00, 0x00, 0x03, 0xF8, 0x0F, 0xFC, 0x3F, 0xF8,
    0xFC, 0xF9, 0xF0, 0xF3, 0xC1, 0xF7, 0x83, 0xEF, 0x07, 0xDE, 0x0F, 0xBE, 0x1E, 0x7E, 0x7C, 0x7F,
    0xF0, 0x7F, 0xE0, 0x7F, 0x00, 0x00, 0x00, 0x00, 0xF8, 0x00, 0x7F, 0x00, 0x3D, 0xE0, 0x0E, 0x38,
    0x00, 0x00, 0x00, 0x00, 0x00, 0x00, 0x00, 0x07, 0xF8, 0x07, 0xFF, 0x03, 0xFF, 0xE1, 0xF8, 0xFC,
    0x7C, 0x0F, 0xBE, 0x03, 0xEF, 0x80, 0x7B, 0xC0, 0x1E, 0xF0, 0x07, 0xBC, 0x01, 0xEF, 0x00, 0x7B,
    0xE0, 0x1E, 0xF8, 0x0F, 0x9F, 0x03, 0xE7, 0xE3, 0xF0, 0xFF, 0xF8, 0x1F, 0xFC, 0x01, 0xFE, 0x00,
    0x00, 0x00, 0x0F, 0x80, 0x3F, 0x80, 0xF7, 0x81, 0xC7, 0x00, 0x00, 0x00, 0x00, 0x07, 0xF0, 0x1F,
    0xF8, 0x7F, 0xF1, 0xF9, 0xF3, 0xE1, 0xE7, 0x83, 0xEF, 0x07, 0xDE, 0x0F, 0xBC, 0x1F, 0x7C, 0x3C,
    0xFC, 0xF8, 0xFF, 0xE0, 0xFF, 0xC0, 0xFE, 0x00, 0x7B, 0xC0, 0xF7, 0x80, 0xF7, 0x00, 0xEF, 0x00,
    0x00, 0x00, 0x00, 0x00, 0x00, 0x7F, 0xF8, 0xFF, 0xF9, 0xFF, 0xFB, 0xE1, 0xF7, 0xC1, 0xFF, 0x83,
    0xFF, 0x07, 0xFE, 0x1F, 0x7F, 0xFE, 0xFF, 0xF9, 0xFF, 0xE3, 0xE7, 0xC7, 0xC7, 0x8F, 0x8F, 0x9F,
    0x0F, 0xBE, 0x1F, 0x7C, 0x1F, 0xF8, 0x3E, 0xF7, 0x8F, 0x78, 0xEF, 0x1E, 0xE0, 0x00, 0x00, 0x0F,
    0x79, 0xFF, 0x3F, 0xE7, 0xE0, 0xF8, 0x1F, 0x03, 0xE0, 0x7C, 0x0F, 0x81, 0xF0, 0x3E, 0x07, 0xC0,
    0xF8, 0x1F, 0x00, 0x00, 0x00, 0x1F, 0x80, 0x7F, 0x80, 0xE7, 0x01, 0x87, 0x00, 0x00, 0x00, 0x00,
    0x00, 0x00, 0xFF, 0xF1, 0xFF, 0xF3, 0xFF, 0xF7, 0xC3, 0xEF, 0x83, 0xFF, 0x07, 0xFE, 0x0F, 0xFC,
    0x3E, 0xFF, 0xFD, 0xFF, 0xF3, 0xFF, 0xC7, 0xCF, 0x8F, 0x8F, 0x1F, 0x1F, 0x3E, 0x1F, 0x7C, 0x3E,
    0xF8, 0x3F, 0xF0, 0x7C, 0x00, 0x1F, 0x1F, 0xDE, 0xFE, 0x38, 0x00, 0x01, 0xEF, 0xFF, 0xFF, 0xFF,
    0x1F, 0x0F, 0x87, 0xC3, 0xE1, 0xF0, 0xF8, 0x7C, 0x3E, 0x1F, 0x0F, 0x80, 0x3D, 0xE0, 0x3D, 0xE0,
    0x1E, 0xE0, 0x0E, 0xF0, 0x00, 0x00, 0x00, 0x00, 0x00, 0x00, 0xF8, 0x0F, 0xF8, 0x0F, 0xF8, 0x0F,
    0xF8, 0x0F, 0xF8, 0x0F, 0xF8, 0x0F, 0xF8, 0x0F, 0xF8, 0x0F, 0xF8, 0x0F, 0xF8, 0x0F, 0xF8, 0x0F,
    0xF8, 0x0F, 0xF8, 0x1F, 0x78, 0x1F, 0x7E, 0x3E, 0x3F, 0xFE, 0x1F, 0xFC, 0x0F, 0xF0, 0xFF, 0x81,
    0xEF, 0x03, 0xFC, 0x07, 0x70, 0x00, 0x00, 0x00, 0x0F, 0x87, 0xBE, 0x1E, 0xF8, 0x7B, 0xE1, 0xEF,
    0x87, 0xBE, 0x1E, 0xF8, 0x7B, 0xE1, 0xEF, 0x87, 0xBE, 0x1E, 0xFC, 0xF9, 0xFF, 0xE7, 0xFF, 0x8F,
    0xDE, 0x00, 0x00, 0x07, 0xE0, 0x0F, 0xF0, 0x0F, 0x78, 0x0C, 0x38, 0x00, 0x00, 0x00, 0x00, 0x00,
    0x00, 0xF8, 0x0F, 0xF8, 0x0F, 0xF8, 0x0F, 0xF8, 0x0F, 0xF8, 0x0F, 0xF8, 0x0F, 0xF8, 0x0F, 0xF8,
    0x0F, 0xF8, 0x0F, 0xF8, 0x0F, 0xF8, 0x0F, 0xF8, 0x0F, 0xF8, 0x1F, 0x78, 0x1F, 0x7E, 0x3E, 0x3F,
    0xFE, 0x1F, 0xFC, 0x0F, 0xF0, 0x00, 0x00, 0x3F, 0x01, 0xFE, 0x0F, 0x78, 0x38, 0xE0, 0x00, 0x00,
    0x00, 0x3E, 0x1E, 0xF8, 0x7B, 0xE1, 0xEF, 0x87, 0xBE, 0x1E, 0xF8, 0x7B, 0xE1, 0xEF, 0x87, 0xBE,
    0x1E, 0xF8, 0x7B, 0xF3, 0xE7, 0xFF, 0x9F, 0xFE, 0x3F, 0x78, 0x1F, 0xE0, 0x7F, 0xF1, 0xFF, 0xF3,
    0xE3, 0xEF, 0x83, 0xDF, 0x03, 0xBF, 0x00, 0x3F, 0xE0, 0x7F, 0xF0, 0x3F, 0xF0, 0x1F, 0xF0, 0x03,
    0xFF, 0x03, 0xFE, 0x07, 0xFF, 0x1F, 0x3F, 0xFE, 0x7F, 0xF8, 0x3F, 0xE0, 0x00, 0x00, 0x00, 0x00,
    0x78, 0x00, 0xF0, 0x01, 0xC0, 0x07, 0x80, 0x1F, 0xE0, 0xFF, 0xC7, 0xFF, 0x9F, 0x3E, 0x78, 0x61,
    0xFC, 0x03, 0xFE, 0x07, 0xFE, 0x03, 0xF9, 0xE1, 0xE7, 0xCF, 0x9F, 0xFE, 0x3F, 0xF0, 0x7F, 0x80,
    0x00, 0x00, 0x00, 0x07, 0x80, 0x1C, 0x00, 0xF0, 0x03, 0x80, 0x7F, 0xFF, 0x7F, 0xFF, 0x7F, 0xFF,
    0x03, 0xE0, 0x03, 0xE0, 0x03, 0xE0, 0x03, 0xE0, 0x03, 0xE0, 0x03, 0xE0, 0x03, 0xE0, 0x03, 0xE0,
    0x03, 0xE0, 0x03, 0xE0, 0x03, 0xE0, 0x03, 0xE0, 0x03, 0xE0, 0x03, 0xE0, 0x03, 0xE0, 0x00, 0x00,
    0x00, 0x00, 0x03, 0xC0, 0x03, 0xC0, 0x03, 0x80, 0x07, 0x80, 0x3C, 0x1E, 0x0F, 0x07, 0x8F, 0xFF,
    0xFF, 0xFE, 0x78, 0x3C, 0x1E, 0x0F, 0x07, 0x83, 0xC1, 0xE0, 0xF0, 0x7F, 0x3F, 0x8F, 0xC0, 0x00,
    0x01, 0xE0, 0xE0, 0xF0, 0x78, 0x1F, 0xE0, 0x7F, 0xF1, 0xFF, 0xF7, 0xE7, 0xEF, 0x83, 0xC0, 0x07,
    0x80, 0x0F, 0x00, 0x3E, 0x00, 0xF8, 0x03, 0xF0, 0x3F, 0xE1, 0xFF, 0xE3, 0xFB, 0xC7, 0x87, 0x88,
    0x0F, 0x00, 0x1E, 0x00, 0x7C, 0x00, 0xF8, 0x07, 0xE0, 0x3F, 0x83, 0xFE, 0x07, 0xF8, 0x0F, 0xC0,
    0x1C, 0x00, 0x3F, 0xC7, 0xFE, 0x7F, 0xFF, 0x9F, 0xF0, 0xF0, 0x1F, 0x01, 0xE0, 0x3E, 0x1F, 0xE3,
    0xFF, 0x3E, 0xF3, 0x8F, 0x00, 0xF0, 0x1F, 0x03, 0xE0, 0xFE, 0x3F, 0xC3, 0xF0, 0x3C, 0x02, 0x00,
    0x1E, 0x38, 0x07, 0xBC, 0x01, 0xFC, 0x00, 0x7C, 0x00, 0x00, 0x00, 0x00, 0x00, 0x00, 0x01, 0xF0,
    0x1E, 0xF8, 0x0F, 0x7C, 0x07, 0xBE, 0x03, 0xDF, 0x01, 0xEF, 0x80, 0xF7, 0xC0, 0x7B, 0xFF, 0xFD,
    0xFF, 0xFE, 0xFF, 0xFF, 0x7C, 0x07, 0xBE, 0x03, 0xDF, 0x01, 0xEF, 0x80, 0xF7, 0xC0, 0x7B, 0xE0,
    0x3D, 0xF0, 0x1E, 0xF8, 0x0F, 0x00, 0xF1, 0xC0, 0x3D, 0xE0, 0x0F, 0xE0, 0x03, 0xE0, 0x00, 0x00,
    0x00, 0x00, 0x00, 0x00, 0x00, 0x3E, 0x00, 0x1F, 0x00, 0x0F, 0x80, 0x07, 0xC0, 0x03, 0xFF, 0x81,
    0xFF, 0xE0, 0xFF, 0xF8, 0x7E, 0x7C, 0x3E, 0x1E, 0x1F, 0x0F, 0x0F, 0x87, 0x87, 0xC3, 0xC3, 0xE1,
    0xE1, 0xF0, 0xF0, 0xF8, 0x78, 0x7C, 0x3C, 0x3E, 0x1E, 0x1F, 0x0F, 0x00, 0x78, 0xF0, 0xF0, 0xE0,
    0x79, 0xEF, 0x38, 0x0F, 0x03, 0xF0, 0xFF, 0x3C, 0xF0, 0x00, 0x3F, 0xFF, 0xFF, 0xE0, 0x7F, 0x3F,
    0x9F, 0xC0, 0xE3, 0xFB, 0xDF, 0xC7, 0xC0, 0x77, 0xFE, 0xE0, 0xF3, 0xBD, 0xFF, 0x7F, 0xCE, 0xFF,
    0xCE, 0xE0, 0x7D, 0xFF, 0xBF, 0x3E, 0xFF, 0xDF, 0x00, 0x3D, 0xF7, 0xFE, 0xF3, 0xCE, 0x70, 0x71,
    0xEF, 0x78, 0xFE, 0x0F, 0x80, 0x7B, 0xC7, 0xB8, 0xF7, 0x8F, 0x70, 0x3C, 0xE7, 0x9E, 0x7B, 0xE7,
    0x00, 0x7B, 0xDE, 0xF7, 0xBB, 0xC4, 0x7B, 0xDE, 0xF7, 0xBB, 0xC4, 0x7B, 0xDC, 0xEF, 0x71, 0x00,
    0x77, 0xFE, 0xE0, 0x77, 0x7E, 0xE0, 0x71, 0xC7, 0x87, 0x7F, 0xE7, 0x00, 0x3C, 0xF1, 0xC7, 0xE7,
    0xEF, 0xC0, 0x71, 0xEF, 0x78, 0xFE, 0x0F, 0x80, 0x00, 0x60, 0x0E, 0x00, 0xC0, 0x1C, 0x01, 0x80,
    0x38, 0x03, 0x00, 0x70, 0x06, 0x00, 0xE0, 0x0C, 0x01, 0xC0, 0x18, 0x03, 0x80, 0x30, 0x07, 0x00,
    0x70, 0x00, 0x00, 0x0C, 0x00, 0x38, 0x00, 0xE0, 0x01, 0x80, 0x07, 0x00, 0x0C, 0x00, 0x38, 0x00,
    0x60, 0x01, 0x80, 0x07, 0x00, 0x0C, 0x00, 0x38, 0x00, 0x60, 0x01, 0x80, 0x07, 0x00, 0x0C, 0x00,
    0x38, 0x00, 0x60, 0x01, 0x80, 0x07, 0x00, 0x00, 0x00, 0x1F, 0xF7, 0xF9, 0xFE, 0x7B, 0xDD, 0xE0,
    0x7F, 0xBF, 0xFF, 0xFF, 0x87, 0xE1, 0xF8, 0x70, 0xFF, 0xFF, 0xC0, 0x00, 0x0F, 0xFF, 0xFC, 0xEF,
    0xDF, 0xBF, 0x7E, 0xE0, 0xFB, 0xFF, 0xC7, 0x1C, 0x70, 0x06, 0x9F, 0xFF, 0xFB, 0xFE, 0x1C, 0x00,
    0x00, 0x1E, 0x07, 0x81, 0xE1, 0xE7, 0x7D, 0xFF, 0xFE, 0xFB, 0x9C, 0x1E, 0x07, 0x81, 0xE0, 0x7D,
    0xFF, 0xFE, 0xF9, 0xF7, 0xFF, 0xFB, 0xE0, 0x39, 0xC7, 0x0E, 0xFF, 0xFF, 0xFF, 0x70, 0xE3, 0x9C,
    0x31, 0xEF, 0xFF, 0x30, 0xC0, 0x80, 0x3C, 0x0F, 0xC3, 0xFE, 0x1F, 0xC3, 0xF7, 0xFF, 0xFC, 0xF8,
    0x30, 0x00, 0x76, 0x66, 0x70, 0x00, 0x0F, 0xC7, 0xF9, 0xCF, 0xF3, 0xC7, 0x81, 0xE0, 0x78, 0x00,
    0xD9, 0xF3, 0xC7, 0xDD, 0x90, 0x00, 0x00, 0x0E, 0x7E, 0xF8, 0xFC, 0x3E, 0x06, 0x01, 0xE3, 0xF9,
    0xF7, 0xFF, 0x30, 0x00, 0x00, 0x00, 0xE0, 0x71, 0xF9, 0xE0, 0xFB, 0xC7, 0xFF, 0xCF, 0x9D, 0x98,
    0x33, 0x80, 0xE7, 0x9C, 0x67, 0x7B, 0x80, 0x77, 0xFE, 0xE0, 0x33, 0xDF, 0xCE, 0x79, 0xA0, 0x7F,
    0xDD, 0xDB, 0x33, 0xF7, 0x67, 0xFC, 0x70, 0xE1, 0xF7, 0xE1, 0xC3, 0x00, 0x70, 0x00, 0xE7, 0x80,
    0x1E, 0x3F, 0x9F, 0xC1, 0xFF, 0xF8, 0x07, 0xFE, 0x00, 0xE0, 0x00, 0xEF, 0x00, 0x79, 0xFE, 0xFF,
    0x1F, 0xFF, 0x80, 0xFF, 0xE0, 0x00, 0x01, 0xFF, 0xFF, 0xFF, 0xF8, 0x00, 0x01, 0xFF, 0xFF, 0xFF,
    0xF8, 0x00, 0x00, 0x00, 0x8F, 0xFF, 0xFF, 0xF7, 0xFF, 0xFF, 0xFF, 0xFF, 0xFF, 0xFE, 0x20, 0x00,
    0x00, 0x00, 0x00, 0x00, 0x01, 0xFF, 0xC0, 0xFF, 0xFE, 0x3F, 0x8F, 0xE7, 0x80, 0x3D, 0xC0, 0x01,
    0xC0, 0x00, 0x00, 0xE0, 0x00, 0x01, 0xE3, 0xFF, 0xFF, 0xF7, 0xFF, 0xFF, 0xE0, 0x00, 0x07, 0x80,
    0x00, 0x1E, 0x00, 0x7D, 0xF8, 0x37, 0xFE, 0xFF, 0xFF, 0x80, 0x7D, 0xFB, 0xBF, 0xFF, 0xDF, 0x9F,
    0x00, 0xFC, 0x7F, 0xFF, 0xFC, 0x3E, 0x7E, 0x77, 0x67, 0x77, 0x7E, 0x3E, 0xEF, 0xDF, 0xBF, 0x7E,
    0xFF, 0xDF, 0x80, 0x7D, 0xFB, 0xBE, 0x0E, 0xDF, 0x9F, 0x00, 0x0E, 0x1C, 0x3B, 0xFF, 0xFD, 0xF3,
    0xF7, 0xFE, 0xFC, 0xE1, 0xC3, 0x87, 0xEF, 0xDD, 0xFB, 0xF7, 0xEF, 0xDC, 0xFF, 0xDF, 0xFB, 0x3B,
    0xE6, 0x7C, 0xCF, 0x99, 0xF3, 0x38, 0xFF, 0xF9, 0xCE, 0x73, 0x80, 0x73, 0xBE, 0xE7, 0x39, 0xCF,
    0x38, 0x67, 0x76, 0x7E, 0x3E, 0x3C, 0x3C, 0x1C, 0xEE, 0xF9, 0xF1, 0xC7, 0xCF, 0xBB, 0x80, 0x1E,
    0x00, 0x70, 0x03, 0xC0, 0x0E, 0x00, 0x00, 0x00, 0x00, 0x00, 0x1F, 0xFF, 0xFF, 0xFF, 0xFF, 0xFE,
    0x01, 0xF0, 0x0F, 0x80, 0x7C, 0x03, 0xFF, 0xFF, 0xFF, 0xFF, 0xFF, 0xC0, 0x3E, 0x01, 0xF0, 0x0F,
    0x80, 0x7C, 0x03, 0xFF, 0xFF, 0xFF, 0xFF, 0xF8, 0x3C, 0xE1, 0xEF, 0x8F, 0x7C, 0x79, 0xC0, 0x00,
    0x00, 0x00, 0x00, 0x1F, 0xFF, 0xFF, 0xFF, 0xFF, 0xFE, 0x01, 0xF0, 0x0F, 0x80, 0x7C, 0x03, 0xFF,
    0xFF, 0xFF, 0xFF, 0xFF, 0xC0, 0x3E, 0x01, 0xF0, 0x0F, 0x80, 0x7C, 0x03, 0xFF, 0xFF, 0xFF, 0xFF,
    0xF8, 0x7F, 0xFF, 0x03, 0xFF, 0xF8, 0x1F, 0xFF, 0xC0, 0x07, 0xC0, 0x00, 0x3E, 0x00, 0x01, 0xF0,
    0x00, 0x0F, 0xFE, 0x00, 0x7F, 0xFC, 0x03, 0xFF, 0xF0, 0x1F, 0x9F, 0x80, 0xF8, 0x3E, 0x07, 0xC1,
    0xF0, 0x3E, 0x0F, 0x81, 0xF0, 0x7C, 0x0F, 0x83, 0xE0, 0x7C, 0x3E, 0x03, 0xEF, 0xF0, 0x1F, 0x7F,
    0x00, 0x03, 0xE0, 0x01, 0xE0, 0x1E, 0x00, 0xE0, 0x0F, 0x00, 0x00, 0x00, 0x00, 0x00, 0x1F, 0xFF,
    0xFF, 0xFF, 0xFF, 0xFE, 0x01, 0xF0, 0x0F, 0x80, 0x7C, 0x03, 0xE0, 0x1F, 0x00, 0xF8, 0x07, 0xC0,
    0x3E, 0x01, 0xF0, 0x0F, 0x80, 0x7C, 0x03, 0xE0, 0x1F, 0x00, 0xF8, 0x00, 0x07, 0xF8, 0x0F, 0xFE,
    0x0F, 0xFF, 0x8F, 0xC7, 0xE7, 0xC0, 0xF7, 0xC0, 0x7F, 0xE0, 0x01, 0xFF, 0xC0, 0xFF, 0xE0, 0x7F,
    0xF0, 0x3C, 0x00, 0x1F, 0x01, 0xFF, 0x80, 0xFB, 0xE0, 0xF9, 0xF8, 0xFC, 0x7F, 0xFC, 0x1F, 0xFC,
    0x03, 0xF8, 0x00, 0x1F, 0xE0, 0x7F, 0xF1, 0xFF, 0xF3, 0xE3, 0xEF, 0x83, 0xDF, 0x03, 0xBF, 0x00,
    0x3F, 0xE0, 0x7F, 0xF0, 0x3F, 0xF0, 0x1F, 0xF0, 0x03, 0xFF, 0x03, 0xFE, 0x07, 0xFF, 0x1F, 0x3F,
    0xFE, 0x7F, 0xF8, 0x3F, 0xE0, 0xFF, 0xFF, 0xFF, 0xFF, 0xFF, 0xFF, 0xFF, 0xFF, 0xFF, 0xFF, 0xFF,
    0xC0, 0x71, 0xCF, 0x79, 0xEF, 0x38, 0xE0, 0x00, 0x00, 0x00, 0x00, 0xF8, 0x1F, 0x03, 0xE0, 0x7C,
    0x0F, 0x81, 0xF0, 0x3E, 0x07, 0xC0, 0xF8, 0x1F, 0x03, 0xE0, 0x7C, 0x0F, 0x81, 0xF0, 0x3E, 0x07,
    0xC0, 0xF8, 0x1F, 0x00, 0x00, 0x78, 0x03, 0xC0, 0x1E, 0x00, 0xF0, 0x07, 0x80, 0x3C, 0x01, 0xE0,
    0x0F, 0x00, 0x78, 0x03, 0xC0, 0x1E, 0xF0, 0xFF, 0x87, 0xBC, 0x3D, 0xF3, 0xEF, 0xFF, 0x3F, 0xF0,
    0xFF, 0x00, 0x0F, 0xFF, 0x80, 0x01, 0xFF, 0xF0, 0x00, 0x3F, 0xFE, 0x00, 0x07, 0x83, 0xC0, 0x00,
    0xF0, 0x78, 0x00, 0x1E, 0x0F, 0x00, 0x03, 0xC1, 0xFF, 0xC0, 0x78, 0x3F, 0xFC, 0x0F, 0x07, 0xFF,
    0xC1, 0xE0, 0xF0, 0xFC, 0x3C, 0x1E, 0x0F, 0x8F, 0x83, 0xC0, 0xF1, 0xF0, 0x78, 0x1E, 0x3C, 0x0F,
    0x07, 0xCF, 0x81, 0xE1, 0xFB, 0xF0, 0x3F, 0xFE, 0x7C, 0x07, 0xFF, 0x8F, 0x00, 0xFF, 0xE0, 0xF8,
    0x0F, 0x00, 0x1F, 0x01, 0xE0, 0x03, 0xE0, 0x3C, 0x00, 0x7C, 0x07, 0x80, 0x0F, 0x80, 0xF0, 0x01,
    0xF0, 0x1E, 0x00, 0x3F, 0xFF, 0xFF, 0x87, 0xFF, 0xFF, 0xFC, 0xFF, 0xFF, 0xFF, 0x9F, 0x01, 0xE1,
    0xFB, 0xE0, 0x3C, 0x0F, 0x7C, 0x07, 0x81, 0xEF, 0x80, 0xF0, 0x3D, 0xF0, 0x1E, 0x07, 0xBE, 0x03,
    0xC3, 0xF7, 0xC0, 0x7F, 0xFC, 0xF8, 0x0F, 0xFF, 0x9F, 0x01, 0xFF, 0xC0, 0x7F, 0xFF, 0x83, 0xFF,
    0xFC, 0x1F, 0xFF, 0xE0, 0x07, 0xC0, 0x00, 0x3E, 0x00, 0x01, 0xF0, 0x00, 0x0F, 0x80, 0x00, 0x7F,
    0xF8, 0x03, 0xFF, 0xF0, 0x1F, 0xFF, 0x80, 0xFC, 0x7E, 0x07, 0xC1, 0xF0, 0x3E, 0x07, 0x81, 0xF0,
    0x3C, 0x0F, 0x81, 0xE0, 0x7C, 0x0F, 0x03, 0xE0, 0x78, 0x1F, 0x03, 0xC0, 0x01, 0xE0, 0x00, 0xF0,
    0x00, 0xF0, 0x00, 0x78, 0x00, 0x00, 0x00, 0x00, 0x00, 0x00, 0x01, 0xF0, 0x3E, 0xF8, 0x3E, 0x7C,
    0x3F, 0x3E, 0x1F, 0x1F, 0x1F, 0x0F, 0x9F, 0x07, 0xDF, 0x83, 0xFF, 0x81, 0xFF, 0x80, 0xFF, 0xE0,
    0x7D, 0xF0, 0x3E, 0x7C, 0x1F, 0x1F, 0x0F, 0x8F, 0xC7, 0xC3, 0xE3, 0xE0, 0xF9, 0xF0, 0x7E, 0xF8,
    0x1F, 0x00, 0x0F, 0x00, 0x03, 0xC0, 0x00, 0xE0, 0x00, 0x78, 0x00, 0x00, 0x00, 0x00, 0x00, 0x00,
    0x01, 0xF0, 0x1F, 0xF8, 0x1F, 0xFC, 0x1F, 0xFE, 0x0F, 0xFF, 0x0F, 0xFF, 0x8F, 0xFF, 0xC7, 0xFF,
    0xE7, 0xFF, 0xF7, 0xDF, 0xFB, 0xEF, 0xFF, 0xE7, 0xFF, 0xE3, 0xFF, 0xF1, 0xFF, 0xF0, 0xFF, 0xF0,
    0x7F, 0xF8, 0x3F, 0xF8, 0x1F, 0xFC, 0x0F, 0x80, 0x0E, 0x38, 0x07, 0xBC, 0x01, 0xFC, 0x00, 0x7C,
    0x00, 0x00, 0x00, 0x00, 0x00, 0x00, 0x01, 0xF8, 0x1F, 0x7C, 0x0F, 0x3E, 0x0F, 0x8F, 0x87, 0xC7,
    0xC7, 0xC1, 0xF3, 0xE0, 0xF9, 0xE0, 0x3D, 0xF0, 0x1F, 0xF0, 0x07, 0xF8, 0x03, 0xF8, 0x00, 0xFC,
    0x00, 0x7E, 0x00, 0x1E, 0x00, 0x1F, 0x00, 0x7F, 0x00, 0x3F, 0x00, 0x1F, 0x00, 0x00, 0xF8, 0x1F,
    0xF8, 0x1F, 0xF8, 0x1F, 0xF8, 0x1F, 0xF8, 0x1F, 0xF8, 0x1F, 0xF8, 0x1F, 0xF8, 0x1F, 0xF8, 0x1F,
    0xF8, 0x1F, 0xF8, 0x1F, 0xF8, 0x1F, 0xF8, 0x1F, 0xF8, 0x1F, 0xF8, 0x1F, 0xFF, 0xFF, 0xFF, 0xFF,
    0xFF, 0xFF, 0x03, 0xC0, 0x03, 0xC0, 0x03, 0xC0, 0x03, 0xC0, 0x03, 0xF0, 0x00, 0x7F, 0x00, 0x0F,
    0xE0, 0x03, 0xFC, 0x00, 0x7F, 0xC0, 0x0F, 0x78, 0x03, 0xEF, 0x00, 0x79, 0xF0, 0x1F, 0x3E, 0x03,
    0xE3, 0xC0, 0x7C, 0x7C, 0x1F, 0xFF, 0x83, 0xFF, 0xF0, 0x7F, 0xFF, 0x1F, 0x03, 0xE3, 0xE0, 0x3E,
    0x7C, 0x07, 0xDF, 0x00, 0xF8, 0xFF, 0xF9, 0xFF, 0xF3, 0xFF, 0xE7, 0xC0, 0x0F, 0x80, 0x1F, 0x00,
    0x3E, 0x00, 0x7F, 0xF8, 0xFF, 0xF9, 0xFF, 0xFB, 0xE1, 0xF7, 0xC1, 0xFF, 0x83, 0xFF, 0x07, 0xBE,
    0x1F, 0x7F, 0xFE, 0xFF, 0xF9, 0xFF, 0xE0, 0xFF, 0xF1, 0xFF, 0xF3, 0xFF, 0xF7, 0xC3, 0xEF, 0x83,
    0xDF, 0x07, 0xBE, 0x1F, 0x7F, 0xFC, 0xFF, 0xF1, 0xFF, 0xFB, 0xE3, 0xF7, 0xC1, 0xFF, 0x83, 0xFF,
    0x07, 0xFE, 0x1F, 0xFF, 0xFE, 0xFF, 0xF9, 0xFF, 0xE0, 0xFF, 0xFF, 0xFF, 0xFF, 0xFF, 0xF0, 0x0F,
    0x80, 0x7C, 0x03, 0xE0, 0x1F, 0x00, 0xF8, 0x07, 0xC0, 0x3E, 0x01, 0xF0, 0x0F, 0x80, 0x7C, 0x03,
    0xE0, 0x1F, 0x00, 0xF8, 0x07, 0xC0, 0x00, 0x07, 0xFF, 0xE0, 0x3F, 0xFF, 0x01, 0xFF, 0xF8, 0x0F,
    0x87, 0xC0, 0x78, 0x3E, 0x03, 0xC1, 0xF0, 0x1E, 0x0F, 0x80, 0xF0, 0x7C, 0x07, 0x83, 0xE0, 0x3C,
    0x1F, 0x03, 0xE0, 0xF8, 0x1F, 0x07, 0xC0, 0xF0, 0x3E, 0x07, 0x81, 0xF0, 0x7C, 0x0F, 0x8F, 0xFF,
    0xFF, 0x7F, 0xFF, 0xFB, 0xFF, 0xFF, 0xDE, 0x00, 0x1E, 0xF0, 0x00, 0xF7, 0x80, 0x07, 0xBC, 0x00,
    0x3C, 0x00, 0x00, 0x00, 0xFF, 0xFF, 0xFF, 0xFF, 0xFF, 0xF0, 0x0F, 0x80, 0x7C, 0x03, 0xE0, 0x1F,
    0xFF, 0xFF, 0xFF, 0xFF, 0xFE, 0x01, 0xF0, 0x0F, 0x80, 0x7C, 0x03, 0xE0, 0x1F, 0xFF, 0xFF, 0xFF,
    0xFF, 0xC0, 0x7C, 0x1F, 0x07, 0xCF, 0xC3, 0xE1, 0xF0, 0xF8, 0x7C, 0x7E, 0x0F, 0x8F, 0x8F, 0x80,
    0xF9, 0xF3, 0xE0, 0x1F, 0x3E, 0x78, 0x01, 0xF7, 0xDF, 0x00, 0x1F, 0xFF, 0xC0, 0x03, 0xFF, 0xF8,
    0x00, 0xFF, 0xFF, 0x80, 0x3E, 0x7C, 0xF0, 0x07, 0xCF, 0x9F, 0x01, 0xF1, 0xF1, 0xE0, 0x3E, 0x3E,
    0x3E, 0x0F, 0x87, 0xC3, 0xE1, 0xF0, 0xF8, 0x7C, 0x7C, 0x1F, 0x07, 0xCF, 0x83, 0xE0, 0xF8, 0x1F,
    0xE0, 0xFF, 0xC7, 0xFF, 0xBF, 0x3E, 0xF8, 0x7C, 0x01, 0xF0, 0x0F, 0x81, 0xFC, 0x07, 0xF0, 0x1F,
    0xE0, 0x0F, 0xC0, 0x1F, 0xF0, 0x3F, 0xE1, 0xFF, 0xCF, 0xDF, 0xFE, 0x3F, 0xF8, 0x7F, 0x80, 0xF8,
    0x0F, 0xFC, 0x0F, 0xFE, 0x0F, 0xFF, 0x07, 0xFF, 0x87, 0xFF, 0xC7, 0xFF, 0xE3, 0xFF, 0xF3, 0xFF,
    0xFB, 0xEF, 0xFD, 0xF7, 0xFF, 0xF3, 0xFF, 0xF1, 0xFF, 0xF8, 0xFF, 0xF8, 0x7F, 0xF8, 0x3F, 0xFC,
    0x1F, 0xFC, 0x0F, 0xFE, 0x07, 0xC0, 0x0E, 0x38, 0x07, 0xB8, 0x03, 0xFC, 0x00, 0x7C, 0x00, 0x00,
    0x00, 0x00, 0x00, 0x00, 0x01, 0xF0, 0x1F, 0xF8, 0x1F, 0xFC, 0x1F, 0xFE, 0x0F, 0xFF, 0x0F, 0xFF,
    0x8F, 0xFF, 0xC7, 0xFF, 0xE7, 0xFF, 0xF7, 0xDF, 0xFB, 0xEF, 0xFF, 0xE7, 0xFF, 0xE3, 0xFF, 0xF1,
    0xFF, 0xF0, 0xFF, 0xF0, 0x7F, 0xF8, 0x3F, 0xF8, 0x1F, 0xFC, 0x0F, 0x80, 0xF8, 0x1F, 0x7C, 0x1F,
    0x3E, 0x1F, 0x9F, 0x0F, 0x8F, 0x8F, 0x87, 0xCF, 0x83, 0xEF, 0xC1, 0xFF, 0xC0, 0xFF, 0xC0, 0x7F,
    0xF0, 0x3E, 0xF8, 0x1F, 0x3E, 0x0F, 0x8F, 0x87, 0xC7, 0xE3, 0xE1, 0xF1, 0xF0, 0x7C, 0xF8, 0x3F,
    0x7C, 0x0F, 0x80, 0x0F, 0xFF, 0x83, 0xFF, 0xE0, 0xFF, 0xF8, 0x3C, 0x1E, 0x0F, 0x07, 0x83, 0xC1,
    0xE0, 0xF0, 0x78, 0x3C, 0x1E, 0x0F, 0x07, 0x83, 0xC1, 0xE0, 0xF0, 0x78, 0x7C, 0x1E, 0x1F, 0x07,
    0x87, 0x81, 0xE3, 0xE0, 0x79, 0xF8, 0x1E, 0x7C, 0x07, 0x9E, 0x01, 0xE0, 0xFE, 0x03, 0xFF, 0xF0,
    0x1F, 0xFF, 0xC0, 0xFF, 0xFE, 0x0F, 0xFF, 0xF0, 0x7F, 0xFF, 0xC3, 0xFF, 0xFE, 0x3F, 0xFF, 0xF1,
    0xEF, 0xFF, 0xCF, 0x7F, 0xDE, 0xFB, 0xFE, 0xF7, 0x9F, 0xF7, 0xFC, 0xFF, 0x9F, 0xE7, 0xFC, 0xFE,
    0x3F, 0xE7, 0xF1, 0xFF, 0x1F, 0x0F, 0xF8, 0xF8, 0x7F, 0xC3, 0xC3, 0xC0, 0xF8, 0x0F, 0x7C, 0x07,
    0xBE, 0x03, 0xDF, 0x01, 0xEF, 0x80, 0xF7, 0xC0, 0x7B, 0xE0, 0x3D, 0xFF, 0xFE, 0xFF, 0xFF, 0x7F,
    0xFF, 0xBE, 0x03, 0xDF, 0x01, 0xEF, 0x80, 0xF7, 0xC0, 0x7B, 0xE0, 0x3D, 0xF0, 0x1E, 0xF8, 0x0F,
    0x7C, 0x07, 0x80, 0x07, 0xF8, 0x07, 0xFF, 0x03, 0xFF, 0xE1, 0xF8, 0xFC, 0x7C, 0x0F, 0xBE, 0x03,
    0xEF, 0x80, 0x7B, 0xC0, 0x1E, 0xF0, 0x07, 0xBC, 0x01, 0xEF, 0x00, 0x7B, 0xE0, 0x1E, 0xF8, 0x0F,
    0x9F, 0x03, 0xE7, 0xE3, 0xF0, 0xFF, 0xF8, 0x1F, 0xFC, 0x01, 0xFE, 0x00, 0xFF, 0xFF, 0x7F, 0xFF,
    0xBF, 0xFF, 0xDF, 0x01, 0xEF, 0x80, 0xF7, 0xC0, 0x7B, 0xE0, 0x3D, 0xF0, 0x1E, 0xF8, 0x0F, 0x7C,
    0x07, 0xBE, 0x03, 0xDF, 0x01, 0xEF, 0x80, 0xF7, 0xC0, 0x7B, 0xE0, 0x3D, 0xF0, 0x1E, 0xF8, 0x0F,
    0x7C, 0x07, 0x80, 0xFF, 0xE1, 0xFF, 0xF3, 0xFF, 0xF7, 0xC7, 0xEF, 0x83, 0xDF, 0x07, 0xFE, 0x0F,
    0xFC, 0x1E, 0xF8, 0xFD, 0xFF, 0xFB, 0xFF, 0xE7, 0xFF, 0x0F, 0x80, 0x1F, 0x00, 0x3E, 0x00, 0x7C,
    0x00, 0xF8, 0x01, 0xF0, 0x00, 0x07, 0xF8, 0x0F, 0xFE, 0x0F, 0xFF, 0x8F, 0xC7, 0xE7, 0xC1, 0xF7,
    0xC0, 0x7F, 0xE0, 0x01, 0xE0, 0x00, 0xF0, 0x00, 0x78, 0x00, 0x3C, 0x00, 0x1F, 0x00, 0x0F, 0x80,
    0xFB, 0xE0, 0xF9, 0xF8, 0xFC, 0x7F, 0xFC, 0x1F, 0xFC, 0x03, 0xFC, 0x00, 0x7F, 0xFF, 0x7F, 0xFF,
    0x7F, 0xFF, 0x03, 0xE0, 0x03, 0xE0, 0x03, 0xE0, 0x03, 0xE0, 0x03, 0xE0, 0x03, 0xE0, 0x03, 0xE0,
    0x03, 0xE0, 0x03, 0xE0, 0x03, 0xE0, 0x03, 0xE0, 0x03, 0xE0, 0x03, 0xE0, 0x03, 0xE0, 0x03, 0xE0,
    0xFC, 0x0F, 0xBE, 0x07, 0x9F, 0x07, 0xC7, 0xC3, 0xE3, 0xE3, 0xE0, 0xF9, 0xF0, 0x7C, 0xF0, 0x1E,
    0xF8, 0x0F, 0xF8, 0x03, 0xFC, 0x01, 0xFC, 0x00, 0x7E, 0x00, 0x3F, 0x00, 0x0F, 0x00, 0x0F, 0x80,
    0x3F, 0x80, 0x1F, 0x80, 0x0F, 0x80, 0x00, 0x01, 0xF0, 0x00, 0x3E, 0x00, 0x0F, 0xE0, 0x0F, 0xFF,
    0x83, 0xFF, 0xF8, 0xFF, 0xFF, 0x9F, 0x7D, 0xF7, 0xCF, 0x9F, 0xF9, 0xF3, 0xFE, 0x3E, 0x3F, 0xC7,
    0xC7, 0xF8, 0xF8, 0xFF, 0x1F, 0x3F, 0xF3, 0xE7, 0xDF, 0x7D, 0xF3, 0xFF, 0xFE, 0x3F, 0xFF, 0x83,
    0xFF, 0xE0, 0x1F, 0xF0, 0x00, 0xF8, 0x00, 0x1F, 0x00, 0x7C, 0x0F, 0x8F, 0x83, 0xE3, 0xF1, 0xF0,
    0x7C, 0xF8, 0x0F, 0xBE, 0x03, 0xFF, 0x00, 0x7F, 0x80, 0x0F, 0xE0, 0x03, 0xF0, 0x00, 0xFC, 0x00,
    0x3F, 0x80, 0x1F, 0xF0, 0x0F, 0xFC, 0x07, 0xCF, 0x81, 0xF1, 0xF0, 0xF8, 0x7E, 0x7C, 0x0F, 0x9F,
    0x01, 0xF0, 0xF8, 0x1F, 0x3E, 0x07, 0xCF, 0x81, 0xF3, 0xE0, 0x7C, 0xF8, 0x1F, 0x3E, 0x07, 0xCF,
    0x81, 0xF3, 0xE0, 0x7C, 0xF8, 0x1F, 0x3E, 0x07, 0xCF, 0x81, 0xF3, 0xE0, 0x7C, 0xF8, 0x1F, 0x3E,
    0x07, 0xCF, 0x81, 0xF3, 0xFF, 0xFF, 0xFF, 0xFF, 0xFF, 0xFF, 0xF0, 0x00, 0x7C, 0x00, 0x1F, 0x00,
    0x07, 0xC0, 0x01, 0xF0, 0xF8, 0x1E, 0xF8, 0x1E, 0xF8, 0x1E, 0xF8, 0x1E, 0xF8, 0x1E, 0xF8, 0x1E,
    0xF8, 0x1E, 0x7C, 0x3E, 0x7F, 0xFE, 0x3F, 0xFE, 0x1F, 0xFE, 0x00, 0x1E, 0x00, 0x1E, 0x00, 0x1E,
    0x00, 0x1E, 0x00, 0x1E, 0x00, 0x1E, 0x00, 0x1E, 0xF8, 0x7C, 0x3D, 0xF0, 0xF8, 0x7B, 0xE1, 0xF0,
    0xF7, 0xC3, 0xE1, 0xEF, 0x87, 0xC3, 0xDF, 0x0F, 0x87, 0xBE, 0x1F, 0x0F, 0x7C, 0x3E, 0x1E, 0xF8,
    0x7C, 0x3D, 0xF0, 0xF8, 0x7B, 0xE1, 0xF0, 0xF7, 0xC3, 0xE1, 0xEF, 0x87, 0xC3, 0xDF, 0x0F, 0x87,
    0xBE, 0x1F, 0x0F, 0x7F, 0xFF, 0xFE, 0xFF, 0xFF, 0xFD, 0xFF, 0xFF, 0xF8, 0xF8, 0x7C, 0x3C, 0x7C,
    0x3E, 0x1E, 0x3E, 0x1F, 0x0F, 0x1F, 0x0F, 0x87, 0x8F, 0x87, 0xC3, 0xC7, 0xC3, 0xE1, 0xE3, 0xE1,
    0xF0, 0xF1, 0xF0, 0xF8, 0x78, 0xF8, 0x7C, 0x3C, 0x7C, 0x3E, 0x1E, 0x3E, 0x1F, 0x0F, 0x1F, 0x0F,
    0x87, 0x8F, 0x87, 0xC3, 0xC7, 0xC3, 0xE1, 0xE3, 0xE1, 0xF0, 0xF1, 0xFF, 0xFF, 0xFE, 0xFF, 0xFF,
    0xFF, 0x7F, 0xFF, 0xFF, 0x80, 0x00, 0x03, 0xC0, 0x00, 0x01, 0xE0, 0x00, 0x00, 0xF0, 0x00, 0x00,
    0x78, 0x7F, 0xC0, 0x07, 0xFC, 0x00, 0x7F, 0xC0, 0x00, 0x7C, 0x00, 0x07, 0xC0, 0x00, 0x7C, 0x00,
    0x07, 0xFF, 0x80, 0x7F, 0xFC, 0x07, 0xFF, 0xE0, 0x7C, 0x3F, 0x07, 0xC1, 0xF0, 0x7C, 0x0F, 0x07,
    0xC0, 0xF0, 0x7C, 0x1F, 0x07, 0xC3, 0xF0, 0x7F, 0xFE, 0x07, 0xFF, 0xC0, 0x7F, 0xF8, 0xF8, 0x00,
    0xFF, 0xC0, 0x07, 0xFE, 0x00, 0x3F, 0xF0, 0x01, 0xFF, 0x80, 0x0F, 0xFC, 0x00, 0x7F, 0xFF, 0x83,
    0xFF, 0xFF, 0x1F, 0xFF, 0xFC, 0xFF, 0xC7, 0xE7, 0xFE, 0x0F, 0xBF, 0xF0, 0x7D, 0xFF, 0x83, 0xEF,
    0xFC, 0x1F, 0x7F, 0xE1, 0xF3, 0xFF, 0xFF, 0x9F, 0xFF, 0xF8, 0xFF, 0xFF, 0x87, 0xC0, 0xF8, 0x01,
    0xF0, 0x03, 0xE0, 0x07, 0xC0, 0x0F, 0x80, 0x1F, 0x00, 0x3F, 0xF8, 0x7F, 0xFC, 0xFF, 0xFD, 0xF1,
    0xFB, 0xE0, 0xFF, 0xC1, 0xFF, 0x83, 0xFF, 0x07, 0xFE, 0x1F, 0x7F, 0xFE, 0xFF, 0xF9, 0xFF, 0xE0,
    0x0F, 0xF0, 0x1F, 0xFC, 0x1F, 0xFF, 0x0F, 0x8F, 0xCF, 0x81, 0xF7, 0x80, 0x78, 0x00, 0x3C, 0x07,
    0xFF, 0x03, 0xFF, 0x81, 0xFF, 0xC0, 0x03, 0xFE, 0x01, 0xEF, 0x01, 0xF7, 0xC0, 0xF9, 0xF9, 0xF8,
    0xFF, 0xF8, 0x3F, 0xF8, 0x07, 0xF8, 0x00, 0xF8, 0x1F, 0xE0, 0xF8, 0x3F, 0xF8, 0xF8, 0x7F, 0xFC,
    0xF8, 0xFC, 0x7E, 0xF9, 0xF8, 0x3E, 0xF9, 0xF0, 0x1F, 0xF9, 0xE0, 0x1F, 0xFF, 0xE0, 0x0F, 0xFF,
    0xE0, 0x0F, 0xFF, 0xE0, 0x0F, 0xF9, 0xE0, 0x0F, 0xF9, 0xE0, 0x1F, 0xF9, 0xF0, 0x1F, 0xF8, 0xF0,
    0x3E, 0xF8, 0xFC, 0x7E, 0xF8, 0x7F, 0xFC, 0xF8, 0x3F, 0xF8, 0xF8, 0x0F, 0xE0, 0x0F, 0xFE, 0x7F,
    0xFC, 0xFF, 0xFB, 0xF0, 0xF7, 0xC1, 0xEF, 0x03, 0xDF, 0x07, 0xBF, 0x0F, 0x3F, 0xFE, 0x7F, 0xFC,
    0x3F, 0xF8, 0xF8, 0xF1, 0xF1, 0xE7, 0xC3, 0xCF, 0x87, 0xBE, 0x0F, 0x7C, 0x1F, 0xF0, 0x3C, 0x0F,
    0xE1, 0xFF, 0x9F, 0xFE, 0xF9, 0xF3, 0x87, 0x80, 0xFC, 0x7F, 0xEF, 0xFF, 0x7C, 0x7B, 0xC3, 0xFE,
    0x3E, 0xFF, 0xF7, 0xFF, 0x9F, 0xBC, 0x00, 0x3C, 0x0F, 0xF8, 0x3F, 0xE0, 0xFF, 0x83, 0xE0, 0x0F,
    0x7E, 0x1F, 0xFE, 0x3F, 0xFE, 0x7C, 0x7C, 0xF0, 0x79, 0xE0, 0xFB, 0xC1, 0xF7, 0x83, 0xCF, 0x87,
    0x9F, 0x9F, 0x1F, 0xFC, 0x1F, 0xF0, 0x1F, 0xC0, 0xFF, 0xC7, 0xFF, 0x3F, 0xFD, 0xE3, 0xEF, 0x0F,
    0x78, 0xFB, 0xFF, 0x9F, 0xFC, 0xFF, 0xF7, 0x83, 0xFC, 0x3F, 0xFF, 0xFF, 0xFF, 0x7F, 0xF0, 0xFF,
    0xFF, 0xFF, 0xFF, 0xE0, 0xF8, 0x3E, 0x0F, 0x83, 0xE0, 0xF8, 0x3E, 0x0F, 0x83, 0xE0, 0xF8, 0x3E,
    0x00, 0x1F, 0xFC, 0x0F, 0xFE, 0x07, 0xFF, 0x03, 0xC7, 0x81, 0xE3, 0xC0, 0xF1, 0xE0, 0x78, 0xF0,
    0x3C, 0x78, 0x3C, 0x3C, 0x1E, 0x1E, 0x0F, 0x0F, 0x1F, 0xFF, 0xEF, 0xFF, 0xF7, 0xFF, 0xFB, 0xC0,
    0x3D, 0xE0, 0x1E, 0xF0, 0x0F, 0x78, 0x07, 0x80, 0x00, 0x00, 0x0F, 0xE0, 0x7F, 0xC3, 0xFF, 0x9F,
    0x1F, 0x78, 0x3D, 0xFF, 0xF7, 0xFF, 0xDF, 0xFF, 0x78, 0x01, 0xE0, 0xC7, 0xE7, 0xCF, 0xFF, 0x1F,
    0xF8, 0x3F, 0x80, 0xF8, 0x78, 0xF9, 0xF1, 0xE3, 0xC3, 0xE7, 0x9F, 0x0F, 0x9E, 0xF8, 0x1F, 0x7B,
    0xC0, 0x3D, 0xFF, 0x00, 0xFF, 0xF8, 0x01, 0xFF, 0xE0, 0x0F, 0xFF, 0xC0, 0x7D, 0xFF, 0x01, 0xF7,
    0xBE, 0x0F, 0x9E, 0x7C, 0x7C, 0x79, 0xF3, 0xF1, 0xE3, 0xE0, 0x1F, 0xC1, 0xFF, 0x1F, 0xFC, 0xFB,
    0xE7, 0x8F, 0x03, 0xF8, 0x1F, 0x80, 0xFC, 0x01, 0xF3, 0xC7, 0x9E, 0x7C, 0xFF, 0xE3, 0xFE, 0x0F,
    0xE0, 0xF8, 0x7B, 0xE3, 0xEF, 0x8F, 0xBE, 0x7E, 0xFB, 0xFB, 0xEF, 0xEF, 0xFF, 0xBF, 0xFE, 0xFF,
    0x7B, 0xF9, 0xEF, 0xC7, 0xBF, 0x1E, 0xF8, 0x7B, 0xC1, 0xE0, 0x38, 0xE0, 0xF7, 0x81, 0xFE, 0x03,
    0xE0, 0x00, 0x00, 0x00, 0x0F, 0x87, 0xBE, 0x3E, 0xF8, 0xFB, 0xE7, 0xEF, 0xBF, 0xBE, 0xFE, 0xFF,
    0xFB, 0xFF, 0xEF, 0xF7, 0xBF, 0x9E, 0xFC, 0x7B, 0xF1, 0xEF, 0x87, 0xBC, 0x1E, 0xF8, 0xFF, 0xE3,
    0xEF, 0x9F, 0x3E, 0xF8, 0xFB, 0xE3, 0xFF, 0x0F, 0xF8, 0x3F, 0xE0, 0xFF, 0xC3, 0xEF, 0x8F, 0xBE,
    0x3E, 0x7C, 0xF8, 0xFB, 0xE3, 0xF0, 0x3F, 0xFC, 0xFF, 0xF3, 0xFF, 0xCF, 0x9F, 0x3E, 0x7C, 0xF9,
    0xF3, 0xE7, 0xCF, 0x9F, 0x3C, 0x7C, 0xF1, 0xF7, 0xC7, 0xFF, 0x1F, 0xF8, 0x7F, 0xC1, 0xF0, 0xFE,
    0x0F, 0xFF, 0x87, 0xFF, 0xE1, 0xFF, 0xFC, 0x7F, 0xFF, 0x3F, 0xFF, 0xCF, 0xFF, 0xFB, 0xFF, 0xDF,
    0xEF, 0xF7, 0xFB, 0xFC, 0xFE, 0xFF, 0x3F, 0x3F, 0xCF, 0xCF, 0xF1, 0xF3, 0xFC, 0x78, 0xF0, 0xF8,
    0x7F, 0xC3, 0xFE, 0x1F, 0xF0, 0xFF, 0x87, 0xFF, 0xFF, 0xFF, 0xFF, 0xFF, 0xF8, 0x7F, 0xC3, 0xFE,
    0x1F, 0xF0, 0xFF, 0x87, 0xFC, 0x3C, 0x0F, 0xE0, 0x3F, 0xF0, 0xFF, 0xE3, 0xF3, 0xE7, 0xC3, 0xCF,
    0x07, 0xDE, 0x0F, 0xBC, 0x1F, 0x78, 0x3E, 0xF8, 0x79, 0xF9, 0xF1, 0xFF, 0xC1, 0xFF, 0x81, 0xFC,
    0x00, 0xFF, 0xFF, 0xFF, 0xFF, 0xFF, 0xF0, 0xFF, 0x87, 0xFC, 0x3F, 0xE1, 0xFF, 0x0F, 0xF8, 0x7F,
    0xC3, 0xFE, 0x1F, 0xF0, 0xFF, 0x87, 0xFC, 0x3C, 0xFF, 0xE3, 0xFF, 0xCF, 0xFF, 0xBF, 0x3E, 0xF8,
    0x7F, 0xE1, 0xFF, 0x83, 0xFE, 0x0F, 0xF8, 0x7F, 0xE1, 0xFF, 0xCF, 0xFF, 0xFE, 0xFF, 0xF3, 0xFF,
    0x8F, 0x80, 0x3E, 0x00, 0xF8, 0x03, 0xE0, 0x0F, 0x80, 0x00, 0x0F, 0xE0, 0x7F, 0xE3, 0xFF, 0x9F,
    0x9F, 0x7C, 0x3D, 0xE0, 0x07, 0x80, 0x1E, 0x00, 0x78, 0x21, 0xF0, 0xF7, 0xE7, 0xCF, 0xFE, 0x1F,
    0xF8, 0x3F, 0x80, 0xFF, 0xFF, 0xFF, 0xFF, 0xFE, 0x1F, 0x00, 0xF8, 0x07, 0xC0, 0x3E, 0x01, 0xF0,
    0x0F, 0x80, 0x7C, 0x03, 0xE0, 0x1F, 0x00, 0xF8, 0x07, 0xC0, 0xF8, 0x3E, 0xF0, 0x79, 0xE0, 0xF3,
    0xE3, 0xE3, 0xC7, 0x87, 0x8F, 0x0F, 0xBE, 0x0F, 0x78, 0x1E, 0xF0, 0x1F, 0xC0, 0x3F, 0x80, 0x7F,
    0x00, 0x7C, 0x00, 0xF8, 0x01, 0xF0, 0x03, 0xC0, 0x3F, 0x80, 0xFE, 0x01, 0xF8, 0x00, 0x01, 0xF0,
    0x00, 0x3E, 0x00, 0x07, 0xC0, 0x00, 0xF8, 0x00, 0xFF, 0xE0, 0x3F, 0xFF, 0x0F, 0xFF, 0xE3, 0xFF,
    0xBE, 0x7D, 0xF3, 0xCF, 0x3E, 0x7D, 0xE7, 0xCF, 0xBC, 0xF9, 0xF7, 0x9F, 0x3E, 0xFB, 0xE7, 0x9F,
    0xFD, 0xF1, 0xFF, 0xFC, 0x1F, 0xFF, 0x81, 0xFF, 0xC0, 0x07, 0xC0, 0x00, 0xF8, 0x00, 0x1F, 0x00,
    0x03, 0xE0, 0x00, 0x7C, 0x00, 0x78, 0x7D, 0xF1, 0xE3, 0xCF, 0x8F, 0xBC, 0x1F, 0xE0, 0x3F, 0x80,
    0xFC, 0x03, 0xF0, 0x0F, 0xE0, 0x7F, 0xC3, 0xEF, 0x0F, 0x3E, 0x7C, 0x7B, 0xE1, 0xF0, 0xF8, 0x79,
    0xF0, 0xF3, 0xE1, 0xE7, 0xC3, 0xCF, 0x87, 0x9F, 0x0F, 0x3E, 0x1E, 0x7C, 0x3C, 0xF8, 0x79, 0xF0,
    0xF3, 0xE1, 0xE7, 0xFF, 0xFF, 0xFF, 0xFF, 0xFF, 0xC0, 0x07, 0x80, 0x0F, 0x00, 0x1E, 0x00, 0x3C,
    0xF8, 0xFF, 0xC7, 0xFE, 0x3F, 0xF1, 0xFF, 0x8F, 0xFC, 0x7F, 0xF3, 0xEF, 0xFF, 0x7F, 0xF8, 0xFF,
    0xC0, 0x3E, 0x01, 0xF0, 0x0F, 0x80, 0x7C, 0xF8, 0xF1, 0xFF, 0x1E, 0x3F, 0xE3, 0xC7, 0xFC, 0x78,
    0xFF, 0x8F, 0x1F, 0xF1, 0xE3, 0xFE, 0x3C, 0x7F, 0xC7, 0x8F, 0xF8, 0xF1, 0xFF, 0x1E, 0x3F, 0xE3,
    0xC7, 0xFF, 0xFF, 0xFF, 0xFF, 0xFF, 0xFF, 0xFF, 0xC0, 0xF8, 0xF1, 0xE7, 0xC7, 0x8F, 0x3E, 0x3C,
    0x79, 0xF1, 0xE3, 0xCF, 0x8F, 0x1E, 0x7C, 0x78, 0xF3, 0xE3, 0xC7, 0x9F, 0x1E, 0x3C, 0xF8, 0xF1,
    0xE7, 0xC7, 0x8F, 0x3E, 0x3C, 0x79, 0xFF, 0xFF, 0xFF, 0xFF, 0xFF, 0xFF, 0xFF, 0xFC, 0x00, 0x01,
    0xE0, 0x00, 0x0F, 0x00, 0x00, 0x78, 0x00, 0x03, 0xC0, 0xFF, 0x00, 0xFF, 0x00, 0xFF, 0x00, 0x1F,
    0x00, 0x1F, 0xFC, 0x1F, 0xFE, 0x1F, 0xFF, 0x1F, 0x1F, 0x1F, 0x0F, 0x1F, 0x0F, 0x1F, 0x1F, 0x1F,
    0xFF, 0x1F, 0xFE, 0x1F, 0xFC, 0xF8, 0x03, 0xFE, 0x00, 0xFF, 0x80, 0x3F, 0xE0, 0x0F, 0xFF, 0xC3,
    0xFF, 0xFC, 0xFF, 0xFF, 0x3F, 0xE3, 0xEF, 0xF8, 0x7B, 0xFE, 0x1E, 0xFF, 0x8F, 0xBF, 0xFF, 0xEF,
    0xFF, 0xF3, 0xFF, 0xF8, 0xF0, 0xF8, 0x07, 0xC0, 0x3E, 0x01, 0xF0, 0x0F, 0xFC, 0x7F, 0xFB, 0xFF,
    0xDF, 0x1F, 0xF8, 0x7F, 0xC3, 0xFE, 0x3F, 0xFF, 0xFF, 0xFF, 0x7F, 0xF0, 0x1F, 0xE0, 0xFF, 0xC7,
    0xFF, 0x9F, 0x3E, 0x78, 0x7C, 0x0F, 0xF0, 0x7F, 0xC1, 0xFF, 0x00, 0x3D, 0xE1, 0xF7, 0xCF, 0x9F,
    0xFE, 0x3F, 0xF0, 0x7F, 0x80, 0xF8, 0x7F, 0x8F, 0x8F, 0xFC, 0xF9, 0xFF, 0xEF, 0x9F, 0x3E, 0xFB,
    0xE1, 0xFF, 0xFE, 0x1F, 0xFF, 0xE0, 0xFF, 0xFE, 0x0F, 0xFB, 0xE1, 0xFF, 0xBE, 0x1F, 0xF9, 0xF3,
    0xEF, 0x9F, 0xFE, 0xF8, 0xFF, 0xCF, 0x83, 0xF8, 0x1F, 0xF9, 0xFF, 0xDF, 0xFE, 0xF8, 0xF7, 0x87,
    0xBE, 0x3D, 0xFF, 0xE7, 0xFF, 0x1F, 0xF8, 0xF3, 0xCF, 0x9E, 0xF8, 0xF7, 0xC7, 0xFC, 0x3C, 0x0F,
    0x00, 0x3C, 0x00, 0x78, 0x01, 0xE0, 0x00, 0x00, 0x00, 0x00, 0xFE, 0x07, 0xFC, 0x3F, 0xF9, 0xF1,
    0xF7, 0x83, 0xDF, 0xFF, 0x7F, 0xFD, 0xFF, 0xF7, 0x80, 0x1E, 0x0C, 0x7E, 0x7C, 0xFF, 0xF1, 0xFF,
    0x83, 0xF8, 0x1C, 0x70, 0x7B, 0xC1, 0xEF, 0x07, 0x1C, 0x00, 0x00, 0x00, 0x00, 0xFE, 0x07, 0xFC,
    0x3F, 0xF9, 0xF1, 0xF7, 0x83, 0xDF, 0xFF, 0x7F, 0xFD, 0xFF, 0xF7, 0x80, 0x1E, 0x0C, 0x7E, 0x7C,
    0xFF, 0xF1, 0xFF, 0x83, 0xF8, 0x7F, 0x80, 0x7F, 0xC0, 0x7F, 0xC0, 0x3E, 0x00, 0x3F, 0xF8, 0x3F,
    0xFC, 0x3F, 0xFE, 0x3F, 0x3E, 0x3E, 0x1E, 0x3E, 0x1E, 0x3E, 0x1E, 0x3E, 0x1E, 0x3E, 0x1E, 0x3E,
    0x1E, 0x3E, 0x1E, 0x3E, 0x1E, 0x3E, 0x1E, 0x3E, 0x1E, 0x00, 0x1E, 0x00, 0x1E, 0x00, 0xFE, 0x00,
    0xFE, 0x00, 0xFC, 0x07, 0x81, 0xC0, 0xF0, 0x38, 0x00, 0x00, 0x0F, 0xFF, 0xFF, 0xFF, 0xFE, 0x0F,
    0x83, 0xE0, 0xF8, 0x3E, 0x0F, 0x83, 0xE0, 0xF8, 0x3E, 0x0F, 0x83, 0xE0, 0x0F, 0xE0, 0x7F, 0xE3,
    0xFF, 0x9F, 0x9F, 0x78, 0x3D, 0xFE, 0x07, 0xF8, 0x1F, 0xE0, 0x78, 0x01, 0xE0, 0xF7, 0xE7, 0xCF,
    0xFE, 0x1F, 0xF8, 0x3F, 0x80, 0x1F, 0xE0, 0xFF, 0xC7, 0xFF, 0x9F, 0x3E, 0x78, 0x61, 0xFC, 0x03,
    0xFE, 0x07, 0xFE, 0x03, 0xF9, 0xE1, 0xE7, 0xCF, 0x9F, 0xFE, 0x3F, 0xF0, 0x7F, 0x80, 0x77, 0xFE,
    0xE0, 0x03, 0xFF, 0xFF, 0xFF, 0xFF, 0xFF, 0xFF, 0xFF, 0xFF, 0xF0, 0x73, 0xDE, 0xF7, 0xBD, 0xCF,
    0x00, 0x00, 0x01, 0xF0, 0x7C, 0x1F, 0x07, 0xC1, 0xF0, 0x7C, 0x1F, 0x07, 0xC1, 0xF0, 0x7C, 0x1F,
    0x07, 0xC1, 0xF0, 0x7C, 0x1C, 0x7C, 0xF8, 0xE0, 0x00, 0x0F, 0x9F, 0x3E, 0x7C, 0xF9, 0xF3, 0xE7,
    0xCF, 0x9F, 0x3E, 0x7C, 0xF9, 0xF3, 0xE7, 0xFF, 0x7E, 0xF8, 0x1F, 0xFC, 0x00, 0x3F, 0xF8, 0x00,
    0x7F, 0xF0, 0x00, 0xF1, 0xE0, 0x01, 0xE3, 0xFF, 0x03, 0xC7, 0xFF, 0x8F, 0x8F, 0xFF, 0x1F, 0x1E,
    0x1F, 0x3E, 0x3C, 0x1E, 0x7C, 0x78, 0x3C, 0xF0, 0xF0, 0xFF, 0xE1, 0xFF, 0xEF, 0x83, 0xFF, 0xDE,
    0x07, 0xFE, 0x00, 0xF8, 0x78, 0x03, 0xE1, 0xE0, 0x0F, 0x87, 0x80, 0x3E, 0x1E, 0x00, 0xF8, 0x78,
    0x03, 0xFF, 0xFF, 0x8F, 0xFF, 0xFF, 0x3F, 0xFF, 0xFE, 0xF8, 0x78, 0xFB, 0xE1, 0xE1, 0xEF, 0x87,
    0x87, 0xBE, 0x1F, 0xFE, 0xF8, 0x7F, 0xF3, 0xE1, 0xFF, 0x80, 0x7F, 0x80, 0x7F, 0xC0, 0x7F, 0xC0,
    0x3E, 0x00, 0x3F, 0xF8, 0x3F, 0xFC, 0x3F, 0xFE, 0x3F, 0x3E, 0x3E, 0x1E, 0x3E, 0x1E, 0x3E, 0x1E,
    0x3E, 0x1E, 0x3E, 0x1E, 0x3E, 0x1E, 0x3E, 0x1E, 0x3E, 0x1E, 0x3E, 0x1E, 0x3E, 0x1E, 0x03, 0xC0,
    0x0F, 0x00, 0x78, 0x01, 0xC0, 0x00, 0x00, 0x00, 0x0F, 0x8F, 0xFE, 0x3E, 0xF9, 0xF3, 0xEF, 0x8F,
    0xBE, 0x3F, 0xF0, 0xFF, 0x83, 0xFE, 0x0F, 0xFC, 0x3E, 0xF8, 0xFB, 0xE3, 0xE7, 0xCF, 0x8F, 0xBE,
    0x3F, 0x1E, 0x00, 0x38, 0x00, 0xF0, 0x01, 0xC0, 0x00, 0x00, 0x00, 0x0F, 0x87, 0xBE, 0x3E, 0xF8,
    0xFB, 0xE7, 0xEF, 0xBF, 0xBE, 0xFE, 0xFF, 0xFB, 0xFF, 0xEF, 0xF7, 0xBF, 0x9E, 0xFC, 0x7B, 0xF1,
    0xEF, 0x87, 0xBC, 0x1E, 0x1C, 0x70, 0x3D, 0xE0, 0x3F, 0x80, 0x3E, 0x00, 0x00, 0x00, 0x00, 0x3E,
    0x0F, 0xBC, 0x1E, 0x78, 0x3C, 0xF8, 0xF8, 0xF1, 0xE1, 0xE3, 0xC3, 0xEF, 0x83, 0xDE, 0x07, 0xBC,
    0x07, 0xF0, 0x0F, 0xE0, 0x1F, 0xC0, 0x1F, 0x00, 0x3E, 0x00, 0x7C, 0x00, 0xF0, 0x0F, 0xE0, 0x3F,
    0x80, 0x7E, 0x00, 0xF8, 0x7F, 0xC3, 0xFE, 0x1F, 0xF0, 0xFF, 0x87, 0xFC, 0x3F, 0xE1, 0xFF, 0x0F,
    0xF8, 0x7F, 0xC3, 0xFE, 0x1F, 0xFF, 0xFF, 0xFF, 0xFF, 0xFC, 0x3E, 0x01, 0xF0, 0x0F, 0x80, 0x7C,
    0x00, 0xF8, 0x78, 0x3F, 0xE1, 0xE0, 0xFF, 0x87, 0x83, 0xFE, 0x1E, 0x0F, 0xF8, 0x78, 0x3F, 0xE1,
    0xE0, 0xFF, 0x87, 0x83, 0xFE, 0x1E, 0x0F, 0xF8, 0x78, 0x3F, 0xE1, 0xE0, 0xFF, 0x87, 0x83, 0xFE,
    0x1E, 0x0F, 0xF8, 0x78, 0x3F, 0xE1, 0xF1, 0xF7, 0xCF, 0xE7, 0xDF, 0xFF, 0xFE, 0x3F, 0xFF, 0xF0,
    0x7F, 0x3F, 0x80, 0xF8, 0xF1, 0xFF, 0x8F, 0x1F, 0xF8, 0xF1, 0xFF, 0x8F, 0x1F, 0xF8, 0xF1, 0xFF,
    0x8F, 0x1F, 0xF8, 0xF1, 0xFF, 0x8F, 0x1F, 0xF8, 0xF1, 0xFF, 0x8F, 0x1F, 0xF9, 0xF9, 0xF7, 0xFF,
    0xFE, 0x7F, 0xFF, 0xE3, 0xF9, 0xFC, 0x3E, 0x00, 0x7F, 0xF0, 0x3F, 0xF8, 0x1F, 0xFC, 0x03, 0xE0,
    0x01, 0xF0, 0x00, 0xFF, 0xF0, 0x7F, 0xFC, 0x3F, 0xFF, 0x1F, 0x0F, 0xCF, 0x83, 0xE7, 0xC0, 0xF3,
    0xE0, 0x79, 0xF0, 0x7C, 0xF8, 0x7E, 0x7F, 0xFE, 0x3F, 0xFE, 0x1F, 0xFE, 0x00, 0x1E, 0x00, 0x1E,
    0x00, 0x1E, 0x00, 0x1E, 0x00, 0xFF, 0xE0, 0xFF, 0xE0, 0xFF, 0xE0, 0x1E, 0x00, 0x1F, 0xF8, 0x1F,
    0xFC, 0x1F, 0xFE, 0x1E, 0x3E, 0x1E, 0x1E, 0x1E, 0x1E, 0x1E, 0x3E, 0x1F, 0xFE, 0x1F, 0xFC, 0x1F,
    0xF8, 0xF8, 0x1F, 0xE1, 0xF0, 0x7F, 0xF3, 0xE1, 0xFF, 0xF7, 0xC7, 0xE3, 0xFF, 0x9F, 0x03, 0xFF,
    0x3E, 0x03, 0xFE, 0x78, 0x00, 0x7F, 0xFF, 0xC0, 0xFF, 0xFF, 0x81, 0xFF, 0xFF, 0x03, 0xE7, 0x80,
    0x07, 0xCF, 0x80, 0xCF, 0x9F, 0x01, 0xFF, 0x1F, 0x07, 0xFE, 0x3F, 0x1F, 0x7C, 0x3F, 0xFE, 0xF8,
    0x3F, 0xF9, 0xF0, 0x1F, 0xC0, 0xF8, 0x7F, 0x1F, 0x1F, 0xFB, 0xE7, 0xFF, 0x7D, 0xF9, 0xFF, 0xBC,
    0x1F, 0xFF, 0xF8, 0x3F, 0xFF, 0x07, 0xFF, 0xE0, 0xFB, 0xC1, 0xFF, 0x7C, 0x3F, 0xEF, 0xCF, 0xFC,
    0xFF, 0xEF, 0x8F, 0xFD, 0xF0, 0xFE, 0x00, 0x03, 0xF0, 0x00, 0x7F, 0x00, 0x0F, 0xE0, 0x03, 0xFC,
    0x00, 0x7F, 0xC0, 0x0F, 0x78, 0x03, 0xEF, 0x00, 0x79, 0xF0, 0x1F, 0x3E, 0x03, 0xE3, 0xC0, 0x7F,
    0xFC, 0x1F, 0xFF, 0x83, 0xFF, 0xF0, 0x7F, 0xDF, 0x1F, 0x7B, 0xE3, 0xEF, 0x3E, 0x7D, 0xE7, 0xDF,
    0x3C, 0xF8, 0x07, 0xC0, 0x0F, 0x80, 0x3F, 0x80, 0x7F, 0x01, 0xFE, 0x03, 0xDE, 0x07, 0xBC, 0x1F,
    0x78, 0x3F, 0xF8, 0x7F, 0xF1, 0xFF, 0xE3, 0xDD, 0xE7, 0xBB, 0xDF, 0x77, 0xC0, 0xF8, 0x1F, 0x80,
    0xF8, 0x1F, 0xC0, 0xF8, 0x1F, 0xC0, 0xF8, 0x3F, 0xC0, 0xF8, 0x3F, 0xE0, 0xF8, 0x3D, 0xE0, 0xF8,
    0x7D, 0xF0, 0xF8, 0x7D, 0xF0, 0xF8, 0x78, 0xF0, 0xF8, 0xF8, 0xF8, 0xFF, 0xFF, 0xF8, 0xFF, 0xFF,
    0xF8, 0xFF, 0xFF, 0xFC, 0xF9, 0xF7, 0x7C, 0xF9, 0xE7, 0x3C, 0xFB, 0xE7, 0x3E, 0xFB, 0xE7, 0x3E,
    0xFB, 0xC7, 0x1E, 0xF8, 0x3E, 0x0F, 0x83, 0xE0, 0xF8, 0x7F, 0x0F, 0x87, 0xF0, 0xF8, 0xFF, 0x0F,
    0x8F, 0x78, 0xF8, 0xF7, 0x8F, 0xFF, 0x78, 0xFF, 0xFF, 0xCF, 0xFF, 0xFC, 0xFB, 0xFF, 0xEF, 0xBD,
    0xDE, 0xFB, 0xDD, 0xEF, 0xFD, 0xDF, 0x3F, 0xFF, 0xC3, 0xFF, 0xFC, 0x1F, 0xFF, 0x80, 0xF0, 0xF0,
    0x0F, 0x0F, 0x00, 0x79, 0xE0, 0x07, 0x9E, 0x00, 0x3F, 0xC0, 0x1F, 0xFF, 0x83, 0xFF, 0xFC, 0x7F,
    0xFF, 0xE7, 0xCF, 0x3E, 0xF8, 0xF1, 0xFF, 0x8F, 0x1F, 0xF8, 0xF1, 0xFF, 0x8F, 0x1F, 0xF8, 0xF1,
    0xFF, 0x8F, 0x1F, 0x7F, 0xFF, 0x1F, 0xFF, 0x0F, 0xFF, 0x03, 0xC7, 0x80, 0xF7, 0x80, 0x7B, 0xC0,
    0x3F, 0xE0, 0x7F, 0xFC, 0x7F, 0xFF, 0x7F, 0xFF, 0xBC, 0xFB, 0xFE, 0x7D, 0xFF, 0x3E, 0x7F, 0x9F,
    0x3C, 0xF8, 0x7F, 0xFF, 0xCF, 0x83, 0xFF, 0xF8, 0xF8, 0x3F, 0xFF, 0x8F, 0x81, 0xE0, 0xF0, 0xF8,
    0x0F, 0x1E, 0x0F, 0x80, 0xF1, 0xE0, 0xF8, 0x07, 0xBC, 0x0F, 0x80, 0x3F, 0xC0, 0xFF, 0xFF, 0xFF,
    0x8F, 0xFF, 0xFF, 0xFC, 0xFF, 0xFF, 0xFF, 0xEF, 0x8F, 0x9F, 0x3E, 0xF8, 0xF1, 0xF1, 0xEF, 0x8F,
    0x1F, 0x1E, 0xF8, 0xF1, 0xF1, 0xEF, 0x8F, 0x1F, 0x1E, 0xF8, 0xF1, 0xF1, 0xEF, 0x8F, 0x1F, 0x1E,
    0xF8, 0xFF, 0xFC, 0xF8, 0x7F, 0xFC, 0xF8, 0x7F, 0xF8, 0xF8, 0x3C, 0x78, 0xF8, 0x1E, 0xF0, 0xF8,
    0x1E, 0xE0, 0xFF, 0xFF, 0xF8, 0xFF, 0xFF, 0xFC, 0xFF, 0xFF, 0xFE, 0xF8, 0xF7, 0xBE, 0xF9, 0xE7,
    0x9F, 0xF9, 0xE7, 0x9F, 0xF9, 0xE7, 0x9F, 0xF9, 0xE7, 0x9F, 0x3C, 0xF0, 0xFF, 0x03, 0xF0, 0x0F,
    0x00, 0x00, 0x00, 0x01, 0xFE, 0x0F, 0xFC, 0x7F, 0xE0, 0x1F, 0x80, 0x7C, 0x03, 0xE0, 0x3E, 0x0F,
    0xF0, 0x7F, 0x03, 0xFC, 0x01, 0xF0, 0x07, 0x80, 0x3C, 0x01, 0xE0, 0x1F, 0x1F, 0xF9, 0xFF, 0x9F,
    0xF8, 0xF0, 0x07, 0x80, 0x3E, 0x00, 0xF8, 0x03, 0x80, 0x00, 0x00, 0x38, 0xF1, 0xEF, 0x07, 0xF0,
    0x1F, 0x00, 0x00, 0x00, 0x01, 0xFF, 0x0F, 0xFC, 0x7F, 0xF0, 0x0F, 0x80, 0x3C, 0x03, 0xE1, 0xFE,
    0x0F, 0xF0, 0x7F, 0xC0, 0x1E, 0x00, 0xF0, 0xFF, 0x9F, 0xFC, 0xFF, 0x87, 0x80, 0x3C, 0x01, 0xF8,
    0x0F, 0xC0, 0x1E, 0x00, 0xF8, 0xF0, 0xFF, 0x8F, 0x0F, 0xF8, 0xF0, 0xFF, 0x8F, 0x0F, 0xF8, 0xF0,
    0xFF, 0x8F, 0x0F, 0xF8, 0xF0, 0xF7, 0x8F, 0x1F, 0x78, 0xF1, 0xE7, 0xEF, 0x3E, 0x3F, 0xFF, 0xC1,
    0xFF, 0xF8, 0x0F, 0xFF, 0x00, 0x0F, 0x00, 0x00, 0xF0, 0x00, 0x0F, 0x00, 0x00, 0xF0, 0x00, 0x0F,
    0x00, 0x01, 0xF0, 0x00, 0x3E, 0x00, 0x07, 0xC0, 0x7C, 0xF9, 0xFF, 0x9F, 0x3F, 0xF3, 0xE7, 0xFE,
    0x7C, 0xFF, 0xCF, 0x9F, 0xF9, 0xF3, 0xFF, 0x3E, 0x7F, 0xE7, 0xCF, 0xFC, 0xF9, 0xE7, 0x9F, 0x3C,
    0xFB, 0xFF, 0x9F, 0xFF, 0xE1, 0xFF, 0xFC, 0x0F, 0xFE, 0x00, 0x3E, 0x00, 0x07, 0xC0, 0x00, 0xF8,
    0x00, 0x1F, 0x00, 0x03, 0xE0, 0x00, 0x07, 0xF8, 0x07, 0xFF, 0x03, 0xFF, 0xE1, 0xF8, 0xFC, 0x7C,
    0x0F, 0xBE, 0x03, 0xEF, 0x80, 0x7B, 0xFF, 0xFE, 0xFF, 0xFF, 0xBF, 0xFF, 0xEF, 0x00, 0x7B, 0xE0,
    0x1E, 0xF8, 0x0F, 0x9F, 0x03, 0xE7, 0xE3, 0xF0, 0xFF, 0xF8, 0x1F, 0xFC, 0x01, 0xFE, 0x00, 0x0F,
    0xE0, 0x3F, 0xF0, 0xFF, 0xE3, 0xF3, 0xE7, 0xC3, 0xCF, 0xE7, 0xDF, 0xFF, 0xBE, 0xFF, 0x78, 0x3E,
    0xF8, 0x79, 0xF9, 0xF1, 0xFF, 0xC1, 0xFF, 0x81, 0xFC, 0x00, 0xF8, 0x01, 0xEF, 0x80, 0x7D, 0xF0,
    0x1F, 0xBE, 0x07, 0xC3, 0xE0, 0xF8, 0x7C, 0x1E, 0x0F, 0x87, 0xC0, 0xF8, 0xF8, 0x1F, 0x1E, 0x01,
    0xE7, 0xC0, 0x3E, 0xF8, 0x07, 0xDE, 0x00, 0x7F, 0xC0, 0x0F, 0xF8, 0x01, 0xFE, 0x00, 0x1F, 0xC0,
    0x03, 0xF8, 0x00, 0x7E, 0x00, 0xF8, 0x1E, 0x78, 0x3E, 0x78, 0x7E, 0x7C, 0x78, 0x3C, 0x78, 0x3C,
    0xF8, 0x3E, 0xF0, 0x1E, 0xF0, 0x1F, 0xF0, 0x1F, 0xE0, 0x0F, 0xE0, 0x0F, 0xE0, 0x0F, 0xC0, 0x07,
    0xC0, 0x1E, 0xF0, 0x01, 0xEE, 0x00, 0x1D, 0xE0, 0x03, 0xDC, 0x00, 0x00, 0x00, 0x00, 0x00, 0x00,
    0x00, 0x07, 0xC0, 0x0F, 0x7C, 0x03, 0xEF, 0x80, 0xFD, 0xF0, 0x3E, 0x1F, 0x07, 0xC3, 0xE0, 0xF0,
    0x7C, 0x3E, 0x07, 0xC7, 0xC0, 0xF8, 0xF0, 0x0F, 0x3E, 0x01, 0xF7, 0xC0, 0x3E, 0xF0, 0x03, 0xFE,
    0x00, 0x7F, 0xC0, 0x0F, 0xF0, 0x00, 0xFE, 0x00, 0x1F, 0xC0, 0x03, 0xF0, 0x00, 0x7B, 0xC0, 0x3F,
    0xC0, 0x3D, 0xE0, 0x1F, 0xE0, 0x00, 0x00, 0x00, 0x00, 0xF8, 0x1E, 0x78, 0x3E, 0x78, 0x7E, 0x7C,
    0x78, 0x3C, 0x78, 0x3C, 0xF8, 0x3E, 0xF0, 0x1E, 0xF0, 0x1F, 0xF0, 0x1F, 0xE0, 0x0F, 0xE0, 0x0F,
    0xE0, 0x0F, 0xC0, 0x07, 0xC0, 0x07, 0xF8, 0x00, 0x00, 0x0F, 0xFE, 0x00, 0x00, 0x0F, 0xFF, 0x80,
    0x00, 0x0F, 0xC7, 0xE0, 0x00, 0x07, 0xC0, 0xFB, 0xE0, 0x7F, 0xC0, 0x7C, 0xF0, 0x7F, 0xE0, 0x1E,
    0x7C, 0x3D, 0xE0, 0x0F, 0x1E, 0x1E, 0xF0, 0x07, 0x8F, 0x1F, 0x78, 0x03, 0xC7, 0xCF, 0x3C, 0x01,
    0xE1, 0xE7, 0x9F, 0x00, 0xF0, 0xF7, 0x8F, 0x80, 0xF8, 0x7F, 0xC3, 0xE0, 0x7C, 0x1F, 0xE1, 0xF8,
    0xFC, 0x0F, 0xE0, 0x7F, 0xFC, 0x03, 0xF0, 0x1F, 0xFC, 0x01, 0xF8, 0x03, 0xFC, 0x00, 0xF8, 0x00,
    0x00, 0x00, 0x7C, 0x00, 0x00, 0x00, 0x3C, 0x00, 0x00, 0x00, 0xFE, 0x00, 0x00, 0x00, 0x7E, 0x00,
    0x00, 0x00, 0x3E, 0x00, 0x0F, 0xE1, 0xF0, 0x7C, 0x7F, 0xE7, 0xC1, 0xE3, 0xFF, 0x8F, 0x0F, 0x9F,
    0x9F, 0x3E, 0x3E, 0x7C, 0x3C, 0x78, 0xF1, 0xE0, 0xF9, 0xE7, 0xC7, 0x83, 0xE7, 0xDE, 0x1E, 0x0F,
    0x8F, 0x78, 0x78, 0x3E, 0x3D, 0xE1, 0xF0, 0xF0, 0xFF, 0x07, 0xE7, 0xC1, 0xFC, 0x0F, 0xFE, 0x07,
    0xF0, 0x1F, 0xF8, 0x1F, 0x80, 0x3F, 0x80, 0x3E, 0x00, 0x00, 0x00, 0xF0, 0x00, 0x00, 0x07, 0xC0,
    0x00, 0x00, 0x7F, 0x00, 0x00, 0x03, 0xF8, 0x00, 0x00, 0x0F, 0xC0, 0x00, 0x0F, 0xF0, 0x1F, 0xFC,
    0x3F, 0xFE, 0x7E, 0x3E, 0xF8, 0x1F, 0xF8, 0x0F, 0xF0, 0x00, 0xF0, 0x00, 0xF0, 0x00, 0xF0, 0x00,
    0xF8, 0x1F, 0xF8, 0x1F, 0x7E, 0x3F, 0x3F, 0xFF, 0x1F, 0xFF, 0x0F, 0xEF, 0x00, 0x0F, 0x00, 0x0F,
    0x0F, 0xE0, 0x7F, 0xC3, 0xFF, 0x9F, 0x9F, 0x7C, 0x3D, 0xE0, 0x07, 0x80, 0x1E, 0x00, 0x78, 0x01,
    0xF0, 0x07, 0xE0, 0x0F, 0xF0, 0x1F, 0xC0, 0x3F, 0x00, 0x3C, 0x00, 0xF0, 0x03, 0xC0, 0x0F, 0x00,
    0x00, 0x18, 0x00, 0x70, 0x10, 0xC0, 0x73, 0x80, 0xFE, 0x00, 0x7C, 0x00, 0x7E, 0x00, 0xFE, 0x43,
    0x9C, 0xEE, 0x01, 0xFC, 0x01, 0xF8, 0x00, 0xF8, 0x03, 0xFC, 0x07, 0x30, 0x1C, 0x00, 0x70, 0x00,
    0x00, 0xCF, 0xF9, 0xFF, 0x3F, 0xE7, 0x00, 0x1F, 0xBF, 0xFF, 0x9C, 0xFF, 0x73, 0x00, 0xFE, 0xEC,
    0x00, 0x3F, 0x07, 0xFF, 0x63, 0xF0, 0x00, 0x3C, 0x00, 0x00, 0x1B, 0x00, 0x00, 0x19, 0x80, 0x00,
    0x00, 0x00, 0x01, 0xE0, 0x07, 0xC1, 0xD8, 0x03, 0x70, 0x44, 0x01, 0x10, 0x00, 0x00, 0x00, 0x00,
    0x00, 0x00, 0x00, 0x00, 0x00, 0x1E, 0x00, 0x03, 0xDB, 0x80, 0x03, 0xB0, 0x80, 0x00, 0x80, 0x00,
    0x00, 0x00, 0x00, 0x00, 0x00, 0x00, 0x00, 0x00, 0x1E, 0x00, 0x7C, 0x1F, 0x80, 0x36, 0x0C, 0xC0,
    0x19, 0x00, 0x00, 0x00, 0x00, 0x03, 0xE0, 0x00, 0x01, 0xB0, 0x00, 0x00, 0x18, 0x00, 0x00, 0x18,
    0x00, 0x08, 0x18, 0x00, 0x1C, 0x38, 0x18, 0x0C, 0x00, 0x78, 0x0E, 0x00, 0xF0, 0x06, 0x00, 0xE0,
    0x04, 0x00, 0x00, 0x00, 0x00, 0x00, 0x00, 0x00, 0x00, 0xF0, 0x00, 0x18, 0xF8, 0x00, 0x1F, 0x38,
    0x00, 0x1F, 0x00, 0x00, 0x00, 0x00, 0x00, 0x00, 0x00, 0x00, 0x00, 0x00, 0x00, 0x60, 0x07, 0x00,
    0xE0, 0x1F, 0x00, 0x70, 0x3C, 0x18, 0x30, 0x00, 0x18, 0x30, 0x00, 0x38, 0x00, 0x00, 0x30, 0x00,
    0x0E, 0x38, 0x01, 0xEE, 0x00, 0x3F, 0xC0, 0x01, 0xF0, 0x00, 0x00, 0x00, 0x00, 0x00, 0x00, 0x00,
    0x07, 0xC0, 0x7C, 0xF8, 0x1F, 0x9F, 0x07, 0xF3, 0xE0, 0xFE, 0x7C, 0x3F, 0xCF, 0x8F, 0xF9, 0xF1,
    0xFF, 0x3E, 0x7F, 0xE7, 0xDF, 0x7C, 0xFB, 0xEF, 0x9F, 0xF9, 0xF3, 0xFE, 0x3E, 0x7F, 0xC7, 0xCF,
    0xF0, 0xF9, 0xFC, 0x1F, 0x3F, 0x83, 0xF7, 0xE0, 0x7E, 0xFC, 0x0F, 0xC0, 0x00, 0xF0, 0x00, 0x1E,
    0x00, 0x03, 0xC0, 0x00, 0xF0, 0x38, 0xE0, 0x3D, 0xE0, 0x1F, 0xE0, 0x0F, 0x80, 0x00, 0x00, 0x00,
    0x00, 0xF8, 0x78, 0xF8, 0xF8, 0xF8, 0xF8, 0xF9, 0xF8, 0xFB, 0xF8, 0xFB, 0xF8, 0xFF, 0xF8, 0xFF,
    0xF8, 0xFF, 0x78, 0xFE, 0x78, 0xFC, 0x78, 0xFC, 0x7F, 0xF8, 0x7E, 0xF0, 0x7E, 0x00, 0x3E, 0x00,
    0x3C, 0x00, 0x3C, 0x00, 0x3C, 0x3E, 0x00, 0x7F, 0xF0, 0x3F, 0xF8, 0x1F, 0xFC, 0x03, 0xE0, 0x01,
    0xF0, 0x00, 0xFF, 0xF0, 0x7F, 0xFC, 0x3F, 0xFF, 0x1F, 0x0F, 0xCF, 0x83, 0xE7, 0xC0, 0xF3, 0xE0,
    0x79, 0xF0, 0x7C, 0xF8, 0x7E, 0x7F, 0xFE, 0x3F, 0xFE, 0x1F, 0xFE, 0x00, 0x1E, 0x00, 0x1E, 0x00,
    0x1E, 0x00, 0xFF, 0xE0, 0xFF, 0xE0, 0xFF, 0xE0, 0x1E, 0x00, 0x1F, 0xF8, 0x1F, 0xFC, 0x1F, 0xFE,
    0x1E, 0x3E, 0x1E, 0x1E, 0x1E, 0x1E, 0x1E, 0x3E, 0x1F, 0xFE, 0x1F, 0xFC, 0x1F, 0xF8, 0xFF, 0xF1,
    0xFF, 0xF3, 0xFF, 0xF7, 0xC7, 0xEF, 0x83, 0xDF, 0x07, 0xFE, 0x6F, 0xFC, 0xFE, 0xF9, 0xFD, 0xFF,
    0xFB, 0xFF, 0xE7, 0xFF, 0x8F, 0x83, 0x9F, 0x06, 0x3E, 0x00, 0x7C, 0x00, 0xF8, 0x01, 0xF0, 0x00,
    0xFB, 0xE3, 0xFF, 0xCF, 0xFF, 0xBF, 0x3F, 0xF8, 0x7F, 0xE0, 0xFF, 0x83, 0xFE, 0x0F, 0xF8, 0xBF,
    0xE7, 0xFF, 0xDF, 0xFF, 0xFE, 0xFF, 0xF3, 0xEF, 0xEF, 0x81, 0xBE, 0x00, 0xF8, 0x03, 0xE0, 0x0F,
    0x80, 0x00, 0x00, 0x78, 0x03, 0xC0, 0x1E, 0x00, 0xFF, 0xFF, 0xFF, 0xFF, 0xFF, 0xFF, 0x00, 0xF8,
    0x07, 0xC0, 0x3E, 0x01, 0xF0, 0x0F, 0x80, 0x7C, 0x03, 0xE0, 0x1F, 0x00, 0xF8, 0x07, 0xC0, 0x3E,
    0x01, 0xF0, 0x0F, 0x80, 0x7C, 0x00, 0x03, 0xC0, 0xF0, 0x3C, 0x0F, 0xFF, 0xFF, 0xFF, 0xFF, 0xE0,
    0xF8, 0x3E, 0x0F, 0x83, 0xE0, 0xF8, 0x3E, 0x0F, 0x83, 0xE0, 0xF8, 0x3E, 0x00, 0x3F, 0xFE, 0x7F,
    0xFC, 0xFF, 0xF9, 0xF0, 0x03, 0xE0, 0x07, 0xC0, 0x0F, 0x80, 0x7F, 0xF0, 0xFF, 0xE1, 0xFF, 0xC0,
    0xF8, 0x01, 0xF0, 0x03, 0xE0, 0x07, 0xC0, 0x0F, 0x80, 0x1F, 0x00, 0x3E, 0x00, 0x7C, 0x00, 0x3F,
    0xF3, 0xFF, 0x3F, 0xF3, 0xE0, 0x3E, 0x07, 0xF8, 0x7F, 0xC7, 0xFC, 0x3E, 0x03, 0xE0, 0x3E, 0x03,
    0xE0, 0x3E, 0x03, 0xE0, 0xFF, 0xF9, 0xFF, 0xF3, 0xFF, 0xE7, 0xC0, 0x0F, 0x80, 0x1F, 0x00, 0x3F,
    0xF8, 0x7F, 0xFC, 0xFF, 0xFD, 0xF8, 0xFB, 0xE0, 0xFF, 0xC1, 0xFF, 0x83, 0xFF, 0x07, 0xFE, 0x0F,
    0xFC, 0x3E, 0xFB, 0xFD, 0xF7, 0xF0, 0x0F, 0x80, 0xFF, 0xC7, 0xFE, 0x3F, 0xF1, 0xF0, 0x0F, 0x80,
    0x7C, 0x03, 0xFF, 0x1F, 0xFC, 0xFF, 0xF7, 0xEF, 0xBE, 0x3F, 0xF0, 0xFF, 0x87, 0xFC, 0x78, 0x07,
    0xC0, 0xFE, 0x07, 0xE0, 0x3C, 0x00, 0x7C, 0x1F, 0x07, 0xC7, 0xE1, 0xF0, 0xF8, 0x3E, 0x1F, 0x1F,
    0x81, 0xF1, 0xF1, 0xF0, 0x0F, 0x9F, 0x3E, 0x00, 0xF9, 0xF3, 0xC0, 0x07, 0xDF, 0x7C, 0x00, 0x3F,
    0xFF, 0x80, 0x03, 0xFF, 0xF8, 0x00, 0x7F, 0xFF, 0xC0, 0x0F, 0x9F, 0x3C, 0x00, 0xF9, 0xF3, 0xE0,
    0x1F, 0x1F, 0x1E, 0x01, 0xF1, 0xF1, 0xF0, 0x3E, 0x1F, 0x0F, 0x83, 0xE1, 0xF0, 0xFF, 0x7C, 0x1F,
    0x07, 0xF7, 0xC1, 0xF0, 0x7F, 0x00, 0x00, 0x01, 0xF0, 0x00, 0x00, 0x1F, 0x00, 0x00, 0x01, 0xF0,
    0x00, 0x00, 0x1F, 0xF8, 0x78, 0xF8, 0xF8, 0xF1, 0xE0, 0xF9, 0xE7, 0xC1, 0xF3, 0xDF, 0x01, 0xF7,
    0xBC, 0x01, 0xEF, 0xF8, 0x03, 0xFF, 0xE0, 0x03, 0xFF, 0xC0, 0x0F, 0xFF, 0xC0, 0x3E, 0xFF, 0x80,
    0x7D, 0xEF, 0x81, 0xF3, 0xCF, 0xF7, 0xC7, 0x9F, 0xFF, 0x8F, 0x1F, 0xC0, 0x00, 0x0F, 0x80, 0x00,
    0x1F, 0x00, 0x00, 0x3E, 0x00, 0x00, 0x78, 0x1F, 0xE0, 0xFF, 0xC7, 0xFF, 0xBF, 0x3E, 0xF8, 0x7C,
    0x01, 0xF0, 0x0F, 0x81, 0xFC, 0x07, 0xF0, 0x1F, 0xE0, 0x0F, 0xC0, 0x1F, 0xF0, 0x3F, 0xE1, 0xFF,
    0xCF, 0xDF, 0xFE, 0x3F, 0xF8, 0x7F, 0x80, 0x38, 0x00, 0xF0, 0x00, 0xE0, 0x0F, 0x80, 0x7C, 0x00,
    0xE0, 0x1F, 0xC1, 0xFF, 0x1F, 0xFC, 0xFB, 0xE7, 0x8F, 0x03, 0xF8, 0x1F, 0x80, 0xFC, 0x01, 0xF3,
    0xC7, 0x9E, 0x7C, 0xFF, 0xE3, 0xFE, 0x0F, 0xE0, 0x1C, 0x00, 0xF0, 0x01, 0xC0, 0x3E, 0x01, 0xF0,
    0x0E, 0x00, 0xF8, 0x1F, 0x3E, 0x0F, 0x8F, 0x87, 0xE3, 0xE1, 0xF0, 0xF8, 0xF8, 0x3E, 0x7C, 0x0F,
    0xBF, 0x03, 0xFF, 0x80, 0xFF, 0xC0, 0x3F, 0xF8, 0x0F, 0xBE, 0x03, 0xE7, 0xC0, 0xF8, 0xF8, 0x3E,
    0x3F, 0x0F, 0x87, 0xC3, 0xE0, 0xFF, 0xF8, 0x3F, 0xFE, 0x07, 0xF0, 0x00, 0x7C, 0x00, 0x1F, 0x00,
    0x07, 0xC0, 0x01, 0xF0, 0xF8, 0xFD, 0xF1, 0xF3, 0xE7, 0xC7, 0xDF, 0x0F, 0xBE, 0x1F, 0xF8, 0x3F,
    0xE0, 0x7F, 0xC0, 0xFF, 0xC1, 0xF7, 0xC3, 0xEF, 0x87, 0xCF, 0xFF, 0x8F, 0xFF, 0x1F, 0xC0, 0x0F,
    0x80, 0x1F, 0x00, 0x3E, 0x00, 0x7C, 0xF8, 0x1F, 0x7C, 0x1F, 0x3E, 0x0F, 0x9F, 0x0F, 0x8F, 0xF7,
    0xC7, 0xFF, 0xC3, 0xFF, 0xE1, 0xFF, 0xE0, 0xFF, 0xF0, 0x7F, 0xF8, 0x3F, 0xFE, 0x1F, 0xFF, 0x0F,
    0xF7, 0xC7, 0xFB, 0xE3, 0xE0, 0xF9, 0xF0, 0x7C, 0xF8, 0x1F, 0x7C, 0x0F, 0x80, 0xF8, 0x3F, 0xF0,
    0xFB, 0xE1, 0xF7, 0xFF, 0xCF, 0xFF, 0x9F, 0xFE, 0x3F, 0xFC, 0x7F, 0xF0, 0xFF, 0xF1, 0xFF, 0xF3,
    0xFF, 0xE7, 0xC3, 0xEF, 0x87, 0xDF, 0x07, 0xC0, 0x7F, 0xC0, 0xF9, 0xFF, 0x07, 0xE7, 0xFC, 0x1F,
    0x01, 0xF0, 0xF8, 0x07, 0xC7, 0xC0, 0x1F, 0x3E, 0x00, 0x7C, 0xF8, 0x01, 0xFF, 0xC0, 0x07, 0xFE,
    0x00, 0x1F, 0xFC, 0x00, 0x7C, 0xF8, 0x01, 0xF3, 0xE0, 0x07, 0xC7, 0xC0, 0x1F, 0x0F, 0x80, 0x7C,
    0x3E, 0x01, 0xF0, 0x7C, 0x07, 0xC0, 0xF8, 0x1F, 0x03, 0xF0, 0xFF, 0x0F, 0xFF, 0x8F, 0xBF, 0xCF,
    0x83, 0xE7, 0xC1, 0xF7, 0xC0, 0xFF, 0xC0, 0x7F, 0xE0, 0x3F, 0xE0, 0x1F, 0xF8, 0x0F, 0xBE, 0x07,
    0xCF, 0x83, 0xE7, 0xC1, 0xF1, 0xF0, 0xF8, 0x7C, 0xF8, 0x0F, 0x3E, 0x03, 0xCF, 0x80, 0xF3, 0xE0,
    0x3C, 0xF8, 0x0F, 0x3E, 0x03, 0xCF, 0x80, 0xF3, 0xFF, 0xFC, 0xFF, 0xFF, 0x3F, 0xFF, 0xCF, 0x80,
    0xF3, 0xE0, 0x3C, 0xF8, 0x0F, 0x3E, 0x03, 0xCF, 0x80, 0xF3, 0xE0, 0x3F, 0xF8, 0x0F, 0xFE, 0x03,
    0xF0, 0x00, 0x3C, 0x00, 0x0F, 0x00, 0x03, 0xC0, 0x00, 0xF0, 0xF8, 0x79, 0xF0, 0xF3, 0xE1, 0xE7,
    0xC3, 0xCF, 0x87, 0x9F, 0xFF, 0x3F, 0xFE, 0x7F, 0xFC, 0xF8, 0x79, 0xF0, 0xF3, 0xE1, 0xE7, 0xC3,
    0xFF, 0x87, 0xFF, 0x0F, 0xC0, 0x07, 0x80, 0x0F, 0x00, 0x1E, 0x00, 0x3C, 0xF8, 0x0F, 0xFF, 0xF8,
    0x0F, 0xFF, 0xF8, 0x0F, 0xFF, 0xF8, 0x0F, 0x00, 0xF8, 0x0F, 0x00, 0xF8, 0x0F, 0x00, 0xF8, 0x0F,
    0x00, 0xFF, 0xFF, 0x00, 0xFF, 0xFF, 0x00, 0xFF, 0xFF, 0x00, 0xF8, 0x0F, 0x00, 0xF8, 0x0F, 0x00,
    0xF8, 0x0F, 0x00, 0xF8, 0x0F, 0x00, 0xF8, 0x0F, 0x00, 0xF8, 0x0F, 0x00, 0xF8, 0x0F, 0x00, 0xF8,
    0x0F, 0x00, 0xF8, 0x7F, 0xFC, 0x3F, 0xFE, 0x1F, 0xFF, 0x0F, 0x0F, 0x87, 0x87, 0xFF, 0xC3, 0xFF,
    0xE1, 0xFF, 0xF0, 0xF8, 0x78, 0x7C, 0x3C, 0x3E, 0x1E, 0x1F, 0x0F, 0x0F, 0x87, 0x87, 0xC3, 0xC0,
    0xFF, 0xFF, 0x00, 0x1F, 0xFF, 0xE0, 0x03, 0xFF, 0xFC, 0x00, 0x7C, 0x07, 0x80, 0x0F, 0x80, 0xF0,
    0x01, 0xF0, 0x1E, 0x00, 0x3E, 0x03, 0xFF, 0x87, 0xC0, 0x7F, 0xF8, 0xF8, 0x0F, 0xFF, 0x9F, 0x01,
    0xF9, 0xFB, 0xE0, 0x3E, 0x1F, 0x7C, 0x07, 0xC1, 0xEF, 0x80, 0xF0, 0x3F, 0xF0, 0x1E, 0x07, 0xBE,
    0x03, 0xC1, 0xF7, 0xC0, 0x78, 0x7E, 0xF8, 0x0F, 0x7F, 0x9F, 0x01, 0xEF, 0xE0, 0x00, 0x01, 0xF8,
    0x00, 0xFF, 0xF8, 0x03, 0xFF, 0xE0, 0x0F, 0xFF, 0x80, 0x3E, 0x1E, 0x00, 0xF8, 0x78, 0x03, 0xE1,
    0xE0, 0x0F, 0x87, 0xFC, 0x3E, 0x1F, 0xFC, 0xF8, 0x7F, 0xFB, 0xE1, 0xE3, 0xEF, 0x87, 0x87, 0xFE,
    0x1E, 0x0F, 0xF8, 0x78, 0x3F, 0xE1, 0xE1, 0xE0, 0x00, 0x0F, 0x80, 0x00, 0x7C, 0x00, 0x00, 0xE0,
    0x00, 0x01, 0x00, 0x07, 0x80, 0x00, 0x0F, 0xC3, 0xF0, 0x0F, 0xE7, 0xFE, 0x0F, 0xC7, 0xFF, 0x87,
    0xC3, 0xE7, 0xC7, 0xC3, 0xE1, 0xF3, 0xE1, 0xE0, 0xF9, 0xE0, 0xF0, 0x3C, 0xF0, 0x78, 0x3E, 0x78,
    0x3E, 0x1F, 0x3C, 0x1F, 0x0F, 0x9F, 0x0F, 0xCF, 0x8F, 0x83, 0xFF, 0xC3, 0xE1, 0xFF, 0xC1, 0xFC,
    0x7F, 0xC8, 0x7F, 0xFF, 0xFE, 0x1F, 0xFF, 0xFF, 0x03, 0xFF, 0xFF, 0x80, 0x0F, 0x00, 0x00, 0xF8,
    0x00, 0x0F, 0xCF, 0xE0, 0xFC, 0xFF, 0x87, 0xCF, 0xFC, 0x3C, 0x7D, 0xF1, 0xE3, 0xC7, 0x8F, 0x1E,
    0x3C, 0x78, 0xF3, 0xE3, 0xE7, 0xDE, 0x1F, 0xDF, 0xFC, 0x7F, 0xFF, 0xE1, 0xFF, 0xFF, 0x83, 0xFF,
    0xFC, 0x07, 0xF8, 0x0F, 0xFE, 0x0F, 0xFF, 0x8F, 0xC7, 0xE7, 0xC1, 0xF7, 0xC0, 0x7F, 0xE0, 0x01,
    0xE0, 0x00, 0xF0, 0x00, 0x78, 0x00, 0x3C, 0x00, 0x1F, 0x00, 0x0F, 0x80, 0xFB, 0xE0, 0xF9, 0xF8,
    0xFC, 0x7F, 0xFC, 0x1F, 0xFC, 0x03, 0xFC, 0x00, 0x70, 0x00, 0x3C, 0x00, 0x07, 0x00, 0x0F, 0x80,
    0x07, 0xC0, 0x03, 0x80, 0x0F, 0xE0, 0x7F, 0xE3, 0xFF, 0x9F, 0x9F, 0x7C, 0x3D, 0xE0, 0x07, 0x80,
    0x1E, 0x00, 0x78, 0x21, 0xF0, 0xF7, 0xE7, 0xCF, 0xFE, 0x1F, 0xF8, 0x3F, 0x80, 0x38, 0x00, 0xF8,
    0x00, 0xE0, 0x0F, 0x80, 0x3E, 0x00, 0xE0, 0x7F, 0xFF, 0x7F, 0xFF, 0x7F, 0xFF, 0x03, 0xE0, 0x03,
    0xE0, 0x03, 0xE0, 0x03, 0xE0, 0x03, 0xE0, 0x03, 0xE0, 0x03, 0xE0, 0x03, 0xE0, 0x03, 0xE0, 0x03,
    0xE0, 0x03, 0xE0, 0x03, 0xE0, 0x03, 0xF8, 0x03, 0xF8, 0x03, 0xF0, 0x00, 0xF0, 0x00, 0xF0, 0x00,
    0xF0, 0x00, 0xF0, 0xFF, 0xFF, 0xFF, 0xFF, 0xFE, 0x1F, 0x00, 0xF8, 0x07, 0xC0, 0x3E, 0x01, 0xF0,
    0x0F, 0x80, 0x7C, 0x03, 0xE0, 0x1F, 0xC0, 0xFC, 0x07, 0xE0, 0x0F, 0x00, 0x78, 0x03, 0xC0, 0x1E,
    0x00, 0xFC, 0x07, 0xDF, 0x03, 0xE3, 0xE0, 0xF8, 0xF8, 0x7C, 0x1F, 0x1E, 0x07, 0xCF, 0x80, 0xFB,
    0xC0, 0x1F, 0xF0, 0x07, 0xF8, 0x00, 0xFE, 0x00, 0x3F, 0x00, 0x07, 0x80, 0x01, 0xE0, 0x00, 0x78,
    0x00, 0x1E, 0x00, 0x07, 0x80, 0x01, 0xE0, 0x00, 0x78, 0x00, 0xF8, 0x3E, 0xF0, 0x79, 0xE0, 0xF3,
    0xE3, 0xE3, 0xC7, 0x87, 0x8F, 0x0F, 0xBE, 0x0F, 0x78, 0x1E, 0xF0, 0x3F, 0xE0, 0x3F, 0x80, 0x7F,
    0x00, 0x7C, 0x00, 0xF8, 0x01, 0xF0, 0x03, 0xE0, 0x07, 0xC0, 0x0F, 0x80, 0x1F, 0x00, 0xFC, 0x07,
    0xDF, 0x03, 0xE3, 0xE0, 0xF8, 0xF8, 0x7C, 0x1F, 0x1E, 0x07, 0xCF, 0x80, 0xFB, 0xC0, 0x1F, 0xF0,
    0x07, 0xF8, 0x00, 0xFE, 0x00, 0x3F, 0x00, 0x07, 0x80, 0x0F, 0xFE, 0x07, 0xFF, 0x81, 0xFF, 0xE0,
    0x07, 0x80, 0x01, 0xE0, 0x00, 0x78, 0x00, 0xF8, 0x3E, 0xF0, 0x79, 0xE0, 0xF3, 0xE3, 0xE3, 0xC7,
    0x87, 0x8F, 0x0F, 0xBE, 0x0F, 0x78, 0x1E, 0xF0, 0x3F, 0xE0, 0x3F, 0x80, 0x7F, 0x00, 0x7C, 0x03,
    0xFE, 0x07, 0xFC, 0x0F, 0xF8, 0x07, 0xC0, 0x0F, 0x80, 0x1F, 0x00, 0x7C, 0x0F, 0x87, 0xC1, 0xF0,
    0xFC, 0x7C, 0x0F, 0x9F, 0x00, 0xFB, 0xE0, 0x1F, 0xF8, 0x01, 0xFE, 0x00, 0x1F, 0xC0, 0x03, 0xF0,
    0x00, 0x7E, 0x00, 0x0F, 0xE0, 0x03, 0xFE, 0x00, 0xFF, 0xC0, 0x3E, 0x7C, 0x07, 0xC7, 0xC1, 0xF0,
    0xFF, 0x7C, 0x0F, 0xEF, 0x80, 0xFC, 0x00, 0x07, 0x80, 0x00, 0xF0, 0x00, 0x1E, 0x00, 0x03, 0xC0,
    0x78, 0x7C, 0x7C, 0x78, 0x3C, 0xF8, 0x3E, 0xF0, 0x1F, 0xE0, 0x0F, 0xE0, 0x0F, 0xC0, 0x0F, 0xC0,
    0x0F, 0xE0, 0x1F, 0xF0, 0x3E, 0xF0, 0x3C, 0xFF, 0x7C, 0x7F, 0xF8, 0x7F, 0x00, 0x1F, 0x00, 0x1E,
    0x00, 0x1E, 0x00, 0x1E, 0x7F, 0xFF, 0x7C, 0x7F, 0xFF, 0x7C, 0x7F, 0xFF, 0x7C, 0x03, 0xE0, 0x7C,
    0x03, 0xE0, 0x7C, 0x03, 0xE0, 0x7C, 0x03, 0xE0, 0x7C, 0x03, 0xE0, 0x7C, 0x03, 0xE0, 0x7C, 0x03,
    0xE0, 0x7C, 0x03, 0xE0, 0x7C, 0x03, 0xE0, 0x7C, 0x03, 0xE0, 0x7C, 0x03, 0xE0, 0x7C, 0x03, 0xE0,
    0x7C, 0x03, 0xFF, 0xFF, 0x03, 0xFF, 0xFF, 0x03, 0xFF, 0xFF, 0x00, 0x00, 0x1F, 0x00, 0x00, 0x1F,
    0x00, 0x00, 0x1F, 0x00, 0x00, 0x1F, 0x00, 0x00, 0x00, 0xFF, 0x9F, 0x3F, 0xE7, 0xCF, 0xF9, 0xF0,
    0x78, 0x7C, 0x1E, 0x1F, 0x07, 0x87, 0xC1, 0xE1, 0xF0, 0x78, 0x7C, 0x1E, 0x1F, 0x07, 0x87, 0xC1,
    0xE1, 0xF0, 0x7F, 0xFE, 0x1F, 0xFF, 0x87, 0xFF, 0xE0, 0x00, 0x78, 0x00, 0x1E, 0x00, 0x07, 0x80,
    0x01, 0xE0, 0x00, 0x00, 0xF8, 0x1E, 0x7C, 0x0F, 0x3E, 0x07, 0x9F, 0x03, 0xCF, 0x81, 0xE7, 0xC0,
    0xF3, 0xE0, 0x78, 0xF8, 0x7C, 0x7F, 0xFE, 0x1F, 0xFF, 0x07, 0xFF, 0x80, 0x03, 0xC0, 0x01, 0xE0,
    0x00, 0xF0, 0x00, 0x78, 0x00, 0x3F, 0x00, 0x1F, 0x80, 0x0F, 0xC0, 0x01, 0xE0, 0x00, 0xF0, 0x00,
    0x78, 0x00, 0x3C, 0xF8, 0xF9, 0xF1, 0xF3, 0xE3, 0xE7, 0xC7, 0xCF, 0x8F, 0x9F, 0x1F, 0x3F, 0x3E,
    0x3F, 0xFC, 0x7F, 0xF8, 0x3F, 0xF0, 0x03, 0xE0, 0x07, 0xF0, 0x0F, 0xE0, 0x1F, 0xC0, 0x0F, 0x80,
    0x1F, 0x00, 0x3E, 0x00, 0x7C, 0xF8, 0x1E, 0xF8, 0x1E, 0xF8, 0x1E, 0xF8, 0x1E, 0xF8, 0x1E, 0xFB,
    0x9E, 0xFB, 0x9E, 0x7F, 0xBE, 0x7F, 0xFE, 0x3F, 0xFE, 0x1F, 0xFE, 0x03, 0x9E, 0x03, 0x9E, 0x03,
    0x9E, 0x00, 0x1E, 0x00, 0x1E, 0x00, 0x1E, 0x00, 0x1E, 0xF8, 0xFF, 0xC7, 0xFE, 0x3F, 0xF1, 0xFF,
    0xFF, 0xFF, 0xFF, 0xFF, 0xEF, 0xFF, 0x7F, 0xF8, 0xFF, 0xC1, 0xFE, 0x0F, 0xF0, 0x7F, 0x80, 0x7C,
    0xF8, 0x00, 0xF8, 0x00, 0xF8, 0x00, 0xF8, 0x00, 0xF8, 0x00, 0xF8, 0x00, 0xFF, 0xF0, 0xFF, 0xFC,
    0xFF, 0xFE, 0xFE, 0x7E, 0xF8, 0x1E, 0xF8, 0x1E, 0xF8, 0x1E, 0xF8, 0x1F, 0xF8, 0x1F, 0xF8, 0x1F,
    0xF8, 0x1F, 0xF8, 0x1F, 0xF8, 0x03, 0xE0, 0x0F, 0x80, 0x3E, 0x00, 0xFF, 0xE3, 0xFF, 0xCF, 0xFF,
    0xBF, 0x3E, 0xF8, 0x7B, 0xE1, 0xEF, 0x87, 0xBE, 0x1E, 0xF8, 0x7B, 0xE1, 0xEF, 0x87, 0xBE, 0x1E,
    0xF8, 0x7B, 0xE1, 0xE0, 0x00, 0x7F, 0x80, 0x07, 0xFF, 0x80, 0x3F, 0xFF, 0x00, 0xFC, 0x7C, 0x07,
    0xC0, 0xFB, 0xDE, 0x01, 0xEF, 0xF8, 0x07, 0xBF, 0xFF, 0xFE, 0x7F, 0xFF, 0xF9, 0xFF, 0xFF, 0xE0,
    0xF8, 0x00, 0x01, 0xE0, 0x00, 0x07, 0xC0, 0xF8, 0x1F, 0x03, 0xE0, 0x3F, 0x3F, 0x00, 0x7F, 0xFC,
    0x00, 0xFF, 0xE0, 0x01, 0xFE, 0x00, 0x00, 0xFE, 0x00, 0x7F, 0xC0, 0x3F, 0xFB, 0x9F, 0x1F, 0xF7,
    0x83, 0xFF, 0xFF, 0xF7, 0xFF, 0xFC, 0xFF, 0xFF, 0x07, 0x80, 0x01, 0xE0, 0xC0, 0x7E, 0x7C, 0x0F,
    0xFE, 0x01, 0xFF, 0x80, 0x3F, 0x80, 0x00, 0x7F, 0x80, 0x07, 0xFF, 0x80, 0x3F, 0xFF, 0x00, 0xFC,
    0x7C, 0x07, 0xC0, 0xFB, 0xDE, 0x01, 0xEF, 0xF8, 0x07, 0xBF, 0xFF, 0xFE, 0x7F, 0xFF, 0xF9, 0xFF,
    0xFF, 0xE0, 0xF8, 0x00, 0x01, 0xE0, 0x00, 0x07, 0xC0, 0xF8, 0x1F, 0x03, 0xE0, 0x3F, 0x3F, 0x00,
    0x7F, 0xFC, 0x00, 0xFF, 0xE0, 0x01, 0xFE, 0x00, 0x01, 0xE0, 0x00, 0x07, 0x80, 0x00, 0x1E, 0x00,
    0x00, 0x78, 0x00, 0x00, 0xFE, 0x00, 0x7F, 0xC0, 0x3F, 0xFB, 0x9F, 0x1F, 0xF7, 0x83, 0xFF, 0xFF,
    0xF7, 0xFF, 0xFC, 0xFF, 0xFF, 0x07, 0x80, 0x01, 0xE0, 0xC0, 0x7E, 0x7C, 0x0F, 0xFE, 0x01, 0xFF,
    0x80, 0x3F, 0x80, 0x03, 0x80, 0x00, 0xF0, 0x00, 0x0E, 0x00, 0x0F, 0x80, 0x03, 0xC0, 0x00, 0xE0,
    0xFF, 0xFF, 0xFF, 0xFF, 0xFF, 0xFF, 0xFF, 0xFF, 0xFF, 0xFF, 0xFF, 0xC0, 0x00, 0x71, 0xC0, 0x00,
    0x0F, 0x78, 0x00, 0x00, 0xFE, 0x00, 0x00, 0x0F, 0x80, 0x00, 0x00, 0x00, 0x00, 0x00, 0x00, 0x00,
    0x00, 0x00, 0x00, 0x03, 0xE0, 0xF8, 0x3E, 0x7E, 0x1F, 0x0F, 0x87, 0xC3, 0xE3, 0xF0, 0x7C, 0x7C,
    0x7C, 0x07, 0xCF, 0x9F, 0x00, 0xF9, 0xF3, 0xC0, 0x0F, 0xBE, 0xF8, 0x00, 0xFF, 0xFE, 0x00, 0x1F,
    0xFF, 0xC0, 0x07, 0xFF, 0xFC, 0x01, 0xF3, 0xE7, 0x80, 0x3E, 0x7C, 0xF8, 0x0F, 0x8F, 0x8F, 0x01,
    0xF1, 0xF1, 0xF0, 0x7C, 0x3E, 0x1F, 0x0F, 0x87, 0xC3, 0xE3, 0xE0, 0xF8, 0x3E, 0x7C, 0x1F, 0x07,
    0xC0, 0x03, 0x8E, 0x00, 0x07, 0x78, 0x00, 0x1F, 0xE0, 0x00, 0x3F, 0x00, 0x00, 0x00, 0x00, 0x00,
    0x00, 0x0F, 0x87, 0x8F, 0x9F, 0x1E, 0x3C, 0x3E, 0x79, 0xF0, 0xF9, 0xEF, 0x81, 0xF7, 0xBC, 0x03,
    0xDF, 0xF0, 0x0F, 0xFF, 0x80, 0x1F, 0xFE, 0x00, 0xFF, 0xFC, 0x07, 0xDF, 0xF0, 0x1F, 0x7B, 0xE0,
    0xF9, 0xE7, 0xC7, 0xC7, 0x9F, 0x3F, 0x1E, 0x3E, 0xF8, 0x3E, 0xF8, 0x7E, 0xF8, 0xFC, 0xF8, 0xF8,
    0xF9, 0xF0, 0xFB, 0xE0, 0xFB, 0xE0, 0xFF, 0xC0, 0xFF, 0xF0, 0xFF, 0xFC, 0xF8, 0x7E, 0xF8, 0x3E,
    0xF8, 0x1E, 0xF8, 0x1F, 0xF8, 0x1F, 0xF8, 0x1F, 0xF8, 0x1E, 0xF8, 0x1E, 0x00, 0x7E, 0x00, 0xFC,
    0x00, 0xF8, 0x00, 0xF0, 0xF8, 0xFF, 0xE3, 0xEF, 0x9F, 0x3E, 0xFC, 0xFB, 0xE3, 0xFF, 0x0F, 0xFC,
    0x3F, 0xF8, 0xFF, 0xF3, 0xE3, 0xEF, 0x87, 0xFE, 0x0F, 0xF8, 0x3F, 0xE1, 0xF0, 0x0F, 0x80, 0x7E,
    0x00, 0xF0, 0x03, 0x00, 0x0F, 0xFF, 0x80, 0xFF, 0xF8, 0x0F, 0xFF, 0x80, 0xF0, 0x78, 0x0F, 0x07,
    0x80, 0xF0, 0x78, 0x0F, 0x07, 0x80, 0xF0, 0x78, 0x0F, 0x07, 0x80, 0xF0, 0x78, 0x0F, 0x07, 0x81,
    0xF0, 0x78, 0x1F, 0x07, 0x81, 0xE0, 0x78, 0x3E, 0x07, 0x87, 0xE0, 0x7F, 0x7C, 0x07, 0xE7, 0x80,
    0x7E, 0x00, 0x01, 0xE0, 0x00, 0x3C, 0x00, 0x03, 0xC0, 0x00, 0x3C, 0x3F, 0xFC, 0x3F, 0xFC, 0x3F,
    0xFC, 0x3E, 0x7C, 0x3E, 0x7C, 0x3E, 0x7C, 0x3E, 0x7C, 0x3E, 0x7C, 0x3C, 0x7C, 0x3C, 0x7C, 0x7C,
    0x7C, 0xFC, 0x7F, 0xF8, 0x7F, 0xF0, 0x7E, 0x00, 0x1E, 0x00, 0x1E, 0x00, 0x3E, 0x00, 0x3C, 0xF8,
    0x0F, 0x7C, 0x07, 0xBE, 0x03, 0xDF, 0x01, 0xEF, 0x80, 0xF7, 0xC0, 0x7B, 0xE0, 0x3D, 0xFF, 0xFE,
    0xFF, 0xFF, 0x7F, 0xFF, 0xBE, 0x03, 0xDF, 0x01, 0xEF, 0x80, 0xF7, 0xC0, 0x7B, 0xE0, 0x3D, 0xF0,
    0x1E, 0xF8, 0x0F, 0x7C, 0x07, 0x80, 0x03, 0xC0, 0x01, 0xE0, 0x07, 0xF0, 0x03, 0xF8, 0x01, 0xF8,
    0xF8, 0x7F, 0xC3, 0xFE, 0x1F, 0xF0, 0xFF, 0x87, 0xFF, 0xFF, 0xFF, 0xFF, 0xFF, 0xF8, 0x7F, 0xC3,
    0xFE, 0x1F, 0xF0, 0xFF, 0x87, 0xFC, 0x3C, 0x01, 0xE0, 0x0F, 0x03, 0xF8, 0x1F, 0xC0, 0xFC, 0xF8,
    0x0F, 0x1F, 0x01, 0xE3, 0xE0, 0x3C, 0x7C, 0x07, 0x8F, 0x80, 0xF1, 0xF0, 0x1E, 0x3E, 0x03, 0xC7,
    0xFF, 0xF8, 0xFF, 0xFF, 0x1F, 0xFF, 0xE3, 0xE0, 0x3C, 0x7C, 0x07, 0x8F, 0x80, 0xF1, 0xF0, 0x1E,
    0x3E, 0x03, 0xC7, 0xC0, 0x7F, 0xF8, 0x0F, 0xDF, 0x01, 0xF8, 0x00, 0x0F, 0x00, 0x03, 0xC0, 0x00,
    0x78, 0x00, 0x0F, 0x00, 0xF8, 0x78, 0xF8, 0x78, 0xF8, 0x78, 0xF8, 0x78, 0xF8, 0x78, 0xFF, 0xF8,
    0xFF, 0xF8, 0xFF, 0xF8, 0xF8, 0x78, 0xF8, 0x78, 0xF8, 0x78, 0xF8, 0x7F, 0xF8, 0x7E, 0xF8, 0x7E,
    0x00, 0x3E, 0x00, 0x3C, 0x00, 0x3C, 0x00, 0x3C, 0xF8, 0x1E, 0xF8, 0x1E, 0xF8, 0x1E, 0xF8, 0x1E,
    0xF8, 0x1E, 0xF8, 0x1E, 0xF8, 0x1E, 0x7C, 0x3E, 0x7F, 0xFE, 0x3F, 0xFE, 0x1F, 0xFE, 0x00, 0x1E,
    0x00, 0x1E, 0x00, 0x1E, 0x00, 0x1E, 0x00, 0x1E, 0x00, 0xFE, 0x00, 0xFE, 0x00, 0xF8, 0x00, 0xF8,
    0x00, 0xF8, 0x00, 0xF8, 0xF8, 0xFF, 0xC7, 0xFE, 0x3F, 0xF1, 0xFF, 0x8F, 0xFC, 0x7F, 0xF3, 0xEF,
    0xFF, 0x7F, 0xF8, 0xFF, 0xC0, 0x3E, 0x01, 0xF0, 0x3F, 0x81, 0xFC, 0x0F, 0x00, 0x78, 0x03, 0xC0,
    0x1E, 0x00, 0xFE, 0x03, 0xF9, 0xFC, 0x07, 0xF3, 0xFC, 0x0F, 0xE7, 0xF8, 0x3F, 0xCF, 0xF0, 0x7F,
    0x9F, 0xF0, 0xFF, 0x3F, 0xE3, 0xFE, 0x7F, 0xC7, 0xBC, 0xFF, 0xCF, 0x79, 0xF7, 0xBE, 0xF3, 0xEF,
    0x79, 0xE7, 0xDF, 0xF3, 0xCF, 0x9F, 0xE7, 0x9F, 0x3F, 0x8F, 0x3E, 0x7F, 0x1E, 0x7C, 0x7C, 0x3F,
    0xF8, 0xF8, 0x7F, 0xF0, 0xF0, 0xFC, 0x00, 0x00, 0xF0, 0x00, 0x01, 0xE0, 0x00, 0x07, 0xC0, 0x00,
    0x0F, 0x00, 0xFE, 0x0F, 0xC7, 0xF0, 0xFE, 0x3F, 0x87, 0xF1, 0xFE, 0x3F, 0x8F, 0xF3, 0xFC, 0x7F,
    0x9F, 0xE3, 0xFE, 0xFF, 0x1E, 0xFF, 0x78, 0xF7, 0xFB, 0xC7, 0x9F, 0xDE, 0x3C, 0xFC, 0xF1, 0xE7,
    0xE7, 0xEF, 0x1F, 0x3F, 0x78, 0xF1, 0xF8, 0x00, 0x07, 0x80, 0x00, 0x3C, 0x00, 0x01, 0xE0, 0x00,
    0x1E, 0x00, 0xFF, 0xFF, 0xFF, 0xFF, 0xFF, 0xFF, 0xFF, 0xFF, 0xFF, 0xFF, 0xFF, 0xC0, 0x07, 0x1C,
    0x00, 0xF7, 0x80, 0x0F, 0xE0, 0x00, 0xF8, 0x00, 0x00, 0x00, 0x00, 0x00, 0x00, 0x00, 0x00, 0x1F,
    0x80, 0x03, 0xF8, 0x00, 0x7F, 0x00, 0x1F, 0xE0, 0x03, 0xFE, 0x00, 0x7B, 0xC0, 0x1F, 0x78, 0x03,
    0xCF, 0x80, 0xF9, 0xF0, 0x1F, 0x1E, 0x03, 0xE3, 0xE0, 0xFF, 0xFC, 0x1F, 0xFF, 0x83, 0xFF, 0xF8,
    0xF8, 0x1F, 0x1F, 0x01, 0xF3, 0xE0, 0x3E, 0xF8, 0x07, 0xC0, 0x1C, 0x70, 0xF7, 0x07, 0xF8, 0x1F,
    0x80, 0x00, 0x00, 0x00, 0x3F, 0x87, 0xFE, 0x7F, 0xFB, 0xE7, 0xCE, 0x1E, 0x03, 0xF1, 0xFF, 0xBF,
    0xFD, 0xF1, 0xEF, 0x0F, 0xF8, 0xFB, 0xFF, 0xDF, 0xFE, 0x7E, 0xF0, 0x07, 0x3C, 0x00, 0xF7, 0x80,
    0x1E, 0xF0, 0x03, 0x9E, 0x00, 0x00, 0x00, 0x00, 0x00, 0x00, 0x00, 0x00, 0x1F, 0x80, 0x03, 0xF8,
    0x00, 0x7F, 0x00, 0x1F, 0xE0, 0x03, 0xFE, 0x00, 0x7B, 0xC0, 0x1F, 0x78, 0x03, 0xCF, 0x80, 0xF9,
    0xF0, 0x1F, 0x1E, 0x03, 0xE3, 0xE0, 0xFF, 0xFC, 0x1F, 0xFF, 0x83, 0xFF, 0xF8, 0xF8, 0x1F, 0x1F,
    0x01, 0xF3, 0xE0, 0x3E, 0xF8, 0x07, 0xC0, 0x1C, 0xF1, 0xF7, 0x8F, 0xBC, 0x39, 0xE0, 0x00, 0x00,
    0x00, 0x3F, 0x87, 0xFE, 0x7F, 0xFB, 0xE7, 0xCE, 0x1E, 0x03, 0xF1, 0xFF, 0xBF, 0xFD, 0xF1, 0xEF,
    0x0F, 0xF8, 0xFB, 0xFF, 0xDF, 0xFE, 0x7E, 0xF0, 0x00, 0xFF, 0xFF, 0x80, 0xFF, 0xFF, 0xC0, 0x7F,
    0xFF, 0xE0, 0x3D, 0xE0, 0x00, 0x3E, 0xF0, 0x00, 0x1E, 0x78, 0x00, 0x1F, 0x3C, 0x00, 0x0F, 0x1F,
    0xFE, 0x0F, 0x8F, 0xFF, 0x07, 0xC7, 0xFF, 0x87, 0xC3, 0xC0, 0x03, 0xFF, 0xE0, 0x01, 0xFF, 0xF0,
    0x01, 0xFF, 0xF8, 0x00, 0xF8, 0x3C, 0x00, 0xF8, 0x1F, 0xFF, 0x7C, 0x0F, 0xFF, 0xFC, 0x07, 0xFF,
    0xC0, 0x0F, 0xCF, 0xE0, 0xFF, 0xFF, 0xC7, 0xFF, 0xFF, 0x9F, 0x3F, 0x1E, 0x00, 0x78, 0x3C, 0x7F,
    0xFF, 0xF3, 0xFF, 0xFF, 0xDF, 0xFF, 0xFF, 0x7C, 0x78, 0x03, 0xE1, 0xE0, 0xE7, 0x8F, 0xC7, 0xDF,
    0xFF, 0xFE, 0x7F, 0xDF, 0xF8, 0xFE, 0x3F, 0x80, 0x38, 0xE1, 0xEF, 0x07, 0xF8, 0x1F, 0x00, 0x00,
    0x00, 0x00, 0x00, 0x1F, 0xFF, 0xFF, 0xFF, 0xFF, 0xFE, 0x01, 0xF0, 0x0F, 0x80, 0x7C, 0x03, 0xFF,
    0xFF, 0xFF, 0xFF, 0xFF, 0xC0, 0x3E, 0x01, 0xF0, 0x0F, 0x80, 0x7C, 0x03, 0xFF, 0xFF, 0xFF, 0xFF,
    0xF8, 0x1C, 0x70, 0x7B, 0xC0, 0xFE, 0x01, 0xF0, 0x00, 0x00, 0x00, 0x00, 0xFE, 0x07, 0xFC, 0x3F,
    0xF9, 0xF1, 0xF7, 0x83, 0xDF, 0xFF, 0x7F, 0xFD, 0xFF, 0xF7, 0x80, 0x1E, 0x0C, 0x7E, 0x7C, 0xFF,
    0xF1, 0xFF, 0x83, 0xF8, 0x0F, 0xF0, 0x1F, 0xFE, 0x1F, 0xFF, 0x8F, 0xCF, 0xCF, 0x81, 0xF7, 0x80,
    0x78, 0x00, 0x3F, 0xFF, 0xFF, 0xFF, 0xFF, 0xFF, 0xFF, 0xFC, 0x03, 0xFE, 0x01, 0xFF, 0x80, 0xF3,
    0xC0, 0xF9, 0xF9, 0xF8, 0x7F, 0xFC, 0x1F, 0xFC, 0x07, 0xF8, 0x00, 0x1F, 0xE0, 0xFF, 0xC7, 0xFF,
    0x9F, 0x3F, 0x18, 0x7C, 0x00, 0xF7, 0xFF, 0xDF, 0xFF, 0x7F, 0xFD, 0xE0, 0xF7, 0xC7, 0xCF, 0xFE,
    0x1F, 0xF0, 0x3F, 0x80, 0x0E, 0x70, 0x0F, 0x3C, 0x07, 0x9E, 0x01, 0xCE, 0x00, 0x00, 0x00, 0x00,
    0x00, 0x00, 0x00, 0x1F, 0xE0, 0x3F, 0xFC, 0x3F, 0xFF, 0x1F, 0x9F, 0x9F, 0x03, 0xEF, 0x00, 0xF0,
    0x00, 0x7F, 0xFF, 0xFF, 0xFF, 0xFF, 0xFF, 0xFF, 0xF8, 0x07, 0xFC, 0x03, 0xFF, 0x01, 0xE7, 0x81,
    0xF3, 0xF3, 0xF0, 0xFF, 0xF8, 0x3F, 0xF8, 0x0F, 0xF0, 0x00, 0x1C, 0x70, 0x7B, 0xC1, 0xEF, 0x07,
    0x1C, 0x00, 0x00, 0x00, 0x01, 0xFE, 0x0F, 0xFC, 0x7F, 0xF9, 0xF3, 0xF1, 0x87, 0xC0, 0x0F, 0x7F,
    0xFD, 0xFF, 0xF7, 0xFF, 0xDE, 0x0F, 0x7C, 0x7C, 0xFF, 0xE1, 0xFF, 0x03, 0xF8, 0x00, 0x73, 0xC0,
    0x00, 0x0F, 0x78, 0x00, 0x01, 0xEF, 0x00, 0x00, 0x39, 0xE0, 0x00, 0x00, 0x00, 0x00, 0x00, 0x00,
    0x00, 0x00, 0x00, 0x00, 0x03, 0xE0, 0xF8, 0x3E, 0x7E, 0x1F, 0x0F, 0x87, 0xC3, 0xE3, 0xF0, 0x7C,
    0x7C, 0x7C, 0x07, 0xCF, 0x9F, 0x00, 0xF9, 0xF3, 0xC0, 0x0F, 0xBE, 0xF8, 0x00, 0xFF, 0xFE, 0x00,
    0x1F, 0xFF, 0xC0, 0x07, 0xFF, 0xFC, 0x01, 0xF3, 0xE7, 0x80, 0x3E, 0x7C, 0xF8, 0x0F, 0x8F, 0x8F,
    0x01, 0xF1, 0xF1, 0xF0, 0x7C, 0x3E, 0x1F, 0x0F, 0x87, 0xC3, 0xE3, 0xE0, 0xF8, 0x3E, 0x7C, 0x1F,
    0x07, 0xC0, 0x03, 0xCE, 0x00, 0x0F, 0x7C, 0x00, 0x3D, 0xF0, 0x00, 0xF3, 0x80, 0x00, 0x00, 0x00,
    0x00, 0x00, 0x0F, 0x87, 0x8F, 0x9F, 0x1E, 0x3C, 0x3E, 0x79, 0xF0, 0xF9, 0xEF, 0x81, 0xF7, 0xBC,
    0x03, 0xDF, 0xF0, 0x0F, 0xFF, 0x80, 0x1F, 0xFE, 0x00, 0xFF, 0xFC, 0x07, 0xDF, 0xF0, 0x1F, 0x7B,
    0xE0, 0xF9, 0xE7, 0xC7, 0xC7, 0x9F, 0x3F, 0x1E, 0x3E, 0x1C, 0xE0, 0xF3, 0xC3, 0xCF, 0x07, 0x38,
    0x00, 0x00, 0x00, 0x00, 0x00, 0x07, 0xF8, 0x3F, 0xF1, 0xFF, 0xEF, 0xCF, 0xBE, 0x1F, 0x00, 0x7C,
    0x03, 0xE0, 0x7F, 0x01, 0xFC, 0x07, 0xF8, 0x03, 0xF0, 0x07, 0xFC, 0x0F, 0xF8, 0x7F, 0xF3, 0xF7,
    0xFF, 0x8F, 0xFE, 0x1F, 0xE0, 0x38, 0xE1, 0xEF, 0x0F, 0x78, 0x71, 0xC0, 0x00, 0x00, 0x00, 0x7F,
    0x07, 0xFC, 0x7F, 0xF3, 0xEF, 0x9E, 0x3C, 0x0F, 0xE0, 0x7E, 0x03, 0xF0, 0x07, 0xCF, 0x1E, 0x79,
    0xF3, 0xFF, 0x8F, 0xF8, 0x3F, 0x80, 0x7F, 0xFC, 0xFF, 0xF9, 0xFF, 0xF0, 0x07, 0xC0, 0x1F, 0x00,
    0xF8, 0x03, 0xE0, 0x07, 0xF8, 0x0F, 0xF8, 0x0F, 0xF8, 0x01, 0xF0, 0x01, 0xEF, 0x03, 0xDF, 0x0F,
    0xBF, 0x3F, 0x3F, 0xFC, 0x3F, 0xF0, 0x3F, 0xC0, 0x7F, 0xFC, 0xFF, 0xF9, 0xFF, 0xF0, 0x07, 0xC0,
    0x1F, 0x00, 0xF8, 0x03, 0xE0, 0x07, 0xF8, 0x0F, 0xF8, 0x0F, 0xF8, 0x01, 0xF0, 0x01, 0xEF, 0x03,
    0xDF, 0x0F, 0xBF, 0x3F, 0x3F, 0xFC, 0x3F, 0xF0, 0x3F, 0xC0, 0x0F, 0xF0, 0x07, 0xF8, 0x03, 0xFC,
    0x00, 0x00, 0x00, 0x00, 0x00, 0x00, 0x03, 0xE0, 0x3F, 0xF0, 0x3F, 0xF8, 0x3F, 0xFC, 0x1F, 0xFE,
    0x1F, 0xFF, 0x1F, 0xFF, 0x8F, 0xFF, 0xCF, 0xFF, 0xEF, 0xBF, 0xF7, 0xDF, 0xFF, 0xCF, 0xFF, 0xC7,
    0xFF, 0xE3, 0xFF, 0xE1, 0xFF, 0xE0, 0xFF, 0xF0, 0x7F, 0xF0, 0x3F, 0xF8, 0x1F, 0x1F, 0xE0, 0x7F,
    0x81, 0xFE, 0x00, 0x00, 0x00, 0x03, 0xE1, 0xEF, 0x8F, 0xBE, 0x3E, 0xF9, 0xFB, 0xEF, 0xEF, 0xBF,
    0xBF, 0xFE, 0xFF, 0xFB, 0xFD, 0xEF, 0xE7, 0xBF, 0x1E, 0xFC, 0x7B, 0xE1, 0xEF, 0x07, 0x80, 0x0E,
    0x78, 0x0F, 0xBC, 0x07, 0xDE, 0x01, 0xCF, 0x00, 0x00, 0x00, 0x00, 0x00, 0x00, 0x01, 0xF0, 0x1F,
    0xF8, 0x1F, 0xFC, 0x1F, 0xFE, 0x0F, 0xFF, 0x0F, 0xFF, 0x8F, 0xFF, 0xC7, 0xFF, 0xE7, 0xFF, 0xF7,
    0xDF, 0xFB, 0xEF, 0xFF, 0xE7, 0xFF, 0xE3, 0xFF, 0xF1, 0xFF, 0xF0, 0xFF, 0xF0, 0x7F, 0xF8, 0x3F,
    0xF8, 0x1F, 0xFC, 0x0F, 0x80, 0x3C, 0xE0, 0xF7, 0xC3, 0xDF, 0x0F, 0x38, 0x00, 0x00, 0x00, 0x0F,
    0x87, 0xBE, 0x3E, 0xF8, 0xFB, 0xE7, 0xEF, 0xBF, 0xBE, 0xFE, 0xFF, 0xFB, 0xFF, 0xEF, 0xF7, 0xBF,
    0x9E, 0xFC, 0x7B, 0xF1, 0xEF, 0x87, 0xBC, 0x1E, 0x0F, 0x38, 0x03, 0xDE, 0x00, 0xF7, 0x80, 0x3C,
    0xE0, 0x00, 0x00, 0x00, 0x00, 0x00, 0x00, 0x00, 0x1F, 0xE0, 0x1F, 0xFC, 0x0F, 0xFF, 0x87, 0xE3,
    0xF1, 0xF0, 0x3E, 0xF8, 0x0F, 0xBE, 0x01, 0xEF, 0x00, 0x7B, 0xC0, 0x1E, 0xF0, 0x07, 0xBC, 0x01,
    0xEF, 0x80, 0x7B, 0xE0, 0x3E, 0x7C, 0x0F, 0x9F, 0x8F, 0xC3, 0xFF, 0xE0, 0x7F, 0xF0, 0x07, 0xF8,
    0x00, 0x1E, 0x70, 0x3D, 0xE0, 0x7B, 0xC0, 0xF3, 0x80, 0x00, 0x00, 0x00, 0x03, 0xF8, 0x0F, 0xFC,
    0x3F, 0xF8, 0xFC, 0xF9, 0xF0, 0xF3, 0xC1, 0xF7, 0x83, 0xEF, 0x07, 0xDE, 0x0F, 0xBE, 0x1E, 0x7E,
    0x7C, 0x7F, 0xF0, 0x7F, 0xE0, 0x7F, 0x00, 0x07, 0xF8, 0x07, 0xFF, 0x03, 0xFF, 0xE1, 0xF8, 0xFC,
    0x7C, 0x0F, 0xBE, 0x03, 0xEF, 0x80, 0x7B, 0xFF, 0xFE, 0xFF, 0xFF, 0xBF, 0xFF, 0xEF, 0x00, 0x7B,
    0xE0, 0x1E, 0xF8, 0x0F, 0x9F, 0x03, 0xE7, 0xE3, 0xF0, 0xFF, 0xF8, 0x1F, 0xFC, 0x01, 0xFE, 0x00,
    0x0F, 0xE0, 0x3F, 0xF0, 0xFF, 0xE3, 0xF3, 0xE7, 0xC3, 0xCF, 0x07, 0xDF, 0xFF, 0xBF, 0xFF, 0x78,
    0x3E, 0xF8, 0x79, 0xF9, 0xF1, 0xFF, 0xC1, 0xFF, 0x81, 0xFC, 0x00, 0x0F, 0x38, 0x03, 0xDE, 0x00,
    0xF7, 0x80, 0x3C, 0xE0, 0x00, 0x00, 0x00, 0x00, 0x00, 0x00, 0x00, 0x1F, 0xE0, 0x1F, 0xFC, 0x0F,
    0xFF, 0x87, 0xE3, 0xF1, 0xF0, 0x3E, 0xF8, 0x0F, 0xBE, 0x01, 0xEF, 0xFF, 0xFB, 0xFF, 0xFE, 0xFF,
    0xFF, 0xBC, 0x01, 0xEF, 0x80, 0x7B, 0xE0, 0x3E, 0x7C, 0x0F, 0x9F, 0x8F, 0xC3, 0xFF, 0xE0, 0x7F,
    0xF0, 0x07, 0xF8, 0x00, 0x1E, 0x70, 0x3D, 0xE0, 0x7B, 0xC0, 0xF3, 0x80, 0x00, 0x00, 0x00, 0x03,
    0xF8, 0x0F, 0xFC, 0x3F, 0xF8, 0xFC, 0xF9, 0xF0, 0xF3, 0xC1, 0xF7, 0xFF, 0xEF, 0xFF, 0xDE, 0x0F,
    0xBE, 0x1E, 0x7E, 0x7C, 0x7F, 0xF0, 0x7F, 0xE0, 0x7F, 0x00, 0x0E, 0x70, 0x0F, 0x3C, 0x07, 0x9E,
    0x01, 0xCE, 0x00, 0x00, 0x00, 0x00, 0x00, 0x00, 0x00, 0x1F, 0xE0, 0x3F, 0xF8, 0x3F, 0xFE, 0x1F,
    0x1F, 0x9F, 0x03, 0xEF, 0x00, 0xF0, 0x00, 0x78, 0x0F, 0xFE, 0x07, 0xFF, 0x03, 0xFF, 0x80, 0x07,
    0xFC, 0x03, 0xDE, 0x03, 0xEF, 0x81, 0xF3, 0xF3, 0xF1, 0xFF, 0xF0, 0x7F, 0xF0, 0x0F, 0xF0, 0x00,
    0x1C, 0xE0, 0xF3, 0xC3, 0xCF, 0x07, 0x38, 0x00, 0x00, 0x00, 0x01, 0xFE, 0x0F, 0xFC, 0x7F, 0xF9,
    0xF3, 0xE7, 0x87, 0xC0, 0xFF, 0x07, 0xFC, 0x1F, 0xF0, 0x03, 0xDE, 0x1F, 0x7C, 0xF9, 0xFF, 0xE3,
    0xFF, 0x07, 0xF8, 0x07, 0xF8, 0x03, 0xFC, 0x01, 0xFE, 0x00, 0x00, 0x00, 0x00, 0x00, 0x00, 0x03,
    0xF0, 0x3E, 0xF8, 0x1E, 0x7C, 0x1F, 0x1F, 0x0F, 0x8F, 0x8F, 0x83, 0xE7, 0xC1, 0xF3, 0xC0, 0x7B,
    0xE0, 0x3F, 0xE0, 0x0F, 0xF0, 0x07, 0xF0, 0x01, 0xF8, 0x00, 0xFC, 0x00, 0x3C, 0x00, 0x3E, 0x00,
    0xFE, 0x00, 0x7E, 0x00, 0x3E, 0x00, 0x0F, 0xE0, 0x1F, 0xC0, 0x3F, 0x80, 0x00, 0x00, 0x00, 0x1F,
    0x07, 0xDE, 0x0F, 0x3C, 0x1E, 0x7C, 0x7C, 0x78, 0xF0, 0xF1, 0xE1, 0xF7, 0xC1, 0xEF, 0x03, 0xDE,
    0x03, 0xF8, 0x07, 0xF0, 0x0F, 0xE0, 0x0F, 0x80, 0x1F, 0x00, 0x3E, 0x00, 0x78, 0x07, 0xF0, 0x1F,
    0xC0, 0x3F, 0x00, 0x0F, 0x38, 0x07, 0xBE, 0x03, 0xDF, 0x01, 0xE7, 0x00, 0x00, 0x00, 0x00, 0x00,
    0x00, 0x01, 0xF8, 0x1F, 0x7C, 0x0F, 0x3E, 0x0F, 0x8F, 0x87, 0xC7, 0xC7, 0xC1, 0xF3, 0xE0, 0xF9,
    0xE0, 0x3D, 0xF0, 0x1F, 0xF0, 0x07, 0xF8, 0x03, 0xF8, 0x00, 0xFC, 0x00, 0x7E, 0x00, 0x1E, 0x00,
    0x1F, 0x00, 0x7F, 0x00, 0x3F, 0x00, 0x1F, 0x00, 0x00, 0x1C, 0x70, 0x3D, 0xE0, 0x7B, 0xC0, 0xE3,
    0x80, 0x00, 0x00, 0x00, 0x3E, 0x0F, 0xBC, 0x1E, 0x78, 0x3C, 0xF8, 0xF8, 0xF1, 0xE1, 0xE3, 0xC3,
    0xEF, 0x83, 0xDE, 0x07, 0xBC, 0x07, 0xF0, 0x0F, 0xE0, 0x1F, 0xC0, 0x1F, 0x00, 0x3E, 0x00, 0x7C,
    0x00, 0xF0, 0x0F, 0xE0, 0x3F, 0x80, 0x7E, 0x00, 0x07, 0xBC, 0x03, 0xFC, 0x03, 0xDE, 0x01, 0xFE,
    0x00, 0x00, 0x00, 0x00, 0x00, 0x00, 0x01, 0xF8, 0x1F, 0x7C, 0x0F, 0x3E, 0x0F, 0x8F, 0x87, 0xC7,
    0xC7, 0xC1, 0xF3, 0xE0, 0xF9, 0xE0, 0x3D, 0xF0, 0x1F, 0xF0, 0x07, 0xF8, 0x03, 0xF8, 0x00, 0xFC,
    0x00, 0x7E, 0x00, 0x1E, 0x00, 0x1F, 0x00, 0x7F, 0x00, 0x3F, 0x00, 0x1F, 0x00, 0x00, 0x0F, 0x78,
    0x1D, 0xE0, 0x7B, 0xC0, 0xEF, 0x00, 0x00, 0x00, 0x00, 0x3E, 0x0F, 0xBC, 0x1E, 0x78, 0x3C, 0xF8,
    0xF8, 0xF1, 0xE1, 0xE3, 0xC3, 0xEF, 0x83, 0xDE, 0x07, 0xBC, 0x07, 0xF0, 0x0F, 0xE0, 0x1F, 0xC0,
    0x1F, 0x00, 0x3E, 0x00, 0x7C, 0x00, 0xF0, 0x0F, 0xE0, 0x3F, 0x80, 0x7E, 0x00, 0x1E, 0x70, 0x1E,
    0xF8, 0x1E, 0xF8, 0x1E, 0x70, 0x00, 0x00, 0x00, 0x00, 0x00, 0x00, 0xF8, 0x1E, 0xF8, 0x1E, 0xF8,
    0x1E, 0xF8, 0x1E, 0xF8, 0x1E, 0xF8, 0x1E, 0xF8, 0x1E, 0x7C, 0x3E, 0x7F, 0xFE, 0x3F, 0xFE, 0x1F,
    0xFE, 0x00, 0x1E, 0x00, 0x1E, 0x00, 0x1E, 0x00, 0x1E, 0x00, 0x1E, 0x00, 0x1E, 0x00, 0x1E, 0x38,
    0xE1, 0xEF, 0x0F, 0x78, 0x71, 0xC0, 0x00, 0x00, 0x03, 0xE3, 0xFF, 0x1F, 0xF8, 0xFF, 0xC7, 0xFE,
    0x3F, 0xF1, 0xFF, 0xCF, 0xBF, 0xFD, 0xFF, 0xE3, 0xFF, 0x00, 0xF8, 0x07, 0xC0, 0x3E, 0x01, 0xF0,
    0xFF, 0xFF, 0xFF, 0xFF, 0xFF, 0xF0, 0x0F, 0x80, 0x7C, 0x03, 0xE0, 0x1F, 0x00, 0xF8, 0x07, 0xC0,
    0x3E, 0x01, 0xF0, 0x0F, 0x80, 0x7C, 0x03, 0xE0, 0x1F, 0xC0, 0xFE, 0x07, 0xF0, 0x0F, 0x80, 0x7C,
    0x03, 0xE0, 0x1F, 0x00, 0xFF, 0xFF, 0xFF, 0xFF, 0xE0, 0xF8, 0x3E, 0x0F, 0x83, 0xE0, 0xF8, 0x3E,
    0x0F, 0x83, 0xF8, 0xFE, 0x3F, 0x03, 0xC0, 0xF0, 0x3C, 0x0F, 0x00, 0x03, 0x9C, 0x00, 0x3C, 0xF0,
    0x01, 0xE7, 0x80, 0x07, 0x38, 0x00, 0x00, 0x00, 0x00, 0x00, 0x00, 0x00, 0x00, 0x1F, 0x00, 0x1F,
    0xF8, 0x00, 0xFF, 0xC0, 0x07, 0xFE, 0x00, 0x3F, 0xF0, 0x01, 0xFF, 0x80, 0x0F, 0xFF, 0xF0, 0x7F,
    0xFF, 0xE3, 0xFF, 0xFF, 0x9F, 0xF8, 0xFC, 0xFF, 0xC1, 0xF7, 0xFE, 0x0F, 0xBF, 0xF0, 0x7D, 0xFF,
    0x83, 0xEF, 0xFC, 0x3E, 0x7F, 0xFF, 0xF3, 0xFF, 0xFF, 0x1F, 0xFF, 0xF0, 0xF8, 0x07, 0x38, 0x03,
    0xCF, 0x00, 0xF3, 0xC0, 0x1C, 0xE0, 0x00, 0x00, 0x00, 0x00, 0x0F, 0x80, 0x3F, 0xE0, 0x0F, 0xF8,
    0x03, 0xFE, 0x00, 0xFF, 0xFC, 0x3F, 0xFF, 0xCF, 0xFF, 0xF3, 0xFE, 0x3E, 0xFF, 0x87, 0xBF, 0xE1,
    0xEF, 0xF8, 0xFB, 0xFF, 0xFE, 0xFF, 0xFF, 0x3F, 0xFF, 0x8F, 0x3F, 0xFE, 0x7F, 0xFC, 0xFF, 0xF9,
    0xF0, 0x03, 0xE0, 0x07, 0xC0, 0x0F, 0x80, 0x7F, 0xF0, 0xFF, 0xE1, 0xFF, 0xC0, 0xF8, 0x01, 0xF0,
    0x03, 0xE0, 0x07, 0xC0, 0x0F, 0x80, 0x1F, 0xC0, 0x3F, 0x80, 0x7F, 0x00, 0x1E, 0x00, 0x7C, 0x03,
    0xF0, 0x07, 0xE0, 0x0F, 0x80, 0x00, 0x3F, 0xF3, 0xFF, 0x3F, 0xF3, 0xE0, 0x3E, 0x07, 0xF8, 0x7F,
    0xC7, 0xFC, 0x3E, 0x03, 0xE0, 0x3E, 0x03, 0xF8, 0x3F, 0x83, 0xF8, 0x07, 0x80, 0xF8, 0x3F, 0x03,
    0xF0, 0x3E, 0x00, 0x7C, 0x0F, 0x83, 0xE0, 0xF8, 0x3F, 0x1F, 0x01, 0xF3, 0xE0, 0x0F, 0xBE, 0x00,
    0xFF, 0xC0, 0x07, 0xF8, 0x00, 0x3F, 0x80, 0x03, 0xF0, 0x00, 0x3F, 0x00, 0x03, 0xF8, 0x00, 0x7F,
    0xC0, 0x0F, 0xFC, 0x01, 0xF3, 0xE0, 0x1F, 0x1F, 0x03, 0xE1, 0xFE, 0x7C, 0x0F, 0xE7, 0xC0, 0x7E,
    0x00, 0x01, 0xE0, 0x00, 0x1E, 0x00, 0x0F, 0xE0, 0x00, 0xFC, 0x00, 0x0F, 0x80, 0x78, 0x7B, 0xE7,
    0xCF, 0x7C, 0x7F, 0xC1, 0xFE, 0x0F, 0xE0, 0x3F, 0x01, 0xF8, 0x1F, 0xC0, 0xFF, 0x0F, 0xFC, 0x79,
    0xE7, 0xCF, 0xFC, 0x3C, 0x01, 0xE0, 0x0F, 0x03, 0xF8, 0x1F, 0xC0, 0xF8, 0x7C, 0x0F, 0x8F, 0x83,
    0xE3, 0xF1, 0xF0, 0x7C, 0xF8, 0x0F, 0xBE, 0x03, 0xFF, 0x00, 0x7F, 0x80, 0x0F, 0xE0, 0x3F, 0xFF,
    0x8F, 0xFF, 0xE0, 0x3F, 0x80, 0x1F, 0xF0, 0x0F, 0xFC, 0x07, 0xEF, 0x81, 0xF1, 0xF0, 0xF8, 0x7C,
    0x7C, 0x0F, 0x9F, 0x01, 0xF0, 0x78, 0x7D, 0xF1, 0xE3, 0xEF, 0x8F, 0xBC, 0x1F, 0xE0, 0x3F, 0x87,
    0xFF, 0xDF, 0xFF, 0x1F, 0xE0, 0x7F, 0xC3, 0xEF, 0x0F, 0x3E, 0x7C, 0x7B, 0xE1, 0xF0, 0x7E, 0x0F,
    0x1F, 0x07, 0x87, 0xC3, 0xC3, 0xF3, 0xE0, 0xF9, 0xF0, 0x7E, 0xF0, 0x7F, 0xF8, 0x7F, 0xF8, 0x3D,
    0xF8, 0x3E, 0x7C, 0x1F, 0x1F, 0x0F, 0x0F, 0x87, 0x83, 0xE3, 0xC0, 0xFB, 0xE0, 0x7C, 0x3F, 0xC0,
    0xFF, 0xE1, 0xFF, 0xC1, 0xFF, 0xC0, 0x0F, 0x80, 0x1F, 0x00, 0x3E, 0x00, 0x7C, 0x00, 0xF8, 0x01,
    0xF0, 0x03, 0xE3, 0xFF, 0xEF, 0xFF, 0xFF, 0xFF, 0xBF, 0xFF, 0x00, 0x3E, 0x0F, 0xC7, 0xF8, 0xFE,
    0x07, 0x81, 0xE0, 0x78, 0x1E, 0x07, 0x81, 0xE0, 0xF9, 0xFE, 0xFF, 0xFE, 0xFF, 0x3C, 0x00, 0x7F,
    0xFD, 0xFF, 0xF7, 0xFF, 0xDF, 0xFE, 0x01, 0xF0, 0x07, 0xC0, 0x1F, 0x00, 0x7C, 0x01, 0xF0, 0x07,
    0xC0, 0x1F, 0x00, 0x7C, 0x01, 0xF0, 0x07, 0xC0, 0x1F, 0x00, 0xFF, 0xF3, 0xFF, 0xEF, 0xFF, 0xDF,
    0xFF, 0x00, 0x3C, 0x00, 0xF0, 0x03, 0xFE, 0x0F, 0xF8, 0x3F, 0xE0, 0xFF, 0x83, 0xFE, 0x0F, 0xF8,
    0x3F, 0xE0, 0xFF, 0x83, 0xC0, 0x7E, 0xFD, 0xFB, 0xF1, 0xE3, 0xC7, 0x8F, 0x1E, 0x3C, 0x78, 0xF1,
    0xE3, 0xC7, 0x80, 0x7F, 0xBF, 0xDF, 0xEF, 0xE3, 0xE1, 0xE0, 0xF0, 0x78, 0x7C, 0x1E, 0x0F, 0x07,
    0x83, 0xE1, 0xF0, 0xF8, 0x7F, 0xFC, 0x7F, 0xFE, 0x7F, 0xFE, 0x7F, 0xFF, 0x3C, 0x1F, 0x3C, 0x1F,
    0x3C, 0x1F, 0x3C, 0x1F, 0x3C, 0x1F, 0x3C, 0x1F, 0x3C, 0x1F, 0x3C, 0x1F, 0x3C, 0x1F, 0x3C, 0x1F,
    0x3C, 0x1F, 0xF3, 0xF1, 0xE7, 0xF3, 0xCF, 0xF7, 0x9F, 0xEF, 0x03, 0xFE, 0x07, 0xFC, 0x0F, 0xF8,
    0x1F, 0xF0, 0x3F, 0xF0, 0x7F, 0xE1, 0xF3, 0xFF, 0xE7, 0xFF, 0x87, 0xFE, 0x03, 0xF8, 0x00, 0x7E,
    0xFD, 0xFB, 0xF1, 0xE3, 0xC7, 0x8F, 0x1E, 0x7F, 0xE3, 0xFF, 0x9F, 0xFE, 0xFF, 0xF0, 0x0F, 0x80,
    0x3C, 0x01, 0xE0, 0x0F, 0x00, 0x78, 0x03, 0xC0, 0x1E, 0x00, 0xF0, 0x07, 0x80, 0x3C, 0x01, 0xE0,
    0x0F, 0x00, 0x78, 0x03, 0xC0, 0x1E, 0x00, 0xF0, 0x7F, 0x83, 0xFF, 0x1F, 0xF8, 0xFF, 0xE0, 0x1F,
    0x00, 0x7C, 0x03, 0xE0, 0x1F, 0x00, 0xF8, 0x07, 0xC0, 0x7C, 0xFF, 0xEF, 0xFE, 0x7F, 0xF3, 0xFE,
    0x00, 0xF8, 0x03, 0xE0, 0x0F, 0x80, 0x3E, 0x00, 0xFF, 0xFB, 0xFF, 0xEF, 0xFF, 0x9F, 0xFE, 0x00,
    0xF0, 0x07, 0xC0, 0x1F, 0x00, 0x78, 0x03, 0xE0, 0x0F, 0x80, 0x3C, 0x01, 0xF0, 0x07, 0xC0, 0x1E,
    0x00, 0xF8, 0x00, 0xFF, 0xF9, 0xFF, 0xFB, 0xFF, 0xFB, 0xFF, 0xF7, 0xC1, 0xEF, 0x83, 0xDF, 0x07,
    0xBE, 0x0F, 0x7C, 0x1E, 0xF8, 0x3D, 0xF0, 0x7B, 0xFF, 0xF7, 0xFF, 0xEF, 0xFF, 0xDF, 0xFF, 0x80,
    0x78, 0xFC, 0x3C, 0xFF, 0x1F, 0xFF, 0xC7, 0xFF, 0xF3, 0xF0, 0xF9, 0xF0, 0x7C, 0x78, 0x1E, 0x7C,
    0x0F, 0x3E, 0x07, 0x9F, 0x07, 0xCF, 0x03, 0xE7, 0x9F, 0xE7, 0xCF, 0xF3, 0xEF, 0xF1, 0xF7, 0xF0,
    0x7E, 0xFD, 0xFB, 0xF1, 0xE3, 0xC7, 0x8F, 0x1E, 0x3C, 0x78, 0xF1, 0xE3, 0xC7, 0x8F, 0x1E, 0x3C,
    0x78, 0xF0, 0x7C, 0xFE, 0xFF, 0x7F, 0x1F, 0x1F, 0x1F, 0x1F, 0x1F, 0x1F, 0x1F, 0xFF, 0xFF, 0xFF,
    0xFF, 0x7F, 0xF8, 0x7F, 0xFE, 0x7F, 0xFE, 0x7F, 0xFF, 0x3C, 0x1F, 0x3C, 0x0F, 0x7C, 0x0F, 0x7C,
    0x0F, 0x7C, 0x0F, 0x7C, 0x1F, 0x3C, 0x1F, 0x3F, 0xFE, 0x3F, 0xFE, 0x1F, 0xFC, 0x07, 0xF8, 0x00,
    0x00, 0xF8, 0x3D, 0xF0, 0x79, 0xE0, 0xF3, 0xC3, 0xE7, 0xC7, 0xCF, 0x8F, 0x9F, 0x1F, 0x1E, 0x3E,
    0x3C, 0x78, 0x79, 0xF0, 0xF3, 0xE1, 0xFF, 0x8F, 0xFE, 0x3F, 0xF8, 0x7F, 0xC0, 0xF8, 0x00, 0x00,
    0x00, 0x3F, 0xC1, 0xFF, 0xCF, 0xFF, 0xBF, 0xFE, 0xF0, 0x7F, 0xC1, 0xFF, 0x07, 0xFF, 0x0F, 0x7C,
    0x3C, 0xF0, 0xF0, 0x83, 0xC0, 0x0F, 0x00, 0x3C, 0x00, 0xF0, 0x03, 0xC0, 0x0F, 0x00, 0x3C, 0x00,
    0xF0, 0x03, 0xC0, 0x0F, 0x1F, 0xE0, 0x7F, 0xF1, 0xFF, 0xF3, 0xFF, 0xE7, 0x83, 0xEF, 0x07, 0xDF,
    0x0F, 0xBF, 0x0F, 0x3E, 0x3E, 0x3C, 0x7C, 0x01, 0xF9, 0xFF, 0xE7, 0xFF, 0x8F, 0xFE, 0x1F, 0xF8,
    0x00, 0xF8, 0x3D, 0xF0, 0xF7, 0xC7, 0xCF, 0x1F, 0x3E, 0x7C, 0xF9, 0xE1, 0xEF, 0x87, 0xFC, 0x1F,
    0xF0, 0x3F, 0x80, 0xF8, 0x03, 0xE0, 0x07, 0x80, 0x1F, 0x00, 0x7C, 0x00, 0xF0, 0x03, 0xC0, 0x0F,
    0x80, 0x3E, 0x00, 0x78, 0x7C, 0x3D, 0xF0, 0xF3, 0xE7, 0xCF, 0xDF, 0x1F, 0x7C, 0x3F, 0xE0, 0xFF,
    0x81, 0xFC, 0x03, 0xE0, 0x0F, 0x80, 0x1F, 0x0F, 0xFE, 0x7F, 0xF9, 0xFF, 0xE7, 0xFF, 0x80, 0xFF,
    0xFF, 0xFF, 0xFF, 0xFF, 0xFB, 0xFF, 0xE0, 0x03, 0xC0, 0x0F, 0x80, 0x1F, 0x7C, 0x3C, 0xF8, 0xF9,
    0xF1, 0xF3, 0xE3, 0xC7, 0xC7, 0x8F, 0x9F, 0x1F, 0x3E, 0x3E, 0x78, 0x7C, 0x00, 0xF8, 0x01, 0xF0,
    0x03, 0xE0, 0x07, 0xC0, 0x00, 0x7F, 0xC7, 0xFE, 0x7F, 0xF7, 0xFF, 0x00, 0xF0, 0x0F, 0x00, 0xF0,
    0x0F, 0x00, 0xF0, 0x0F, 0x00, 0xF0, 0x0F, 0x00, 0xF0, 0x0F, 0x00, 0xF0, 0xF9, 0xE7, 0xFE, 0x79,
    0xFF, 0x9E, 0x7F, 0xEF, 0x9F, 0xFB, 0xE7, 0xFE, 0xF1, 0xFF, 0xFC, 0x7F, 0xFE, 0x1E, 0xFF, 0x07,
    0x9E, 0x03, 0xE7, 0xC0, 0xF9, 0xFF, 0xFC, 0x3F, 0xFF, 0x07, 0xFF, 0x80, 0x7F, 0x80, 0x7F, 0xFC,
    0x3F, 0xFF, 0x9F, 0xFF, 0xC7, 0xFF, 0xF1, 0xF0, 0xF8, 0xF8, 0x7C, 0x7C, 0x3E, 0x3E, 0x1F, 0x1F,
    0x0F, 0x8F, 0x87, 0xC7, 0xC3, 0xE7, 0xE1, 0xF7, 0xE0, 0xFB, 0xF0, 0x7D, 0xF0, 0x3E, 0x23, 0xDF,
    0xEF, 0xFD, 0xE0, 0x00, 0x7C, 0xF1, 0xE7, 0xCF, 0x9F, 0x7E, 0x00, 0x00, 0x00, 0x00, 0x06, 0x1F,
    0x7E, 0xFC, 0xF8, 0xE0, 0x00, 0x01, 0xFF, 0x1F, 0xFF, 0xFF, 0xFF, 0xFF, 0x7C, 0x3B, 0xE0, 0x1F,
    0xC0, 0x7F, 0x01, 0xFC, 0x07, 0xE0, 0x0F, 0x00, 0x78, 0x00, 0x00, 0x0C, 0x01, 0xF8, 0x0F, 0xC0,
    0x7E, 0x03, 0xE0, 0x06, 0x00, 0x1F, 0x87, 0xF0, 0xFE, 0x3F, 0xC7, 0x80, 0xF0, 0x1F, 0x71, 0xFF,
    0x7F, 0xFF, 0xFF, 0xFE, 0x3E, 0x04, 0x00, 0xFF, 0xBF, 0xEF, 0xFF, 0xFE, 0xFE, 0x00, 0x38, 0xF3,
    0x83, 0xA7, 0xDF, 0x98, 0x00, 0x00, 0xC7, 0xBF, 0x7C, 0xE0, 0x00, 0x03, 0xCF, 0xBE, 0x79, 0xE7,
    0x9F, 0x7D, 0xF7, 0xCF, 0x3C, 0xF3, 0xCF, 0x3C, 0xF0, 0x00, 0x00, 0x07, 0x83, 0xBC, 0x3D, 0xF1,
    0xEF, 0xFF, 0x3F, 0xF1, 0xFF, 0x8F, 0xF0, 0x7C, 0x03, 0xE0, 0x1F, 0x00, 0x78, 0x03, 0xC0, 0x1E,
    0x00, 0xF0, 0x07, 0x80, 0x3C, 0x01, 0xE0, 0x00, 0x00, 0x00, 0x03, 0xC0, 0xFF, 0xBF, 0xFE, 0xFF,
    0x7F, 0xFD, 0xFF, 0xF7, 0xFF, 0xDF, 0xFE, 0x7C, 0x01, 0xF0, 0x03, 0xC0, 0x0F, 0x00, 0x3C, 0x00,
    0xF0, 0x03, 0xC0, 0x0F, 0x00, 0x3C, 0x00, 0xF0, 0x00, 0x00, 0x00, 0x00, 0x00, 0xF0, 0x1F, 0x03,
    0xF0, 0x7E, 0x07, 0xC0, 0x78, 0x07, 0xF0, 0x7F, 0x03, 0xF0, 0x3F, 0x07, 0xE0, 0x78, 0x0F, 0x80,
    0xFF, 0xE7, 0xFE, 0x7F, 0xF3, 0xFE, 0x03, 0x00, 0x07, 0x01, 0xFC, 0x3F, 0xE7, 0xFE, 0x7F, 0xF7,
    0x9F, 0xF8, 0xFF, 0x0F, 0xF0, 0xFF, 0x8F, 0x7F, 0xF7, 0xFE, 0x3F, 0xE1, 0xFC, 0x00, 0x07, 0xFF,
    0x3F, 0xF9, 0xFF, 0xCF, 0xFE, 0x00, 0xF0, 0x07, 0x80, 0x3C, 0x01, 0xE0, 0x0F, 0x00, 0x7C, 0x03,
    0xE0, 0x0F, 0x00, 0x78, 0x03, 0xC0, 0x1E, 0x00, 0xF0, 0x07, 0xC0, 0x10, 0x10, 0x11, 0xE0, 0x7B,
    0xE0, 0xF7, 0xC3, 0xE7, 0x87, 0xCF, 0x8F, 0x0F, 0x3E, 0x1E, 0x78, 0x3E, 0xF0, 0x7F, 0xE0, 0x7F,
    0x80, 0xFF, 0x01, 0xFE, 0x01, 0xF8, 0x03, 0xF0, 0x07, 0xE0, 0x07, 0x80, 0x0F, 0x00, 0x18, 0x00,
    0x00, 0x00, 0x0F, 0x00, 0x1F, 0x00, 0x3E, 0x00, 0xFC, 0x01, 0xFC, 0x03, 0xF8, 0x0F, 0xF0, 0x1F,
    0xE0, 0x3F, 0xE0, 0xFB, 0xC1, 0xE7, 0x83, 0xCF, 0x8F, 0x8F, 0x1E, 0x1E, 0x7C, 0x3E, 0xF8, 0x3D,
    0xE0, 0x78, 0xC0, 0xC0, 0x00, 0x01, 0xF8, 0x3F, 0xC7, 0xFC, 0xFF, 0xEF, 0x3E, 0xF1, 0xEF, 0xFE,
    0xFF, 0xE7, 0xFE, 0x3F, 0xE0, 0xFF, 0x01, 0xF0, 0x0F, 0x00, 0xF0, 0x0F, 0x00, 0xF0, 0x0F, 0x00,
    0x00, 0x00, 0x01, 0xC0, 0x00, 0xF8, 0x00, 0x3E, 0x78, 0x07, 0x9E, 0x01, 0xE7, 0x80, 0x7F, 0xE0,
    0x1F, 0xF8, 0x07, 0xFE, 0x01, 0xEF, 0x80, 0x79, 0xF0, 0x7E, 0x7F, 0xFF, 0x0F, 0xFF, 0x81, 0xFF,
    0xC0, 0x1F, 0xC0, 0xFF, 0xFF, 0xF8, 0x0C, 0x01, 0xC0, 0x7C, 0x1F, 0xC1, 0xFC, 0x7F, 0x9F, 0xFB,
    0xCF, 0xF9, 0xFF, 0x3F, 0xFF, 0xBF, 0xF7, 0xFC, 0x7F, 0x00, 0x00, 0x00, 0xC7, 0xBF, 0x7C, 0xE0,
    0x00, 0x03, 0xCF, 0xBE, 0x79, 0xE7, 0x9F, 0x7D, 0xF7, 0xCF, 0x3C, 0xF3, 0xCF, 0x3C, 0xF0, 0x00,
    0x00, 0x07, 0x83, 0xBC, 0x3D, 0xF1, 0xEF, 0xFF, 0x3F, 0xF1, 0xFF, 0x8F, 0xF0, 0x7C, 0x03, 0xE0,
    0x1F, 0x00, 0x78, 0x03, 0xC0, 0x1E, 0x00, 0xF0, 0x07, 0x80, 0x3C, 0x01, 0xE0, 0x00, 0x00, 0x00,
    0x03, 0xC0, 0xFF, 0xBF, 0xFE, 0xFF, 0x7F, 0xFD, 0xFF, 0xF7, 0xFF, 0xDF, 0xFE, 0x7C, 0x01, 0xF0,
    0x03, 0xC0, 0x0F, 0x00, 0x3C, 0x00, 0xF0, 0x03, 0xC0, 0x0F, 0x00, 0x3C, 0x00, 0xF0, 0x00, 0x00,
    0x00, 0x00, 0x07, 0x9F, 0x3D, 0xF9, 0xEF, 0xCF, 0xF8, 0x7F, 0xF9, 0xFF, 0xCF, 0xFF, 0x7F, 0xF3,
    0xFC, 0x1F, 0x00, 0xF8, 0x07, 0xC0, 0x1E, 0x00, 0xF0, 0x07, 0x80, 0x3C, 0x01, 0xE0, 0x00, 0x00,
    0x03, 0x00, 0x1E, 0x00, 0xF8, 0x01, 0xF0, 0x0F, 0xE0, 0x7F, 0xC1, 0xFF, 0x0F, 0xBE, 0x7C, 0x79,
    0xE1, 0xF7, 0x87, 0xDE, 0xCF, 0xFB, 0xBF, 0xFF, 0xF7, 0xFF, 0x9F, 0xFE, 0x3F, 0xF0, 0x1F, 0xC3,
    0xFC, 0x3F, 0x87, 0xF8, 0x78, 0x07, 0x80, 0x7C, 0x63, 0xFE, 0x3F, 0xF0, 0xFF, 0x0F, 0xC1, 0xF8,
    0x3F, 0x03, 0xE0, 0x7C, 0x07, 0xC0, 0x78, 0x01, 0x80, 0x10, 0x11, 0xE0, 0x7B, 0xE0, 0xF7, 0xC3,
    0xE7, 0x87, 0xCF, 0x8F, 0x0F, 0x3E, 0x1E, 0x78, 0x3E, 0xF0, 0x7F, 0xE0, 0x7F, 0x80, 0xFF, 0x01,
    0xFE, 0x01, 0xF8, 0x03, 0xF0, 0x07, 0xE0, 0x07, 0x80, 0x0F, 0x00, 0x18, 0x00, 0x00, 0x00, 0x0F,
    0x00, 0x1F, 0x00, 0x3E, 0x00, 0xFC, 0x01, 0xFC, 0x03, 0xF8, 0x0F, 0xF0, 0x1F, 0xE0, 0x3F, 0xE0,
    0xFB, 0xC1, 0xE7, 0x83, 0xCF, 0x8F, 0x8F, 0x1E, 0x1E, 0x7C, 0x3E, 0xF8, 0x3D, 0xE0, 0x78, 0xC0,
    0xC0, 0x00, 0x01, 0xF8, 0x3F, 0xC7, 0xFC, 0xFF, 0xEF, 0x3E, 0xF1, 0xEF, 0xFE, 0xFF, 0xE7, 0xFE,
    0x3F, 0xE0, 0xFF, 0x01, 0xF0, 0x0F, 0x00, 0xF0, 0x0F, 0x00, 0xF0, 0x0F, 0x03, 0xF0, 0x00, 0x7F,
    0x00, 0x0F, 0xE0, 0x03, 0xFC, 0x00, 0x7F, 0xC0, 0x0F, 0x78, 0x03, 0xEF, 0x00, 0x79, 0xF0, 0x1F,
    0x3E, 0x03, 0xE3, 0xC0, 0x7C, 0x7C, 0x1F, 0xFF, 0x83, 0xFF, 0xF0, 0x7F, 0xFF, 0x1F, 0x03, 0xE3,
    0xE0, 0x3E, 0x7C, 0x07, 0xDF, 0x00, 0xF8, 0x00, 0x00, 0x00, 0x70, 0x00, 0x1F, 0x00, 0x03, 0xE0,
    0x00, 0x38, 0x00, 0x0F, 0xE1, 0xFF, 0x9F, 0xFE, 0xF9, 0xF3, 0x87, 0x80, 0xFC, 0x7F, 0xEF, 0xFF,
    0x7C, 0x7B, 0xC3, 0xFE, 0x3E, 0xFF, 0xF7, 0xFF, 0x9F, 0xBC, 0x00, 0x00, 0xF0, 0x07, 0x80, 0x3C,
    0x01, 0xE0, 0x01, 0xE0, 0x00, 0x3E, 0x00, 0x01, 0xC0, 0x00, 0x70, 0x00, 0x00, 0x00, 0x00, 0x00,
    0x00, 0x00, 0x00, 0x1F, 0x80, 0x03, 0xF8, 0x00, 0x7F, 0x00, 0x1F, 0xE0, 0x03, 0xFE, 0x00, 0x7B,
    0xC0, 0x1F, 0x78, 0x03, 0xCF, 0x80, 0xF9, 0xF0, 0x1F, 0x1E, 0x03, 0xE3, 0xE0, 0xFF, 0xFC, 0x1F,
    0xFF, 0x83, 0xFF, 0xF8, 0xF8, 0x1F, 0x1F, 0x01, 0xF3, 0xE0, 0x3E, 0xF8, 0x07, 0xC0, 0x0F, 0x80,
    0x7E, 0x00, 0xF0, 0x07, 0x00, 0x00, 0x00, 0x00, 0x3F, 0x87, 0xFE, 0x7F, 0xFB, 0xE7, 0xCE, 0x1E,
    0x03, 0xF1, 0xFF, 0xBF, 0xFD, 0xF1, 0xEF, 0x0F, 0xF8, 0xFB, 0xFF, 0xDF, 0xFE, 0x7E, 0xF0, 0x00,
    0x0F, 0x00, 0x01, 0xC0, 0x00, 0x70, 0x00, 0x00, 0x00, 0x1F, 0x00, 0x07, 0xF0, 0x01, 0xEF, 0x00,
    0x78, 0xE0, 0x00, 0x00, 0x00, 0x00, 0x00, 0x0F, 0xC0, 0x01, 0xFC, 0x00, 0x3F, 0x80, 0x0F, 0xF0,
    0x01, 0xFF, 0x00, 0x3D, 0xE0, 0x0F, 0xBC, 0x01, 0xE7, 0xC0, 0x7C, 0xF8, 0x0F, 0x8F, 0x01, 0xF1,
    0xF0, 0x7F, 0xFE, 0x0F, 0xFF, 0xC1, 0xFF, 0xFC, 0x7C, 0x0F, 0x8F, 0x80, 0xF9, 0xF0, 0x1F, 0x7C,
    0x03, 0xE0, 0x00, 0x3C, 0x01, 0xE0, 0x07, 0x00, 0x00, 0x07, 0xC0, 0x3F, 0x81, 0xEF, 0x0F, 0x1C,
    0x00, 0x00, 0x3F, 0x83, 0xFF, 0x1F, 0xFE, 0x7C, 0xF8, 0xE1, 0xE0, 0x1F, 0x87, 0xFE, 0x7F, 0xF9,
    0xF1, 0xE7, 0x87, 0xBE, 0x3E, 0x7F, 0xF9, 0xFF, 0xE3, 0xF7, 0x80, 0x00, 0x3C, 0x00, 0x03, 0x80,
    0x00, 0x78, 0x00, 0x00, 0x00, 0x1F, 0x00, 0x07, 0xF0, 0x01, 0xEF, 0x00, 0x78, 0xE0, 0x00, 0x00,
    0x00, 0x00, 0x00, 0x0F, 0xC0, 0x01, 0xFC, 0x00, 0x3F, 0x80, 0x0F, 0xF0, 0x01, 0xFF, 0x00, 0x3D,
    0xE0, 0x0F, 0xBC, 0x01, 0xE7, 0xC0, 0x7C, 0xF8, 0x0F, 0x8F, 0x01, 0xF1, 0xF0, 0x7F, 0xFE, 0x0F,
    0xFF, 0xC1, 0xFF, 0xFC, 0x7C, 0x0F, 0x8F, 0x80, 0xF9, 0xF0, 0x1F, 0x7C, 0x03, 0xE0, 0x00, 0xE0,
    0x03, 0x80, 0x1E, 0x00, 0x00, 0x7C, 0x07, 0xF0, 0x7B, 0xC7, 0x8E, 0x00, 0x00, 0x7F, 0x0F, 0xFC,
    0xFF, 0xF7, 0xCF, 0x9C, 0x3C, 0x07, 0xE3, 0xFF, 0x7F, 0xFB, 0xE3, 0xDE, 0x1F, 0xF1, 0xF7, 0xFF,
    0xBF, 0xFC, 0xFD, 0xE0, 0x00, 0x3C, 0x00, 0x07, 0x80, 0x00, 0x70, 0x00, 0x0E, 0x00, 0x0E, 0x00,
    0x03, 0xE0, 0x00, 0xFE, 0x00, 0x3D, 0xE0, 0x0F, 0x1C, 0x00, 0x00, 0x00, 0x00, 0x00, 0x01, 0xF8,
    0x00, 0x3F, 0x80, 0x07, 0xF0, 0x01, 0xFE, 0x00, 0x3F, 0xE0, 0x07, 0xBC, 0x01, 0xF7, 0x80, 0x3C,
    0xF8, 0x0F, 0x9F, 0x01, 0xF1, 0xE0, 0x3E, 0x3E, 0x0F, 0xFF, 0xC1, 0xFF, 0xF8, 0x3F, 0xFF, 0x8F,
    0x81, 0xF1, 0xF0, 0x1F, 0x3E, 0x03, 0xEF, 0x80, 0x7C, 0x00, 0xF0, 0x07, 0x80, 0x1C, 0x00, 0xE0,
    0x38, 0x03, 0xE0, 0x3F, 0x83, 0xDE, 0x3C, 0x70, 0x00, 0x03, 0xF8, 0x7F, 0xE7, 0xFF, 0xBE, 0x7C,
    0xE1, 0xE0, 0x3F, 0x1F, 0xFB, 0xFF, 0xDF, 0x1E, 0xF0, 0xFF, 0x8F, 0xBF, 0xFD, 0xFF, 0xE7, 0xEF,
    0x03, 0xDC, 0x00, 0xFF, 0x80, 0x1D, 0xE0, 0x00, 0x00, 0x00, 0x1F, 0x00, 0x07, 0xE0, 0x01, 0xFE,
    0x00, 0x79, 0xE0, 0x00, 0x00, 0x00, 0x00, 0x00, 0x0F, 0xC0, 0x01, 0xFC, 0x00, 0x3F, 0x80, 0x0F,
    0xF0, 0x01, 0xFF, 0x00, 0x3D, 0xE0, 0x0F, 0xBC, 0x01, 0xE7, 0xC0, 0x7C, 0xF8, 0x0F, 0x8F, 0x01,
    0xF1, 0xF0, 0x7F, 0xFE, 0x0F, 0xFF, 0xC1, 0xFF, 0xFC, 0x7C, 0x0F, 0x8F, 0x80, 0xF9, 0xF0, 0x1F,
    0x7C, 0x03, 0xE0, 0x0F, 0x70, 0xFF, 0x87, 0x78, 0x00, 0x00, 0x78, 0x07, 0xE0, 0x7F, 0x87, 0x9E,
    0x00, 0x00, 0x7F, 0x0F, 0xFC, 0xFF, 0xF7, 0xCF, 0x9C, 0x3C, 0x07, 0xE3, 0xFF, 0x7F, 0xFB, 0xE3,
    0xDE, 0x1F, 0xF1, 0xF7, 0xFF, 0xBF, 0xFC, 0xFD, 0xE0, 0x01, 0xE0, 0x00, 0x7E, 0x00, 0x1F, 0xE0,
    0x07, 0x9E, 0x00, 0x00, 0x00, 0x00, 0x00, 0x00, 0x00, 0x00, 0x1F, 0x80, 0x03, 0xF8, 0x00, 0x7F,
    0x00, 0x1F, 0xE0, 0x03, 0xFE, 0x00, 0x7B, 0xC0, 0x1F, 0x78, 0x03, 0xCF, 0x80, 0xF9, 0xF0, 0x1F,
    0x1E, 0x03, 0xE3, 0xE0, 0xFF, 0xFC, 0x1F, 0xFF, 0x83, 0xFF, 0xF8, 0xF8, 0x1F, 0x1F, 0x01, 0xF3,
    0xE0, 0x3E, 0xF8, 0x07, 0xC0, 0x00, 0x00, 0x03, 0x80, 0x00, 0xF8, 0x00, 0x1F, 0x00, 0x01, 0xC0,
    0x00, 0x07, 0x80, 0x7E, 0x07, 0xF8, 0x79, 0xE0, 0x00, 0x00, 0x00, 0x3F, 0x87, 0xFE, 0x7F, 0xFB,
    0xE7, 0xCE, 0x1E, 0x03, 0xF1, 0xFF, 0xBF, 0xFD, 0xF1, 0xEF, 0x0F, 0xF8, 0xFB, 0xFF, 0xDF, 0xFE,
    0x7E, 0xF0, 0x00, 0x03, 0xC0, 0x1E, 0x00, 0xF0, 0x07, 0x80, 0x00, 0x78, 0x00, 0x0E, 0x00, 0x03,
    0x80, 0x00, 0x00, 0x00, 0x71, 0xC0, 0x0F, 0x78, 0x00, 0xFE, 0x00, 0x0F, 0x80, 0x00, 0x00, 0x00,
    0x00, 0x00, 0x0F, 0xC0, 0x01, 0xFC, 0x00, 0x3F, 0x80, 0x0F, 0xF0, 0x01, 0xFF, 0x00, 0x3D, 0xE0,
    0x0F, 0xBC, 0x01, 0xE7, 0xC0, 0x7C, 0xF8, 0x0F, 0x8F, 0x01, 0xF1, 0xF0, 0x7F, 0xFE, 0x0F, 0xFF,
    0xC1, 0xFF, 0xFC, 0x7C, 0x0F, 0x8F, 0x80, 0xF9, 0xF0, 0x1F, 0x7C, 0x03, 0xE0, 0x01, 0xE0, 0x1E,
    0x00, 0xE0, 0x00, 0x01, 0xC7, 0x0F, 0x78, 0x7F, 0x81, 0xF8, 0x00, 0x00, 0x7F, 0x0F, 0xFC, 0xFF,
    0xF7, 0xCF, 0x9C, 0x3C, 0x07, 0xE3, 0xFF, 0x7F, 0xFB, 0xE3, 0xDE, 0x1F, 0xF1, 0xF7, 0xFF, 0xBF,
    0xFC, 0xFD, 0xE0, 0x03, 0xC0, 0x00, 0x38, 0x00, 0x07, 0x80, 0x00, 0x00, 0x00, 0x71, 0xC0, 0x0F,
    0x78, 0x00, 0xFE, 0x00, 0x0F, 0x80, 0x00, 0x00, 0x00, 0x00, 0x00, 0x0F, 0xC0, 0x01, 0xFC, 0x00,
    0x3F, 0x80, 0x0F, 0xF0, 0x01, 0xFF, 0x00, 0x3D, 0xE0, 0x0F, 0xBC, 0x01, 0xE7, 0xC0, 0x7C, 0xF8,
    0x0F, 0x8F, 0x01, 0xF1, 0xF0, 0x7F, 0xFE, 0x0F, 0xFF, 0xC1, 0xFF, 0xFC, 0x7C, 0x0F, 0x8F, 0x80,
    0xF9, 0xF0, 0x1F, 0x7C, 0x03, 0xE0, 0x0E, 0x00, 0x38, 0x01, 0xC0, 0x00, 0x01, 0xC7, 0x0F, 0x70,
    0x7F, 0x81, 0xF8, 0x00, 0x00, 0x7F, 0x0F, 0xFC, 0xFF, 0xF7, 0xCF, 0x9C, 0x3C, 0x07, 0xE3, 0xFF,
    0x7F, 0xFB, 0xE3, 0xDE, 0x1F, 0xF1, 0xF7, 0xFF, 0xBF, 0xFC, 0xFD, 0xE0, 0x01, 0xE0, 0x00, 0x3E,
    0x00, 0x03, 0x80, 0x00, 0x70, 0x00, 0x71, 0xC0, 0x0F, 0x78, 0x01, 0xFE, 0x00, 0x0F, 0x80, 0x00,
    0x00, 0x00, 0x00, 0x00, 0x0F, 0xC0, 0x01, 0xFC, 0x00, 0x3F, 0x80, 0x0F, 0xF0, 0x01, 0xFF, 0x00,
    0x3D, 0xE0, 0x0F, 0xBC, 0x01, 0xE7, 0xC0, 0x7C, 0xF8, 0x0F, 0x8F, 0x01, 0xF1, 0xF0, 0x7F, 0xFE,
    0x0F, 0xFF, 0xC1, 0xFF, 0xFC, 0x7C, 0x0F, 0x8F, 0x80, 0xF9, 0xF0, 0x1F, 0x7C, 0x03, 0xE0, 0x07,
    0x80, 0x3C, 0x00, 0xE0, 0x06, 0x01, 0xC7, 0x0F, 0x78, 0x7F, 0x81, 0xF8, 0x00, 0x00, 0x7F, 0x0F,
    0xFC, 0xFF, 0xF7, 0xCF, 0x9C, 0x3C, 0x07, 0xE3, 0xFF, 0x7F, 0xFB, 0xE3, 0xDE, 0x1F, 0xF1, 0xF7,
    0xFF, 0xBF, 0xFC, 0xFD, 0xE0, 0x03, 0xDC, 0x00, 0xFF, 0x80, 0x1F, 0xE0, 0x00, 0x00, 0x00, 0x71,
    0xC0, 0x0F, 0x78, 0x00, 0xFE, 0x00, 0x0F, 0x80, 0x00, 0x00, 0x00, 0x00, 0x00, 0x0F, 0xC0, 0x01,
    0xFC, 0x00, 0x3F, 0x80, 0x0F, 0xF0, 0x01, 0xFF, 0x00, 0x3D, 0xE0, 0x0F, 0xBC, 0x01, 0xE7, 0xC0,
    0x7C, 0xF8, 0x0F, 0x8F, 0x01, 0xF1, 0xF0, 0x7F, 0xFE, 0x0F, 0xFF, 0xC1, 0xFF, 0xFC, 0x7C, 0x0F,
    0x8F, 0x80, 0xF9, 0xF0, 0x1F, 0x7C, 0x03, 0xE0, 0x0F, 0x70, 0xFF, 0x87, 0xF8, 0x00, 0x01, 0xC7,
    0x0F, 0x70, 0x7F, 0x81, 0xF8, 0x00, 0x00, 0x7F, 0x0F, 0xFC, 0xFF, 0xF7, 0xCF, 0x9C, 0x3C, 0x07,
    0xE3, 0xFF, 0x7F, 0xFB, 0xE3, 0xDE, 0x1F, 0xF1, 0xF7, 0xFF, 0xBF, 0xFC, 0xFD, 0xE0, 0x07, 0x1C,
    0x00, 0xF7, 0x80, 0x0F, 0xE0, 0x00, 0xF8, 0x00, 0x00, 0x00, 0x00, 0x00, 0x00, 0x00, 0x00, 0x1F,
    0x80, 0x03, 0xF8, 0x00, 0x7F, 0x00, 0x1F, 0xE0, 0x03, 0xFE, 0x00, 0x7B, 0xC0, 0x1F, 0x78, 0x03,
    0xCF, 0x80, 0xF9, 0xF0, 0x1F, 0x1E, 0x03, 0xE3, 0xE0, 0xFF, 0xFC, 0x1F, 0xFF, 0x83, 0xFF, 0xF8,
    0xF8, 0x1F, 0x1F, 0x01, 0xF3, 0xE0, 0x3E, 0xF8, 0x07, 0xC0, 0x00, 0x00, 0x03, 0x80, 0x00, 0xF8,
    0x00, 0x1F, 0x00, 0x01, 0xC0, 0x00, 0x1C, 0x70, 0xF7, 0x07, 0xF8, 0x1F, 0x80, 0x00, 0x00, 0x00,
    0x3F, 0x87, 0xFE, 0x7F, 0xFB, 0xE7, 0xCE, 0x1E, 0x03, 0xF1, 0xFF, 0xBF, 0xFD, 0xF1, 0xEF, 0x0F,
    0xF8, 0xFB, 0xFF, 0xDF, 0xFE, 0x7E, 0xF0, 0x00, 0x03, 0xC0, 0x1E, 0x00, 0xF0, 0x07, 0x80, 0xFF,
    0xFF, 0xFF, 0xFF, 0xFF, 0xF0, 0x0F, 0x80, 0x7C, 0x03, 0xE0, 0x1F, 0xFF, 0xFF, 0xFF, 0xFF, 0xFE,
    0x01, 0xF0, 0x0F, 0x80, 0x7C, 0x03, 0xE0, 0x1F, 0xFF, 0xFF, 0xFF, 0xFF, 0xC0, 0x00, 0x0F, 0x00,
    0x78, 0x03, 0xC0, 0x1E, 0x00, 0x0F, 0xE0, 0x7F, 0xC3, 0xFF, 0x9F, 0x1F, 0x78, 0x3D, 0xFF, 0xF7,
    0xFF, 0xDF, 0xFF, 0x78, 0x01, 0xE0, 0xC7, 0xE7, 0xCF, 0xFF, 0x1F, 0xF8, 0x3F, 0x80, 0x00, 0x00,
    0xE0, 0x07, 0xC0, 0x1F, 0x00, 0x38, 0x00, 0x0F, 0x80, 0x7C, 0x00, 0xE0, 0x0F, 0x00, 0x00, 0x00,
    0x00, 0x00, 0x1F, 0xFF, 0xFF, 0xFF, 0xFF, 0xFE, 0x01, 0xF0, 0x0F, 0x80, 0x7C, 0x03, 0xFF, 0xFF,
    0xFF, 0xFF, 0xFF, 0xC0, 0x3E, 0x01, 0xF0, 0x0F, 0x80, 0x7C, 0x03, 0xFF, 0xFF, 0xFF, 0xFF, 0xF8,
    0x07, 0x80, 0x1F, 0x00, 0x1C, 0x00, 0xE0, 0x00, 0x00, 0x00, 0x00, 0xFE, 0x07, 0xFC, 0x3F, 0xF9,
    0xF1, 0xF7, 0x83, 0xDF, 0xFF, 0x7F, 0xFD, 0xFF, 0xF7, 0x80, 0x1E, 0x0C, 0x7E, 0x7C, 0xFF, 0xF1,
    0xFF, 0x83, 0xF8, 0x00, 0x00, 0xFF, 0x0F, 0xF8, 0x77, 0x80, 0x00, 0x00, 0x00, 0x00, 0x1F, 0xFF,
    0xFF, 0xFF, 0xFF, 0xFE, 0x01, 0xF0, 0x0F, 0x80, 0x7C, 0x03, 0xFF, 0xFF, 0xFF, 0xFF, 0xFF, 0xC0,
    0x3E, 0x01, 0xF0, 0x0F, 0x80, 0x7C, 0x03, 0xFF, 0xFF, 0xFF, 0xFF, 0xF8, 0x00, 0x00, 0x3F, 0xC1,
    0xFF, 0x07, 0xF8, 0x00, 0x00, 0x00, 0x00, 0xFE, 0x07, 0xFC, 0x3F, 0xF9, 0xF1, 0xF7, 0x83, 0xDF,
    0xFF, 0x7F, 0xFD, 0xFF, 0xF7, 0x80, 0x1E, 0x0C, 0x7E, 0x7C, 0xFF, 0xF1, 0xFF, 0x83, 0xF8, 0x00,
    0x38, 0x01, 0xC0, 0x07, 0x00, 0x00, 0x0F, 0x80, 0x7F, 0x03, 0xDE, 0x0F, 0x3C, 0x00, 0x00, 0x00,
    0x0F, 0xFF, 0xBF, 0xFE, 0xFF, 0xFB, 0xE0, 0x0F, 0x80, 0x3E, 0x00, 0xF8, 0x03, 0xFF, 0xEF, 0xFF,
    0xBF, 0xFE, 0xF8, 0x03, 0xE0, 0x0F, 0x80, 0x3E, 0x00, 0xF8, 0x03, 0xFF, 0xEF, 0xFF, 0xBF, 0xFE,
    0x00, 0x3C, 0x00, 0xE0, 0x07, 0x00, 0x00, 0x07, 0xC0, 0x3F, 0x81, 0xEF, 0x07, 0x1C, 0x00, 0x00,
    0x3F, 0x81, 0xFF, 0x0F, 0xFE, 0x7C, 0x7D, 0xE0, 0xF7, 0xFF, 0xDF, 0xFF, 0x7F, 0xFD, 0xE0, 0x07,
    0x83, 0x1F, 0x9F, 0x3F, 0xFC, 0x7F, 0xE0, 0xFE, 0x00, 0x01, 0xE0, 0x07, 0x80, 0x1C, 0x00, 0x00,
    0xF8, 0x0F, 0xE0, 0xF7, 0x87, 0x9E, 0x00, 0x00, 0x00, 0x3F, 0xFF, 0xFF, 0xFF, 0xFF, 0xFC, 0x03,
    0xE0, 0x1F, 0x00, 0xF8, 0x07, 0xFF, 0xFF, 0xFF, 0xFF, 0xFF, 0x80, 0x7C, 0x03, 0xE0, 0x1F, 0x00,
    0xF8, 0x07, 0xFF, 0xFF, 0xFF, 0xFF, 0xF0, 0x00, 0xF0, 0x01, 0xC0, 0x03, 0x80, 0x00, 0x07, 0xC0,
    0x3F, 0x81, 0xEF, 0x07, 0x1C, 0x00, 0x00, 0x3F, 0x81, 0xFF, 0x0F, 0xFE, 0x7C, 0x7D, 0xE0, 0xF7,
    0xFF, 0xDF, 0xFF, 0x7F, 0xFD, 0xE0, 0x07, 0x83, 0x1F, 0x9F, 0x3F, 0xFC, 0x7F, 0xE0, 0xFE, 0x00,
    0x01, 0xE0, 0x0F, 0x80, 0x1C, 0x00, 0xC0, 0x70, 0x07, 0xC0, 0x7F, 0x07, 0xBC, 0x38, 0xF0, 0x00,
    0x00, 0x01, 0xFF, 0xFF, 0xFF, 0xFF, 0xFF, 0xE0, 0x1F, 0x00, 0xF8, 0x07, 0xC0, 0x3F, 0xFF, 0xFF,
    0xFF, 0xFF, 0xFC, 0x03, 0xE0, 0x1F, 0x00, 0xF8, 0x07, 0xC0, 0x3F, 0xFF, 0xFF, 0xFF, 0xFF, 0x80,
    0x00, 0xF0, 0x03, 0xE0, 0x03, 0x00, 0x1C, 0x03, 0x80, 0x1F, 0x00, 0xFE, 0x07, 0xBC, 0x3C, 0x70,
    0x00, 0x00, 0xFE, 0x07, 0xFC, 0x3F, 0xF9, 0xF1, 0xF7, 0x83, 0xDF, 0xFF, 0x7F, 0xFD, 0xFF, 0xF7,
    0x80, 0x1E, 0x0C, 0x7E, 0x7C, 0xFF, 0xF1, 0xFF, 0x83, 0xF8, 0x1E, 0x61, 0xFF, 0x0E, 0xF0, 0x00,
    0x00, 0x78, 0x07, 0xE0, 0x7F, 0x87, 0x9E, 0x00, 0x00, 0x00, 0x3F, 0xFF, 0xFF, 0xFF, 0xFF, 0xFC,
    0x03, 0xE0, 0x1F, 0x00, 0xF8, 0x07, 0xFF, 0xFF, 0xFF, 0xFF, 0xFF, 0x80, 0x7C, 0x03, 0xE0, 0x1F,
    0x00, 0xF8, 0x07, 0xFF, 0xFF, 0xFF, 0xFF, 0xF0, 0x0F, 0x70, 0x7F, 0xC1, 0xDE, 0x00, 0x00, 0x07,
    0xC0, 0x3F, 0x81, 0xFF, 0x0F, 0xBC, 0x00, 0x00, 0x3F, 0x81, 0xFF, 0x0F, 0xFE, 0x7C, 0x7D, 0xE0,
    0xF7, 0xFF, 0xDF, 0xFF, 0x7F, 0xFD, 0xE0, 0x07, 0x83, 0x1F, 0x9F, 0x3F, 0xFC, 0x7F, 0xE0, 0xFE,
    0x00, 0x07, 0x80, 0x7E, 0x07, 0xF8, 0x79, 0xE0, 0x00, 0x00, 0x00, 0x00, 0x1F, 0xFF, 0xFF, 0xFF,
    0xFF, 0xFE, 0x01, 0xF0, 0x0F, 0x80, 0x7C, 0x03, 0xFF, 0xFF, 0xFF, 0xFF, 0xFF, 0xC0, 0x3E, 0x01,
    0xF0, 0x0F, 0x80, 0x7C, 0x03, 0xFF, 0xFF, 0xFF, 0xFF, 0xF8, 0x00, 0x01, 0xE0, 0x0F, 0x00, 0x78,
    0x03, 0xC0, 0x03, 0x80, 0x1F, 0x00, 0xFE, 0x0F, 0xBC, 0x00, 0x00, 0x00, 0x00, 0xFE, 0x07, 0xFC,
    0x3F, 0xF9, 0xF1, 0xF7, 0x83, 0xDF, 0xFF, 0x7F, 0xFD, 0xFF, 0xF7, 0x80, 0x1E, 0x0C, 0x7E, 0x7C,
    0xFF, 0xF1, 0xFF, 0x83, 0xF8, 0x00, 0x00, 0x0E, 0x00, 0x7C, 0x01, 0xF0, 0x03, 0x80, 0xF7, 0xCE,
    0xE0, 0x00, 0x1F, 0xFF, 0xFF, 0xFF, 0xFF, 0xFF, 0xFF, 0xFF, 0xFF, 0xFF, 0xFF, 0xF8, 0xF7, 0xCE,
    0xE0, 0x03, 0xFF, 0xFF, 0xFF, 0xFF, 0xFF, 0xFF, 0xFF, 0xFF, 0xF0, 0xFF, 0xFF, 0xFF, 0xFF, 0xFF,
    0xFF, 0xFF, 0xFF, 0xFF, 0xFF, 0xFF, 0xC0, 0xEF, 0xFD, 0xC0, 0x77, 0xFE, 0xE0, 0x03, 0xFF, 0xFF,
    0xFF, 0xFF, 0xFF, 0xFF, 0xFF, 0xFF, 0xF0, 0x3B, 0xFF, 0x70, 0x07, 0xF8, 0x07, 0xFF, 0x03, 0xFF,
    0xE1, 0xF8, 0xFC, 0x7C, 0x0F, 0xBE, 0x03, 0xEF, 0x80, 0x7B, 0xC0, 0x1E, 0xF0, 0x07, 0xBC, 0x01,
    0xEF, 0x00, 0x7B, 0xE0, 0x1E, 0xF8, 0x0F, 0x9F, 0x03, 0xE7, 0xE3, 0xF0, 0xFF, 0xF8, 0x1F, 0xFC,
    0x01, 0xFE, 0x00, 0x00, 0x00, 0x07, 0x00, 0x03, 0xE0, 0x00, 0xF8, 0x00, 0x1C, 0x00, 0x0F, 0xE0,
    0x3F, 0xF0, 0xFF, 0xE3, 0xF3, 0xE7, 0xC3, 0xCF, 0x07, 0xDE, 0x0F, 0xBC, 0x1F, 0x78, 0x3E, 0xF8,
    0x79, 0xF9, 0xF1, 0xFF, 0xC1, 0xFF, 0x81, 0xFC, 0x00, 0x00, 0x01, 0xC0, 0x07, 0xC0, 0x0F, 0x80,
    0x0E, 0x00, 0x03, 0xE0, 0x00, 0xF8, 0x00, 0x0E, 0x00, 0x07, 0x00, 0x00, 0x00, 0x00, 0x00, 0x00,
    0x00, 0x00, 0x1F, 0xE0, 0x1F, 0xFC, 0x0F, 0xFF, 0x87, 0xE3, 0xF1, 0xF0, 0x3E, 0xF8, 0x0F, 0xBE,
    0x01, 0xEF, 0x00, 0x7B, 0xC0, 0x1E, 0xF0, 0x07, 0xBC, 0x01, 0xEF, 0x80, 0x7B, 0xE0, 0x3E, 0x7C,
    0x0F, 0x9F, 0x8F, 0xC3, 0xFF, 0xE0, 0x7F, 0xF0, 0x07, 0xF8, 0x00, 0x07, 0xC0, 0x0F, 0x80, 0x07,
    0x00, 0x1C, 0x00, 0x00, 0x00, 0x00, 0x03, 0xF8, 0x0F, 0xFC, 0x3F, 0xF8, 0xFC, 0xF9, 0xF0, 0xF3,
    0xC1, 0xF7, 0x83, 0xEF, 0x07, 0xDE, 0x0F, 0xBE, 0x1E, 0x7E, 0x7C, 0x7F, 0xF0, 0x7F, 0xE0, 0x7F,
    0x00, 0x00, 0x1E, 0x00, 0x07, 0x00, 0x03, 0xC0, 0x00, 0x00, 0x03, 0xE0, 0x01, 0xFC, 0x00, 0xF7,
    0x80, 0x38, 0xF0, 0x00, 0x00, 0x00, 0x00, 0x00, 0x7F, 0x80, 0x7F, 0xF0, 0x3F, 0xFE, 0x1F, 0x8F,
    0xC7, 0xC0, 0xFB, 0xE0, 0x3E, 0xF8, 0x07, 0xBC, 0x01, 0xEF, 0x00, 0x7B, 0xC0, 0x1E, 0xF0, 0x07,
    0xBE, 0x01, 0xEF, 0x80, 0xF9, 0xF0, 0x3E, 0x7E, 0x3F, 0x0F, 0xFF, 0x81, 0xFF, 0xC0, 0x1F, 0xE0,
    0x00, 0x3C, 0x00, 0x70, 0x01, 0xE0, 0x00, 0x00, 0x7C, 0x01, 0xFC, 0x07, 0xBC, 0x0E, 0x3C, 0x00,
    0x00, 0x1F, 0xC0, 0x7F, 0xE1, 0xFF, 0xC7, 0xE7, 0xCF, 0x87, 0x9E, 0x0F, 0xBC, 0x1F, 0x78, 0x3E,
    0xF0, 0x7D, 0xF0, 0xF3, 0xF3, 0xE3, 0xFF, 0x83, 0xFF, 0x03, 0xF8, 0x00, 0x00, 0x78, 0x00, 0x0E,
    0x00, 0x01, 0xC0, 0x00, 0x00, 0x03, 0xE0, 0x01, 0xFC, 0x00, 0xF7, 0x80, 0x38, 0xF0, 0x00, 0x00,
    0x00, 0x00, 0x00, 0x7F, 0x80, 0x7F, 0xF0, 0x3F, 0xFE, 0x1F, 0x8F, 0xC7, 0xC0, 0xFB, 0xE0, 0x3E,
    0xF8, 0x07, 0xBC, 0x01, 0xEF, 0x00, 0x7B, 0xC0, 0x1E, 0xF0, 0x07, 0xBE, 0x01, 0xEF, 0x80, 0xF9,
    0xF0, 0x3E, 0x7E, 0x3F, 0x0F, 0xFF, 0x81, 0xFF, 0xC0, 0x1F, 0xE0, 0x00, 0xF0, 0x00, 0xE0, 0x00,
    0xE0, 0x00, 0x00, 0x7C, 0x01, 0xFC, 0x07, 0xBC, 0x0E, 0x3C, 0x00, 0x00, 0x1F, 0xC0, 0x7F, 0xE1,
    0xFF, 0xC7, 0xE7, 0xCF, 0x87, 0x9E, 0x0F, 0xBC, 0x1F, 0x78, 0x3E, 0xF0, 0x7D, 0xF0, 0xF3, 0xF3,
    0xE3, 0xFF, 0x83, 0xFF, 0x03, 0xF8, 0x00, 0x00, 0x78, 0x00, 0x1F, 0x00, 0x01, 0xC0, 0x00, 0xE0,
    0x01, 0xC0, 0x00, 0xF8, 0x00, 0x7F, 0x00, 0x3D, 0xE0, 0x0E, 0x3C, 0x00, 0x00, 0x00, 0x00, 0x00,
    0x1F, 0xE0, 0x1F, 0xFC, 0x0F, 0xFF, 0x87, 0xE3, 0xF1, 0xF0, 0x3E, 0xF8, 0x0F, 0xBE, 0x01, 0xEF,
    0x00, 0x7B, 0xC0, 0x1E, 0xF0, 0x07, 0xBC, 0x01, 0xEF, 0x80, 0x7B, 0xE0, 0x3E, 0x7C, 0x0F, 0x9F,
    0x8F, 0xC3, 0xFF, 0xE0, 0x7F, 0xF0, 0x07, 0xF8, 0x00, 0x00, 0xF0, 0x01, 0xF0, 0x00, 0xE0, 0x03,
    0x80, 0x38, 0x00, 0xF8, 0x03, 0xF8, 0x0F, 0x78, 0x1C, 0x78, 0x00, 0x00, 0x3F, 0x80, 0xFF, 0xC3,
    0xFF, 0x8F, 0xCF, 0x9F, 0x0F, 0x3C, 0x1F, 0x78, 0x3E, 0xF0, 0x7D, 0xE0, 0xFB, 0xE1, 0xE7, 0xE7,
    0xC7, 0xFF, 0x07, 0xFE, 0x07, 0xF0, 0x07, 0xB8, 0x03, 0xFE, 0x00, 0xEF, 0x00, 0x00, 0x00, 0x03,
    0xE0, 0x00, 0xFC, 0x00, 0x7F, 0x80, 0x3C, 0xF0, 0x00, 0x00, 0x00, 0x00, 0x00, 0x7F, 0x80, 0x7F,
    0xF0, 0x3F, 0xFE, 0x1F, 0x8F, 0xC7, 0xC0, 0xFB, 0xE0, 0x3E, 0xF8, 0x07, 0xBC, 0x01, 0xEF, 0x00,
    0x7B, 0xC0, 0x1E, 0xF0, 0x07, 0xBE, 0x01, 0xEF, 0x80, 0xF9, 0xF0, 0x3E, 0x7E, 0x3F, 0x0F, 0xFF,
    0x81, 0xFF, 0xC0, 0x1F, 0xE0, 0x0F, 0x70, 0x3F, 0xE0, 0x77, 0x80, 0x00, 0x00, 0x7C, 0x00, 0xFC,
    0x03, 0xFC, 0x0F, 0x3C, 0x00, 0x00, 0x1F, 0xC0, 0x7F, 0xE1, 0xFF, 0xC7, 0xE7, 0xCF, 0x87, 0x9E,
    0x0F, 0xBC, 0x1F, 0x78, 0x3E, 0xF0, 0x7D, 0xF0, 0xF3, 0xF3, 0xE3, 0xFF, 0x83, 0xFF, 0x03, 0xF8,
    0x00, 0x01, 0xE0, 0x00, 0xFC, 0x00, 0x7F, 0x80, 0x3D, 0xF0, 0x00, 0x00, 0x00, 0x00, 0x00, 0x00,
    0x00, 0x1F, 0xE0, 0x1F, 0xFC, 0x0F, 0xFF, 0x87, 0xE3, 0xF1, 0xF0, 0x3E, 0xF8, 0x0F, 0xBE, 0x01,
    0xEF, 0x00, 0x7B, 0xC0, 0x1E, 0xF0, 0x07, 0xBC, 0x01, 0xEF, 0x80, 0x7B, 0xE0, 0x3E, 0x7C, 0x0F,
    0x9F, 0x8F, 0xC3, 0xFF, 0xE0, 0x7F, 0xF0, 0x07, 0xF8, 0x00, 0x00, 0x00, 0x1C, 0x00, 0x0F, 0x80,
    0x03, 0xE0, 0x00, 0x70, 0x00, 0x03, 0xC0, 0x0F, 0xC0, 0x3F, 0xC0, 0xF7, 0xC0, 0x00, 0x00, 0x00,
    0x03, 0xF8, 0x0F, 0xFC, 0x3F, 0xF8, 0xFC, 0xF9, 0xF0, 0xF3, 0xC1, 0xF7, 0x83, 0xEF, 0x07, 0xDE,
    0x0F, 0xBE, 0x1E, 0x7E, 0x7C, 0x7F, 0xF0, 0x7F, 0xE0, 0x7F, 0x00, 0x00, 0x00, 0x70, 0x01, 0xF0,
    0x03, 0xE0, 0x03, 0x80, 0x00, 0xF8, 0x00, 0x3C, 0x00, 0x0E, 0x00, 0x07, 0x80, 0x00, 0x03, 0xC0,
    0x00, 0xF0, 0x00, 0x3C, 0x1F, 0xFE, 0x1F, 0xFF, 0x8F, 0xFF, 0xC7, 0xE3, 0xF1, 0xF0, 0x3E, 0xF8,
    0x0F, 0xBE, 0x01, 0xEF, 0x00, 0x7B, 0xC0, 0x1E, 0xF0, 0x07, 0xBC, 0x01, 0xEF, 0x80, 0x7B, 0xE0,
    0x3E, 0x7C, 0x0F, 0x1F, 0x8F, 0xC3, 0xFF, 0xE0, 0x7F, 0xF0, 0x07, 0xF8, 0x00, 0x01, 0xF0, 0x01,
    0xE0, 0x01, 0xC0, 0x03, 0xCE, 0x00, 0x0E, 0x00, 0x0E, 0x0F, 0xFE, 0x1F, 0xFC, 0x3F, 0xF8, 0x7E,
    0x7C, 0x7C, 0x3C, 0x78, 0x3E, 0x78, 0x3E, 0x78, 0x3E, 0x78, 0x3E, 0x7C, 0x3C, 0x7E, 0x7C, 0x3F,
    0xF8, 0x1F, 0xF8, 0x0F, 0xE0, 0x07, 0x80, 0x01, 0xE0, 0x00, 0x3C, 0x00, 0x07, 0x00, 0x00, 0x03,
    0xC0, 0x00, 0xF0, 0x00, 0x3C, 0x1F, 0xFE, 0x1F, 0xFF, 0x8F, 0xFF, 0xC7, 0xE3, 0xF1, 0xF0, 0x3E,
    0xF8, 0x0F, 0xBE, 0x01, 0xEF, 0x00, 0x7B, 0xC0, 0x1E, 0xF0, 0x07, 0xBC, 0x01, 0xEF, 0x80, 0x7B,
    0xE0, 0x3E, 0x7C, 0x0F, 0x1F, 0x8F, 0xC3, 0xFF, 0xE0, 0x7F, 0xF0, 0x07, 0xF8, 0x00, 0x0F, 0x00,
    0x0F, 0x00, 0x07, 0x80, 0x03, 0x8E, 0x00, 0x0E, 0x00, 0x0E, 0x0F, 0xFE, 0x1F, 0xFC, 0x3F, 0xF8,
    0x7E, 0x7C, 0x7C, 0x3C, 0x78, 0x3E, 0x78, 0x3E, 0x78, 0x3E, 0x78, 0x3E, 0x7C, 0x3C, 0x7E, 0x7C,
    0x3F, 0xF8, 0x1F, 0xF8, 0x0F, 0xE0, 0x03, 0xE0, 0x00, 0xF8, 0x00, 0x0E, 0x00, 0x07, 0x00, 0x00,
    0x03, 0xC0, 0x00, 0xF0, 0x00, 0x3C, 0x1F, 0xFE, 0x1F, 0xFF, 0x8F, 0xFF, 0xC7, 0xE3, 0xF1, 0xF0,
    0x3E, 0xF8, 0x0F, 0xBE, 0x01, 0xEF, 0x00, 0x7B, 0xC0, 0x1E, 0xF0, 0x07, 0xBC, 0x01, 0xEF, 0x80,
    0x7B, 0xE0, 0x3E, 0x7C, 0x0F, 0x1F, 0x8F, 0xC3, 0xFF, 0xE0, 0x7F, 0xF0, 0x07, 0xF8, 0x00, 0x07,
    0xC0, 0x07, 0xC0, 0x01, 0xC0, 0x03, 0x8E, 0x00, 0x0E, 0x00, 0x0E, 0x0F, 0xFE, 0x1F, 0xFC, 0x3F,
    0xF8, 0x7E, 0x7C, 0x7C, 0x3C, 0x78, 0x3E, 0x78, 0x3E, 0x78, 0x3E, 0x78, 0x3E, 0x7C, 0x3C, 0x7E,
    0x7C, 0x3F, 0xF8, 0x1F, 0xF8, 0x0F, 0xE0, 0x00, 0x00, 0x01, 0xFE, 0x00, 0xFF, 0x80, 0x3B, 0xC0,
    0x00, 0x03, 0xC0, 0x00, 0xF0, 0x00, 0x3C, 0x1F, 0xFE, 0x1F, 0xFF, 0x8F, 0xFF, 0xC7, 0xE3, 0xF1,
    0xF0, 0x3E, 0xF8, 0x0F, 0xBE, 0x01, 0xEF, 0x00, 0x7B, 0xC0, 0x1E, 0xF0, 0x07, 0xBC, 0x01, 0xEF,
    0x80, 0x7B, 0xE0, 0x3E, 0x7C, 0x0F, 0x1F, 0x8F, 0xC3, 0xFF, 0xE0, 0x7F, 0xF0, 0x07, 0xF8, 0x00,
    0x07, 0x60, 0x0F, 0xE0, 0x0F, 0xEE, 0x00, 0x0E, 0x00, 0x0E, 0x0F, 0xFE, 0x1F, 0xFE, 0x3F, 0xF8,
    0x7E, 0x7C, 0x7C, 0x3C, 0x78, 0x3E, 0x78, 0x3E, 0x78, 0x3E, 0x78, 0x3E, 0x7C, 0x3C, 0x7E, 0x7C,
    0x3F, 0xF8, 0x1F, 0xF8, 0x0F, 0xE0, 0x00, 0x03, 0xC0, 0x00, 0xF0, 0x00, 0x3C, 0x1F, 0xFE, 0x1F,
    0xFF, 0x8F, 0xFF, 0xC7, 0xE3, 0xF1, 0xF0, 0x3E, 0xF8, 0x0F, 0xBE, 0x01, 0xEF, 0x00, 0x7B, 0xC0,
    0x1E, 0xF0, 0x07, 0xBC, 0x01, 0xEF, 0x80, 0x7B, 0xE0, 0x3E, 0x7C, 0x0F, 0x1F, 0x8F, 0xC3, 0xFF,
    0xE0, 0x7F, 0xF0, 0x07, 0xF8, 0x00, 0x00, 0x00, 0x1C, 0x00, 0x0F, 0x80, 0x03, 0xE0, 0x00, 0x70,
    0x00, 0x00, 0x0E, 0x00, 0x0E, 0x00, 0x0E, 0x0F, 0xFE, 0x1F, 0xFC, 0x3F, 0xF8, 0x7E, 0x7C, 0x7C,
    0x3C, 0x78, 0x3E, 0x78, 0x3E, 0x78, 0x3E, 0x78, 0x3E, 0x7C, 0x3C, 0x7E, 0x7C, 0x3F, 0xF8, 0x1F,
    0xF8, 0x0F, 0xE0, 0x00, 0x00, 0x03, 0x80, 0x07, 0xC0, 0x07, 0xC0, 0x03, 0x80, 0xF8, 0x0F, 0xF8,
    0x0F, 0xF8, 0x0F, 0xF8, 0x0F, 0xF8, 0x0F, 0xF8, 0x0F, 0xF8, 0x0F, 0xF8, 0x0F, 0xF8, 0x0F, 0xF8,
    0x0F, 0xF8, 0x0F, 0xF8, 0x0F, 0xF8, 0x1F, 0x78, 0x1F, 0x7E, 0x3E, 0x3F, 0xFE, 0x1F, 0xFC, 0x0F,
    0xF0, 0x00, 0x00, 0x03, 0xC0, 0x03, 0xC0, 0x03, 0xC0, 0x03, 0xC0, 0xF8, 0x7B, 0xE1, 0xEF, 0x87,
    0xBE, 0x1E, 0xF8, 0x7B, 0xE1, 0xEF, 0x87, 0xBE, 0x1E, 0xF8, 0x7B, 0xE1, 0xEF, 0xCF, 0x9F, 0xFE,
    0x7F, 0xF8, 0xFD, 0xE0, 0x00, 0x01, 0xE0, 0x07, 0x80, 0x1E, 0x00, 0x78, 0x00, 0x07, 0xC0, 0x07,
    0xE0, 0x01, 0xC0, 0x01, 0xC0, 0x00, 0x00, 0x00, 0x00, 0x00, 0x00, 0xF8, 0x0F, 0xF8, 0x0F, 0xF8,
    0x0F, 0xF8, 0x0F, 0xF8, 0x0F, 0xF8, 0x0F, 0xF8, 0x0F, 0xF8, 0x0F, 0xF8, 0x0F, 0xF8, 0x0F, 0xF8,
    0x0F, 0xF8, 0x0F, 0xF8, 0x1F, 0x78, 0x1F, 0x7E, 0x3E, 0x3F, 0xFE, 0x1F, 0xFC, 0x0F, 0xF0, 0x0F,
    0x80, 0x3E, 0x00, 0x38, 0x01, 0xE0, 0x00, 0x00, 0x00, 0x0F, 0x87, 0xBE, 0x1E, 0xF8, 0x7B, 0xE1,
    0xEF, 0x87, 0xBE, 0x1E, 0xF8, 0x7B, 0xE1, 0xEF, 0x87, 0xBE, 0x1E, 0xFC, 0xF9, 0xFF, 0xE7, 0xFF,
    0x8F, 0xDE, 0x00, 0xF0, 0x00, 0x38, 0x00, 0x1E, 0x00, 0x07, 0x0F, 0x00, 0x03, 0xC0, 0x00, 0xF0,
    0x00, 0x3F, 0xE0, 0x3F, 0xF8, 0x0F, 0xFE, 0x03, 0xEF, 0x80, 0xF3, 0xE0, 0x3C, 0xF8, 0x0F, 0x3E,
    0x03, 0xCF, 0x80, 0xF3, 0xE0, 0x3C, 0xF8, 0x0F, 0x3E, 0x03, 0xCF, 0x80, 0xF3, 0xE0, 0x7C, 0x78,
    0x1F, 0x1F, 0x8F, 0x83, 0xFF, 0xE0, 0x7F, 0xF0, 0x0F, 0xF0, 0x00, 0x01, 0xE0, 0x03, 0xC0, 0x03,
    0x80, 0x07, 0x8E, 0x00, 0x0E, 0x00, 0x0E, 0xF8, 0x7E, 0xF8, 0x7E, 0xF8, 0x7C, 0xF8, 0x78, 0xF8,
    0x78, 0xF8, 0x78, 0xF8, 0x78, 0xF8, 0x78, 0xF8, 0x78, 0xF8, 0x78, 0xFC, 0xF8, 0x7F, 0xF8, 0x7F,
    0xF8, 0x3F, 0x78, 0x0F, 0x00, 0x01, 0xE0, 0x00, 0x38, 0x00, 0x0F, 0x0F, 0x00, 0x03, 0xC0, 0x00,
    0xF0, 0x00, 0x3F, 0xE0, 0x3F, 0xF8, 0x0F, 0xFE, 0x03, 0xEF, 0x80, 0xF3, 0xE0, 0x3C, 0xF8, 0x0F,
    0x3E, 0x03, 0xCF, 0x80, 0xF3, 0xE0, 0x3C, 0xF8, 0x0F, 0x3E, 0x03, 0xCF, 0x80, 0xF3, 0xE0, 0x7C,
    0x78, 0x1F, 0x1F, 0x8F, 0x83, 0xFF, 0xE0, 0x7F, 0xF0, 0x0F, 0xF0, 0x00, 0x1E, 0x00, 0x0E, 0x00,
    0x0F, 0x00, 0x07, 0x0E, 0x00, 0x0E, 0x00, 0x0E, 0xF8, 0x7E, 0xF8, 0x7E, 0xF8, 0x7C, 0xF8, 0x78,
    0xF8, 0x78, 0xF8, 0x78, 0xF8, 0x78, 0xF8, 0x78, 0xF8, 0x78, 0xF8, 0x78, 0xFC, 0xF8, 0x7F, 0xF8,
    0x7F, 0xF8, 0x3F, 0x78, 0x07, 0xC0, 0x01, 0xF8, 0x00, 0x1C, 0x00, 0x07, 0x0F, 0x00, 0x03, 0xC0,
    0x00, 0xF0, 0x00, 0x3F, 0xE0, 0x3F, 0xF8, 0x0F, 0xFE, 0x03, 0xEF, 0x80, 0xF3, 0xE0, 0x3C, 0xF8,
    0x0F, 0x3E, 0x03, 0xCF, 0x80, 0xF3, 0xE0, 0x3C, 0xF8, 0x0F, 0x3E, 0x03, 0xCF, 0x80, 0xF3, 0xE0,
    0x7C, 0x78, 0x1F, 0x1F, 0x8F, 0x83, 0xFF, 0xE0, 0x7F, 0xF0, 0x0F, 0xF0, 0x00, 0x0F, 0x80, 0x0F,
    0x80, 0x03, 0x80, 0x07, 0x8E, 0x00, 0x0E, 0x00, 0x0E, 0xF8, 0x7E, 0xF8, 0x7E, 0xF8, 0x7C, 0xF8,
    0x78, 0xF8, 0x78, 0xF8, 0x78, 0xF8, 0x78, 0xF8, 0x78, 0xF8, 0x78, 0xF8, 0x78, 0xFC, 0xF8, 0x7F,
    0xF8, 0x7F, 0xF8, 0x3F, 0x78, 0x00, 0x00, 0x03, 0xFE, 0x00, 0xFF, 0x00, 0x3F, 0xCF, 0x00, 0x03,
    0xC0, 0x00, 0xF0, 0x00, 0x3F, 0xE0, 0x3F, 0xF8, 0x0F, 0xFE, 0x03, 0xEF, 0x80, 0xF3, 0xE0, 0x3C,
    0xF8, 0x0F, 0x3E, 0x03, 0xCF, 0x80, 0xF3, 0xE0, 0x3C, 0xF8, 0x0F, 0x3E, 0x03, 0xCF, 0x80, 0xF3,
    0xE0, 0x7C, 0x78, 0x1F, 0x1F, 0x8F, 0x83, 0xFF, 0xE0, 0x7F, 0xF0, 0x0F, 0xF0, 0x00, 0x00, 0x00,
    0x1F, 0xE0, 0x3F, 0xE0, 0x3B, 0xCE, 0x00, 0x0E, 0x00, 0x0E, 0xF8, 0x7E, 0xF8, 0x7E, 0xF8, 0x7C,
    0xF8, 0x78, 0xF8, 0x78, 0xF8, 0x78, 0xF8, 0x78, 0xF8, 0x78, 0xF8, 0x78, 0xF8, 0x78, 0xFC, 0xF8,
    0x7F, 0xF8, 0x7F, 0xF8, 0x3F, 0x78, 0x00, 0x03, 0xC0, 0x00, 0xF0, 0x00, 0x3C, 0x00, 0x0F, 0xF8,
    0x0F, 0xFE, 0x03, 0xFF, 0x80, 0xFB, 0xE0, 0x3C, 0xF8, 0x0F, 0x3E, 0x03, 0xCF, 0x80, 0xF3, 0xE0,
    0x3C, 0xF8, 0x0F, 0x3E, 0x03, 0xCF, 0x80, 0xF3, 0xE0, 0x3C, 0xF8, 0x1F, 0x1E, 0x07, 0xC7, 0xE3,
    0xE0, 0xFF, 0xF8, 0x1F, 0xFC, 0x03, 0xFC, 0x00, 0x00, 0x00, 0x0F, 0x00, 0x03, 0xC0, 0x00, 0xF0,
    0x00, 0x3C, 0x00, 0x00, 0x0E, 0x00, 0x0E, 0x00, 0x0E, 0xF8, 0x7E, 0xF8, 0x7E, 0xF8, 0x7C, 0xF8,
    0x78, 0xF8, 0x78, 0xF8, 0x78, 0xF8, 0x78, 0xF8, 0x78, 0xF8, 0x78, 0xF8, 0x78, 0xFC, 0xF8, 0x7F,
    0xF8, 0x7F, 0xF8, 0x3F, 0x78, 0x00, 0x00, 0x07, 0x80, 0x07, 0x80, 0x07, 0x80, 0x07, 0x80, 0x07,
    0x80, 0x00, 0xF0, 0x00, 0x1C, 0x00, 0x07, 0x80, 0x00, 0x00, 0x00, 0x00, 0x00, 0x00, 0x03, 0xF0,
    0x1F, 0x7C, 0x0F, 0x8F, 0x83, 0xE3, 0xE1, 0xF0, 0x7C, 0x78, 0x1F, 0x3E, 0x03, 0xEF, 0x00, 0x7F,
    0xC0, 0x1F, 0xE0, 0x03, 0xF8, 0x00, 0xFC, 0x00, 0x1E, 0x00, 0x07, 0x80, 0x01, 0xE0, 0x00, 0x78,
    0x00, 0x1E, 0x00, 0x07, 0x80, 0x01, 0xE0, 0x00, 0x0F, 0x00, 0x1E, 0x00, 0x1E, 0x00, 0x1C, 0x00,
    0x00, 0x00, 0x00, 0x3E, 0x0F, 0xBC, 0x1E, 0x78, 0x3C, 0xF8, 0xF8, 0xF1, 0xE1, 0xE3, 0xC3, 0xEF,
    0x83, 0xDE, 0x07, 0xBC, 0x07, 0xF0, 0x0F, 0xE0, 0x1F, 0xC0, 0x1F, 0x00, 0x3E, 0x00, 0x7C, 0x00,
    0xF0, 0x0F, 0xE0, 0x3F, 0x80, 0x7E, 0x00, 0xFC, 0x07, 0xDF, 0x03, 0xE3, 0xE0, 0xF8, 0xF8, 0x7C,
    0x1F, 0x1E, 0x07, 0xCF, 0x80, 0xFB, 0xC0, 0x1F, 0xF0, 0x07, 0xF8, 0x00, 0xFE, 0x00, 0x3F, 0x00,
    0x07, 0x80, 0x01, 0xE0, 0x00, 0x78, 0x00, 0x1E, 0x00, 0x07, 0x80, 0x01, 0xE0, 0x00, 0x78, 0x00,
    0x00, 0x00, 0x07, 0x80, 0x01, 0xE0, 0x00, 0x78, 0x00, 0x1E, 0x00, 0xF8, 0x3E, 0xF0, 0x79, 0xE0,
    0xF3, 0xE3, 0xE3, 0xC7, 0x87, 0x8F, 0x0F, 0xBE, 0x0F, 0x78, 0x1E, 0xF0, 0x1F, 0xC0, 0x3F, 0x80,
    0x7F, 0x00, 0x7C, 0x00, 0xF8, 0x01, 0xF0, 0x03, 0xDC, 0x3F, 0xFC, 0xFE, 0xF9, 0xF8, 0xE0, 0x03,
    0xE0, 0x00, 0xFC, 0x00, 0x0E, 0x00, 0x03, 0x80, 0x00, 0x00, 0x00, 0x00, 0x00, 0x00, 0x03, 0xF0,
    0x1F, 0x7C, 0x0F, 0x8F, 0x83, 0xE3, 0xE1, 0xF0, 0x7C, 0x78, 0x1F, 0x3E, 0x03, 0xEF, 0x00, 0x7F,
    0xC0, 0x1F, 0xE0, 0x03, 0xF8, 0x00, 0xFC, 0x00, 0x1E, 0x00, 0x07, 0x80, 0x01, 0xE0, 0x00, 0x78,
    0x00, 0x1E, 0x00, 0x07, 0x80, 0x01, 0xE0, 0x00, 0x07, 0xC0, 0x0F, 0x80, 0x07, 0x00, 0x1C, 0x00,
    0x00, 0x00, 0x00, 0x3E, 0x0F, 0xBC, 0x1E, 0x78, 0x3C, 0xF8, 0xF8, 0xF1, 0xE1, 0xE3, 0xC3, 0xEF,
    0x83, 0xDE, 0x07, 0xBC, 0x07, 0xF0, 0x0F, 0xE0, 0x1F, 0xC0, 0x1F, 0x00, 0x3E, 0x00, 0x7C, 0x00,
    0xF0, 0x0F, 0xE0, 0x3F, 0x80, 0x7E, 0x00, 0x00, 0x00, 0x01, 0xFF, 0x00, 0x7F, 0x80, 0x1F, 0xE0,
    0x00, 0x00, 0x00, 0x00, 0x00, 0x00, 0x03, 0xF0, 0x1F, 0x7C, 0x0F, 0x8F, 0x83, 0xE3, 0xE1, 0xF0,
    0x7C, 0x78, 0x1F, 0x3E, 0x03, 0xEF, 0x00, 0x7F, 0xC0, 0x1F, 0xE0, 0x03, 0xF8, 0x00, 0xFC, 0x00,
    0x1E, 0x00, 0x07, 0x80, 0x01, 0xE0, 0x00, 0x78, 0x00, 0x1E, 0x00, 0x07, 0x80, 0x01, 0xE0, 0x00,
    0x00, 0x00, 0x1F, 0xE0, 0x7F, 0xC0, 0xEF, 0x00, 0x00, 0x00, 0x00, 0x3E, 0x0F, 0xBC, 0x1E, 0x78,
    0x3C, 0xF8, 0xF8, 0xF1, 0xE1, 0xE3, 0xC3, 0xEF, 0x83, 0xDE, 0x07, 0xBC, 0x07, 0xF0, 0x0F, 0xE0,
    0x1F, 0xC0, 0x1F, 0x00, 0x3E, 0x00, 0x7C, 0x00, 0xF0, 0x0F, 0xE0, 0x3F, 0x80, 0x7E, 0x00, 0xFF,
    0xFF, 0xFF, 0xFF, 0xF0, 0x03, 0x37, 0x8C, 0x7B, 0xF3, 0x0C, 0x30, 0xC3, 0x0C, 0x30, 0xC3, 0x0C,
    0x30, 0xC3, 0x00, 0x00, 0x30, 0x37, 0xEC, 0xDB, 0x30, 0x60, 0xC1, 0x83, 0x06, 0x0C, 0x18, 0x30,
    0x60, 0xC1, 0x83, 0x00, 0x00, 0x61, 0x83, 0xF6, 0x66, 0xC1, 0x83, 0x06, 0x0C, 0x18, 0x30, 0x60,
    0xC1, 0x83, 0x06, 0x0C, 0x18, 0xFF, 0xBF, 0xEF, 0xF8, 0xFF, 0xBF, 0xEF, 0xF8, 0xFF, 0xFF, 0xFF,
    0xFF, 0xFF, 0xFF, 0xFF, 0xFF, 0xFF, 0xFF, 0xFE, 0xFF, 0xFF, 0xFF, 0xFF, 0xFF, 0xFF, 0xFF, 0xFF,
    0xFF, 0xE0, 0xFF, 0xFF, 0xFF, 0xFF, 0xFF, 0xFF, 0xFF, 0xFF, 0xFF, 0xE0, 0x7F, 0xDF, 0xF7, 0xFD,
    0xFF, 0x7F, 0xDF, 0xF7, 0xFD, 0xFF, 0x7F, 0xDF, 0xF7, 0xFD, 0xFF, 0x7F, 0xDF, 0xF7, 0xFD, 0xFF,
    0x7F, 0xDF, 0xF7, 0xFD, 0xFF, 0x7F, 0xDF, 0xF7, 0xFD, 0xFF, 0x7F, 0xDF, 0xF7, 0xFD, 0xFF, 0x7F,
    0xDF, 0xF0, 0xFF, 0xFF, 0xFF, 0x00, 0x0F, 0xFF, 0xFF, 0xF0, 0x3B, 0xDE, 0xF7, 0xFB, 0xDE, 0x7B,
    0xFD, 0xEF, 0x7B, 0x9C, 0x79, 0xE7, 0x9E, 0x73, 0xCF, 0x38, 0xF7, 0xBC, 0xF7, 0xBD, 0xE7, 0x39,
    0xEF, 0x3D, 0xE7, 0xBC, 0xE7, 0xBD, 0xE7, 0xBC, 0xF7, 0x9E, 0x7B, 0xEF, 0x7B, 0xCF, 0x79, 0xEF,
    0x39, 0xE7, 0x39, 0xE7, 0x3C, 0x79, 0xEF, 0x7D, 0xEF, 0x3D, 0xE7, 0x3D, 0xE7, 0xBC, 0xE7, 0x1C,
    0xF7, 0xDE, 0x7B, 0xCF, 0x3D, 0xE7, 0xBC, 0xF3, 0x9E, 0x71, 0xCF, 0x0F, 0x00, 0xF0, 0x0F, 0x00,
    0xF0, 0x7F, 0xF7, 0xFF, 0x7F, 0xF0, 0xF0, 0x0F, 0x00, 0xF0, 0x0F, 0x00, 0x70, 0x07, 0x00, 0x70,
    0x0F, 0x00, 0xF0, 0x0F, 0x07, 0xFF, 0x7F, 0xF7, 0xFF, 0x0F, 0x00, 0xF0, 0x0F, 0x07, 0xFF, 0x7F,
    0xF7, 0xFF, 0x0F, 0x00, 0xF0, 0x0F, 0x00, 0x70, 0x07, 0x00, 0x70, 0x7C, 0xFE, 0xFF, 0xFF, 0xFF,
    0xFF, 0xFE, 0x7C, 0x01, 0x83, 0xC7, 0xCF, 0xFF, 0xBC, 0x70, 0x80, 0xF7, 0xFF, 0xE0, 0xF0, 0x77,
    0xC7, 0xFE, 0x3F, 0xE0, 0xE0, 0xF0, 0x70, 0x7F, 0xC7, 0xC7, 0xFE, 0x3E, 0x3F, 0xE0, 0xE0, 0xF0,
    0xF7, 0xFF, 0xE0, 0x7E, 0x01, 0xC0, 0x00, 0xFE, 0x07, 0x80, 0x03, 0xFC, 0x1E, 0x00, 0x07, 0x3C,
    0x38, 0x00, 0x0E, 0x78, 0xE0, 0x00, 0x1F, 0xE3, 0xC0, 0x00, 0x1F, 0xC7, 0x00, 0x00, 0x3F, 0x1C,
    0x00, 0x00, 0x00, 0x78, 0x00, 0x00, 0x00, 0xE3, 0xE1, 0xF0, 0x03, 0x8F, 0xE7, 0xF0, 0x0F, 0x3F,
    0xDF, 0xF0, 0x3C, 0x73, 0xBD, 0xE0, 0x70, 0xE7, 0x71, 0xC1, 0xE1, 0xCE, 0xF7, 0x87, 0x83, 0xFD,
    0xFF, 0x0E, 0x03, 0xF9, 0xFC, 0x38, 0x07, 0xE1, 0xF0, 0x7E, 0x01, 0xC0, 0x00, 0x00, 0x7F, 0x03,
    0xC0, 0x00, 0x00, 0xFF, 0x07, 0x80, 0x00, 0x00, 0xE7, 0x87, 0x00, 0x00, 0x00, 0xE7, 0x8E, 0x00,
    0x00, 0x00, 0xFF, 0x1E, 0x00, 0x00, 0x00, 0x7F, 0x1C, 0x00, 0x00, 0x00, 0x7E, 0x38, 0x00, 0x00,
    0x00, 0x00, 0x78, 0x00, 0x00, 0x00, 0x00, 0x71, 0xF0, 0xF8, 0x7E, 0x00, 0xE3, 0xF9, 0xFC, 0xFE,
    0x01, 0xE7, 0xFB, 0xFE, 0xFF, 0x03, 0xC7, 0x3B, 0xDE, 0xE7, 0x03, 0x87, 0x3B, 0x8E, 0xE7, 0x07,
    0x87, 0x3B, 0xDE, 0xE7, 0x0F, 0x07, 0xFB, 0xFE, 0xFF, 0x0E, 0x03, 0xF9, 0xFC, 0xFE, 0x1C, 0x03,
    0xF0, 0xF8, 0x7E, 0x7B, 0xBD, 0xEF, 0x7B, 0x80, 0x79, 0xF7, 0x1E, 0xF1, 0xEF, 0x1E, 0xF1, 0xEF,
    0x1C, 0xE1, 0xC0, 0x79, 0xF3, 0xCE, 0x3C, 0x7B, 0xC7, 0x8F, 0x78, 0xF1, 0xEF, 0x1E, 0x39, 0xE3,
    0x87, 0x38, 0x70, 0xE0, 0xF7, 0x9C, 0xE7, 0xBD, 0xE0, 0xF1, 0xEF, 0x1E, 0x71, 0xE7, 0x0E, 0x78,
    0xE7, 0x8E, 0x78, 0xF0, 0xF1, 0xE3, 0xDE, 0x3C, 0x79, 0xC7, 0x8F, 0x38, 0x71, 0xE7, 0x8E, 0x1C,
    0xF1, 0xC3, 0x9E, 0x3C, 0x70, 0x0F, 0x01, 0xF0, 0x1F, 0x83, 0xBC, 0x79, 0xEF, 0x0E, 0x0F, 0x8F,
    0x87, 0x87, 0xC7, 0xC7, 0xC3, 0xE0, 0xF8, 0x3C, 0x1F, 0x07, 0xC1, 0xF0, 0x7C, 0x0F, 0x03, 0xE0,
    0x7C, 0x0F, 0x81, 0xF0, 0x7C, 0x3E, 0x1F, 0x0F, 0x83, 0xC1, 0xF0, 0x03, 0xC0, 0x05, 0xEC, 0x07,
    0xFF, 0x07, 0xC7, 0x81, 0xF7, 0xC0, 0x7F, 0xC3, 0xDF, 0xFD, 0xEF, 0xDE, 0xF7, 0xFF, 0x07, 0xFC,
    0x07, 0xDF, 0x07, 0xC7, 0x81, 0xFD, 0xC0, 0x5E, 0xC0, 0x0F, 0x00, 0xF8, 0xFF, 0xC7, 0xFE, 0x3F,
    0xE1, 0xFF, 0x0F, 0xF8, 0x7F, 0xC3, 0xFE, 0x1F, 0xF0, 0x7F, 0x83, 0xFC, 0x1F, 0xE0, 0xF0, 0x00,
    0x00, 0x03, 0xC1, 0xFF, 0x1F, 0xF8, 0xFF, 0x83, 0xC0, 0x1F, 0xE1, 0xFF, 0x9F, 0xFE, 0xF9, 0xF7,
    0x87, 0x87, 0x3C, 0x3B, 0xE1, 0xFE, 0x0F, 0xE0, 0x3C, 0x01, 0xC0, 0x0E, 0x00, 0x00, 0x00, 0x00,
    0x1C, 0x01, 0xF0, 0x0F, 0x80, 0x38, 0x00, 0xFF, 0xFF, 0xFF, 0xFF, 0xFE, 0x60, 0x00, 0x33, 0xF0,
    0x1F, 0xDF, 0xFF, 0xFC, 0x3F, 0xFF, 0xC0, 0x7F, 0xF0, 0x00, 0x01, 0xFC, 0x00, 0x7F, 0xFC, 0x0F,
    0xFF, 0xF8, 0xFF, 0xFF, 0xE7, 0x80, 0x0F, 0x90, 0x00, 0x08, 0x00, 0x80, 0x3C, 0x07, 0x81, 0xE0,
    0x7C, 0x0F, 0x03, 0xC0, 0x78, 0x1F, 0x07, 0xF0, 0xFE, 0x3D, 0xE7, 0xBC, 0x63, 0x00, 0x03, 0xE0,
    0x03, 0xF8, 0x00, 0xFC, 0x00, 0xFF, 0x00, 0x7F, 0x00, 0x3F, 0x80, 0x0F, 0x80, 0x00, 0x00, 0x3E,
    0x3E, 0x3F, 0xBF, 0x9F, 0xCF, 0xCF, 0xFF, 0xF7, 0xF7, 0xFB, 0xFB, 0xF8, 0xF8, 0xF8, 0xFF, 0xFF,
    0xFF, 0x00, 0x0E, 0x00, 0x1E, 0x00, 0x3C, 0x00, 0x38, 0x00, 0x70, 0x00, 0xF0, 0x00, 0xE0, 0x01,
    0xC0, 0x03, 0xC0, 0x03, 0x80, 0x07, 0x00, 0x0F, 0x00, 0x0E, 0x00, 0x1C, 0x00, 0x3C, 0x00, 0x78,
    0x00, 0x70, 0x00, 0xE0, 0x00, 0xFF, 0xFF, 0xFF, 0x8F, 0x1E, 0x3C, 0x78, 0xF1, 0xE3, 0xFF, 0xFF,
    0xFE, 0x3C, 0x78, 0xF1, 0xE3, 0xC7, 0x8F, 0xFF, 0xFF, 0x80, 0xFF, 0xFF, 0xF9, 0xF3, 0xE7, 0xCF,
    0x9F, 0x3E, 0x7F, 0xFF, 0xFF, 0xE7, 0xCF, 0x9F, 0x3E, 0x7C, 0xF9, 0xFF, 0xFF, 0xFF, 0x80, 0x1F,
    0xE0, 0x7F, 0x87, 0xFE, 0x1F, 0xF9, 0xFF, 0xE7, 0xFF, 0xBE, 0x7C, 0xF9, 0xF7, 0x87, 0x9E, 0x1E,
    0x00, 0xF0, 0x03, 0xC0, 0x3E, 0x00, 0xF8, 0x1F, 0x80, 0x7E, 0x07, 0xE0, 0x1F, 0x80, 0xF8, 0x03,
    0xE0, 0x1E, 0x00, 0xF8, 0x07, 0x80, 0x1E, 0x00, 0x70, 0x01, 0xC0, 0x00, 0x00, 0x00, 0x03, 0xC0,
    0x0F, 0x00, 0x7C, 0x01, 0xF0, 0x0F, 0x80, 0x3E, 0x01, 0xE0, 0x07, 0x80, 0x1F, 0xE0, 0xF9, 0xFF,
    0x87, 0xDF, 0xFE, 0x3C, 0xF9, 0xF1, 0xE7, 0x87, 0x8F, 0x00, 0x3C, 0x78, 0x03, 0xE3, 0xC0, 0x7E,
    0x1E, 0x07, 0xE0, 0xF0, 0x3E, 0x07, 0x81, 0xE0, 0x3C, 0x1E, 0x01, 0xE0, 0x70, 0x00, 0x00, 0x00,
    0x00, 0x3C, 0x03, 0xC1, 0xF0, 0x1F, 0x0F, 0x80, 0xF8, 0x78, 0x07, 0x80, 0xF8, 0x3F, 0x8F, 0x8F,
    0xFC, 0xF8, 0xFF, 0xEF, 0x1F, 0x3E, 0xF1, 0xE1, 0xFF, 0x00, 0x1F, 0xF0, 0x03, 0xEF, 0x00, 0x7E,
    0xF0, 0x0F, 0xCF, 0x01, 0xF0, 0xF0, 0x1E, 0x0F, 0x01, 0xE0, 0x00, 0x1E, 0x00, 0x00, 0x00, 0xF0,
    0x1E, 0x0F, 0x83, 0xE0, 0xF8, 0x3E, 0x0F, 0x01, 0xE0, 0x7F, 0xEF, 0xFD, 0xFF, 0x80, 0xF0, 0x1E,
    0x03, 0xC0, 0x70, 0x0E, 0x03, 0xC0, 0x78, 0x0F, 0x01, 0xE0, 0x3C, 0x07, 0x80, 0xF0, 0x1E, 0x03,
    0x80, 0x70, 0x1E, 0x00, 0xFF, 0xC3, 0xFF, 0xCF, 0xFF, 0xBD, 0xFE, 0xF7, 0xFB, 0xDF, 0xEF, 0x7F,
    0xBD, 0xFE, 0xF7, 0xFB, 0xDF, 0xCF, 0x7E, 0x3C, 0xE0, 0xF0, 0x03, 0xC0, 0x0F, 0x00, 0x3C, 0x00,
    0xF0, 0x03, 0xC0, 0x00, 0x1F, 0xF9, 0xFF, 0xDF, 0x9E, 0xFC, 0xFF, 0xE7, 0xFF, 0x3F, 0xF9, 0xEF,
    0xCF, 0x7E, 0x79, 0xFF, 0xC7, 0xFE, 0xFF, 0x8F, 0xFC, 0xE7, 0xEE, 0x7F, 0xE7, 0xFE, 0x7F, 0xE7,
    0xFE, 0x7F, 0xE7, 0xEF, 0xFC, 0xFF, 0x80, 0x0E, 0x04, 0xC9, 0xDB, 0xBF, 0xF3, 0xFC, 0x7F, 0x9F,
    0xFB, 0xB7, 0x26, 0x41, 0xC0, 0xF3, 0xEF, 0xBC, 0x00, 0x00, 0x00, 0x00, 0x0F, 0x3E, 0x79, 0xE7,
    0x8E, 0x38, 0xE0, 0x01, 0xFC, 0x00, 0x7F, 0xFC, 0x0F, 0xFF, 0xF8, 0xFF, 0xFF, 0xEF, 0x80, 0x0F,
    0xB0, 0x00, 0x18, 0x00, 0x00, 0x00, 0x00, 0x00, 0x00, 0x00, 0x00, 0x00, 0x00, 0x00, 0x00, 0x00,
    0x00, 0x00, 0x00, 0x00, 0x00, 0x00, 0x00, 0x00, 0x00, 0x00, 0x00, 0x00, 0x00, 0x00, 0x00, 0x00,
    0x00, 0x00, 0x00, 0x00, 0x00, 0x00, 0x00, 0x00, 0x00, 0x00, 0x30, 0x00, 0x1B, 0xF8, 0x0F, 0xEF,
    0xFF, 0xFE, 0x1F, 0xFF, 0xE0, 0x3F, 0xF8, 0x00, 0x0E, 0x09, 0xC3, 0xBF, 0x7F, 0xE7, 0xF8, 0x7F,
    0x3F, 0xF7, 0xFE, 0x4E, 0x81, 0xC0, 0x00, 0x00, 0x00, 0xE0, 0x9C, 0x3B, 0xF7, 0xFE, 0x7F, 0x87,
    0xF3, 0xFF, 0x7F, 0xE4, 0xE8, 0x1C, 0x00, 0x00, 0x07, 0x8F, 0x00, 0xE3, 0xE0, 0x38, 0x7E, 0x0F,
    0x0F, 0x81, 0xC0, 0xF0, 0x70, 0x00, 0x1E, 0x00, 0x03, 0x80, 0x00, 0xE0, 0x00, 0x3C, 0x00, 0x07,
    0x00, 0x01, 0xC1, 0xE0, 0x78, 0x7C, 0x1E, 0x0F, 0xC3, 0x81, 0xF0, 0xE0, 0x1E, 0x3C, 0x00, 0x07,
    0x00, 0x00, 0x3F, 0x00, 0x3F, 0xC0, 0x3F, 0xF9, 0xCE, 0x7F, 0xF0, 0x0F, 0xF0, 0x03, 0xF0, 0x07,
    0xFF, 0x00, 0xFF, 0xFE, 0x1F, 0xFF, 0xFC, 0xFE, 0x0F, 0xF7, 0x00, 0x03, 0x00, 0x07, 0x80, 0xFF,
    0xC7, 0xFF, 0x9F, 0xFC, 0x3F, 0xF3, 0xFF, 0xFF, 0xFF, 0xFF, 0xFF, 0x1F, 0xE0, 0xFF, 0xC7, 0xFF,
    0x8F, 0xFC, 0x07, 0x80, 0x79, 0xF3, 0xC7, 0xB8, 0xF1, 0xE3, 0xFC, 0x78, 0xF1, 0xFE, 0x3C, 0x78,
    0xFF, 0x1E, 0x38, 0x77, 0x8E, 0x1C, 0x3B, 0x87, 0x0E, 0x1C, 0x3F, 0x0F, 0xF3, 0xFF, 0x78, 0xEF,
    0x1F, 0xE3, 0xFC, 0x77, 0xFE, 0x7F, 0xC7, 0xE0, 0x6F, 0x6F, 0xFF, 0xFF, 0xFF, 0xF0, 0x0F, 0x83,
    0xF0, 0x7E, 0x1F, 0xC7, 0xB9, 0xE7, 0x3F, 0xFF, 0xFF, 0x03, 0x80, 0x70, 0x7F, 0x9F, 0xE7, 0x01,
    0xFE, 0x7F, 0xDF, 0xF0, 0x1F, 0xFF, 0x7F, 0x8F, 0xC0, 0x3F, 0x1F, 0xEF, 0xFF, 0xFE, 0xFF, 0xFF,
    0xFF, 0x1F, 0xFF, 0x7F, 0x8F, 0xC0, 0x7F, 0xDF, 0xF0, 0x3C, 0x1E, 0x07, 0x83, 0xC0, 0xE0, 0x78,
    0x3C, 0x0E, 0x00, 0x3F, 0x1F, 0xEF, 0xFF, 0xFF, 0x7F, 0x9F, 0xEF, 0x3F, 0xFF, 0xFF, 0xDF, 0xE0,
    0x7F, 0x3F, 0xEF, 0x7F, 0xCF, 0xFF, 0xDF, 0xFE, 0x3F, 0xDF, 0x7F, 0x8F, 0xC0, 0x1C, 0x0E, 0x07,
    0x1F, 0xFF, 0xF8, 0xE0, 0x70, 0x38, 0x00, 0x7F, 0xFF, 0xE0, 0xFF, 0xFF, 0xC0, 0x00, 0x0F, 0xFF,
    0xFC, 0x3C, 0xE7, 0x9C, 0x73, 0xCF, 0x3C, 0x71, 0xC7, 0x8E, 0x3C, 0x71, 0xE3, 0x8E, 0x3C, 0xF3,
    0xCF, 0x3C, 0xF3, 0x9E, 0x70, 0xEF, 0x3F, 0xEF, 0xFB, 0xCF, 0xF3, 0xFC, 0xFF, 0x3F, 0xCF, 0x3F,
    0x0F, 0xF3, 0xFF, 0x78, 0xEF, 0x1F, 0xE3, 0xFC, 0x77, 0xFE, 0x7F, 0xC7, 0xE0, 0x7F, 0xFF, 0xF7,
    0x1C, 0x71, 0xC7, 0x1C, 0x70, 0x7F, 0x3F, 0xEF, 0x7B, 0x8E, 0x07, 0x87, 0xC3, 0xE1, 0xF0, 0xFF,
    0xFF, 0xF0, 0x3F, 0x1F, 0xEF, 0xF8, 0x0E, 0x1F, 0x87, 0xE0, 0x7F, 0xFF, 0xFF, 0xDF, 0xC0, 0x0F,
    0x83, 0xF0, 0x7E, 0x1F, 0xC7, 0xB9, 0xE7, 0x3F, 0xFF, 0xFF, 0x03, 0x80, 0x70, 0x7F, 0x9F, 0xE7,
    0x01, 0xFE, 0x7F, 0xDF, 0xF0, 0x1F, 0xFF, 0x7F, 0x8F, 0xC0, 0x3F, 0x1F, 0xEF, 0xFF, 0xFE, 0xFF,
    0xFF, 0xFF, 0x1F, 0xFF, 0x7F, 0x8F, 0xC0, 0x7F, 0xDF, 0xF0, 0x3C, 0x1E, 0x07, 0x83, 0xC0, 0xE0,
    0x78, 0x3C, 0x0E, 0x00, 0x3F, 0x1F, 0xEF, 0xFF, 0xFF, 0x7F, 0x9F, 0xEF, 0x3F, 0xFF, 0xFF, 0xDF,
    0xE0, 0x7F, 0x3F, 0xEF, 0x7F, 0xCF, 0xFF, 0xDF, 0xFE, 0x3F, 0xDF, 0x7F, 0x8F, 0xC0, 0x1C, 0x0E,
    0x07, 0x1F, 0xFF, 0xF8, 0xE0, 0x70, 0x38, 0x00, 0x7F, 0xFF, 0xE0, 0xFF, 0xFF, 0xC0, 0x00, 0x0F,
    0xFF, 0xFC, 0x3C, 0xE7, 0x9C, 0x73, 0xCF, 0x3C, 0x71, 0xC7, 0x8E, 0x3C, 0x71, 0xE3, 0x8E, 0x3C,
    0xF3, 0xCF, 0x3C, 0xF3, 0x9E, 0x70, 0x3F, 0x1F, 0xE7, 0xFC, 0xFF, 0x7F, 0xDC, 0xF7, 0xFD, 0xFF,
    0x7E, 0x7F, 0xBF, 0xFF, 0xFF, 0xFF, 0xBF, 0xFE, 0xFE, 0x7F, 0x3F, 0xEF, 0x7B, 0x8E, 0xE3, 0xBD,
    0xEF, 0xF9, 0xFC, 0x7B, 0xCF, 0x78, 0xFE, 0x0F, 0x81, 0xF0, 0x7F, 0x1E, 0xF3, 0x9E, 0x00, 0x1F,
    0xC7, 0xF9, 0xDF, 0x03, 0xFF, 0xFF, 0xFF, 0xCF, 0x7F, 0xDF, 0xE3, 0xF0, 0xE0, 0x38, 0x0F, 0xF3,
    0xFE, 0xFF, 0xBC, 0xFF, 0x3F, 0xCF, 0xF3, 0xFC, 0xF0, 0xF0, 0x3C, 0x0F, 0x7B, 0xFC, 0xFE, 0x3F,
    0x8F, 0xE3, 0xFC, 0xFF, 0xBD, 0xE0, 0xFF, 0xFF, 0xFF, 0xFF, 0xFF, 0xFF, 0x7B, 0xFF, 0xFF, 0x7F,
    0xFD, 0xE7, 0xF7, 0x9F, 0xDE, 0x7F, 0x79, 0xFD, 0xE7, 0xEF, 0x3F, 0xEF, 0xFB, 0xCF, 0xF3, 0xFC,
    0xFF, 0x3F, 0xCF, 0xFF, 0x3F, 0xEF, 0xFF, 0xCF, 0xF3, 0xFF, 0xFF, 0xFB, 0xFC, 0xF0, 0x3C, 0x0F,
    0x00, 0x7F, 0x7F, 0xBD, 0x9F, 0xC7, 0xFB, 0xBF, 0xFE, 0xFE, 0x78, 0xF3, 0xF7, 0xE7, 0x8F, 0x1E,
    0x3E, 0x7C, 0x78, 0x0F, 0x80, 0x1F, 0xF0, 0x1F, 0xFC, 0x1F, 0xFE, 0x0F, 0x8F, 0x87, 0x83, 0x83,
    0xCF, 0xFF, 0xE7, 0xFF, 0xF3, 0xFF, 0xF9, 0xE0, 0x3F, 0xF0, 0x0F, 0xFF, 0xE3, 0xFF, 0xF0, 0xFF,
    0xF8, 0x0F, 0x00, 0x07, 0x80, 0x03, 0xFF, 0x81, 0xFF, 0xC0, 0xFF, 0xE0, 0x00, 0x66, 0x00, 0x36,
    0x00, 0x1B, 0x00, 0xFF, 0x81, 0xFF, 0xC1, 0xFF, 0xF1, 0xFF, 0xFC, 0xFB, 0x3E, 0xF9, 0xBF, 0xFC,
    0xD8, 0x3C, 0x4C, 0x1E, 0x6C, 0x0F, 0x36, 0x07, 0x9B, 0x03, 0xFB, 0x01, 0xFD, 0x9F, 0x7E, 0xCF,
    0x3F, 0xDF, 0x8F, 0xFF, 0x83, 0xFF, 0x81, 0xFF, 0x80, 0xD8, 0x00, 0x6C, 0x00, 0x07, 0xF0, 0x0F,
    0xFE, 0x0F, 0xFF, 0x8F, 0xC7, 0xE7, 0xC1, 0xF7, 0xC0, 0x7B, 0xE0, 0x01, 0xE7, 0xFC, 0xF3, 0xFE,
    0x79, 0xFE, 0x3C, 0xFC, 0x1F, 0x7D, 0xCF, 0xBC, 0xF3, 0xFE, 0xF9, 0xFF, 0xF8, 0x7F, 0xFC, 0x1F,
    0xFC, 0x03, 0xF8, 0x00, 0x1F, 0xFF, 0x1F, 0xFF, 0x1F, 0xFF, 0x1E, 0x00, 0x1E, 0x00, 0x1E, 0x00,
    0x1E, 0x00, 0x1E, 0x00, 0x1F, 0xFE, 0x1F, 0xFE, 0x1F, 0xFE, 0x1E, 0x00, 0x1E, 0x00, 0xFF, 0xC0,
    0x1E, 0x00, 0x1E, 0x00, 0x1E, 0x00, 0x1E, 0x00, 0x0F, 0xE0, 0x7F, 0xE3, 0xFF, 0x8F, 0x9F, 0x3C,
    0x3D, 0xF0, 0x0F, 0xFE, 0x3F, 0xF8, 0x3C, 0x00, 0xF0, 0x0F, 0xFE, 0x3F, 0xF8, 0x3C, 0x00, 0xF0,
    0xF7, 0x83, 0xFF, 0xFF, 0xFF, 0xFF, 0xFF, 0xE0, 0x00, 0x00, 0x00, 0x01, 0xC0, 0x00, 0x3C, 0x0F,
    0x7F, 0xFC, 0xFF, 0xFF, 0xEF, 0xFF, 0xFF, 0xF9, 0xF9, 0xFF, 0x8F, 0x0F, 0xF8, 0xF0, 0xFF, 0x8F,
    0x0F, 0xF9, 0xF0, 0xFF, 0x9F, 0x0F, 0xFB, 0xF0, 0xFF, 0xBF, 0x0F, 0xFB, 0xF0, 0xFF, 0xFF, 0x0F,
    0xFF, 0xF0, 0xF0, 0xF0, 0x00, 0x0E, 0x00, 0x00, 0x3E, 0x07, 0xC7, 0xE0, 0xF8, 0xFC, 0x1F, 0x1F,
    0xC3, 0xE3, 0xFC, 0x7C, 0x7F, 0x8F, 0xBF, 0xFF, 0xFF, 0xFF, 0xFF, 0x3D, 0xF3, 0xC7, 0x9F, 0x7B,
    0xFF, 0xFF, 0xFF, 0xFF, 0xF3, 0xC3, 0xFC, 0x78, 0x7F, 0x8F, 0x07, 0xF1, 0xE0, 0x7E, 0x3C, 0x0F,
    0xC7, 0x80, 0xF8, 0xFF, 0xE0, 0x78, 0xFF, 0xF8, 0x78, 0xFF, 0xFC, 0x78, 0xF8, 0xFC, 0x78, 0xF8,
    0x3D, 0xFF, 0xF8, 0x3F, 0xFF, 0xF8, 0x3F, 0xFF, 0xF8, 0x3C, 0x78, 0xF8, 0xFC, 0x78, 0xFF, 0xFC,
    0x78, 0xFF, 0xF8, 0x78, 0xFF, 0xE0, 0x78, 0xF8, 0x00, 0x78, 0xF8, 0x00, 0x78, 0xF8, 0x00, 0x7C,
    0xF8, 0x00, 0x7F, 0xF8, 0x00, 0x3F, 0xF8, 0x00, 0x1F, 0xFF, 0xF0, 0x00, 0x0F, 0xFF, 0x80, 0x00,
    0xFF, 0xFC, 0x00, 0x0F, 0x87, 0xC0, 0x00, 0xF8, 0x3E, 0x3F, 0x8F, 0x83, 0xEF, 0xFC, 0xF8, 0x3E,
    0xFF, 0xEF, 0x87, 0xDF, 0x1E, 0xFF, 0xFD, 0xF0, 0x8F, 0xFF, 0x8F, 0xC0, 0xFF, 0xF0, 0xFF, 0xCF,
    0x9F, 0x07, 0xFE, 0xF8, 0xF0, 0x07, 0xFF, 0x8F, 0x9E, 0x1F, 0xF8, 0x7D, 0xF1, 0xFF, 0x87, 0xDF,
    0xFE, 0xF8, 0x3E, 0xFF, 0xEF, 0x83, 0xE3, 0xF8, 0x78, 0x1E, 0x07, 0x9E, 0x0F, 0x81, 0xE7, 0x83,
    0xF0, 0x79, 0xF0, 0xFC, 0x3C, 0x3C, 0x3F, 0x0F, 0x1F, 0xFF, 0xFF, 0xE7, 0xFF, 0xFF, 0xF8, 0x79,
    0xFE, 0x78, 0x7F, 0xFF, 0xFF, 0x9F, 0xFF, 0xFF, 0xE1, 0xFF, 0x3F, 0xC0, 0x3F, 0xCF, 0xF0, 0x0F,
    0xE1, 0xFC, 0x03, 0xF8, 0x7F, 0x00, 0xFE, 0x1F, 0x80, 0x1F, 0x87, 0xE0, 0x07, 0xC0, 0xF8, 0x01,
    0xF0, 0x3E, 0x00, 0xFF, 0xF8, 0xFF, 0xFF, 0xE7, 0xFF, 0xFF, 0xBF, 0xF0, 0x3D, 0xFF, 0xBD, 0xEF,
    0xFD, 0xEF, 0x7F, 0xEF, 0x7B, 0xFF, 0x7B, 0xDF, 0xFB, 0xDE, 0xFF, 0xDE, 0xF7, 0xFE, 0xF0, 0x3F,
    0xF7, 0xFF, 0xEF, 0xBF, 0xFF, 0x7D, 0xFF, 0xF0, 0x01, 0xFE, 0x01, 0xFF, 0x01, 0xFF, 0x00, 0x3E,
    0x0F, 0xBE, 0x3F, 0xFE, 0x3F, 0xFE, 0x7E, 0x7E, 0x7C, 0x3E, 0x78, 0x3E, 0x78, 0x3E, 0x78, 0x3E,
    0x78, 0x3E, 0x7C, 0x3E, 0x7E, 0x7E, 0x3F, 0xFE, 0x3F, 0xFE, 0x0F, 0xBE, 0x00, 0x00, 0x00, 0x00,
    0x7F, 0xFC, 0x7F, 0xFC, 0x7F, 0xFC, 0x01, 0xFE, 0x03, 0xFF, 0x07, 0xFF, 0x0F, 0xCE, 0x1F, 0x00,
    0x1F, 0x00, 0x7F, 0xFC, 0x7F, 0xF8, 0x1E, 0x00, 0x7F, 0xF0, 0x7F, 0xE0, 0x1F, 0x00, 0x1F, 0x00,
    0x0F, 0x02, 0x0F, 0xCE, 0x07, 0xFF, 0x03, 0xFF, 0x01, 0xFE, 0x1E, 0x03, 0xF1, 0xE0, 0x7E, 0x1E,
    0x0F, 0xC1, 0xE1, 0xF8, 0x1E, 0x3F, 0x01, 0xE7, 0xE0, 0x1E, 0xFC, 0x0F, 0xFF, 0xFC, 0xFF, 0xFF,
    0xEF, 0xFF, 0xFE, 0x1F, 0xFC, 0x01, 0xFF, 0xE0, 0x1F, 0x3E, 0x01, 0xF1, 0xF0, 0x1E, 0x0F, 0x81,
    0xE0, 0xFC, 0x1E, 0x07, 0xC1, 0xE0, 0x3E, 0x7F, 0xFF, 0x7F, 0xFF, 0x7F, 0xFF, 0x03, 0xE0, 0x03,
    0xE0, 0x03, 0xF8, 0x03, 0xF8, 0x03, 0xF8, 0x0F, 0xE0, 0x0F, 0xF8, 0x0B, 0xF8, 0x07, 0xF0, 0x0F,
    0xE0, 0x0F, 0xE0, 0x03, 0xE0, 0x03, 0xE0, 0x03, 0xE0, 0x03, 0xE0, 0x03, 0xC0, 0x00, 0x00, 0x00,
    0x3C, 0x00, 0x00, 0x00, 0x03, 0xC0, 0x00, 0x00, 0x00, 0x7F, 0xF0, 0x00, 0x00, 0x1F, 0xFF, 0xC0,
    0x00, 0x01, 0xFF, 0xFE, 0x00, 0x00, 0x1F, 0xC7, 0xF0, 0x00, 0x00, 0x3C, 0x1F, 0x07, 0xF0, 0x03,
    0xC0, 0xF8, 0xFF, 0xC0, 0x3C, 0x0F, 0x9F, 0xFE, 0x03, 0xC0, 0xF9, 0xF3, 0xE0, 0x3C, 0x07, 0xBE,
    0x1E, 0x03, 0xC0, 0x7B, 0xC1, 0xF3, 0xFC, 0x0F, 0xBC, 0x1F, 0x7F, 0xC0, 0xFB, 0xC1, 0xF7, 0xFC,
    0x0F, 0xBC, 0x1F, 0x73, 0xE0, 0xF3, 0xE1, 0xF7, 0x3F, 0x3F, 0x3F, 0x3E, 0x7F, 0xFF, 0xE3, 0xFF,
    0xE7, 0xFF, 0xFC, 0x3F, 0xFC, 0x3F, 0x1F, 0x83, 0xDF, 0x80, 0x00, 0x00, 0x3C, 0x00, 0x00, 0x00,
    0x03, 0xC0, 0x00, 0x00, 0x00, 0x3C, 0x00, 0x00, 0x00, 0x03, 0xC0, 0x00, 0x00, 0x00, 0x3C, 0x00,
    0x7F, 0xF0, 0x3F, 0xFC, 0x1F, 0xFF, 0x0F, 0x8F, 0xCF, 0xFF, 0xFF, 0xFF, 0xFD, 0xF0, 0xF9, 0xFF,
    0xFF, 0xFF, 0xFF, 0xBE, 0x1F, 0x1F, 0x1F, 0x0F, 0xFF, 0x87, 0xFF, 0x83, 0xFF, 0x81, 0xF0, 0x00,
    0xF8, 0x00, 0x7C, 0x00, 0x3E, 0x00, 0x00, 0x00, 0xC0, 0x00, 0x60, 0x00, 0x30, 0x01, 0xFF, 0x01,
    0xFF, 0xC1, 0xFF, 0xF1, 0xFF, 0xFC, 0xF9, 0x9E, 0xF8, 0xCF, 0xFC, 0x60, 0x3C, 0x30, 0x1E, 0x1F,
    0xFF, 0x0F, 0xFF, 0x87, 0xFF, 0xE3, 0x3F, 0xF1, 0x9F, 0x7C, 0xDF, 0x3F, 0xFF, 0x8F, 0xFF, 0x83,
    0xFF, 0x80, 0xFF, 0x80, 0x06, 0x00, 0x03, 0x00, 0x03, 0xF0, 0x00, 0x7F, 0x00, 0x0F, 0xE0, 0x03,
    0xFC, 0x00, 0x7F, 0xC0, 0x1F, 0x78, 0x03, 0xEF, 0x00, 0x79, 0xF0, 0xFF, 0xFF, 0xDF, 0xFF, 0xF8,
    0x7C, 0x7C, 0x1F, 0x0F, 0x8F, 0xFF, 0xFD, 0xFF, 0xFF, 0x9F, 0x03, 0xE3, 0xE0, 0x3E, 0x7C, 0x07,
    0xDF, 0x00, 0xF8, 0x1F, 0xE0, 0x7F, 0xF1, 0xFF, 0xE3, 0xE3, 0xC3, 0x87, 0x9F, 0xFF, 0xFF, 0xFF,
    0xFF, 0xFF, 0x00, 0x01, 0xFF, 0xFF, 0xFF, 0xFF, 0xFF, 0xF7, 0xC0, 0x0F, 0x0F, 0x9F, 0x1F, 0x3F,
    0xFC, 0x3F, 0xF8, 0x3F, 0xE0, 0x00, 0xC0, 0x00, 0x60, 0x00, 0x30, 0x01, 0xFF, 0x01, 0xFF, 0xC1,
    0xFF, 0xF1, 0xFF, 0xFC, 0xF9, 0xBE, 0xF8, 0xCF, 0xFC, 0x63, 0xBC, 0x30, 0x1E, 0x18, 0x0F, 0x0C,
    0x07, 0x86, 0x03, 0xE3, 0x1D, 0xF1, 0x9F, 0x7C, 0xDF, 0x3F, 0xFF, 0x8F, 0xFF, 0x83, 0xFF, 0x80,
    0xFF, 0x80, 0x06, 0x00, 0x03, 0x00, 0x7F, 0xFF, 0x7F, 0xFF, 0x7F, 0xFF, 0x00, 0x00, 0x7F, 0xFF,
    0x7F, 0xFF, 0x7F, 0xFF, 0x03, 0xE0, 0x03, 0xE0, 0x03, 0xE0, 0x03, 0xE0, 0x03, 0xE0, 0x03, 0xE0,
    0x03, 0xE0, 0x03, 0xE0, 0x03, 0xE0, 0x03, 0xE0, 0x03, 0xE0, 0x7F, 0xFD, 0xFF, 0xE7, 0xFF, 0x00,
    0xF8, 0x3F, 0xF9, 0xFF, 0xF7, 0xFF, 0x80, 0xF8, 0x7F, 0xE1, 0xFF, 0x07, 0xF8, 0x1F, 0x80, 0x3E,
    0x00, 0x7C, 0x00, 0xF8, 0x01, 0xF0, 0x03, 0xE0, 0x0F, 0x80, 0x3C, 0x00, 0xF2, 0x03, 0xF8, 0x1F,
    0xE0, 0xFF, 0x83, 0xF2, 0x0F, 0xF8, 0x1F, 0xE0, 0xFF, 0x03, 0xF0, 0xFF, 0xC3, 0xCF, 0x1F, 0x3C,
    0x7C, 0xF1, 0xE3, 0xDF, 0x8F, 0xFC, 0x3F, 0xE0, 0xFF, 0x00, 0x03, 0xE0, 0x01, 0xF0, 0x00, 0xF8,
    0x00, 0xFE, 0x01, 0xFF, 0xC1, 0xFF, 0xF0, 0xFF, 0xF8, 0xFF, 0xFE, 0x7B, 0xEF, 0x3D, 0xF7, 0xFE,
    0xFB, 0xFF, 0x7D, 0xFF, 0xBE, 0x7F, 0xDF, 0x3C, 0x3F, 0xFC, 0x1F, 0xFF, 0x0F, 0xFF, 0xC7, 0xC3,
    0xF3, 0xE0, 0xF9, 0xF0, 0x7C, 0xF8, 0x3E, 0x7C, 0x3F, 0xFF, 0xFF, 0x7F, 0xFF, 0x3F, 0xFF, 0x07,
    0xC0, 0x03, 0xE0, 0x07, 0xFF, 0x03, 0xFF, 0x81, 0xFF, 0xC0, 0x3E, 0x00, 0x1F, 0x00, 0x00, 0x07,
    0x70, 0x03, 0xF8, 0x07, 0xFF, 0x07, 0xFF, 0xC3, 0xF7, 0xE3, 0xFB, 0xF9, 0xFD, 0xFC, 0xFE, 0xFE,
    0xFF, 0x7F, 0xFF, 0xBF, 0xFE, 0x00, 0x0F, 0x00, 0x07, 0x80, 0x03, 0xE0, 0x00, 0xFC, 0x01, 0xFF,
    0xFF, 0xFF, 0xFF, 0xFF, 0xFF, 0xC0, 0x0D, 0x80, 0x1B, 0x00, 0x36, 0x07, 0xFF, 0x8F, 0xFF, 0x9F,
    0xFF, 0xBE, 0x1F, 0x7C, 0x1E, 0xF8, 0x3D, 0xF0, 0xFB, 0xFF, 0xE7, 0xFF, 0x8F, 0xFF, 0xDF, 0x1F,
    0xBE, 0x0F, 0xFC, 0x1F, 0xF8, 0x3F, 0xF0, 0xFF, 0xFF, 0xF7, 0xFF, 0xEF, 0xFF, 0x01, 0xB0, 0x03,
    0x60, 0x06, 0xC0, 0x1F, 0x8F, 0xF9, 0xFE, 0x7C, 0xCE, 0x01, 0xC0, 0x38, 0x07, 0xDC, 0x7F, 0xCF,
    0xF8, 0x7C, 0x00, 0x0F, 0xFF, 0xFF, 0xFF, 0xF8, 0x00, 0x40, 0x00, 0x1C, 0x00, 0x07, 0x80, 0x01,
    0xF0, 0x00, 0x7C, 0x00, 0x1F, 0x00, 0x07, 0xC0, 0x01, 0xF0, 0x00, 0x7F, 0xFF, 0xFF, 0xFF, 0xFD,
    0xFF, 0xFF, 0x9F, 0x00, 0x01, 0xF0, 0x00, 0x1F, 0x00, 0x01, 0xF0, 0x00, 0x1F, 0x00, 0x01, 0xE0,
    0x00, 0x1C, 0x00, 0x01, 0x00, 0x00, 0x00, 0x40, 0x00, 0x1C, 0x00, 0x07, 0xC0, 0x01, 0xFC, 0x00,
    0x7F, 0xC0, 0x1F, 0xFC, 0x07, 0xBF, 0xC1, 0xFF, 0x7C, 0x7D, 0xE7, 0xDF, 0x3C, 0x79, 0xC7, 0x86,
    0x00, 0xF0, 0x00, 0x1E, 0x00, 0x03, 0xC0, 0x00, 0x78, 0x00, 0x0F, 0x00, 0x01, 0xE0, 0x00, 0x3C,
    0x00, 0x07, 0x80, 0x00, 0x00, 0x40, 0x00, 0x1C, 0x00, 0x07, 0xC0, 0x00, 0x7C, 0x00, 0x07, 0xC0,
    0x00, 0x7C, 0x00, 0x07, 0xC0, 0x00, 0x7C, 0xFF, 0xFF, 0xDF, 0xFF, 0xFF, 0xFF, 0xFF, 0x00, 0x07,
    0xC0, 0x01, 0xF0, 0x00, 0x7C, 0x00, 0x1F, 0x00, 0x07, 0xC0, 0x01, 0xF0, 0x00, 0x1C, 0x00, 0x01,
    0x00, 0x00, 0x01, 0xE0, 0x00, 0x3C, 0x00, 0x07, 0x80, 0x00, 0xF0, 0x00, 0x1E, 0x00, 0x03, 0xC0,
    0x00, 0x78, 0x00, 0x0F, 0x00, 0x71, 0xE1, 0x9F, 0x3C, 0x79, 0xF7, 0x9F, 0x1F, 0xF7, 0xC1, 0xEF,
    0xF0, 0x1F, 0xFC, 0x01, 0xFF, 0x00, 0x1F, 0xC0, 0x01, 0xF0, 0x00, 0x1C, 0x00, 0x01, 0x00, 0x00,
    0x00, 0xC0, 0x0C, 0x00, 0x07, 0x80, 0x78, 0x00, 0x3E, 0x01, 0xF0, 0x01, 0xF0, 0x03, 0xE0, 0x0F,
    0x80, 0x07, 0xC0, 0x7C, 0x00, 0x0F, 0x83, 0xE0, 0x00, 0x1F, 0x1F, 0xFF, 0xFF, 0xFC, 0xFF, 0xFF,
    0xFF, 0xF9, 0xFF, 0xFF, 0xFF, 0xE3, 0xE0, 0x00, 0x1F, 0x07, 0xC0, 0x00, 0xF8, 0x0F, 0x80, 0x07,
    0xC0, 0x1F, 0x00, 0x3E, 0x00, 0x3E, 0x01, 0xF0, 0x00, 0x78, 0x07, 0x80, 0x00, 0xC0, 0x0C, 0x00,
    0x00, 0x00, 0x00, 0xE0, 0x00, 0xF8, 0x00, 0xFE, 0x00, 0xFF, 0x80, 0xFF, 0xE0, 0xFF, 0xF8, 0xFB,
    0xBE, 0xF9, 0xEF, 0xF8, 0xF3, 0xD8, 0x78, 0xC0, 0x3C, 0x00, 0x1E, 0x00, 0x0F, 0x00, 0x07, 0x80,
    0x03, 0xC0, 0x01, 0xE0, 0x00, 0xF0, 0x00, 0x78, 0x04, 0x3C, 0x67, 0x1E, 0x7F, 0xCF, 0x7D, 0xF7,
    0xFC, 0x7F, 0xFC, 0x1F, 0xFC, 0x07, 0xFC, 0x01, 0xFC, 0x00, 0x7C, 0x00, 0x1C, 0x00, 0x00, 0x00,
    0xFF, 0xFB, 0xFF, 0xEF, 0xFF, 0xBF, 0x00, 0xFE, 0x03, 0xFC, 0x0E, 0xF8, 0x39, 0xF0, 0xE3, 0xE3,
    0x87, 0xCE, 0x0F, 0xB8, 0x1F, 0xE0, 0x3C, 0x00, 0x40, 0x3F, 0xFE, 0x7F, 0xFC, 0xFF, 0xF8, 0x03,
    0xF0, 0x0F, 0xE0, 0x3F, 0xC1, 0xFF, 0x87, 0xEF, 0x1F, 0x9E, 0x7E, 0x3D, 0xF8, 0x7B, 0xE0, 0xF7,
    0x81, 0xE6, 0x00, 0x00, 0x30, 0x00, 0xF0, 0x3D, 0xF0, 0x7B, 0xF0, 0xF3, 0xF1, 0xE3, 0xF3, 0xC3,
    0xF7, 0x83, 0xFF, 0x03, 0xFE, 0x03, 0xFC, 0x01, 0xF9, 0xFF, 0xF3, 0xFF, 0xE7, 0xFF, 0xC0, 0x00,
    0x13, 0x80, 0xEE, 0x07, 0xF8, 0x3E, 0xE1, 0xF3, 0x8F, 0x8E, 0x7C, 0x3B, 0xE0, 0xFF, 0x03, 0xF8,
    0x0F, 0xC0, 0x3F, 0xFE, 0xFF, 0xFB, 0xFF, 0xE0, 0x00, 0x00, 0x7C, 0x00, 0x00, 0x3F, 0x00, 0x30,
    0x1F, 0xC0, 0x3C, 0x01, 0xF0, 0x3E, 0x00, 0x78, 0x3E, 0x00, 0x3C, 0x3E, 0x00, 0x1E, 0x3E, 0x00,
    0x0F, 0x3E, 0x00, 0x0F, 0xBF, 0xFF, 0xFF, 0xBF, 0xFF, 0xFF, 0x8F, 0xFF, 0xFF, 0x83, 0xE0, 0x00,
    0x00, 0xF8, 0x00, 0x00, 0x3E, 0x00, 0x00, 0x0F, 0x80, 0x00, 0x03, 0xE0, 0x00, 0x00, 0xF0, 0x00,
    0x00, 0x38, 0x00, 0x00, 0x08, 0x00, 0x00, 0x1F, 0x00, 0x00, 0x1F, 0x80, 0x00, 0x1F, 0xC0, 0x60,
    0x1F, 0x00, 0x78, 0x0F, 0x00, 0x3E, 0x07, 0x80, 0x0F, 0x83, 0xC0, 0x03, 0xE1, 0xE0, 0x00, 0xF8,
    0xF8, 0x00, 0x3E, 0x3F, 0xFF, 0xFF, 0x8F, 0xFF, 0xFF, 0xE3, 0xFF, 0xFF, 0xE0, 0x00, 0x03, 0xE0,
    0x00, 0x03, 0xE0, 0x00, 0x03, 0xE0, 0x00, 0x03, 0xE0, 0x00, 0x03, 0xE0, 0x00, 0x03, 0xE0, 0x00,
    0x00, 0xE0, 0x00, 0x00, 0x20, 0x00, 0x00, 0x00, 0x00, 0x30, 0x00, 0x03, 0x80, 0x00, 0x3C, 0x00,
    0x03, 0xE0, 0x00, 0x3F, 0xFF, 0xFF, 0xFF, 0xFF, 0xEF, 0xFF, 0xFF, 0x3E, 0x00, 0x38, 0xF0, 0x01,
    0xC3, 0x80, 0x0E, 0x0C, 0x00, 0x70, 0x20, 0x03, 0x80, 0x00, 0x1C, 0x00, 0x00, 0xE0, 0x00, 0x07,
    0x00, 0x00, 0x38, 0x00, 0x01, 0xC0, 0x00, 0x0E, 0x00, 0x00, 0x70, 0x00, 0x00, 0x00, 0x00, 0x18,
    0x00, 0x00, 0xE0, 0x00, 0x07, 0x80, 0x00, 0x3E, 0x7F, 0xFF, 0xFB, 0xFF, 0xFF, 0xFF, 0xFF, 0xFE,
    0xF0, 0x03, 0xE7, 0x80, 0x1E, 0x3C, 0x00, 0xE1, 0xE0, 0x06, 0x0F, 0x00, 0x20, 0x78, 0x00, 0x03,
    0xC0, 0x00, 0x1E, 0x00, 0x00, 0xF0, 0x00, 0x07, 0x80, 0x00, 0x3C, 0x00, 0x01, 0xE0, 0x00, 0x00,
    0xF0, 0x00, 0x07, 0x80, 0x00, 0x3C, 0x00, 0x01, 0xE0, 0x00, 0x0F, 0x00, 0x00, 0x78, 0x01, 0x83,
    0xC0, 0x0E, 0x1E, 0x00, 0x78, 0xF0, 0x03, 0xE7, 0xFF, 0xFF, 0xBF, 0xFF, 0xFF, 0xFF, 0xFF, 0xE0,
    0x00, 0x3E, 0x00, 0x01, 0xE0, 0x00, 0x0E, 0x00, 0x00, 0x60, 0x00, 0x00, 0x00, 0xFF, 0xFC, 0x3F,
    0xFF, 0x0F, 0xFF, 0xC0, 0x00, 0xF0, 0x00, 0x3C, 0x00, 0x0F, 0x00, 0x03, 0xC0, 0x00, 0xF0, 0x00,
    0x3C, 0x00, 0x0F, 0x00, 0x03, 0xC0, 0x00, 0xF0, 0x03, 0xFF, 0xC0, 0xFF, 0xE0, 0x1F, 0xF0, 0x03,
    0xF8, 0x00, 0x7C, 0x00, 0x0E, 0x00, 0x01, 0x80, 0x00, 0x00, 0x38, 0x00, 0x01, 0xC0, 0x00, 0x0E,
    0x00, 0x00, 0x70, 0x00, 0x03, 0x83, 0x00, 0x1C, 0x38, 0x00, 0xE3, 0xC0, 0x07, 0x3E, 0x00, 0x3B,
    0xFF, 0xFF, 0xFF, 0xFF, 0xFE, 0xFF, 0xFF, 0xF3, 0xE0, 0x00, 0x0F, 0x00, 0x00, 0x38, 0x00, 0x00,
    0xC0, 0x00, 0x02, 0x00, 0x00, 0x00, 0x00, 0x00, 0x06, 0x00, 0x00, 0xE0, 0x00, 0x1E, 0x00, 0x03,
    0xE0, 0x00, 0x7F, 0xC0, 0x0F, 0xFF, 0x00, 0x7F, 0xF8, 0x03, 0xEF, 0xC0, 0x1E, 0x3C, 0x00, 0xE1,
    0xE0, 0x06, 0x1E, 0x00, 0x00, 0xE0, 0x00, 0x0E, 0x70, 0x00, 0xE7, 0x00, 0x0E, 0x78, 0x01, 0xE7,
    0x80, 0x3E, 0x3C, 0x07, 0xC3, 0xF1, 0xFC, 0x1F, 0xFF, 0x80, 0xFF, 0xF0, 0x03, 0xFC, 0x00, 0x00,
    0x00, 0x00, 0x06, 0x00, 0x00, 0x70, 0x00, 0x07, 0x80, 0x00, 0x7C, 0x00, 0x3F, 0xE0, 0x0F, 0xFF,
    0x01, 0xFF, 0xE0, 0x3F, 0x7C, 0x03, 0xC7, 0x80, 0x78, 0x70, 0x07, 0x86, 0x00, 0x70, 0x00, 0x0F,
    0x00, 0x00, 0x70, 0x00, 0xE7, 0x00, 0x0E, 0x78, 0x01, 0xE7, 0x80, 0x3E, 0x3C, 0x07, 0xC3, 0xF1,
    0xFC, 0x1F, 0xFF, 0x80, 0xFF, 0xF0, 0x03, 0xFC, 0x00, 0x00, 0xC0, 0x00, 0x3C, 0x00, 0x0F, 0x80,
    0x03, 0xE0, 0x00, 0xF8, 0x00, 0x1F, 0xFF, 0xC7, 0xFF, 0xF9, 0xFF, 0xFF, 0x78, 0x00, 0x1F, 0x00,
    0x01, 0xFF, 0xFF, 0x9F, 0xFF, 0xF1, 0xFF, 0xFE, 0x1F, 0x00, 0x01, 0xF0, 0x00, 0x1F, 0x00, 0x01,
    0xE0, 0x00, 0x18, 0x00, 0x00, 0x00, 0x00, 0x00, 0x00, 0x00, 0x1C, 0x00, 0x07, 0xC0, 0x00, 0x7C,
    0x00, 0x07, 0x80, 0x00, 0x78, 0x3F, 0xFF, 0x87, 0xFF, 0xF8, 0xFF, 0xFF, 0x80, 0x00, 0xF8, 0x00,
    0x1F, 0x7F, 0xFF, 0xCF, 0xFF, 0xF9, 0xFF, 0xFE, 0x00, 0x0F, 0x80, 0x03, 0xE0, 0x00, 0xF8, 0x00,
    0x3E, 0x00, 0x03, 0x80, 0x00, 0x00, 0x00, 0x00, 0x00, 0x00, 0x00, 0x03, 0x00, 0x60, 0x00, 0x1E,
    0x03, 0xC0, 0x00, 0xF8, 0x0F, 0x80, 0x07, 0xC0, 0x1F, 0x00, 0x3E, 0x00, 0x3E, 0x01, 0xFF, 0xFF,
    0xFC, 0x0F, 0xFF, 0xFF, 0xF8, 0x7F, 0xFF, 0xFF, 0xF1, 0xE0, 0x00, 0x03, 0xEF, 0x80, 0x00, 0x0F,
    0x9F, 0xFF, 0xFF, 0xFC, 0x3F, 0xFF, 0xFF, 0xE0, 0x7F, 0xFF, 0xFF, 0x00, 0xF8, 0x00, 0xF8, 0x01,
    0xF0, 0x07, 0xC0, 0x03, 0xE0, 0x3E, 0x00, 0x07, 0x80, 0xF0, 0x00, 0x0C, 0x01, 0x80, 0x00, 0x00,
    0x00, 0x00, 0x03, 0x00, 0x3C, 0x03, 0xE0, 0x3F, 0x83, 0xFE, 0x3F, 0xF9, 0xFF, 0xE0, 0xF0, 0x07,
    0x81, 0xFF, 0x8F, 0xFC, 0x7F, 0xC0, 0x78, 0x1F, 0xF0, 0xFF, 0xC7, 0xFE, 0x07, 0x80, 0x3C, 0x01,
    0xE0, 0x0F, 0x00, 0x07, 0x80, 0x3C, 0x01, 0xE0, 0x0F, 0x03, 0xFF, 0x1F, 0xF8, 0xFF, 0x80, 0xF0,
    0x3F, 0xE1, 0xFF, 0x8F, 0xFC, 0x0F, 0x00, 0x78, 0x3F, 0xFD, 0xFF, 0xC7, 0xFC, 0x1F, 0xC0, 0x7C,
    0x01, 0xC0, 0x06, 0x00, 0xE0, 0x00, 0x03, 0xC0, 0x80, 0x0F, 0x06, 0x00, 0x3C, 0x38, 0x00, 0xF1,
    0xE0, 0x03, 0xCF, 0xFF, 0xFF, 0x7F, 0xFF, 0xFD, 0xFF, 0xFF, 0xF3, 0xE0, 0x03, 0xC7, 0x80, 0x0F,
    0x0E, 0x00, 0x3C, 0x18, 0x00, 0xE0, 0x20, 0x00, 0x00, 0x10, 0x1C, 0x00, 0x60, 0x70, 0x01, 0xC1,
    0xC0, 0x07, 0x87, 0x00, 0x1F, 0x1F, 0xFF, 0xFE, 0x7F, 0xFF, 0xF9, 0xFF, 0xFF, 0xE7, 0x00, 0x1F,
    0x1C, 0x00, 0x78, 0x70, 0x01, 0xC1, 0xC0, 0x06, 0x07, 0x00, 0x10, 0x1C, 0x00, 0x08, 0x00, 0x00,
    0x0E, 0x00, 0x00, 0x0F, 0x80, 0x00, 0x0F, 0xE0, 0x00, 0x0F, 0xF8, 0x00, 0x0F, 0x9E, 0x00, 0x0F,
    0x87, 0x80, 0x0F, 0x81, 0xE0, 0x0F, 0x80, 0x78, 0x0F, 0x80, 0x1E, 0x0F, 0xF0, 0x7F, 0x8F, 0xF8,
    0x3F, 0xE7, 0xFC, 0x1F, 0xF0, 0x1E, 0x0F, 0x00, 0x0F, 0x07, 0x80, 0x07, 0x83, 0xC0, 0x03, 0xC1,
    0xE0, 0x01, 0xFF, 0xF0, 0x00, 0xFF, 0xF8, 0x00, 0x7F, 0xFC, 0x00, 0x00, 0x08, 0x00, 0x00, 0x0E,
    0x00, 0x00, 0x0F, 0x80, 0x00, 0x0F, 0xE0, 0x00, 0x0F, 0xF8, 0x00, 0x0F, 0x9E, 0x00, 0x0F, 0x87,
    0x80, 0x0F, 0x81, 0xE0, 0x0F, 0x80, 0x78, 0x0F, 0x80, 0x1E, 0x0F, 0xF0, 0x7F, 0x8F, 0xF8, 0x3F,
    0xE7, 0xFC, 0x1F, 0xF0, 0x1E, 0x0F, 0x00, 0x0F, 0x07, 0x80, 0x07, 0xFF, 0xC0, 0x03, 0xFF, 0xE0,
    0x00, 0xFF, 0xE0, 0x00, 0x00, 0x00, 0x00, 0x7F, 0xFC, 0x00, 0x3F, 0xFE, 0x00, 0x1E, 0x0F, 0x00,
    0x0F, 0x07, 0x80, 0x07, 0xFF, 0xC0, 0x03, 0xFF, 0xE0, 0x00, 0x1F, 0xC0, 0xFF, 0x81, 0xFF, 0x06,
    0x7E, 0x00, 0x78, 0x01, 0xF0, 0xFF, 0xCF, 0xFF, 0x3F, 0xFD, 0xFB, 0xF7, 0x83, 0xDE, 0x0F, 0x78,
    0x3D, 0xE0, 0xF7, 0x87, 0xDF, 0x3E, 0x3F, 0xF8, 0x7F, 0xC0, 0xFE, 0x00, 0x00, 0x00, 0x0F, 0xE6,
    0x1F, 0xFC, 0x3F, 0xFC, 0x7E, 0xFC, 0x78, 0xFE, 0xF9, 0xFE, 0xF3, 0xDE, 0xF7, 0x9E, 0xFF, 0x1E,
    0x7E, 0x3E, 0x7E, 0xFC, 0x3F, 0xF8, 0x7F, 0xF0, 0xEF, 0xE0, 0x40, 0x00, 0x03, 0xF0, 0x00, 0xFE,
    0x00, 0x3F, 0x80, 0x1F, 0xE0, 0x07, 0xFC, 0x01, 0xFF, 0x00, 0xFB, 0xC0, 0x3C, 0xF8, 0x0F, 0x3E,
    0x07, 0xC7, 0x81, 0xE1, 0xF0, 0xF8, 0x7C, 0x3E, 0x0F, 0x0F, 0x03, 0xE7, 0xC0, 0xF9, 0xFF, 0xFE,
    0x7F, 0xFF, 0xFF, 0xFF, 0xF0, 0xFF, 0xFF, 0xFF, 0xFF, 0xFF, 0xFF, 0xC0, 0xFF, 0x81, 0xFF, 0x03,
    0xFE, 0x07, 0xFC, 0x0F, 0xF8, 0x1F, 0xF0, 0x3F, 0xE0, 0x7F, 0xC0, 0xFF, 0x81, 0xFF, 0x03, 0xFE,
    0x07, 0xFC, 0x0F, 0xF8, 0x1F, 0xF0, 0x3F, 0xE0, 0x7F, 0xC0, 0xFF, 0x81, 0xFE, 0x03, 0xC0, 0xFF,
    0xFF, 0xFF, 0xFF, 0x7F, 0xFF, 0x3E, 0x00, 0x1F, 0x00, 0x1F, 0x80, 0x0F, 0x80, 0x07, 0xC0, 0x03,
    0xE0, 0x01, 0xF0, 0x00, 0xF0, 0x01, 0xF0, 0x03, 0xE0, 0x07, 0xC0, 0x0F, 0x80, 0x1F, 0x00, 0x1F,
    0x00, 0x3E, 0x00, 0x7F, 0xFF, 0xFF, 0xFF, 0xFF, 0xFF, 0xFF, 0xFF, 0xFF, 0xFF, 0xFE, 0x00, 0x1C,
    0x00, 0x38, 0x00, 0xF0, 0x01, 0xE0, 0x03, 0x80, 0x0F, 0x00, 0x1E, 0x00, 0x38, 0x00, 0x71, 0xF9,
    0xE3, 0xF3, 0xC7, 0xF7, 0x01, 0xFE, 0x01, 0xFC, 0x03, 0xF0, 0x07, 0xE0, 0x07, 0xC0, 0x0F, 0x80,
    0x1E, 0x00, 0x1F, 0x83, 0xF0, 0xFF, 0x9F, 0xF1, 0xFF, 0xFF, 0xF7, 0xDF, 0xFB, 0xEF, 0x0F, 0xE1,
    0xFE, 0x0F, 0x83, 0xFC, 0x3F, 0x87, 0xFD, 0xFF, 0xBE, 0x7F, 0xFF, 0xFC, 0xFF, 0xDF, 0xF0, 0x7E,
    0x1F, 0xC0, 0x07, 0xE1, 0xFC, 0x3F, 0x8F, 0x81, 0xF0, 0x3C, 0x07, 0x80, 0xF0, 0x1E, 0x03, 0xC0,
    0x78, 0x0F, 0x01, 0xE0, 0x3C, 0x07, 0x80, 0xF0, 0x1E, 0x03, 0xC0, 0x78, 0x0F, 0x01, 0xE0, 0x3C,
    0x07, 0x87, 0xF0, 0xFC, 0x1F, 0x00, 0xF7, 0xFF, 0xE0, 0x00, 0x00, 0x07, 0xBF, 0xFF, 0x00, 0x3E,
    0x1C, 0xFF, 0x79, 0xFF, 0xF3, 0xDF, 0xE7, 0x1F, 0x80, 0x00, 0x0F, 0x87, 0x3F, 0xDE, 0x7F, 0xFC,
    0xF7, 0xF9, 0xC7, 0xE0, 0x01, 0xE0, 0x0E, 0x3F, 0xFF, 0xFF, 0xFF, 0xFF, 0x83, 0xC0, 0x1C, 0x01,
    0xE0, 0xFF, 0xFF, 0xFF, 0xFF, 0xFE, 0x38, 0x03, 0xC0, 0x1E, 0x00, 0x00, 0x38, 0x0F, 0xC7, 0xFF,
    0xFF, 0xEF, 0xF0, 0x7F, 0x03, 0xFF, 0x87, 0xFF, 0x07, 0xF8, 0x03, 0xC0, 0x01, 0xFF, 0xFF, 0xFF,
    0xFF, 0xFC, 0xE0, 0x07, 0xE0, 0x3F, 0xF0, 0xFF, 0xF0, 0xFF, 0x81, 0xFC, 0xFF, 0xFF, 0xFC, 0xFF,
    0x07, 0x80, 0x00, 0x01, 0xFF, 0xFF, 0xFF, 0xFF, 0xFC, 0x00, 0x0F, 0xFC, 0x00, 0x00, 0x07, 0xFF,
    0xF0, 0x00, 0x03, 0xFF, 0xFF, 0x80, 0x00, 0xFF, 0x8F, 0xF8, 0x00, 0x3F, 0x00, 0x1F, 0x80, 0x0F,
    0x80, 0x00, 0xF8, 0x03, 0xE0, 0x00, 0x0F, 0x80, 0xF0, 0x00, 0x00, 0xF8, 0x3C, 0x00, 0x00, 0x0F,
    0x07, 0x80, 0x3C, 0x00, 0xF1, 0xE0, 0x07, 0x80, 0x0E, 0x3C, 0x00, 0xF0, 0x01, 0xE7, 0x00, 0x1E,
    0x00, 0x1D, 0xE0, 0x03, 0xC0, 0x03, 0xBC, 0x00, 0x78, 0x00, 0x7F, 0x00, 0x0F, 0x00, 0x0F, 0xE0,
    0x7F, 0xFF, 0xC1, 0xFC, 0x0F, 0xFF, 0xF8, 0x1F, 0x81, 0xFF, 0xFF, 0x03, 0xF0, 0x00, 0xF0, 0x00,
    0xFE, 0x00, 0x1E, 0x00, 0x1F, 0xE0, 0x03, 0xC0, 0x03, 0x9C, 0x00, 0x78, 0x00, 0x73, 0x80, 0x0F,
    0x00, 0x1E, 0x78, 0x01, 0xE0, 0x03, 0x87, 0x80, 0x3C, 0x00, 0xF0, 0xF0, 0x00, 0x00, 0x3C, 0x0F,
    0x00, 0x00, 0x07, 0x80, 0xF0, 0x00, 0x03, 0xE0, 0x1F, 0x80, 0x00, 0xF8, 0x01, 0xFC, 0x00, 0x7E,
    0x00, 0x0F, 0xF0, 0x7F, 0x80, 0x00, 0xFF, 0xFF, 0xE0, 0x00, 0x07, 0xFF, 0xF0, 0x00, 0x00, 0x3F,
    0xF8, 0x00, 0x00, 0x00, 0x0F, 0xFC, 0x00, 0x00, 0x07, 0xFF, 0xF0, 0x00, 0x03, 0xFF, 0xFF, 0x80,
    0x00, 0xFF, 0x8F, 0xF8, 0x00, 0x3F, 0x00, 0x1F, 0x80, 0x0F, 0x80, 0x00, 0xF8, 0x03, 0xE0, 0x00,
    0x0F, 0x80, 0xF0, 0x00, 0x00, 0xF8, 0x3C, 0x00, 0x00, 0x0F, 0x07, 0x80, 0x00, 0x00, 0xF1, 0xE0,
    0x00, 0x00, 0x0E, 0x3C, 0x00, 0x00, 0x01, 0xE7, 0x00, 0x00, 0x00, 0x1D, 0xE0, 0x00, 0x00, 0x03,
    0xBC, 0x00, 0x00, 0x00, 0x7F, 0x00, 0x00, 0x00, 0x0F, 0xE0, 0x1F, 0xFF, 0x01, 0xFC, 0x03, 0xFF,
    0xE0, 0x1F, 0x80, 0x7F, 0xFC, 0x03, 0xF0, 0x00, 0x00, 0x00, 0xFE, 0x00, 0x00, 0x00, 0x1F, 0xE0,
    0x00, 0x00, 0x03, 0x9C, 0x00, 0x00, 0x00, 0x73, 0x80, 0x00, 0x00, 0x1E, 0x78, 0x00, 0x00, 0x03,
    0x87, 0x80, 0x00, 0x00, 0xF0, 0xF0, 0x00, 0x00, 0x3C, 0x0F, 0x00, 0x00, 0x07, 0x80, 0xF0, 0x00,
    0x03, 0xE0, 0x1F, 0x80, 0x00, 0xF8, 0x01, 0xFC, 0x00, 0x7E, 0x00, 0x0F, 0xF0, 0x7F, 0x80, 0x00,
    0xFF, 0xFF, 0xE0, 0x00, 0x07, 0xFF, 0xF0, 0x00, 0x00, 0x3F, 0xF8, 0x00, 0x00, 0x00, 0x0F, 0xFC,
    0x00, 0x00, 0x07, 0xFF, 0xF0, 0x00, 0x03, 0xFF, 0xFF, 0x80, 0x00, 0xFF, 0x8F, 0xF8, 0x00, 0x3F,
    0x00, 0x1F, 0x80, 0x0F, 0x80, 0x00, 0xF8, 0x03, 0xE0, 0x00, 0x0F, 0x80, 0xF0, 0x00, 0x00, 0xF8,
    0x3C, 0x00, 0x00, 0x0F, 0x07, 0x80, 0x00, 0x00, 0xF1, 0xE0, 0x00, 0x00, 0x0E, 0x3C, 0x02, 0x02,
    0x01, 0xE7, 0x00, 0xE0, 0xE0, 0x1D, 0xE0, 0x3E, 0x3E, 0x03, 0xBC, 0x07, 0xEF, 0x80, 0x7F, 0x00,
    0x7F, 0xE0, 0x0F, 0xE0, 0x07, 0xF8, 0x01, 0xFC, 0x00, 0x7E, 0x00, 0x1F, 0x80, 0x0F, 0xE0, 0x03,
    0xF0, 0x03, 0xFE, 0x00, 0xFE, 0x00, 0xFF, 0xE0, 0x1F, 0xE0, 0x3E, 0x7E, 0x03, 0x9C, 0x07, 0x87,
    0xC0, 0x73, 0x80, 0x60, 0x70, 0x1E, 0x78, 0x00, 0x00, 0x03, 0x87, 0x80, 0x00, 0x00, 0xF0, 0xF0,
    0x00, 0x00, 0x3C, 0x0F, 0x00, 0x00, 0x07, 0x80, 0xF0, 0x00, 0x03, 0xE0, 0x1F, 0x80, 0x00, 0xF8,
    0x01, 0xFC, 0x00, 0x7E, 0x00, 0x0F, 0xF0, 0x7F, 0x80, 0x00, 0xFF, 0xFF, 0xE0, 0x00, 0x07, 0xFF,
    0xF0, 0x00, 0x00, 0x3F, 0xF8, 0x00, 0x00, 0x00, 0x0F, 0xFC, 0x00, 0x00, 0x07, 0xFF, 0xF0, 0x00,
    0x03, 0xFF, 0xFF, 0x80, 0x00, 0xFF, 0x8F, 0xF8, 0x00, 0x3F, 0x00, 0x1F, 0x80, 0x0F, 0x80, 0x00,
    0xF8, 0x03, 0xE0, 0x00, 0x0F, 0x80, 0xF0, 0x00, 0x00, 0xF8, 0x3C, 0x00, 0x00, 0x0F, 0x07, 0x80,
    0x00, 0x00, 0xF1, 0xE0, 0x00, 0x18, 0x0E, 0x3C, 0x00, 0x07, 0x81, 0xE7, 0x00, 0x01, 0xF0, 0x1D,
    0xE0, 0x00, 0x7C, 0x03, 0xBC, 0x00, 0x1F, 0x00, 0x7F, 0x00, 0x03, 0xE0, 0x0F, 0xE0, 0x00, 0xF8,
    0x01, 0xFC, 0x00, 0x3E, 0x00, 0x1F, 0x80, 0x0F, 0x80, 0x03, 0xF0, 0x03, 0xE0, 0x00, 0xFE, 0x00,
    0xF8, 0x00, 0x1F, 0xE0, 0x1F, 0x00, 0x03, 0x9C, 0x07, 0xC0, 0x00, 0x73, 0x81, 0xF0, 0x00, 0x1E,
    0x78, 0x1C, 0x00, 0x03, 0x87, 0x80, 0x00, 0x00, 0xF0, 0xF0, 0x00, 0x00, 0x3C, 0x0F, 0x00, 0x00,
    0x07, 0x80, 0xF0, 0x00, 0x03, 0xE0, 0x1F, 0x80, 0x00, 0xF8, 0x01, 0xFC, 0x00, 0x7E, 0x00, 0x0F,
    0xF0, 0x7F, 0x80, 0x00, 0xFF, 0xFF, 0xE0, 0x00, 0x07, 0xFF, 0xF0, 0x00, 0x00, 0x3F, 0xF8, 0x00,
    0x00, 0x00, 0x00, 0x00, 0x00, 0x00, 0x07, 0x9C, 0x00, 0x03, 0xCF, 0x00, 0x01, 0xE7, 0x80, 0x00,
    0xF3, 0xC0, 0x00, 0x7F, 0xE0, 0x00, 0x3F, 0xF0, 0x00, 0x1F, 0x7F, 0x00, 0xFF, 0x3F, 0xFF, 0xFF,
    0x8F, 0xFF, 0xFF, 0x83, 0xFF, 0xFF, 0x00, 0x3F, 0xFC, 0x00, 0x00, 0x00, 0x00, 0x01, 0xDC, 0x00,
    0x00, 0xEE, 0x00, 0x00, 0x77, 0x00, 0x00, 0x1F, 0x00, 0x00, 0x07, 0x00, 0x00, 0x03, 0x80, 0x00,
    0x01, 0x80, 0x00, 0x70, 0x00, 0x00, 0x00, 0xF0, 0x00, 0x00, 0x01, 0xE0, 0x00, 0x0E, 0x03, 0xC0,
    0x00, 0x3E, 0x0F, 0x80, 0x00, 0xFC, 0x1F, 0x00, 0x03, 0xF8, 0x1F, 0xC0, 0xFF, 0xFF, 0x3F, 0xFF,
    0xFF, 0xFF, 0x3F, 0xFF, 0xFD, 0xFE, 0x3F, 0xFF, 0xE1, 0xFC, 0x0F, 0xFC, 0x00, 0x00, 0x00, 0x00,
    0x00, 0x00, 0x07, 0x60, 0x00, 0x00, 0x0F, 0xE0, 0x00, 0x00, 0x1D, 0xC0, 0x00, 0x00, 0x1F, 0x00,
    0x00, 0x00, 0x1C, 0x00, 0x00, 0x00, 0x38, 0x00, 0x00, 0x00, 0x60, 0x00, 0x00, 0x0E, 0x3E, 0x1E,
    0x1E, 0x1F, 0x1F, 0x0F, 0x1F, 0xFF, 0xFE, 0xFE, 0xF8, 0x00, 0x00, 0x6E, 0xFE, 0xFE, 0x7C, 0x38,
    0x38, 0x18, 0x0E, 0x00, 0x78, 0x07, 0xC0, 0x3E, 0x01, 0xF0, 0x7F, 0xFB, 0xFF, 0xDF, 0xFF, 0xF3,
    0xF0, 0x00, 0x00, 0x00, 0xEE, 0x07, 0xF0, 0x3B, 0x80, 0xF8, 0x03, 0x80, 0x1C, 0x00, 0x60, 0x00,
    0x00, 0x30, 0x00, 0x00, 0x18, 0x00, 0x00, 0x0F, 0xC0, 0x00, 0x07, 0xE0, 0x00, 0x03, 0xB0, 0x00,
    0x03, 0xF8, 0x00, 0x01, 0xF8, 0x00, 0x00, 0x00, 0x1E, 0x70, 0x00, 0x0F, 0x3C, 0x00, 0x07, 0x9E,
    0x00, 0x03, 0xCF, 0x00, 0x01, 0xFF, 0x80, 0x00, 0xFF, 0xC0, 0x00, 0x7D, 0xFC, 0x03, 0xFC, 0xFF,
    0xFF, 0xFE, 0x3F, 0xFF, 0xFE, 0x0F, 0xFF, 0xFC, 0x00, 0xFF, 0xF0, 0x00, 0x00, 0x38, 0x00, 0x00,
    0x00, 0x70, 0x00, 0x00, 0x00, 0xFC, 0x00, 0x00, 0x00, 0xFC, 0x00, 0x00, 0x03, 0xB8, 0x00, 0x00,
    0x0F, 0xF0, 0x00, 0x00, 0x1F, 0xC0, 0x00, 0x00, 0x00, 0x00, 0x00, 0x70, 0x00, 0x00, 0x00, 0xF0,
    0x00, 0x00, 0x01, 0xE0, 0x00, 0x0E, 0x03, 0xC0, 0x00, 0x3E, 0x0F, 0x80, 0x00, 0xFC, 0x1F, 0x00,
    0x03, 0xF8, 0x1F, 0xC0, 0xFF, 0xFF, 0x3F, 0xFF, 0xFF, 0xFF, 0x3F, 0xFF, 0xFD, 0xFE, 0x3F, 0xFF,
    0xE1, 0xFC, 0x0F, 0xFC, 0x00, 0x00, 0x60, 0x60, 0x7E, 0x7E, 0x77, 0xFE, 0xFC, 0x00, 0x00, 0x1C,
    0x3C, 0x3C, 0x3E, 0x3E, 0x1E, 0x1E, 0x1E, 0xFE, 0xFE, 0xFC, 0xF8, 0x00, 0x1C, 0x00, 0xE0, 0x07,
    0xE0, 0x3F, 0x81, 0xDC, 0x1F, 0xC0, 0xFE, 0x00, 0x00, 0x00, 0x00, 0x70, 0x03, 0xC0, 0x3E, 0x01,
    0xF0, 0x0F, 0x83, 0xFF, 0xDF, 0xFE, 0xFF, 0xFF, 0x9F, 0x80, 0x00, 0x7F, 0x00, 0x7F, 0xF0, 0x1F,
    0xFF, 0x8F, 0xFF, 0xE6, 0x3F, 0xF0, 0x07, 0xFC, 0x0F, 0xFC, 0x1F, 0xF0, 0x1F, 0xC0, 0x1F, 0x80,
    0x1F, 0x80, 0x0F, 0x92, 0x07, 0x9F, 0x87, 0x87, 0xC3, 0xC1, 0x81, 0xE0, 0xE0, 0xF8, 0x20, 0x7C,
    0x00, 0x1F, 0x80, 0xCF, 0xFF, 0xF3, 0xFF, 0xF8, 0xFF, 0xFC, 0x0F, 0xF8, 0x7F, 0x00, 0x07, 0xFF,
    0x00, 0x1F, 0xFF, 0x80, 0xFF, 0xFE, 0x06, 0x3F, 0xF0, 0x00, 0x7F, 0xC0, 0x0F, 0xFC, 0x01, 0xFF,
    0xC0, 0x1F, 0xCF, 0x01, 0xF8, 0x7F, 0x9F, 0x83, 0xFE, 0xF9, 0x2F, 0xF7, 0x9F, 0xBF, 0xF8, 0x7C,
    0x03, 0xC1, 0x80, 0x1E, 0x0E, 0x00, 0xF8, 0x20, 0x07, 0xC0, 0x00, 0x1F, 0x80, 0xC0, 0xFF, 0xFF,
    0x03, 0xFF, 0xF8, 0x0F, 0xFF, 0xC0, 0x0F, 0xF8, 0x00, 0x7F, 0x00, 0x7F, 0xC0, 0x7F, 0xF0, 0x7F,
    0xFE, 0x00, 0xFE, 0x00, 0x7E, 0x03, 0xFE, 0xFF, 0xF8, 0xFF, 0xE0, 0xFF, 0x80, 0xFE, 0x00, 0x00,
    0x00, 0x00, 0x00, 0x0E, 0xE0, 0x0E, 0xE0, 0x0E, 0xE0, 0x07, 0xC0, 0x03, 0x80, 0x03, 0x80, 0x03,
    0x00, 0x7F, 0x00, 0x0F, 0xF8, 0x01, 0xFF, 0xC0, 0x3F, 0xFF, 0x00, 0x0F, 0xE0, 0x00, 0xFC, 0x00,
    0xFF, 0x87, 0xFF, 0xFE, 0xFF, 0xFF, 0xFF, 0xF3, 0xFF, 0xF8, 0x3F, 0x00, 0x00, 0x00, 0x00, 0x00,
    0x19, 0x80, 0x07, 0xF8, 0x00, 0xFF, 0x00, 0x07, 0x80, 0x00, 0xF0, 0x00, 0x1E, 0x00, 0x01, 0x80,
    0x00, 0x18, 0x01, 0x80, 0x1F, 0x81, 0xF8, 0x1D, 0xC3, 0xF8, 0x3F, 0x00, 0x00, 0x00, 0x00, 0x18,
    0x07, 0x80, 0x7C, 0x03, 0xE0, 0x3E, 0x01, 0xF0, 0x1F, 0x00, 0xF0, 0x0F, 0x7F, 0xF7, 0xFF, 0x7F,
    0xE7, 0xFC, 0x06, 0x00, 0x18, 0x00, 0x0C, 0x00, 0x07, 0xE0, 0x03, 0xF0, 0x01, 0xDC, 0x01, 0xFC,
    0x00, 0xFC, 0x00, 0x00, 0x00, 0x00, 0x00, 0x00, 0xC0, 0x01, 0xE0, 0x00, 0xF8, 0x00, 0x3E, 0x00,
    0x1F, 0x00, 0x07, 0xC0, 0x03, 0xE0, 0x00, 0xF0, 0x00, 0x7C, 0x1F, 0xFF, 0xCF, 0xFF, 0xE7, 0xFF,
    0xFB, 0xFE, 0xF8, 0x18, 0x00, 0x00, 0x00, 0xF0, 0x1E, 0x03, 0xC0, 0xDC, 0x3F, 0xC7, 0xF8, 0x66,
    0x00, 0x00, 0x00, 0x04, 0x03, 0xC0, 0xF8, 0x0F, 0x81, 0xF0, 0x1E, 0x03, 0xC0, 0x78, 0x1F, 0x03,
    0xE0, 0xF8, 0x7F, 0x3F, 0xC7, 0xF0, 0x78, 0x0C, 0x00, 0x00, 0x00, 0x0E, 0x00, 0x1E, 0x00, 0x38,
    0x01, 0xDC, 0x03, 0xF8, 0x07, 0x70, 0x06, 0x40, 0x00, 0x00, 0x00, 0x00, 0x04, 0x00, 0x3C, 0x00,
    0xF8, 0x00, 0xF8, 0x01, 0xF0, 0x01, 0xE0, 0x03, 0xFC, 0x07, 0xF8, 0x1F, 0xF8, 0x3F, 0xE0, 0xF8,
    0x07, 0xF0, 0x3F, 0xC0, 0x7F, 0x00, 0xF8, 0x00, 0xC0, 0x00, 0x0E, 0x01, 0xC0, 0x3F, 0x07, 0xF0,
    0xEE, 0x3F, 0x87, 0xF0, 0x00, 0x00, 0x00, 0x00, 0x04, 0x03, 0xC0, 0xF8, 0x0F, 0x81, 0xF0, 0x1E,
    0x03, 0xC0, 0x78, 0x1F, 0x03, 0xE0, 0xF8, 0x7F, 0x3F, 0xC7, 0xF0, 0x78, 0x0C, 0x00, 0x0C, 0x00,
    0x18, 0x00, 0x3F, 0x00, 0x7E, 0x00, 0xEC, 0x03, 0xF8, 0x07, 0xE0, 0x00, 0x00, 0x00, 0x00, 0x00,
    0x00, 0x04, 0x00, 0x3C, 0x00, 0xF8, 0x00, 0xF8, 0x01, 0xF0, 0x01, 0xE0, 0x03, 0xFC, 0x07, 0xF8,
    0x1F, 0xF8, 0x3F, 0xE0, 0xF8, 0x07, 0xF0, 0x3F, 0xC0, 0x7F, 0x00, 0xF8, 0x00, 0xC0, 0x00, 0x00,
    0x00, 0x0C, 0x00, 0x00, 0x7C, 0x00, 0x03, 0xF8, 0x00, 0x1F, 0xF0, 0x00, 0x7F, 0x80, 0x01, 0xFC,
    0x00, 0x03, 0xE0, 0x00, 0x07, 0xE0, 0x70, 0x0F, 0xE0, 0xF0, 0x07, 0xE1, 0xE0, 0x07, 0xC3, 0xC0,
    0x07, 0xCF, 0x80, 0x07, 0x9F, 0x00, 0x0F, 0x1F, 0xC0, 0x7E, 0x3F, 0xFF, 0xFC, 0x3F, 0xFF, 0xF8,
    0x3F, 0xFF, 0xC0, 0x0F, 0xFC, 0x00, 0x00, 0x00, 0x0C, 0x00, 0x00, 0x0F, 0x00, 0x00, 0x0F, 0xE0,
    0x00, 0x0F, 0xF8, 0x00, 0x0F, 0xF8, 0x00, 0x03, 0xF8, 0x00, 0x01, 0xF8, 0x00, 0x00, 0x7E, 0x00,
    0x70, 0x0F, 0xC0, 0x1E, 0x01, 0xF8, 0x07, 0x80, 0x3F, 0x01, 0xE0, 0x07, 0xC0, 0xF8, 0x00, 0xF8,
    0x3E, 0x00, 0x1F, 0x07, 0xF0, 0x1F, 0xF9, 0xFF, 0xFF, 0xFF, 0x3F, 0xFF, 0xFF, 0xC7, 0xFF, 0xFB,
    0xF0, 0x3F, 0xF8, 0x00, 0x00, 0xE0, 0x3E, 0x0F, 0xF1, 0xFF, 0x7F, 0xCF, 0xE0, 0xF8, 0x0F, 0xC0,
    0x7E, 0x03, 0xF0, 0x1F, 0x80, 0xF8, 0x07, 0xC0, 0x7C, 0xFF, 0xCF, 0xFC, 0xFF, 0x8F, 0xF0, 0xE0,
    0x00, 0x00, 0x60, 0x07, 0xC0, 0x3F, 0xC0, 0xFF, 0x87, 0xFC, 0x1F, 0xC0, 0x3E, 0x00, 0x7E, 0x00,
    0x7E, 0x00, 0x7E, 0x00, 0x7E, 0x00, 0x7C, 0x00, 0x7C, 0x00, 0xFC, 0x3F, 0xFF, 0x7F, 0xFF, 0xFF,
    0xFF, 0xFE, 0xFF, 0x80, 0x00, 0x00, 0x00, 0x30, 0x00, 0x00, 0xF0, 0x00, 0x07, 0xE0, 0x00, 0x3F,
    0x80, 0x01, 0xFC, 0xC0, 0x03, 0xE7, 0xC0, 0x03, 0x3F, 0x80, 0x01, 0xFF, 0x00, 0x07, 0xF8, 0x00,
    0x1F, 0xC0, 0x00, 0x3E, 0x00, 0x00, 0x7E, 0x07, 0x00, 0xFE, 0x0F, 0x00, 0x7E, 0x1E, 0x00, 0x7C,
    0x3C, 0x00, 0x7C, 0xF8, 0x00, 0x79, 0xF0, 0x00, 0xF1, 0xFC, 0x07, 0xE3, 0xFF, 0xFF, 0xC3, 0xFF,
    0xFF, 0x83, 0xFF, 0xFC, 0x00, 0xFF, 0xC0, 0x00, 0x00, 0x00, 0x30, 0x00, 0x00, 0x3C, 0x00, 0x00,
    0x3F, 0x80, 0x00, 0x1F, 0x80, 0x00, 0x1F, 0x8C, 0x00, 0x07, 0x8F, 0x00, 0x01, 0xCF, 0xE0, 0x00,
    0x0F, 0xF8, 0x00, 0x0F, 0xF8, 0x00, 0x03, 0xF8, 0x00, 0x01, 0xF8, 0x00, 0x00, 0x7E, 0x00, 0x70,
    0x0F, 0xC0, 0x1E, 0x01, 0xF8, 0x07, 0x80, 0x3F, 0x01, 0xE0, 0x07, 0xC0, 0xF8, 0x00, 0xF8, 0x3E,
    0x00, 0x1F, 0x07, 0xF0, 0x1F, 0xF9, 0xFF, 0xFF, 0xFF, 0x3F, 0xFF, 0xFF, 0xC7, 0xFF, 0xFB, 0xF0,
    0x3F, 0xF8, 0x00, 0x00, 0xC0, 0x1E, 0x03, 0xF8, 0x7F, 0x07, 0xE7, 0x3C, 0xF9, 0x9F, 0xE1, 0xFF,
    0x3F, 0xE3, 0xF8, 0x1F, 0x00, 0xFC, 0x03, 0xF0, 0x0F, 0xC0, 0x3F, 0x00, 0xF8, 0x03, 0xE0, 0x1F,
    0x1F, 0xF8, 0xFF, 0xC7, 0xFC, 0x3F, 0xC1, 0xC0, 0x00, 0x00, 0xC0, 0x03, 0xC0, 0x0F, 0xE0, 0x3F,
    0x80, 0x7E, 0x30, 0x79, 0xF0, 0x67, 0xF8, 0x0F, 0xF8, 0x3F, 0xE0, 0x7F, 0x00, 0x7C, 0x00, 0x7E,
    0x00, 0x3F, 0x00, 0x1F, 0x80, 0x0F, 0xC0, 0x07, 0xC0, 0x03, 0xE0, 0x03, 0xF0, 0x7F, 0xFE, 0x7F,
    0xFF, 0x7F, 0xFF, 0x7F, 0xBF, 0x70, 0x00, 0x00, 0x00, 0x00, 0x01, 0xC0, 0x00, 0xF8, 0x00, 0x3E,
    0x78, 0x07, 0x9E, 0x01, 0xE7, 0x80, 0x7F, 0xE0, 0x1F, 0xF8, 0x07, 0xFE, 0x01, 0xEF, 0x80, 0x79,
    0xF0, 0x7E, 0x7F, 0xFF, 0x0F, 0xFF, 0x81, 0xFF, 0xC0, 0x1F, 0xC0, 0x00, 0x03, 0x00, 0x00, 0x1F,
    0x00, 0x00, 0x1E, 0x03, 0xC0, 0x3C, 0x07, 0x80, 0x7C, 0x0F, 0x00, 0xFF, 0x3E, 0x01, 0xFF, 0x7C,
    0x03, 0xFE, 0xF8, 0x07, 0xFD, 0xF0, 0x0F, 0x01, 0xF0, 0x7E, 0x03, 0xFF, 0xF8, 0x03, 0xFF, 0xF0,
    0x03, 0xFF, 0xC0, 0x01, 0xFE, 0x00, 0x00, 0x0C, 0x01, 0xC0, 0x7C, 0x1F, 0xC1, 0xFC, 0x7F, 0x9F,
    0xFB, 0xCF, 0xF9, 0xFF, 0x3F, 0xFF, 0xBF, 0xF7, 0xFC, 0x7F, 0x00, 0x00, 0x0F, 0xC0, 0x1F, 0xF0,
    0x1F, 0xF8, 0x0F, 0xFE, 0x0F, 0x8F, 0x07, 0x87, 0xC3, 0xC3, 0xFD, 0xE0, 0xFF, 0xF8, 0x3F, 0xB8,
    0x0F, 0xC0, 0x00, 0x00, 0x1C, 0x78, 0xF1, 0xF3, 0xE3, 0xC7, 0x8F, 0xFF, 0xFF, 0xF7, 0xC1, 0x07,
    0x0E, 0x3C, 0x38, 0x18, 0x00, 0x78, 0x03, 0xF0, 0x77, 0xE3, 0xFF, 0xCF, 0xFF, 0xBF, 0xC7, 0xFE,
    0x0F, 0xF0, 0x1F, 0xC0, 0x1F, 0x80, 0x3F, 0x00, 0x3E, 0x00, 0x30, 0x00, 0x00, 0xC0, 0x00, 0x3C,
    0x00, 0x0F, 0xC0, 0x01, 0xFC, 0x00, 0x3F, 0xE0, 0x0F, 0xFE, 0x01, 0xEF, 0xE0, 0x3D, 0xFE, 0x07,
    0xBF, 0xC0, 0xFF, 0x7D, 0xFF, 0xEF, 0xFF, 0xFF, 0xFF, 0xFF, 0xFD, 0xFF, 0xFF, 0x06, 0x03, 0x80,
    0x00, 0x78, 0x00, 0x1F, 0xC0, 0x01, 0xFE, 0x00, 0x3F, 0xE0, 0x07, 0xDE, 0x00, 0x79, 0xE0, 0x07,
    0x9E, 0x00, 0x7B, 0xC0, 0x7F, 0xFF, 0xCF, 0xFF, 0xFE, 0xFF, 0xFF, 0xEF, 0xFF, 0xFE, 0x0F, 0x8F,
    0x00, 0x7C, 0xF0, 0x07, 0xFF, 0x00, 0x3F, 0xF0, 0x01, 0xFE, 0x00, 0x07, 0xC0, 0x0C, 0x00, 0x0F,
    0x00, 0x1F, 0x80, 0x1F, 0xC0, 0x3F, 0xE0, 0x3F, 0xF8, 0x79, 0xFC, 0x79, 0xFC, 0x7F, 0xFE, 0x3F,
    0xDE, 0xFF, 0xDE, 0xFF, 0xFE, 0xFF, 0xFE, 0xFF, 0xFC, 0x00, 0x60, 0x03, 0xE0, 0x07, 0xF0, 0x03,
    0xFC, 0x03, 0xFE, 0x01, 0xEF, 0x01, 0xF7, 0x80, 0xF3, 0xC0, 0x7B, 0xE0, 0xFF, 0xFF, 0x7F, 0xFF,
    0xBF, 0xFF, 0xFF, 0xFF, 0xE3, 0xC7, 0xC1, 0xF3, 0xE0, 0xFF, 0xE0, 0x3F, 0xF0, 0x0F, 0xF0, 0x01,
    0xF0, 0x00, 0x01, 0xE0, 0x00, 0x07, 0xE0, 0x00, 0x1F, 0xE0, 0x00, 0x7F, 0xC0, 0x01, 0xF7, 0xC0,
    0x07, 0xC7, 0x80, 0x1F, 0x8E, 0x00, 0x3C, 0x00, 0x00, 0xF8, 0x00, 0x01, 0xFE, 0x00, 0xFD, 0xFF,
    0xFF, 0xFB, 0xFF, 0xFF, 0xF1, 0xFF, 0xFF, 0xE0, 0x7F, 0xFC, 0x00, 0x00, 0x7E, 0x03, 0xFF, 0x8F,
    0xFF, 0xCF, 0xFF, 0xEF, 0xFF, 0xC7, 0xC0, 0x03, 0xC0, 0x01, 0xFC, 0x1C, 0xFF, 0xFE, 0x3F, 0xFF,
    0x0F, 0xFF, 0x80, 0xFF, 0x80, 0x1E, 0x00, 0x00, 0x7C, 0x00, 0x00, 0xE0, 0x00, 0x01, 0xC0, 0x00,
    0x01, 0xF0, 0x00, 0x07, 0xE0, 0x00, 0x0E, 0x00, 0x00, 0x00, 0xF0, 0x00, 0x03, 0xF0, 0x00, 0x0F,
    0xF0, 0x00, 0x3F, 0xE0, 0x00, 0xFB, 0xE0, 0x03, 0xE3, 0xC0, 0x0F, 0xC7, 0x00, 0x1E, 0x00, 0x00,
    0x7C, 0x00, 0x00, 0xFF, 0x00, 0x7E, 0xFF, 0xFF, 0xFD, 0xFF, 0xFF, 0xF8, 0xFF, 0xFF, 0xF0, 0x3F,
    0xFE, 0x00, 0x1C, 0x00, 0x1E, 0x00, 0x0C, 0x00, 0x07, 0x40, 0x03, 0xE0, 0x03, 0xF0, 0x00, 0xE0,
    0x00, 0x00, 0xFC, 0x07, 0xFF, 0x1F, 0xFF, 0x9F, 0xFF, 0xDF, 0xFF, 0x8F, 0x80, 0x07, 0x80, 0x03,
    0xF8, 0x39, 0xFF, 0xFC, 0x7F, 0xFE, 0x1F, 0xFF, 0x01, 0xFF, 0x00, 0x00, 0x07, 0xF0, 0x00, 0x7F,
    0x80, 0x07, 0xFC, 0x00, 0x7F, 0xC0, 0x03, 0xC0, 0x00, 0x3E, 0x01, 0xE1, 0xE0, 0x0F, 0x0F, 0xC0,
    0x78, 0x3F, 0x87, 0xC0, 0xFF, 0x3E, 0x03, 0xF9, 0xF0, 0x03, 0xCF, 0x80, 0x3E, 0x3F, 0x07, 0xF1,
    0xFF, 0xFF, 0x07, 0xFF, 0xF0, 0x1F, 0xFF, 0x00, 0x3F, 0xC0, 0x00, 0x00, 0x00, 0x01, 0xE0, 0x00,
    0x07, 0x80, 0x70, 0x1E, 0x01, 0xFE, 0xF8, 0x0F, 0xFF, 0xE0, 0x3F, 0xFF, 0x80, 0x3F, 0xFE, 0x00,
    0x7C, 0x7E, 0x03, 0xE1, 0xFF, 0xFF, 0x83, 0xFF, 0xFC, 0x07, 0xFF, 0xE0, 0x07, 0xFC, 0x00, 0x0E,
    0x3E, 0x1E, 0x1E, 0x1F, 0x1F, 0x0F, 0x1F, 0xFF, 0xFE, 0xFE, 0xF8, 0x00, 0x00, 0xE7, 0xFF, 0xFF,
    0xE7, 0x0E, 0x00, 0x78, 0x07, 0xC0, 0x3E, 0x01, 0xF0, 0x7F, 0xFB, 0xFF, 0xDF, 0xFF, 0xF3, 0xF0,
    0x00, 0x00, 0x00, 0xE6, 0x07, 0xF8, 0x3F, 0xC1, 0xDC, 0x00, 0x1F, 0x87, 0xF0, 0xFE, 0x3F, 0xC7,
    0x80, 0xF0, 0x1F, 0x71, 0xFF, 0x7F, 0xFF, 0xFF, 0xFE, 0x3E, 0x04, 0x00, 0x00, 0x1F, 0xE7, 0xF9,
    0xBE, 0x00, 0x00, 0x01, 0xE0, 0x78, 0x1E, 0x07, 0x81, 0xE0, 0x78, 0x1F, 0x07, 0xC1, 0xF0, 0x7C,
    0x1F, 0x07, 0xC1, 0xF0, 0x7C, 0x0F, 0x03, 0xC0, 0xF0, 0x00, 0x07, 0xF8, 0x7F, 0xC6, 0x78, 0x00,
    0x01, 0xE0, 0x1E, 0x01, 0xE0, 0x1E, 0x01, 0xF0, 0x1F, 0x01, 0xF0, 0x1F, 0x01, 0xF0, 0x1F, 0x01,
    0xF0, 0x0F, 0x00, 0xF0, 0x0F, 0x00, 0xF0, 0x0F, 0xE0, 0xFF, 0x0F, 0xF0, 0x7F, 0x00, 0x00, 0x7B,
    0xEE, 0x3A, 0xFF, 0xFE, 0x00, 0x79, 0xE7, 0x9E, 0x79, 0xE7, 0xDF, 0x7D, 0xF7, 0xDF, 0x7D, 0xF3,
    0xCF, 0x3C, 0x78, 0x3E, 0x0E, 0x03, 0x80, 0x7C, 0x3F, 0x0E, 0x01, 0xE0, 0x78, 0x1E, 0x07, 0x81,
    0xF0, 0x7C, 0x1F, 0x07, 0xC1, 0xF0, 0x7C, 0x1F, 0x03, 0xC0, 0xF0, 0x3C, 0x0F, 0x03, 0xF8, 0xFF,
    0x3F, 0xC7, 0xF0, 0x00, 0x0F, 0x01, 0xF0, 0x1C, 0x01, 0xD0, 0x0F, 0x81, 0xF8, 0x1C, 0x00, 0x00,
    0x0F, 0x81, 0xFC, 0x3F, 0xE7, 0xFE, 0x79, 0xE7, 0x9F, 0x7F, 0xF7, 0xFF, 0x7F, 0xF3, 0xFE, 0x03,
    0xE1, 0xFE, 0xFF, 0xC7, 0xF8, 0x7E, 0x07, 0x80, 0x0F, 0x00, 0x1F, 0x00, 0x1C, 0x00, 0x1D, 0x00,
    0x0F, 0x80, 0x1F, 0x80, 0x1C, 0x00, 0x00, 0x00, 0x0F, 0x80, 0x1F, 0xC0, 0x3F, 0xE0, 0x7F, 0xE0,
    0x79, 0xE0, 0x79, 0xF0, 0x7F, 0xFC, 0x7F, 0xFE, 0x7F, 0xFE, 0x3F, 0xFE, 0x03, 0xF8, 0x1F, 0xE0,
    0xFF, 0xC0, 0x7F, 0x80, 0x7E, 0x00, 0x78, 0x00, 0xF3, 0xCF, 0x3C, 0xF3, 0xCF, 0xBE, 0xFB, 0xEF,
    0xBE, 0xFB, 0xEF, 0x9E, 0x79, 0xE7, 0x80, 0x7B, 0xEE, 0x38, 0x7F, 0xFE, 0x00, 0xF0, 0x78, 0x3C,
    0x1E, 0x0F, 0x87, 0xC3, 0xE1, 0xF0, 0xF8, 0x7C, 0x3E, 0x0F, 0x07, 0x83, 0xC1, 0xE0, 0xFE, 0x7F,
    0xBF, 0xCF, 0xE0, 0x03, 0x83, 0xC1, 0xC0, 0xE8, 0x7C, 0x3E, 0x1C, 0x00, 0x0E, 0x00, 0x00, 0xF0,
    0x3F, 0x8E, 0x03, 0xFC, 0x3A, 0x3F, 0xE1, 0xF3, 0xFE, 0x1F, 0x9E, 0x00, 0x61, 0xF0, 0x0F, 0x0F,
    0x00, 0x78, 0x7E, 0x03, 0xC1, 0xFC, 0x3E, 0x07, 0xF9, 0xF0, 0x1F, 0xCF, 0x80, 0x1E, 0x7C, 0x01,
    0xF1, 0xF8, 0x3F, 0x8F, 0xFF, 0xF8, 0x3F, 0xFF, 0x80, 0xFF, 0xF8, 0x01, 0xFE, 0x00, 0x0E, 0x00,
    0x00, 0x78, 0x00, 0x03, 0x80, 0x00, 0x07, 0x40, 0x00, 0x1F, 0x00, 0x00, 0xFC, 0x00, 0x01, 0x80,
    0x00, 0x1E, 0x00, 0x00, 0x78, 0x07, 0x01, 0xE0, 0x1F, 0xEF, 0x80, 0xFF, 0xFE, 0x03, 0xFF, 0xF8,
    0x03, 0xFF, 0xE0, 0x07, 0xC7, 0xE0, 0x3E, 0x1F, 0xFF, 0xF8, 0x3F, 0xFF, 0xC0, 0x7F, 0xFE, 0x00,
    0x7F, 0xC0, 0x00, 0x78, 0xF3, 0x83, 0xA7, 0xDF, 0x98, 0x00, 0x1C, 0x78, 0xF1, 0xF3, 0xE3, 0xC7,
    0x8F, 0xFF, 0xFF, 0xF7, 0xC0, 0x00, 0x1E, 0x03, 0xE0, 0x38, 0x03, 0xA0, 0x3F, 0x03, 0xF0, 0x38,
    0x00, 0x00, 0x1E, 0x01, 0xE0, 0x1E, 0x01, 0xE0, 0x3E, 0x0F, 0xFE, 0xFF, 0xFF, 0xFF, 0xF7, 0xF0,
    0x00, 0xF7, 0xBD, 0xEF, 0x7B, 0xFF, 0xFF, 0xFF, 0xFF, 0xFF, 0xEF, 0x7B, 0xDE, 0xF0, 0x78, 0x3C,
    0x1E, 0x0F, 0x87, 0xC3, 0xE1, 0xF0, 0xF8, 0x7C, 0x3E, 0x0F, 0x07, 0x83, 0xC1, 0xE0, 0xFE, 0x7F,
    0xBF, 0xCF, 0xE0, 0x00, 0x00, 0x00, 0x00, 0x00, 0x00, 0x07, 0x9C, 0x00, 0x03, 0xCF, 0x00, 0x01,
    0xE7, 0x80, 0x00, 0xF3, 0xC0, 0x00, 0x7F, 0xE0, 0x00, 0x3F, 0xF0, 0x00, 0x1F, 0x7F, 0x00, 0xFF,
    0x3F, 0xFF, 0xFF, 0x8F, 0xFF, 0xFF, 0x83, 0xFF, 0xFF, 0x00, 0x3F, 0xFC, 0x00, 0x00, 0x00, 0x00,
    0x00, 0x00, 0x00, 0x00, 0x38, 0x00, 0x00, 0x1E, 0x00, 0x00, 0x1F, 0x00, 0x00, 0x07, 0x00, 0x00,
    0x70, 0x00, 0x00, 0x00, 0xF0, 0x00, 0x00, 0x01, 0xE0, 0x00, 0x0E, 0x03, 0xC0, 0x00, 0x3E, 0x0F,
    0x80, 0x00, 0xFC, 0x1F, 0x00, 0x03, 0xF8, 0x1F, 0xC0, 0xFF, 0xFF, 0x3F, 0xFF, 0xFF, 0xFF, 0x3F,
    0xFF, 0xFD, 0xFE, 0x3F, 0xFF, 0xE1, 0xFC, 0x0F, 0xFC, 0x00, 0x00, 0x00, 0x00, 0x00, 0x00, 0x00,
    0x00, 0x00, 0x00, 0x03, 0x80, 0x00, 0x00, 0x0F, 0x00, 0x00, 0x00, 0x1E, 0x00, 0x00, 0x00, 0x1C,
    0x00, 0x00, 0x1C, 0x78, 0xF1, 0xF3, 0xE3, 0xC7, 0x8F, 0xFF, 0xFF, 0xF7, 0xC0, 0x00, 0x0C, 0x3C,
    0x78, 0x70, 0x1E, 0x01, 0xE0, 0x1E, 0x01, 0xE0, 0x3E, 0x0F, 0xFE, 0xFF, 0xFF, 0xFF, 0xF7, 0xF0,
    0x00, 0x00, 0x01, 0xC0, 0x3C, 0x03, 0xE0, 0x1C, 0x00, 0x00, 0x07, 0x79, 0xFF, 0x1D, 0xE1, 0x98,
    0x00, 0x03, 0x00, 0x70, 0x1F, 0x07, 0xF0, 0x7F, 0x1F, 0xE7, 0xFE, 0xF3, 0xFE, 0x7F, 0xCF, 0xFF,
    0xEF, 0xFD, 0xFF, 0x1F, 0xC0, 0x00, 0x00, 0x00, 0x1E, 0xE0, 0x1F, 0xE0, 0x1F, 0xE0, 0x0C, 0xC0,
    0x00, 0x00, 0x00, 0x00, 0x01, 0xE0, 0x01, 0xF0, 0x07, 0xF0, 0x1F, 0xF0, 0x3F, 0xF0, 0x7F, 0xF0,
    0x7D, 0xF0, 0xF8, 0xF0, 0xF8, 0xF0, 0xFF, 0xF0, 0x7F, 0xF0, 0x7F, 0xFE, 0x3F, 0xFF, 0x02, 0x7F,
    0x00, 0x3F, 0x00, 0x00, 0x00, 0x00, 0x00, 0x00, 0x3B, 0x80, 0x00, 0x3D, 0xE0, 0x00, 0x1E, 0xF0,
    0x00, 0x06, 0x30, 0xF3, 0x80, 0x00, 0x79, 0xE0, 0x00, 0x3C, 0xF0, 0x00, 0x1E, 0x78, 0x00, 0x0F,
    0xFC, 0x00, 0x07, 0xFE, 0x00, 0x03, 0xEF, 0xE0, 0x1F, 0xE7, 0xFF, 0xFF, 0xF1, 0xFF, 0xFF, 0xF0,
    0x7F, 0xFF, 0xE0, 0x07, 0xFF, 0x80, 0x00, 0x00, 0x00, 0x00, 0x00, 0xF7, 0x00, 0x00, 0x01, 0xFE,
    0x00, 0x00, 0x03, 0xFC, 0x00, 0x00, 0x03, 0x30, 0x00, 0x0E, 0x00, 0x00, 0x00, 0x1E, 0x00, 0x00,
    0x00, 0x3C, 0x00, 0x01, 0xC0, 0x78, 0x00, 0x07, 0xC1, 0xF0, 0x00, 0x1F, 0x83, 0xE0, 0x00, 0x7F,
    0x03, 0xF8, 0x1F, 0xFF, 0xE7, 0xFF, 0xFF, 0xFF, 0xE7, 0xFF, 0xFF, 0xBF, 0xC7, 0xFF, 0xFC, 0x3F,
    0x81, 0xFF, 0x80, 0x00, 0x00, 0x3B, 0xBD, 0xEE, 0xF6, 0x30, 0x00, 0x38, 0x3C, 0x1E, 0x0F, 0x87,
    0xC1, 0xE0, 0xF0, 0x79, 0xFC, 0xFE, 0x7E, 0x3E, 0x00, 0x00, 0x00, 0x01, 0xDE, 0x0F, 0xF0, 0x7F,
    0x81, 0x98, 0x00, 0x00, 0x38, 0x01, 0xE0, 0x1F, 0x00, 0xF8, 0x07, 0xC1, 0xFF, 0xEF, 0xFF, 0x7F,
    0xFF, 0xCF, 0xC0, 0x00, 0x00, 0x00, 0x00, 0x00, 0x0E, 0x00, 0x00, 0x07, 0x80, 0x00, 0x03, 0x80,
    0x00, 0x07, 0x70, 0x00, 0x03, 0xF8, 0x00, 0x01, 0xDC, 0x00, 0x00, 0x66, 0x1E, 0x70, 0x00, 0x0F,
    0x3C, 0x00, 0x07, 0x9E, 0x00, 0x03, 0xCF, 0x00, 0x01, 0xFF, 0x80, 0x00, 0xFF, 0xC0, 0x00, 0x7D,
    0xFC, 0x03, 0xFC, 0xFF, 0xFF, 0xFE, 0x3F, 0xFF, 0xFE, 0x0F, 0xFF, 0xFC, 0x00, 0xFF, 0xF0, 0x00,
    0x00, 0x00, 0x00, 0x00, 0x00, 0x1C, 0x00, 0x00, 0x00, 0x78, 0x00, 0x00, 0x00, 0x70, 0x00, 0x00,
    0x03, 0xB0, 0x00, 0x00, 0x0F, 0xF0, 0x00, 0x00, 0x1F, 0xE0, 0x00, 0x00, 0x19, 0x80, 0x00, 0x70,
    0x00, 0x00, 0x00, 0xF0, 0x00, 0x00, 0x01, 0xE0, 0x00, 0x0E, 0x03, 0xC0, 0x00, 0x3E, 0x0F, 0x80,
    0x00, 0xFC, 0x1F, 0x00, 0x03, 0xF8, 0x1F, 0xC0, 0xFF, 0xFF, 0x3F, 0xFF, 0xFF, 0xFF, 0x3F, 0xFF,
    0xFD, 0xFE, 0x3F, 0xFF, 0xE1, 0xFC, 0x0F, 0xFC, 0x00, 0x00, 0x00, 0x38, 0x3C, 0x38, 0xEE, 0xFF,
    0xFE, 0x66, 0x00, 0x1C, 0x3C, 0x3C, 0x3E, 0x3E, 0x1E, 0x1E, 0x1E, 0xFE, 0xFE, 0xFC, 0xF8, 0x00,
    0x00, 0x00, 0x78, 0x03, 0xC0, 0x1E, 0x01, 0xB8, 0x1F, 0xE0, 0xFF, 0x03, 0x30, 0x00, 0x00, 0x70,
    0x03, 0xC0, 0x3E, 0x01, 0xF0, 0x0F, 0x83, 0xFF, 0xDF, 0xFE, 0xFF, 0xFF, 0x9F, 0x80, 0x00, 0x7E,
    0x00, 0x7F, 0xE0, 0x1F, 0xFF, 0x8F, 0xFF, 0xE6, 0x3F, 0xF0, 0x07, 0xF8, 0x0F, 0xFC, 0x1F, 0xF0,
    0x1F, 0xC0, 0x1F, 0x80, 0x1F, 0x80, 0x0F, 0x80, 0x0F, 0x87, 0x07, 0x87, 0x83, 0xC3, 0xC1, 0xE0,
    0xE0, 0xF8, 0x00, 0x7C, 0x00, 0x1F, 0x81, 0xCF, 0xFF, 0xE3, 0xFF, 0xF8, 0xFF, 0xFC, 0x1F, 0xF0,
    0x7E, 0x00, 0x07, 0xFE, 0x00, 0x1F, 0xFF, 0x80, 0xFF, 0xFE, 0x06, 0x3F, 0xF0, 0x00, 0x7F, 0x80,
    0x0F, 0xFC, 0x01, 0xFF, 0xC0, 0x1F, 0xDE, 0x01, 0xF8, 0xFF, 0x9F, 0x83, 0xFE, 0xF8, 0x0F, 0xFF,
    0x87, 0x3F, 0x78, 0x78, 0x03, 0xC3, 0xC0, 0x1E, 0x0E, 0x00, 0xF8, 0x00, 0x07, 0xC0, 0x00, 0x1F,
    0x81, 0xC0, 0xFF, 0xFE, 0x03, 0xFF, 0xF8, 0x0F, 0xFF, 0xC0, 0x1F, 0xF0, 0x00, 0x7F, 0x00, 0x7F,
    0xC0, 0x7F, 0xF0, 0x7F, 0xFE, 0x00, 0xFE, 0x00, 0x7E, 0x03, 0xFE, 0xFF, 0xF8, 0xFF, 0xE0, 0xFF,
    0x80, 0xFE, 0x00, 0x00, 0x00, 0x00, 0x00, 0x03, 0x80, 0x07, 0xC0, 0x07, 0xC0, 0x03, 0x80, 0x7F,
    0x00, 0x0F, 0xF8, 0x01, 0xFF, 0xC0, 0x3F, 0xFF, 0x00, 0x0F, 0xE0, 0x00, 0xFC, 0x00, 0xFF, 0x87,
    0xFF, 0xFE, 0xFF, 0xFF, 0xFF, 0xF3, 0xFF, 0xF8, 0x3F, 0x00, 0x00, 0x00, 0x00, 0x00, 0x06, 0x00,
    0x01, 0xE0, 0x00, 0x3C, 0x00, 0x03, 0x80, 0x00, 0x7E, 0x00, 0x7F, 0xE0, 0x1F, 0xFF, 0x8F, 0xFF,
    0xE6, 0x3F, 0xF0, 0x07, 0xF8, 0x0F, 0xFC, 0x1F, 0xF0, 0x1F, 0xC0, 0x1F, 0x80, 0x1F, 0x80, 0x0F,
    0x80, 0x0F, 0x80, 0x07, 0x80, 0x03, 0xC0, 0x01, 0xE0, 0x00, 0xF8, 0x00, 0x7C, 0x00, 0x1F, 0x81,
    0xCF, 0xFF, 0xE3, 0xFF, 0xF8, 0xFF, 0xFC, 0x1F, 0xF0, 0x7E, 0x00, 0x07, 0xFE, 0x00, 0x1F, 0xFF,
    0x80, 0xFF, 0xFE, 0x06, 0x3F, 0xF0, 0x00, 0x7F, 0x80, 0x0F, 0xFC, 0x01, 0xFF, 0xC0, 0x1F, 0xDE,
    0x01, 0xF8, 0xFF, 0x9F, 0x83, 0xFE, 0xF8, 0x0F, 0xFF, 0x80, 0x3F, 0x78, 0x00, 0x03, 0xC0, 0x00,
    0x1E, 0x00, 0x00, 0xF8, 0x00, 0x07, 0xC0, 0x00, 0x1F, 0x81, 0xC0, 0xFF, 0xFE, 0x03, 0xFF, 0xF8,
    0x0F, 0xFF, 0xC0, 0x1F, 0xF0, 0x00, 0x7F, 0x00, 0x7F, 0xC0, 0x7F, 0xF0, 0x7F, 0xFE, 0x00, 0xFE,
    0x00, 0x7E, 0x03, 0xFE, 0xFF, 0xF8, 0xFF, 0xE0, 0xFF, 0x80, 0xFE, 0x00, 0x00, 0x00, 0x7F, 0x00,
    0x0F, 0xF8, 0x01, 0xFF, 0xC0, 0x3F, 0xFF, 0x00, 0x0F, 0xE0, 0x00, 0xFC, 0x00, 0xFF, 0x87, 0xFF,
    0xFE, 0xFF, 0xFF, 0xFF, 0xF3, 0xFF, 0xF8, 0x3F, 0x00, 0x00, 0x00, 0x01, 0x80, 0x01, 0xE0, 0x00,
    0xF0, 0x00, 0x78, 0x00, 0x18, 0x00, 0x00, 0x01, 0xF8, 0x01, 0xFF, 0x80, 0x7F, 0xFE, 0x3F, 0xFF,
    0x98, 0xFF, 0xC0, 0x1F, 0xE0, 0x3F, 0xF0, 0x7F, 0xC0, 0x7F, 0x00, 0x7E, 0x00, 0x7E, 0x00, 0x3E,
    0x00, 0x3E, 0x00, 0x1E, 0x00, 0x0F, 0x00, 0x07, 0x80, 0x03, 0xE0, 0x01, 0xF0, 0x00, 0x7E, 0x07,
    0x3F, 0xFF, 0x8F, 0xFF, 0xE3, 0xFF, 0xF0, 0x7F, 0xC0, 0x01, 0x80, 0x00, 0x1E, 0x00, 0x00, 0xF0,
    0x00, 0x07, 0x80, 0x00, 0x18, 0x00, 0x00, 0x00, 0x01, 0xF8, 0x00, 0x1F, 0xF8, 0x00, 0x7F, 0xFE,
    0x03, 0xFF, 0xF8, 0x18, 0xFF, 0xC0, 0x01, 0xFE, 0x00, 0x3F, 0xF0, 0x07, 0xFF, 0x00, 0x7F, 0x78,
    0x07, 0xE3, 0xFE, 0x7E, 0x0F, 0xFB, 0xE0, 0x3F, 0xFE, 0x00, 0xFD, 0xE0, 0x00, 0x0F, 0x00, 0x00,
    0x78, 0x00, 0x03, 0xE0, 0x00, 0x1F, 0x00, 0x00, 0x7E, 0x07, 0x03, 0xFF, 0xF8, 0x0F, 0xFF, 0xE0,
    0x3F, 0xFF, 0x00, 0x7F, 0xC0, 0x00, 0x08, 0x00, 0x3C, 0x00, 0x3E, 0x00, 0x3C, 0x00, 0x18, 0x00,
    0x00, 0x00, 0x00, 0x00, 0x7F, 0x00, 0x7F, 0xC0, 0x7F, 0xF0, 0x7F, 0xFE, 0x00, 0xFE, 0x00, 0x7E,
    0x03, 0xFE, 0xFF, 0xF8, 0xFF, 0xE0, 0xFF, 0x80, 0xFE, 0x00, 0x00, 0x00, 0x08, 0x00, 0x07, 0x80,
    0x00, 0xF0, 0x00, 0x1E, 0x00, 0x01, 0x80, 0x00, 0x00, 0x00, 0x00, 0x00, 0x03, 0xF8, 0x00, 0x7F,
    0xC0, 0x0F, 0xFE, 0x01, 0xFF, 0xF8, 0x00, 0x7F, 0x00, 0x07, 0xE0, 0x07, 0xFC, 0x3F, 0xFF, 0xF7,
    0xFF, 0xFF, 0xFF, 0x9F, 0xFF, 0xC1, 0xF8, 0x00, 0x00, 0x00, 0x01, 0x80, 0x78, 0x07, 0xC0, 0x3E,
    0x03, 0xE0, 0x1F, 0x01, 0xF0, 0x0F, 0x00, 0xF7, 0xFF, 0x7F, 0xF7, 0xFE, 0x7F, 0xC0, 0x60, 0x01,
    0x80, 0x03, 0xC0, 0x01, 0xF0, 0x00, 0x7C, 0x00, 0x3E, 0x00, 0x0F, 0x80, 0x07, 0xC0, 0x01, 0xE0,
    0x00, 0xF8, 0x3F, 0xFF, 0x9F, 0xFF, 0xCF, 0xFF, 0xF7, 0xFD, 0xF0, 0x30, 0x00, 0x04, 0x00, 0xE0,
    0x1F, 0x00, 0xF0, 0x06, 0x00, 0x00, 0x01, 0x80, 0x78, 0x07, 0xC0, 0x3E, 0x03, 0xE0, 0x1F, 0x01,
    0xF0, 0x0F, 0x00, 0xF7, 0xFF, 0x7F, 0xF7, 0xFE, 0x7F, 0xC0, 0x60, 0x04, 0x00, 0x07, 0x00, 0x07,
    0xC0, 0x01, 0xE0, 0x00, 0x60, 0x00, 0x00, 0x00, 0x06, 0x00, 0x0F, 0x00, 0x07, 0xC0, 0x01, 0xF0,
    0x00, 0xF8, 0x00, 0x3E, 0x00, 0x1F, 0x00, 0x07, 0x80, 0x03, 0xE0, 0xFF, 0xFE, 0x7F, 0xFF, 0x3F,
    0xFF, 0xDF, 0xF7, 0xC0, 0xC0, 0x00, 0x01, 0x01, 0xE0, 0xF8, 0x1F, 0x07, 0xC0, 0xF0, 0x3C, 0x0F,
    0x07, 0xC1, 0xF0, 0xF8, 0xFE, 0xFF, 0x3F, 0x87, 0x81, 0x80, 0x01, 0x00, 0x0F, 0x00, 0x3E, 0x00,
    0x3E, 0x00, 0x7C, 0x00, 0x78, 0x00, 0xFF, 0x01, 0xFE, 0x07, 0xFE, 0x0F, 0xF8, 0x3E, 0x01, 0xFC,
    0x0F, 0xF0, 0x1F, 0xC0, 0x3E, 0x00, 0x30, 0x00, 0x03, 0x01, 0xE0, 0x78, 0x1E, 0x03, 0x00, 0x00,
    0x00, 0x04, 0x07, 0x83, 0xE0, 0x7C, 0x1F, 0x03, 0xC0, 0xF0, 0x3C, 0x1F, 0x07, 0xC3, 0xE3, 0xFB,
    0xFC, 0xFE, 0x1E, 0x06, 0x00, 0x02, 0x00, 0x0E, 0x00, 0x3E, 0x00, 0x38, 0x00, 0x70, 0x00, 0x00,
    0x00, 0x00, 0x00, 0x80, 0x07, 0x80, 0x1F, 0x00, 0x1F, 0x00, 0x3E, 0x00, 0x3C, 0x00, 0x7F, 0x80,
    0xFF, 0x03, 0xFF, 0x07, 0xFC, 0x1F, 0x00, 0xFE, 0x07, 0xF8, 0x0F, 0xE0, 0x1F, 0x00, 0x18, 0x00,
    0x00, 0x00, 0x00, 0x00, 0x07, 0x00, 0x00, 0x00, 0x07, 0x80, 0x00, 0x00, 0x03, 0xE0, 0x00, 0x60,
    0x61, 0xF0, 0x00, 0xF8, 0x3C, 0x78, 0x00, 0x3C, 0x3E, 0x3D, 0xE0, 0x1E, 0x1E, 0x1E, 0xF0, 0x0F,
    0x8F, 0x0F, 0x78, 0x07, 0xFF, 0xFF, 0xFC, 0x03, 0xFF, 0xFF, 0xFE, 0x01, 0xFF, 0xFF, 0xDF, 0x00,
    0xFF, 0xDF, 0xCF, 0x80, 0x78, 0x00, 0x03, 0xE0, 0xFC, 0x00, 0x01, 0xFF, 0xFC, 0x00, 0x00, 0x7F,
    0xFE, 0x00, 0x00, 0x1F, 0xFE, 0x00, 0x00, 0x03, 0xFC, 0x00, 0x00, 0x00, 0x00, 0x00, 0x00, 0x01,
    0x00, 0x00, 0x00, 0x00, 0x1E, 0x00, 0x00, 0x30, 0x30, 0x78, 0x00, 0x03, 0xE0, 0xF1, 0xE0, 0x00,
    0x07, 0x87, 0xC7, 0x81, 0xE0, 0x1E, 0x1E, 0x1E, 0x07, 0x80, 0x7C, 0x78, 0x7C, 0x1E, 0x01, 0xFF,
    0xFF, 0xFE, 0xF8, 0x07, 0xFF, 0xFF, 0xFF, 0xE0, 0x1F, 0xFF, 0xFF, 0xFF, 0x80, 0x7F, 0xEF, 0xEF,
    0xFE, 0x01, 0xE0, 0x00, 0x00, 0x7C, 0x1F, 0x80, 0x00, 0x01, 0xFF, 0xFC, 0x00, 0x00, 0x03, 0xFF,
    0xF0, 0x00, 0x00, 0x07, 0xFF, 0x80, 0x00, 0x00, 0x07, 0xF8, 0x00, 0x00, 0x00, 0x00, 0x00, 0x1C,
    0x00, 0x00, 0xF8, 0x00, 0x00, 0xF0, 0x40, 0xE1, 0xE1, 0xE1, 0xE3, 0xE3, 0xC3, 0xC7, 0xC7, 0x87,
    0x87, 0x9F, 0x1F, 0x0F, 0xFF, 0xFF, 0xFF, 0xFF, 0xFF, 0xFB, 0xFF, 0xFF, 0xF7, 0xBF, 0xBF, 0xC0,
    0x00, 0x00, 0x00, 0x00, 0x00, 0x0C, 0x00, 0x00, 0x03, 0xC0, 0x08, 0x1C, 0x3C, 0x01, 0xE1, 0xE1,
    0xE0, 0x1E, 0x1E, 0x1E, 0x01, 0xE1, 0xE1, 0xE0, 0x3E, 0x3E, 0x3E, 0x0F, 0xFF, 0xFF, 0xFE, 0xFF,
    0xFF, 0xFF, 0xFF, 0xFF, 0xFF, 0xFF, 0xF7, 0xF7, 0xF3, 0xE0, 0x00, 0x00, 0x00, 0x00, 0x00, 0x00,
    0x00, 0x00, 0x00, 0x03, 0x80, 0x00, 0x00, 0x03, 0xC0, 0x00, 0x00, 0x00, 0xE0, 0x00, 0x00, 0x01,
    0xD8, 0x00, 0x00, 0x01, 0xFE, 0x00, 0x00, 0x00, 0xFF, 0x00, 0x00, 0x00, 0x33, 0x0E, 0x00, 0x00,
    0x00, 0x0F, 0x00, 0x00, 0x00, 0x07, 0xC0, 0x00, 0xC0, 0xC3, 0xE0, 0x01, 0xF0, 0x78, 0xF0, 0x00,
    0x78, 0x7C, 0x7B, 0xC0, 0x3C, 0x3C, 0x3D, 0xE0, 0x1F, 0x1E, 0x1E, 0xF0, 0x0F, 0xFF, 0xFF, 0xF8,
    0x07, 0xFF, 0xFF, 0xFC, 0x03, 0xFF, 0xFF, 0xBE, 0x01, 0xFF, 0xBF, 0x9F, 0x00, 0xF0, 0x00, 0x07,
    0xC1, 0xF8, 0x00, 0x03, 0xFF, 0xF8, 0x00, 0x00, 0xFF, 0xFC, 0x00, 0x00, 0x3F, 0xFC, 0x00, 0x00,
    0x07, 0xF8, 0x00, 0x00, 0x00, 0x00, 0x00, 0x00, 0x00, 0x00, 0x00, 0x00, 0x1C, 0x00, 0x00, 0x00,
    0x00, 0xF0, 0x00, 0x00, 0x00, 0x01, 0xC0, 0x00, 0x00, 0x00, 0x1D, 0x80, 0x00, 0x00, 0x00, 0xFF,
    0x00, 0x00, 0x00, 0x03, 0xFC, 0x00, 0x00, 0x00, 0x06, 0x60, 0x00, 0x00, 0x00, 0x00, 0x01, 0x00,
    0x00, 0x00, 0x00, 0x1E, 0x00, 0x00, 0x30, 0x30, 0x78, 0x00, 0x03, 0xE0, 0xF1, 0xE0, 0x00, 0x07,
    0x87, 0xC7, 0x81, 0xE0, 0x1E, 0x1E, 0x1E, 0x07, 0x80, 0x7C, 0x78, 0x7C, 0x1E, 0x01, 0xFF, 0xFF,
    0xFE, 0xF8, 0x07, 0xFF, 0xFF, 0xFF, 0xE0, 0x1F, 0xFF, 0xFF, 0xFF, 0x80, 0x7F, 0xEF, 0xEF, 0xFE,
    0x01, 0xE0, 0x00, 0x00, 0x7C, 0x1F, 0x80, 0x00, 0x01, 0xFF, 0xFC, 0x00, 0x00, 0x03, 0xFF, 0xF0,
    0x00, 0x00, 0x07, 0xFF, 0x80, 0x00, 0x00, 0x07, 0xF8, 0x00, 0x00, 0x00, 0x00, 0x00, 0x00, 0x00,
    0x3C, 0x00, 0x00, 0x78, 0x00, 0x00, 0xF0, 0x00, 0x03, 0xF0, 0x00, 0x0F, 0xF0, 0x00, 0x1F, 0xE0,
    0x00, 0x19, 0x8E, 0x00, 0x00, 0x7C, 0x00, 0x00, 0x78, 0x20, 0x70, 0xF0, 0xF0, 0xF1, 0xF1, 0xE1,
    0xE3, 0xE3, 0xC3, 0xC3, 0xCF, 0x8F, 0x87, 0xFF, 0xFF, 0xFF, 0xFF, 0xFF, 0xFD, 0xFF, 0xFF, 0xFB,
    0xDF, 0xDF, 0xE0, 0x00, 0x00, 0x00, 0x00, 0x00, 0x00, 0x00, 0x01, 0xC0, 0x00, 0x00, 0x1E, 0x00,
    0x00, 0x01, 0xC0, 0x00, 0x00, 0x77, 0x00, 0x00, 0x07, 0xF8, 0x00, 0x00, 0x7F, 0x00, 0x00, 0x03,
    0x30, 0x00, 0x00, 0x00, 0x0C, 0x00, 0x00, 0x03, 0xC0, 0x08, 0x1C, 0x3C, 0x01, 0xE1, 0xE1, 0xE0,
    0x1E, 0x1E, 0x1E, 0x01, 0xE1, 0xE1, 0xE0, 0x3E, 0x3E, 0x3E, 0x0F, 0xFF, 0xFF, 0xFE, 0xFF, 0xFF,
    0xFF, 0xFF, 0xFF, 0xFF, 0xFF, 0xF7, 0xF7, 0xF3, 0xE0, 0x00, 0x00, 0x00, 0x00, 0x00, 0x00, 0x3F,
    0x80, 0x00, 0x00, 0x1F, 0xF8, 0x00, 0x0C, 0x07, 0xFF, 0x00, 0x07, 0xC1, 0xFF, 0xF0, 0x00, 0xF8,
    0x7E, 0x3E, 0xF0, 0x0F, 0x1F, 0x03, 0xDE, 0x01, 0xF7, 0xC0, 0xFB, 0xC0, 0x3F, 0xFF, 0xFE, 0xF8,
    0x07, 0xFF, 0xFF, 0xDF, 0x00, 0xFF, 0xFF, 0xF3, 0xE0, 0x1F, 0xFF, 0xF8, 0x7C, 0x03, 0xC3, 0xF8,
    0x07, 0xC1, 0xF8, 0x00, 0x00, 0xFF, 0xFE, 0x00, 0x00, 0x0F, 0xFF, 0xC0, 0x00, 0x00, 0xFF, 0xF0,
    0x00, 0x00, 0x07, 0xF8, 0x00, 0x00, 0x00, 0x00, 0x00, 0x00, 0x3F, 0x80, 0x00, 0x00, 0x01, 0xFF,
    0x80, 0x00, 0x0C, 0x07, 0xFF, 0x00, 0x00, 0x7C, 0x1F, 0xFF, 0x00, 0x00, 0xF8, 0x7E, 0x3E, 0x0F,
    0x00, 0xF1, 0xF0, 0x3C, 0x1E, 0x01, 0xF7, 0xC0, 0xF8, 0x3C, 0x03, 0xFF, 0xFF, 0xFC, 0xF8, 0x07,
    0xFF, 0xFF, 0xFD, 0xF0, 0x0F, 0xFF, 0xFF, 0xFB, 0xE0, 0x1F, 0xFF, 0xFF, 0xF7, 0xC0, 0x3C, 0x3F,
    0x80, 0x07, 0xC1, 0xF8, 0x00, 0x00, 0x0F, 0xFF, 0xE0, 0x00, 0x00, 0x0F, 0xFF, 0xC0, 0x00, 0x00,
    0x0F, 0xFF, 0x00, 0x00, 0x00, 0x07, 0xF8, 0x00, 0x00, 0x00, 0x00, 0x01, 0xF8, 0x00, 0x07, 0xFC,
    0x10, 0x0F, 0xFE, 0x1E, 0x1F, 0xFF, 0x1E, 0x3F, 0x1F, 0x3C, 0x7C, 0x1F, 0x3C, 0xF8, 0x1F, 0xFF,
    0xF1, 0xFE, 0xFF, 0xFF, 0xFE, 0xFF, 0xFF, 0xFC, 0xF7, 0xFF, 0xF0, 0x00, 0xFF, 0x80, 0x00, 0x01,
    0xF8, 0x00, 0x00, 0x7F, 0xC0, 0x10, 0x0F, 0xFE, 0x01, 0xE1, 0xFF, 0xF0, 0x1E, 0x3F, 0x1F, 0x03,
    0xC7, 0xC1, 0xF0, 0x3C, 0xF8, 0x1F, 0x0F, 0xFF, 0x1F, 0xFC, 0xFF, 0xFF, 0xFF, 0xEF, 0xFF, 0xFF,
    0xFE, 0xF7, 0xFF, 0xFF, 0xE0, 0x0F, 0xF8, 0x00, 0x00, 0x00, 0x00, 0x08, 0x00, 0x00, 0x00, 0x07,
    0x80, 0x00, 0x00, 0x00, 0xF8, 0x00, 0x00, 0x00, 0x1E, 0x00, 0x00, 0x00, 0x01, 0x80, 0x00, 0x00,
    0x00, 0x00, 0x00, 0x00, 0x00, 0x00, 0x00, 0x00, 0x00, 0x01, 0xFC, 0x00, 0x00, 0x00, 0xFF, 0xC0,
    0x00, 0x60, 0x3F, 0xF8, 0x00, 0x3E, 0x0F, 0xFF, 0x80, 0x07, 0xC3, 0xF1, 0xF7, 0x80, 0x78, 0xF8,
    0x1E, 0xF0, 0x0F, 0xBE, 0x07, 0xDE, 0x01, 0xFF, 0xFF, 0xF7, 0xC0, 0x3F, 0xFF, 0xFE, 0xF8, 0x07,
    0xFF, 0xFF, 0x9F, 0x00, 0xFF, 0xFF, 0xC3, 0xE0, 0x1E, 0x1F, 0xC0, 0x3E, 0x0F, 0xC0, 0x00, 0x07,
    0xFF, 0xF0, 0x00, 0x00, 0x7F, 0xFE, 0x00, 0x00, 0x07, 0xFF, 0x80, 0x00, 0x00, 0x3F, 0xC0, 0x00,
    0x00, 0x00, 0x00, 0x00, 0x08, 0x00, 0x00, 0x00, 0x00, 0x78, 0x00, 0x00, 0x00, 0x00, 0xF8, 0x00,
    0x00, 0x00, 0x01, 0xE0, 0x00, 0x00, 0x00, 0x01, 0x80, 0x00, 0x00, 0x00, 0x00, 0x00, 0x00, 0x00,
    0x00, 0x00, 0x00, 0x00, 0x00, 0x00, 0x1F, 0xC0, 0x00, 0x00, 0x00, 0xFF, 0xC0, 0x00, 0x06, 0x03,
    0xFF, 0x80, 0x00, 0x3E, 0x0F, 0xFF, 0x80, 0x00, 0x7C, 0x3F, 0x1F, 0x07, 0x80, 0x78, 0xF8, 0x1E,
    0x0F, 0x00, 0xFB, 0xE0, 0x7C, 0x1E, 0x01, 0xFF, 0xFF, 0xFE, 0x7C, 0x03, 0xFF, 0xFF, 0xFE, 0xF8,
    0x07, 0xFF, 0xFF, 0xFD, 0xF0, 0x0F, 0xFF, 0xFF, 0xFB, 0xE0, 0x1E, 0x1F, 0xC0, 0x03, 0xE0, 0xFC,
    0x00, 0x00, 0x07, 0xFF, 0xF0, 0x00, 0x00, 0x07, 0xFF, 0xE0, 0x00, 0x00, 0x07, 0xFF, 0x80, 0x00,
    0x00, 0x03, 0xFC, 0x00, 0x00, 0x00, 0x00, 0x00, 0x40, 0x00, 0x01, 0xE0, 0x00, 0x01, 0xF0, 0x00,
    0x01, 0xE0, 0x00, 0x00, 0xC0, 0x00, 0x00, 0x00, 0x00, 0x00, 0x00, 0x00, 0x01, 0xF8, 0x00, 0x07,
    0xFC, 0x10, 0x0F, 0xFE, 0x1E, 0x1F, 0xFF, 0x1E, 0x3F, 0x1F, 0x3C, 0x7C, 0x1F, 0x3C, 0xF8, 0x1F,
    0xFF, 0xF1, 0xFE, 0xFF, 0xFF, 0xFE, 0xFF, 0xFF, 0xFC, 0xF7, 0xFF, 0xF0, 0x00, 0xFF, 0x80, 0x00,
    0x00, 0x40, 0x00, 0x00, 0x1E, 0x00, 0x00, 0x01, 0xF0, 0x00, 0x00, 0x1E, 0x00, 0x00, 0x00, 0xC0,
    0x00, 0x00, 0x00, 0x00, 0x00, 0x00, 0x00, 0x00, 0x00, 0x1F, 0x80, 0x00, 0x07, 0xFC, 0x01, 0x00,
    0xFF, 0xE0, 0x1E, 0x1F, 0xFF, 0x01, 0xE3, 0xF1, 0xF0, 0x3C, 0x7C, 0x1F, 0x03, 0xCF, 0x81, 0xF0,
    0xFF, 0xF1, 0xFF, 0xCF, 0xFF, 0xFF, 0xFE, 0xFF, 0xFF, 0xFF, 0xEF, 0x7F, 0xFF, 0xFE, 0x00, 0xFF,
    0x80, 0x00, 0x07, 0x00, 0x00, 0x7C, 0x00, 0x03, 0xE0, 0x00, 0x0F, 0x00, 0x00, 0x78, 0x00, 0x03,
    0xC0, 0x00, 0x1E, 0x00, 0x00, 0xF0, 0x00, 0x07, 0x9F, 0xC0, 0x3D, 0xFF, 0x01, 0xFF, 0xFC, 0x0F,
    0xFF, 0xE0, 0x7F, 0x0F, 0x03, 0xF0, 0x78, 0x1F, 0x03, 0xCF, 0xFF, 0xFE, 0xFF, 0xFF, 0xE7, 0xFF,
    0xFE, 0x3F, 0xFF, 0xE0, 0x3F, 0xF0, 0x00, 0x07, 0x00, 0x00, 0x0F, 0x80, 0x00, 0x0F, 0x80, 0x00,
    0x07, 0x80, 0x00, 0x07, 0x80, 0x00, 0x07, 0x80, 0x00, 0x07, 0x80, 0x00, 0x07, 0x80, 0x00, 0x07,
    0x9F, 0xC0, 0x07, 0xBF, 0xE0, 0x07, 0xFF, 0xF0, 0x07, 0xFF, 0xF0, 0x07, 0xF0, 0xF0, 0x07, 0xE0,
    0xF0, 0x07, 0xC0, 0xF0, 0x7F, 0xFF, 0xFE, 0xFF, 0xFF, 0xFF, 0xFF, 0xFF, 0xFF, 0xFF, 0xFF, 0xFF,
    0x1F, 0xF8, 0x00, 0x3C, 0x00, 0x0F, 0x00, 0x03, 0xC0, 0x00, 0xF0, 0x00, 0x3C, 0x00, 0x0F, 0x00,
    0x03, 0xC0, 0x00, 0xF0, 0x60, 0x3C, 0xFF, 0x0F, 0x7F, 0xE3, 0xFF, 0xF8, 0xFF, 0xFF, 0x3F, 0x87,
    0xCF, 0xC1, 0xF3, 0xE0, 0xFF, 0xFF, 0xFE, 0xFF, 0xFF, 0xBF, 0xFF, 0x8F, 0xFF, 0x83, 0xF0, 0x00,
    0x3C, 0x00, 0x00, 0xF0, 0x00, 0x03, 0xC0, 0x00, 0x0F, 0x00, 0x00, 0x3C, 0x00, 0x00, 0xF0, 0x00,
    0x03, 0xC0, 0x00, 0x0F, 0x06, 0x00, 0x3C, 0xFF, 0x00, 0xF7, 0xFE, 0x03, 0xFF, 0xF8, 0x0F, 0xFF,
    0xF0, 0x3F, 0x87, 0xC0, 0xFC, 0x1F, 0x03, 0xE0, 0xFC, 0x3F, 0xFF, 0xFC, 0xFF, 0xFF, 0xFB, 0xFF,
    0xFF, 0xEF, 0xFF, 0xBF, 0xBF, 0x00, 0x00, 0x07, 0x00, 0x00, 0x7C, 0x18, 0x03, 0xE1, 0xE0, 0x0F,
    0x0F, 0x00, 0x78, 0x78, 0x03, 0xC1, 0x80, 0x1E, 0x00, 0x00, 0xF0, 0x00, 0x07, 0x9F, 0xC0, 0x3D,
    0xFF, 0x01, 0xFF, 0xFC, 0x0F, 0xFF, 0xE0, 0x7F, 0x0F, 0x03, 0xF0, 0x78, 0x1F, 0x03, 0xCF, 0xFF,
    0xFE, 0xFF, 0xFF, 0xE7, 0xFF, 0xFE, 0x3F, 0xFF, 0xE0, 0x3F, 0xF0, 0x00, 0x07, 0x00, 0x00, 0x0F,
    0x82, 0x00, 0x0F, 0x8F, 0x00, 0x07, 0x8F, 0x80, 0x07, 0x8F, 0x00, 0x07, 0x86, 0x00, 0x07, 0x80,
    0x00, 0x07, 0x80, 0x00, 0x07, 0x9F, 0xC0, 0x07, 0xBF, 0xE0, 0x07, 0xFF, 0xF0, 0x07, 0xFF, 0xF0,
    0x07, 0xF0, 0xF0, 0x07, 0xE0, 0xF0, 0x07, 0xC0, 0xF0, 0x7F, 0xFF, 0xFE, 0xFF, 0xFF, 0xFF, 0xFF,
    0xFF, 0xFF, 0xFF, 0xFF, 0xFF, 0x1F, 0xF8, 0x00, 0x3C, 0x00, 0x0F, 0x04, 0x03, 0xC3, 0x80, 0xF1,
    0xF0, 0x3C, 0x78, 0x0F, 0x0C, 0x03, 0xC0, 0x00, 0xF0, 0x60, 0x3C, 0xFF, 0x0F, 0x7F, 0xE3, 0xFF,
    0xF8, 0xFF, 0xFF, 0x3F, 0x87, 0xCF, 0xC1, 0xF3, 0xE0, 0xFF, 0xFF, 0xFE, 0xFF, 0xFF, 0xBF, 0xFF,
    0x8F, 0xFF, 0x83, 0xF0, 0x00, 0x3C, 0x00, 0x00, 0xF0, 0x40, 0x03, 0xC3, 0x80, 0x0F, 0x1F, 0x00,
    0x3C, 0x78, 0x00, 0xF0, 0xC0, 0x03, 0xC0, 0x00, 0x0F, 0x06, 0x00, 0x3C, 0xFF, 0x00, 0xF7, 0xFE,
    0x03, 0xFF, 0xF8, 0x0F, 0xFF, 0xF0, 0x3F, 0x87, 0xC0, 0xFC, 0x1F, 0x03, 0xE0, 0xFC, 0x3F, 0xFF,
    0xFC, 0xFF, 0xFF, 0xFB, 0xFF, 0xFF, 0xEF, 0xFF, 0xBF, 0xBF, 0x00, 0x00, 0x0F, 0xC0, 0x1F, 0xE0,
    0x1F, 0xF0, 0x0F, 0xF8, 0x07, 0x80, 0x03, 0xC0, 0x01, 0xE0, 0xC0, 0xFF, 0xE0, 0x3F, 0xF8, 0x0F,
    0xFC, 0x0F, 0xF8, 0x07, 0xE0, 0x07, 0xC0, 0x03, 0xC0, 0x03, 0xE0, 0x01, 0xE0, 0x00, 0xF0, 0x00,
    0x78, 0x00, 0x3E, 0x00, 0x0F, 0xC0, 0xE7, 0xFF, 0xF1, 0xFF, 0xF8, 0x7F, 0xFC, 0x0F, 0xF8, 0x07,
    0xE0, 0x0F, 0xF8, 0x0F, 0xFE, 0x07, 0xFF, 0x03, 0xC7, 0x81, 0xF3, 0xC0, 0x7F, 0xE0, 0x1F, 0xE0,
    0x07, 0xFF, 0x07, 0xFF, 0x8F, 0xFF, 0xEF, 0xFF, 0xE7, 0xC0, 0x07, 0xC0, 0x03, 0xC0, 0x01, 0xE0,
    0x00, 0xF0, 0x00, 0x7E, 0x0E, 0x3F, 0xFF, 0x0F, 0xFF, 0xC3, 0xFF, 0xE0, 0x7F, 0x80, 0x03, 0xC0,
    0x7F, 0x07, 0xF8, 0x7F, 0xC3, 0xE4, 0x1E, 0x00, 0xF0, 0x07, 0x86, 0x3F, 0xFF, 0xFF, 0xFF, 0xFF,
    0xFF, 0xEF, 0xF8, 0x00, 0x00, 0x03, 0xF0, 0x07, 0xFC, 0x07, 0xFF, 0x07, 0xFF, 0x83, 0xE3, 0xC1,
    0xFB, 0xE0, 0x7F, 0xE0, 0x1F, 0xF0, 0x7F, 0xFF, 0x3F, 0xFF, 0xDF, 0xFF, 0xEF, 0xCF, 0xF0, 0x00,
    0x00, 0x03, 0x00, 0x03, 0xC0, 0x01, 0xE0, 0x00, 0xF0, 0x00, 0x30, 0x00, 0x00, 0x00, 0x00, 0x00,
    0x1F, 0x80, 0x3F, 0xC0, 0x3F, 0xE0, 0x1F, 0xF0, 0x0F, 0x00, 0x07, 0x80, 0x03, 0xC1, 0x81, 0xFF,
    0xC0, 0x7F, 0xF0, 0x1F, 0xF8, 0x1F, 0xF0, 0x0F, 0xC0, 0x0F, 0x80, 0x07, 0x80, 0x07, 0xC0, 0x03,
    0xC0, 0x01, 0xE0, 0x00, 0xF0, 0x00, 0x7C, 0x00, 0x1F, 0x81, 0xCF, 0xFF, 0xE3, 0xFF, 0xF0, 0xFF,
    0xF8, 0x1F, 0xF0, 0x01, 0x80, 0x01, 0xE0, 0x00, 0xF0, 0x00, 0x78, 0x00, 0x18, 0x00, 0x00, 0x00,
    0x1F, 0x80, 0x3F, 0xE0, 0x3F, 0xF8, 0x1F, 0xFC, 0x0F, 0x1E, 0x07, 0xCF, 0x01, 0xFF, 0x80, 0x7F,
    0x80, 0x1F, 0xFC, 0x1F, 0xFE, 0x3F, 0xFF, 0xBF, 0xFF, 0x9F, 0x00, 0x1F, 0x00, 0x0F, 0x00, 0x07,
    0x80, 0x03, 0xC0, 0x01, 0xF8, 0x38, 0xFF, 0xFC, 0x3F, 0xFF, 0x0F, 0xFF, 0x81, 0xFE, 0x00, 0x03,
    0x00, 0x3C, 0x01, 0xE0, 0x0F, 0x00, 0x30, 0x00, 0x00, 0x0F, 0x01, 0xFC, 0x1F, 0xE1, 0xFF, 0x0F,
    0x90, 0x78, 0x03, 0xC0, 0x1E, 0x18, 0xFF, 0xFF, 0xFF, 0xFF, 0xFF, 0xFF, 0xBF, 0xE0, 0x00, 0x00,
    0x00, 0x80, 0x00, 0xE0, 0x00, 0xF8, 0x00, 0x78, 0x00, 0x18, 0x00, 0x00, 0x00, 0x0F, 0xC0, 0x1F,
    0xF0, 0x1F, 0xFC, 0x1F, 0xFE, 0x0F, 0x8F, 0x07, 0xEF, 0x81, 0xFF, 0x80, 0x7F, 0xC1, 0xFF, 0xFC,
    0xFF, 0xFF, 0x7F, 0xFF, 0xBF, 0x3F, 0xC0, 0x00, 0x00, 0x00, 0x00, 0x10, 0x00, 0x00, 0x1C, 0x00,
    0x00, 0x1F, 0x00, 0x00, 0x07, 0x80, 0x00, 0x01, 0x80, 0x00, 0x00, 0x00, 0x00, 0x00, 0xE0, 0x00,
    0x01, 0xFC, 0x00, 0x01, 0xFF, 0x00, 0x00, 0xFF, 0x80, 0x00, 0xFB, 0xEE, 0x00, 0x78, 0xF7, 0x80,
    0x3E, 0x7B, 0xC0, 0x1F, 0xFD, 0xE0, 0x0F, 0xFF, 0xF0, 0x03, 0xFF, 0xF8, 0x00, 0x7F, 0xBF, 0x80,
    0x3F, 0x9F, 0xFF, 0xFF, 0xC7, 0xFF, 0xFF, 0xC1, 0xFF, 0xFF, 0xC0, 0x1F, 0xFF, 0x00, 0x00, 0x00,
    0x04, 0x00, 0x00, 0x00, 0x38, 0x00, 0x00, 0x01, 0xF0, 0x00, 0x00, 0x07, 0x80, 0x00, 0x00, 0x0C,
    0x00, 0x00, 0x00, 0x00, 0x00, 0x00, 0x00, 0x00, 0x00, 0x00, 0x07, 0xC0, 0x00, 0x00, 0x3F, 0x81,
    0xC0, 0x01, 0xFF, 0x07, 0x80, 0x0F, 0xFC, 0x1E, 0x00, 0x3C, 0xF8, 0x78, 0x00, 0xF1, 0xE3, 0xE0,
    0x03, 0xCF, 0x8F, 0x80, 0x0F, 0xFC, 0x1F, 0xC0, 0x7F, 0xFE, 0x7F, 0xFF, 0xFF, 0xFC, 0xFF, 0xFF,
    0xFF, 0xF1, 0xFF, 0xFF, 0xFF, 0xC0, 0xFF, 0xE0, 0x00, 0x02, 0x00, 0x70, 0x0F, 0x80, 0x78, 0x03,
    0x00, 0x00, 0x07, 0x81, 0xFC, 0x3F, 0xE3, 0xFE, 0x7D, 0xF7, 0x8F, 0x7C, 0xF7, 0xFF, 0x7F, 0xF3,
    0xFF, 0x0F, 0xFF, 0xFE, 0xFF, 0xEF, 0xFC, 0xFF, 0x08, 0x00, 0x03, 0x00, 0x07, 0x80, 0x07, 0x80,
    0x07, 0x80, 0x03, 0x00, 0x00, 0x00, 0x00, 0x00, 0x0F, 0xC0, 0x1F, 0xE0, 0x3F, 0xE0, 0x3F, 0xF0,
    0x7C, 0xF0, 0x78, 0xF0, 0x7D, 0xF0, 0x3F, 0xF0, 0xFF, 0xFE, 0xFF, 0xFE, 0xFF, 0xFF, 0xFF, 0xFE,
    0x00, 0x00, 0x00, 0x00, 0x00, 0x01, 0xDE, 0x00, 0x1F, 0xE0, 0x01, 0xFE, 0x00, 0x0C, 0xC0, 0x00,
    0x00, 0x00, 0x03, 0x00, 0x00, 0xFC, 0x00, 0x1F, 0xE0, 0x03, 0xFE, 0x00, 0x3F, 0xF7, 0x87, 0xCF,
    0x78, 0x7C, 0xF7, 0x87, 0xFF, 0xF8, 0x3F, 0xFF, 0x83, 0xFF, 0xF8, 0x1F, 0xFF, 0x80, 0x1F, 0x7E,
    0x07, 0xE7, 0xFF, 0xFC, 0x3F, 0xFF, 0xC1, 0xFF, 0xF0, 0x07, 0xFC, 0x00, 0x00, 0x00, 0x00, 0x00,
    0x1D, 0xE0, 0x00, 0x3F, 0xE0, 0x00, 0x1D, 0xE0, 0x00, 0x0C, 0xC0, 0x00, 0x00, 0x00, 0x00, 0x07,
    0x80, 0x00, 0x1F, 0xC0, 0x00, 0x3F, 0xE0, 0x00, 0x3F, 0xF0, 0x00, 0x3D, 0xF0, 0x70, 0x78, 0xF0,
    0x78, 0x7F, 0xFE, 0x78, 0x3F, 0xFF, 0xF8, 0x3F, 0xFF, 0xF8, 0x1F, 0xFE, 0xF8, 0x01, 0xF8, 0xF8,
    0x03, 0xE0, 0x7E, 0x0F, 0xE0, 0x7F, 0xFF, 0xC0, 0x3F, 0xFF, 0x80, 0x1F, 0xFF, 0x00, 0x07, 0xFC,
    0x00, 0x00, 0x01, 0xDC, 0x3D, 0xE1, 0xDE, 0x18, 0xC0, 0x00, 0x07, 0x81, 0xFC, 0x3F, 0xE3, 0xFE,
    0x7D, 0xF7, 0x8F, 0x7C, 0xF7, 0xFF, 0x7F, 0xF3, 0xFF, 0x0F, 0xFF, 0xFE, 0xFF, 0xEF, 0xFC, 0xFF,
    0x08, 0x00, 0x00, 0x00, 0x1D, 0xE0, 0x1F, 0xE0, 0x1F, 0xE0, 0x0C, 0xC0, 0x00, 0x00, 0x00, 0x00,
    0x0F, 0xC0, 0x1F, 0xE0, 0x3F, 0xE0, 0x3F, 0xF0, 0x7C, 0xF0, 0x78, 0xF0, 0x7D, 0xF0, 0x3F, 0xF0,
    0xFF, 0xFE, 0xFF, 0xFE, 0xFF, 0xFF, 0xFF, 0xFE, 0x00, 0x00, 0x00, 0x00, 0x3C, 0x00, 0x00, 0x78,
    0x00, 0x00, 0xF0, 0x00, 0x01, 0xE0, 0x00, 0xC3, 0xC0, 0x07, 0xC7, 0x80, 0x0F, 0x8F, 0x00, 0x3C,
    0x1E, 0x00, 0x3C, 0x3C, 0xE0, 0x38, 0x79, 0xE0, 0xF8, 0xF3, 0xC7, 0xE1, 0xE7, 0x87, 0x83, 0xDF,
    0x0C, 0x07, 0xBE, 0x00, 0x0F, 0x3F, 0x80, 0xFE, 0x7F, 0xFF, 0xFC, 0x7F, 0xFF, 0xF0, 0x7F, 0xFF,
    0xC0, 0x1F, 0xFC, 0x00, 0x00, 0x00, 0x3C, 0x00, 0x00, 0x07, 0x80, 0x00, 0x00, 0xF0, 0x00, 0x00,
    0x1E, 0x00, 0x00, 0xC3, 0xC0, 0x00, 0x7C, 0x78, 0x00, 0x0F, 0x8F, 0x00, 0x03, 0xC1, 0xE0, 0x00,
    0x3C, 0x3C, 0x0E, 0x03, 0x87, 0x81, 0xE0, 0xF8, 0xF0, 0x3C, 0x7E, 0x1E, 0x07, 0x87, 0x83, 0xC1,
    0xF0, 0xC0, 0x7C, 0x3E, 0x00, 0x0F, 0x83, 0xF8, 0x0F, 0xFE, 0x7F, 0xFF, 0xFF, 0xE7, 0xFF, 0xFF,
    0xFC, 0x7F, 0xFF, 0xDF, 0x01, 0xFF, 0xC0, 0x00, 0x00, 0xE0, 0x3E, 0x0F, 0xF1, 0xFF, 0x7F, 0xCF,
    0xE0, 0xF8, 0x0F, 0xC0, 0x7E, 0x03, 0xF0, 0x1F, 0x80, 0xF8, 0x07, 0xC0, 0x7C, 0xFF, 0xCF, 0xFC,
    0xFF, 0x8F, 0xF0, 0xE0, 0x00, 0x00, 0x60, 0x07, 0xC0, 0x3F, 0xC0, 0xFF, 0x87, 0xFC, 0x1F, 0xC0,
    0x3E, 0x00, 0x7E, 0x00, 0x7E, 0x00, 0x7E, 0x00, 0x7E, 0x00, 0x7C, 0x00, 0x7C, 0x00, 0xFC, 0x3F,
    0xFF, 0x7F, 0xFF, 0xFF, 0xFF, 0xFE, 0xFF, 0x80, 0x00, 0x00, 0x07, 0x80, 0x01, 0xE0, 0x00, 0x78,
    0x00, 0x1E, 0x00, 0x07, 0x80, 0x01, 0xE0, 0x00, 0x78, 0x00, 0x1E, 0x00, 0x07, 0x80, 0x01, 0xE0,
    0x00, 0x78, 0x00, 0x1E, 0x00, 0x07, 0xDE, 0x01, 0xF7, 0x80, 0x7D, 0xE0, 0x1F, 0xF8, 0x07, 0xBE,
    0x01, 0xEF, 0x80, 0x7B, 0xE0, 0x3E, 0x7C, 0x1F, 0x1F, 0xFF, 0xC3, 0xFF, 0xE0, 0x7F, 0xF0, 0x07,
    0xF0, 0x00, 0x00, 0x07, 0x80, 0x00, 0x1E, 0x00, 0x00, 0x78, 0x00, 0x01, 0xE0, 0x00, 0x07, 0x80,
    0x00, 0x1E, 0x00, 0x00, 0x78, 0x00, 0x01, 0xE0, 0x00, 0x07, 0x80, 0x00, 0x1E, 0x00, 0x00, 0x78,
    0x00, 0x01, 0xE0, 0x00, 0x07, 0x81, 0xE0, 0x1F, 0x07, 0x80, 0x7C, 0x1E, 0x01, 0xFE, 0xF8, 0x07,
    0xFF, 0xE0, 0x1F, 0xFF, 0x80, 0x7F, 0xFE, 0x01, 0xE0, 0x7C, 0x1F, 0x81, 0xFF, 0xFC, 0x03, 0xFF,
    0xF0, 0x07, 0xFF, 0x80, 0x07, 0xF8, 0x00, 0x3C, 0x78, 0xF1, 0xE3, 0xC7, 0x8F, 0x1E, 0x3C, 0x78,
    0xF1, 0xE3, 0xC7, 0xCF, 0x7E, 0xFD, 0xFB, 0xE0, 0x00, 0x3C, 0x07, 0x80, 0xF0, 0x1E, 0x03, 0xC0,
    0x78, 0x0F, 0x01, 0xE0, 0x3C, 0x07, 0x80, 0xF0, 0x1E, 0x03, 0xE0, 0x7C, 0x0F, 0x87, 0xFE, 0xFF,
    0xFF, 0xFF, 0xDF, 0x80, 0x00, 0x00, 0x00, 0x7E, 0x07, 0xF8, 0x7F, 0xE7, 0xFF, 0x9C, 0x7C, 0x21,
    0xE0, 0xFF, 0x1F, 0xFB, 0xFF, 0xDF, 0xFF, 0xF8, 0x6F, 0x80, 0x78, 0x03, 0xC0, 0x1E, 0x00, 0xF0,
    0x07, 0xC0, 0x1E, 0x00, 0xF0, 0x07, 0x80, 0x3C, 0x00, 0x00, 0xF0, 0x00, 0x7F, 0x00, 0x3F, 0xE0,
    0x0F, 0xFE, 0x03, 0xFB, 0xC0, 0x7C, 0x78, 0x1F, 0xC7, 0x83, 0xFF, 0xFE, 0xFF, 0xFF, 0xFE, 0xFF,
    0xFF, 0xCF, 0xFF, 0xF8, 0x78, 0x0F, 0x00, 0x01, 0xE0, 0x00, 0x3E, 0x00, 0x07, 0xC0, 0x00, 0x78,
    0x00, 0x0F, 0x00, 0x01, 0xE0, 0x00, 0x3E, 0x00, 0x03, 0x80, 0x00, 0x01, 0xC0, 0x1F, 0x80, 0xFF,
    0x07, 0xFE, 0x1F, 0xF8, 0xF9, 0xF3, 0xC7, 0xFF, 0xFF, 0xFF, 0xFB, 0xFF, 0xEF, 0x7F, 0x00, 0x00,
    0x01, 0xC0, 0x01, 0xF8, 0x00, 0xFF, 0x00, 0x7F, 0xE0, 0x1E, 0xF8, 0x0F, 0x1F, 0x07, 0xE7, 0xC3,
    0xFD, 0xFE, 0xFF, 0xFF, 0xFF, 0xFF, 0xFE, 0x7F, 0xFC, 0x07, 0x80, 0x00, 0xC0, 0x00, 0x78, 0x00,
    0x1E, 0x00, 0x07, 0x80, 0x00, 0xC0, 0x00, 0x00, 0x00, 0x00, 0x70, 0x00, 0x3E, 0x00, 0x0F, 0x9E,
    0x01, 0xE7, 0x80, 0x79, 0xE0, 0x1F, 0xF8, 0x07, 0xFE, 0x01, 0xFF, 0x80, 0x7B, 0xE0, 0x1E, 0x7C,
    0x1F, 0x9F, 0xFF, 0xC3, 0xFF, 0xE0, 0x7F, 0xF0, 0x07, 0xF0, 0x00, 0x00, 0xC0, 0x00, 0x03, 0xC0,
    0x00, 0x07, 0x80, 0x00, 0x0F, 0x00, 0x00, 0x0C, 0x00, 0x00, 0x00, 0x00, 0x00, 0x00, 0xC0, 0x00,
    0x07, 0xC0, 0x00, 0x07, 0x80, 0xF0, 0x0F, 0x01, 0xE0, 0x1F, 0x03, 0xC0, 0x3F, 0xCF, 0x80, 0x7F,
    0xDF, 0x00, 0xFF, 0xBE, 0x01, 0xFF, 0x7C, 0x03, 0xC0, 0x7C, 0x1F, 0x80, 0xFF, 0xFE, 0x00, 0xFF,
    0xFC, 0x00, 0xFF, 0xF0, 0x00, 0x7F, 0x80, 0x00, 0x10, 0x71, 0xF1, 0xE1, 0x80, 0x07, 0x1E, 0x3C,
    0x7C, 0xF8, 0xF1, 0xE3, 0xFF, 0xFF, 0xFD, 0xF0, 0x00, 0x0C, 0x01, 0xE0, 0x1E, 0x01, 0xE0, 0x0C,
    0x00, 0x00, 0x00, 0x01, 0xE0, 0x1E, 0x01, 0xE0, 0x1E, 0x03, 0xE0, 0xFF, 0xEF, 0xFF, 0xFF, 0xFF,
    0x7F, 0x00, 0x00, 0x0C, 0x01, 0xC0, 0x7C, 0x1F, 0xC1, 0xFC, 0x7F, 0x9F, 0xFB, 0xCF, 0xF9, 0xFF,
    0x3F, 0xFF, 0xBF, 0xF7, 0xFC, 0x7F, 0x00, 0x00, 0x01, 0xE0, 0x01, 0xF0, 0x07, 0xF0, 0x1F, 0xF0,
    0x3F, 0xF0, 0x7F, 0xF0, 0x7D, 0xF0, 0xF8, 0xF0, 0xF8, 0xF0, 0xFF, 0xF0, 0x7F, 0xF0, 0x7F, 0xFE,
    0x3F, 0xFF, 0x02, 0x7F, 0x00, 0x3F, 0x00, 0x00, 0x0C, 0x00, 0x0F, 0x00, 0x1F, 0x80, 0x1F, 0xC0,
    0x3F, 0xE0, 0x3F, 0xF8, 0x79, 0xFC, 0x79, 0xFC, 0x7F, 0xFE, 0x3F, 0xDE, 0xFF, 0xDE, 0xFF, 0xFE,
    0xFF, 0xFE, 0xFF, 0xFC, 0x00, 0x60, 0x03, 0xE0, 0x07, 0xF0, 0x03, 0xFC, 0x03, 0xFE, 0x01, 0xEF,
    0x01, 0xF7, 0x80, 0xF3, 0xC0, 0x7B, 0xE0, 0xFF, 0xFF, 0x7F, 0xFF, 0xBF, 0xFF, 0xFF, 0xFF, 0xE3,
    0xC7, 0xC1, 0xF3, 0xE0, 0xFF, 0xE0, 0x3F, 0xF0, 0x0F, 0xF0, 0x01, 0xF0, 0x00, 0x00, 0x00, 0xF8,
    0x1F, 0xC3, 0xFE, 0x7F, 0xE7, 0x9E, 0x79, 0xF7, 0xFF, 0x7F, 0xF7, 0xFF, 0x3F, 0xE0, 0x3E, 0x1F,
    0xEF, 0xFC, 0x7F, 0x87, 0xE0, 0x78, 0x00, 0x00, 0x00, 0x0F, 0x80, 0x1F, 0xC0, 0x3F, 0xE0, 0x7F,
    0xE0, 0x79, 0xE0, 0x79, 0xF0, 0x7F, 0xFC, 0x7F, 0xFE, 0x7F, 0xFE, 0x3F, 0xFE, 0x03, 0xF8, 0x1F,
    0xE0, 0xFF, 0xC0, 0x7F, 0x80, 0x7E, 0x00, 0x78, 0x00, 0x00, 0x07, 0xF0, 0x00, 0x7F, 0x80, 0x07,
    0xFC, 0x00, 0x7F, 0xC0, 0x03, 0xC0, 0x00, 0x3E, 0x01, 0xE1, 0xE0, 0x0F, 0x0F, 0xC0, 0x78, 0x3F,
    0x87, 0xC0, 0xFF, 0x3E, 0x03, 0xF9, 0xF0, 0x03, 0xCF, 0x80, 0x3E, 0x3F, 0x07, 0xF1, 0xFF, 0xFF,
    0x07, 0xFF, 0xF0, 0x1F, 0xFF, 0x00, 0x3F, 0xC0, 0x00, 0x00, 0x00, 0x01, 0xE0, 0x00, 0x07, 0x80,
    0x70, 0x1E, 0x01, 0xFE, 0xF8, 0x0F, 0xFF, 0xE0, 0x3F, 0xFF, 0x80, 0x3F, 0xFE, 0x00, 0x7C, 0x7E,
    0x03, 0xE1, 0xFF, 0xFF, 0x83, 0xFF, 0xFC, 0x07, 0xFF, 0xE0, 0x07, 0xFC, 0x00, 0x00, 0x07, 0xF0,
    0x00, 0x7F, 0x80, 0x07, 0xFC, 0x00, 0x7F, 0xC0, 0x03, 0xC0, 0x00, 0x3E, 0x01, 0xE1, 0xE0, 0x0F,
    0x0F, 0xC0, 0x78, 0x3F, 0x87, 0xC0, 0xFF, 0x3E, 0x03, 0xF9, 0xF0, 0x03, 0xCF, 0x80, 0x3E, 0x3F,
    0x07, 0xF1, 0xFF, 0xFF, 0x07, 0xFF, 0xF0, 0x1F, 0xFF, 0x00, 0x3F, 0xC0, 0x00, 0x00, 0x00, 0x00,
    0x00, 0x00, 0x73, 0x80, 0x03, 0xFC, 0x00, 0x1F, 0xE0, 0x00, 0xE7, 0x00, 0x00, 0x00, 0x01, 0xE0,
    0x00, 0x07, 0x80, 0x70, 0x1E, 0x01, 0xFE, 0xF8, 0x0F, 0xFF, 0xE0, 0x3F, 0xFF, 0x80, 0x3F, 0xFE,
    0x00, 0x7C, 0x7E, 0x03, 0xE1, 0xFF, 0xFF, 0x83, 0xFF, 0xFC, 0x07, 0xFF, 0xE0, 0x07, 0xFC, 0x00,
    0x00, 0x00, 0x00, 0x00, 0x00, 0x00, 0xEE, 0x00, 0x07, 0xBC, 0x00, 0x1E, 0xF0, 0x00, 0x3B, 0x80,
    0x00, 0x0E, 0x3E, 0x1E, 0x1E, 0x1F, 0x1F, 0x0F, 0x1F, 0xFF, 0xFE, 0xFE, 0xF8, 0x00, 0x00, 0xE7,
    0xFF, 0xFF, 0xE7, 0x0E, 0x00, 0x78, 0x07, 0xC0, 0x3E, 0x01, 0xF0, 0x7F, 0xFB, 0xFF, 0xDF, 0xFF,
    0xF3, 0xF0, 0x00, 0x00, 0x00, 0xE6, 0x07, 0xF8, 0x3F, 0xC1, 0xDC, 0x00, 0x00, 0x00, 0x3F, 0xC0,
    0x3F, 0xE1, 0x8D, 0xF3, 0xC0, 0x01, 0xE0, 0x00, 0xF8, 0x38, 0x7C, 0x3E, 0x3E, 0x1F, 0xDF, 0x07,
    0xFF, 0x00, 0xFF, 0x80, 0x3F, 0xC0, 0x0F, 0xE0, 0x03, 0xF0, 0x03, 0xFC, 0x03, 0xFE, 0x03, 0xE7,
    0x83, 0xFF, 0xC1, 0xFF, 0xE0, 0xFF, 0xE0, 0x7F, 0xE0, 0x00, 0x00, 0x07, 0xF8, 0x00, 0x7F, 0xFC,
    0x06, 0xFB, 0xC0, 0x00, 0x3E, 0x00, 0x03, 0xE0, 0x30, 0x3E, 0x07, 0x83, 0xE0, 0x7C, 0x3E, 0x03,
    0xE3, 0xE0, 0x1F, 0x3E, 0x00, 0xFB, 0xE0, 0x07, 0xFE, 0x00, 0x7F, 0xE0, 0x03, 0xFE, 0x00, 0x1F,
    0xE0, 0x01, 0xFE, 0x07, 0xFF, 0xFC, 0x7F, 0xFF, 0xE7, 0xFD, 0xFE, 0x7F, 0x8F, 0xE0, 0x00, 0x00,
    0x78, 0x01, 0xF0, 0x03, 0x80, 0x07, 0x40, 0x0F, 0xC1, 0x9F, 0x8F, 0x38, 0x1E, 0x00, 0x3E, 0x38,
    0x7C, 0xF8, 0xF9, 0xFD, 0xF1, 0xFF, 0xC0, 0xFF, 0x80, 0xFF, 0x00, 0xFE, 0x00, 0xFC, 0x03, 0xFC,
    0x0F, 0xF8, 0x3E, 0x78, 0xFF, 0xF1, 0xFF, 0xE3, 0xFF, 0x87, 0xFE, 0x00, 0x3C, 0x00, 0x0F, 0x80,
    0x01, 0xC0, 0x00, 0x3A, 0x00, 0x03, 0xE7, 0x80, 0xFC, 0xF0, 0x1C, 0x1F, 0x00, 0x03, 0xE0, 0x60,
    0x7C, 0x1E, 0x0F, 0x83, 0xE1, 0xF0, 0x3E, 0x3E, 0x03, 0xE7, 0xC0, 0x3E, 0xF8, 0x03, 0xFF, 0x00,
    0x7F, 0xE0, 0x07, 0xFC, 0x00, 0x7F, 0x80, 0x0F, 0xF0, 0x7F, 0xFF, 0xCF, 0xFF, 0xFD, 0xFF, 0x7F,
    0xBF, 0xC7, 0xF0, 0x00, 0x00, 0x00, 0x30, 0x03, 0xC0, 0x0F, 0x00, 0x3E, 0x70, 0xFB, 0xE3, 0xEF,
    0xEF, 0x9F, 0xFC, 0x1F, 0xF0, 0x3F, 0xC0, 0x7F, 0x00, 0xFC, 0x07, 0xF8, 0x3F, 0xE1, 0xF3, 0xCF,
    0xFF, 0x3F, 0xFC, 0xFF, 0xE3, 0xFF, 0x00, 0x00, 0x1C, 0x00, 0xF0, 0x03, 0x80, 0x0E, 0x80, 0x3E,
    0x00, 0xF8, 0x03, 0x80, 0x00, 0x00, 0x78, 0x00, 0x0F, 0x00, 0x01, 0xF0, 0x00, 0x3E, 0x06, 0x07,
    0xC1, 0xE0, 0xF8, 0x3E, 0x1F, 0x03, 0xE3, 0xE0, 0x3E, 0x7C, 0x03, 0xEF, 0x80, 0x3F, 0xF0, 0x07,
    0xFE, 0x00, 0x7F, 0xC0, 0x07, 0xF8, 0x00, 0xFF, 0x07, 0xFF, 0xFC, 0xFF, 0xFF, 0xDF, 0xF7, 0xFB,
    0xFC, 0x7F, 0x00, 0x00, 0x01, 0xC0, 0x00, 0x78, 0x00, 0x0E, 0x00, 0x01, 0xD0, 0x00, 0x3E, 0x00,
    0x07, 0xC0, 0x00, 0xE0, 0x00, 0x00, 0x00, 0x30, 0x03, 0xC0, 0x0F, 0x00, 0x3E, 0x70, 0xFB, 0xE3,
    0xEF, 0xEF, 0x9F, 0xFC, 0x1F, 0xF0, 0x3F, 0xC0, 0x7F, 0x00, 0xFC, 0x07, 0xF8, 0x3F, 0xE1, 0xF3,
    0xCF, 0xFF, 0x3F, 0xFC, 0xFF, 0xE3, 0xFF, 0x00, 0x00, 0x78, 0x00, 0x0F, 0x00, 0x01, 0xF0, 0x00,
    0x3E, 0x06, 0x07, 0xC1, 0xE0, 0xF8, 0x3E, 0x1F, 0x03, 0xE3, 0xE0, 0x3E, 0x7C, 0x03, 0xEF, 0x80,
    0x3F, 0xF0, 0x07, 0xFE, 0x00, 0x7F, 0xC0, 0x07, 0xF8, 0x00, 0xFF, 0x07, 0xFF, 0xFC, 0xFF, 0xFF,
    0xDF, 0xF7, 0xFB, 0xFC, 0x7F, 0x00, 0x00, 0x00,
};

static const EpdGlyph inter_12_boldGlyphs[] = {
    { 0, 0, 234, 0, 0, 0, 0 }, // U+0000
    { 0, 0, 104, 0, 0, 0, 0 }, // U+000D
    { 0, 0, 95, 0, 0, 0, 0 }, // U+0020
    { 5, 18, 135, 2, 18, 12, 0 }, // !
    { 10, 8, 221, 2, 18, 10, 12 }, // "
    { 16, 18, 260, 0, 18, 36, 22 }, // #
    { 15, 23, 262, 1, 21, 44, 58 }, // $
    { 22, 18, 406, 2, 18, 50, 102 }, // %
    { 17, 18, 269, 0, 18, 39, 152 }, // &
    { 4, 8, 136, 2, 18, 4, 191 }, // '
    { 7, 23, 151, 2, 20, 21, 195 }, // (
    { 8, 23, 151, 0, 20, 23, 216 }, // )
    { 11, 10, 224, 1, 18, 14, 239 }, // *
    { 13, 13, 271, 2, 14, 22, 253 }, // +
    { 6, 8, 134, 1, 4, 6, 275 }, // ,
    { 9, 3, 187, 1, 9, 4, 281 }, // -
    { 5, 4, 134, 2, 4, 3, 285 }, // .
    { 10, 22, 155, 0, 19, 28, 288 }, // /
    { 15, 18, 270, 1, 18, 34, 316 }, // 0
    { 9, 18, 172, 1, 18, 21, 350 }, // 1
    { 14, 18, 252, 1, 18, 32, 371 }, // 2
    { 14, 18, 258, 1, 18, 32, 403 }, // 3
    { 15, 18, 271, 1, 18, 34, 435 }, // 4
    { 14, 18, 249, 1, 18, 32, 469 }, // 5
    { 15, 18, 260, 1, 18, 34, 501 }, // 6
    { 14, 18, 233, 0, 18, 32, 535 }, // 7
    { 15, 18, 260, 1, 18, 34, 567 }, // 8
    { 15, 18, 260, 1, 18, 34, 601 }, // 9
    { 5, 13, 134, 2, 13, 9, 635 }, // :
    { 6, 17, 137, 1, 13, 13, 644 }, // ;
    { 13, 15, 271, 2, 15, 25, 657 }, // <
    { 13, 9, 271, 2, 12, 15, 682 }, // =
    { 13, 15, 271, 2, 15, 25, 697 }, // >
    { 13, 18, 224, 0, 18, 30, 722 }, // ?
    { 24, 23, 406, 1, 18, 69, 752 }, // @
    { 19, 18, 299, 0, 18, 43, 821 }, // A
    { 15, 18, 265, 1, 18, 34, 864 }, // B
    { 17, 18, 296, 1, 18, 39, 898 }, // C
    { 16, 18, 289, 1, 18, 36, 937 }, // D
    { 13, 18, 243, 1, 18, 30, 973 }, // E
    { 13, 18, 235, 1, 18, 30, 1003 }, // F
    { 17, 18, 300, 1, 18, 39, 1033 }, // G
    { 17, 18, 299, 1, 18, 39, 1072 }, // H
    { 5, 18, 112, 1, 18, 12, 1111 }, // I
    { 13, 18, 234, 0, 18, 30, 1123 }, // J
    { 17, 18, 288, 1, 18, 39, 1153 }, // K
    { 13, 18, 226, 1, 18, 30, 1192 }, // L
    { 21, 18, 373, 1, 18, 48, 1222 }, // M
    { 17, 18, 305, 1, 18, 39, 1270 }, // N
    { 18, 18, 308, 1, 18, 41, 1309 }, // O
    { 15, 18, 259, 1, 18, 34, 1350 }, // P
    { 18, 20, 311, 1, 18, 45, 1384 }, // Q
    { 15, 18, 263, 1, 18, 34, 1429 }, // R
    { 15, 18, 262, 1, 18, 34, 1463 }, // S
    { 16, 18, 267, 0, 18, 36, 1497 }, // T
    { 16, 18, 293, 1, 18, 36, 1533 }, // U
    { 19, 18, 299, 0, 18, 43, 1569 }, // V
    { 26, 18, 415, 0, 18, 59, 1612 }, // W
    { 18, 18, 295, 0, 18, 41, 1671 }, // X
    { 18, 18, 292, 0, 18, 41, 1712 }, // Y
    { 15, 18, 266, 1, 18, 34, 1753 }, // Z
    { 7, 23, 151, 2, 20, 21, 1787 }, // [
    { 10, 22, 155, 0, 19, 28, 1808 }, // <backslash>
    { 7, 23, 151, 1, 20, 21, 1836 }, // ]
    { 12, 8, 195, 0, 18, 12, 1857 }, // ^
    { 12, 3, 190, 0, 0, 5, 1869 }, // _
    { 7, 4, 146, 1, 20, 4, 1874 }, // `
    { 13, 14, 232, 0, 14, 23, 1878 }, // a
    { 14, 18, 252, 1, 18, 32, 1901 }, // b
    { 14, 14, 235, 0, 14, 25, 1933 }, // c
    { 15, 18, 252, 0, 18, 34, 1958 }, // d
    { 14, 14, 238, 0, 14, 25, 1992 }, // e
    { 10, 19, 159, 0, 19, 24, 2017 }, // f
    { 15, 19, 253, 0, 14, 36, 2041 }, // g
    { 14, 18, 249, 1, 18, 32, 2077 }, // h
    { 5, 20, 108, 1, 20, 13, 2109 }, // i
    { 7, 25, 108, -1, 20, 22, 2122 }, // j
    { 14, 18, 232, 1, 18, 32, 2144 }, // k
    { 5, 18, 108, 1, 18, 12, 2176 }, // l
    { 21, 14, 365, 1, 14, 37, 2188 }, // m
    { 13, 14, 249, 1, 14, 23, 2225 }, // n
    { 15, 14, 245, 0, 14, 27, 2248 }, // o
    { 14, 19, 252, 1, 14, 34, 2275 }, // p
    { 15, 19, 252, 0, 14, 36, 2309 }, // q
    { 9, 15, 163, 1, 15, 17, 2345 }, // r
    { 14, 14, 224, 0, 14, 25, 2362 }, // s
    { 9, 18, 146, 0, 18, 21, 2387 }, // t
    { 14, 14, 249, 1, 14, 25, 2408 }, // u
    { 15, 14, 240, 0, 14, 27, 2433 }, // v
    { 21, 14, 340, 0, 14, 37, 2460 }, // w
    { 14, 14, 232, 0, 14, 25, 2497 }, // x
    { 15, 19, 241, 0, 14, 36, 2522 }, // y
    { 12, 14, 229, 1, 14, 21, 2558 }, // z
    { 10, 23, 188, 1, 20, 29, 2579 }, // {
    { 5, 30, 149, 2, 24, 19, 2608 }, // |
    { 10, 23, 188, 1, 20, 29, 2627 }, // }
    { 15, 6, 271, 1, 11, 12, 2656 }, // ~
    { 0, 0, 95, 0, 0, 0, 2668 }, // U+00A0
    { 5, 19, 135, 2, 14, 12, 2668 }, // U+00A1
    { 14, 18, 235, 0, 18, 32, 2680 }, // U+00A2
    { 14, 18, 255, 1, 18, 32, 2712 }, // U+00A3
    { 17, 18, 305, 1, 17, 39, 2744 }, // U+00A4
    { 14, 18, 228, 0, 18, 32, 2783 }, // U+00A5
    { 4, 21, 136, 2, 18, 11, 2815 }, // U+00A6
    { 13, 22, 227, 1, 18, 36, 2826 }, // U+00A7
    { 10, 4, 249, 3, 20, 5, 2862 }, // U+00A8
    { 19, 19, 366, 2, 19, 46, 2867 }, // U+00A9
    { 11, 11, 186, 0, 19, 16, 2913 }, // U+00AA
    { 15, 12, 264, 1, 14, 23, 2929 }, // U+00AB
    { 12, 6, 271, 2, 10, 9, 2952 }, // U+00AC
    { 15, 14, 265, 1, 18, 27, 2961 }, // U+00AE
    { 9, 3, 176, 1, 19, 4, 2988 }, // U+00AF
    { 10, 9, 184, 1, 19, 12, 2992 }, // U+00B0
    { 13, 13, 271, 2, 14, 22, 3004 }, // U+00B1
    { 10, 10, 184, 1, 21, 13, 3026 }, // U+00B2
    { 10, 10, 189, 1, 21, 13, 3039 }, // U+00B3
    { 6, 4, 146, 2, 20, 3, 3052 }, // U+00B4
    { 15, 19, 251, 1, 14, 36, 3055 }, // U+00B5
    { 14, 18, 239, 0, 18, 32, 3091 }, // U+00B6
    { 5, 4, 134, 2, 11, 3, 3123 }, // U+00B7
    { 6, 7, 146, 2, 1, 6, 3126 }, // U+00B8
    { 6, 10, 133, 1, 21, 8, 3132 }, // U+00B9
    { 12, 11, 196, 0, 19, 17, 3140 }, // U+00BA
    { 16, 12, 264, 0, 14, 24, 3157 }, // U+00BB
    { 21, 18, 338, 0, 18, 48, 3181 }, // U+00BC
    { 22, 18, 353, 0, 18, 50, 3229 }, // U+00BD
    { 23, 18, 368, 0, 18, 52, 3279 }, // U+00BE
    { 13, 19, 224, 1, 14, 31, 3331 }, // U+00BF
    { 19, 25, 299, 0, 25, 60, 3362 }, // U+00C0
    { 19, 25, 299, 0, 25, 60, 3422 }, // U+00C1
    { 19, 25, 299, 0, 25, 60, 3482 }, // U+00C2
    { 19, 25, 299, 0, 25, 60, 3542 }, // U+00C3
    { 19, 25, 299, 0, 25, 60, 3602 }, // U+00C4
    { 19, 25, 299, 0, 25, 60, 3662 }, // U+00C5
    { 25, 18, 409, 0, 18, 57, 3722 }, // U+00C6
    { 17, 24, 296, 1, 18, 51, 3779 }, // U+00C7
    { 13, 25, 243, 1, 25, 41, 3830 }, // U+00C8
    { 13, 25, 243, 1, 25, 41, 3871 }, // U+00C9
    { 13, 25, 243, 1, 25, 41, 3912 }, // U+00CA
    { 13, 25, 243, 1, 25, 41, 3953 }, // U+00CB
    { 7, 25, 112, -1, 25, 22, 3994 }, // U+00CC
    { 7, 25, 112, 1, 25, 22, 4016 }, // U+00CD
    { 11, 25, 112, -2, 25, 35, 4038 }, // U+00CE
    { 11, 25, 112, -2, 25, 35, 4073 }, // U+00CF
    { 18, 18, 304, 0, 18, 41, 4108 }, // U+00D0
    { 17, 25, 305, 1, 25, 54, 4149 }, // U+00D1
    { 18, 25, 308, 1, 25, 57, 4203 }, // U+00D2
    { 18, 25, 308, 1, 25, 57, 4260 }, // U+00D3
    { 18, 25, 308, 1, 25, 57, 4317 }, // U+00D4
    { 18, 25, 308, 1, 25, 57, 4374 }, // U+00D5
    { 18, 25, 308, 1, 25, 57, 4431 }, // U+00D6
    { 13, 14, 271, 2, 14, 23, 4488 }, // U+00D7
    { 18, 20, 308, 1, 19, 45, 4511 }, // U+00D8
    { 16, 25, 293, 1, 25, 50, 4556 }, // U+00D9
    { 16, 25, 293, 1, 25, 50, 4606 }, // U+00DA
    { 16, 25, 293, 1, 25, 50, 4656 }, // U+00DB
    { 16, 25, 293, 1, 25, 50, 4706 }, // U+00DC
    { 18, 25, 292, 0, 25, 57, 4756 }, // U+00DD
    { 14, 18, 268, 1, 18, 32, 4813 }, // U+00DE
    { 15, 18, 263, 1, 18, 34, 4845 }, // U+00DF
    { 13, 20, 232, 0, 20, 33, 4879 }, // U+00E0
    { 13, 20, 232, 0, 20, 33, 4912 }, // U+00E1
    { 13, 20, 232, 0, 20, 33, 4945 }, // U+00E2
    { 13, 20, 232, 0, 20, 33, 4978 }, // U+00E3
    { 13, 20, 232, 0, 20, 33, 5011 }, // U+00E4
    { 13, 22, 232, 0, 22, 36, 5044 }, // U+00E5
    { 22, 14, 364, 0, 14, 39, 5080 }, // U+00E6
    { 14, 20, 235, 0, 14, 35, 5119 }, // U+00E7
    { 14, 20, 238, 0, 20, 35, 5154 }, // U+00E8
    { 14, 20, 238, 0, 20, 35, 5189 }, // U+00E9
    { 14, 20, 238, 0, 20, 35, 5224 }, // U+00EA
    { 14, 20, 238, 0, 20, 35, 5259 }, // U+00EB
    { 7, 20, 108, -1, 20, 18, 5294 }, // U+00EC
    { 7, 20, 108, 1, 20, 18, 5312 }, // U+00ED
    { 11, 20, 108, -2, 20, 28, 5330 }, // U+00EE
    { 10, 20, 108, -2, 20, 25, 5358 }, // U+00EF
    { 14, 20, 240, 0, 20, 35, 5383 }, // U+00F0
    { 13, 20, 249, 1, 20, 33, 5418 }, // U+00F1
    { 15, 20, 245, 0, 20, 38, 5451 }, // U+00F2
    { 15, 20, 245, 0, 20, 38, 5489 }, // U+00F3
    { 15, 20, 245, 0, 20, 38, 5527 }, // U+00F4
    { 15, 20, 245, 0, 20, 38, 5565 }, // U+00F5
    { 15, 20, 245, 0, 20, 38, 5603 }, // U+00F6
    { 13, 14, 271, 2, 14, 23, 5641 }, // U+00F7
    { 15, 16, 245, 0, 15, 30, 5664 }, // U+00F8
    { 14, 20, 249, 1, 20, 35, 5694 }, // U+00F9
    { 14, 20, 249, 1, 20, 35, 5729 }, // U+00FA
    { 14, 20, 249, 1, 20, 35, 5764 }, // U+00FB
    { 14, 20, 249, 1, 20, 35, 5799 }, // U+00FC
    { 15, 25, 241, 0, 20, 47, 5834 }, // U+00FD
    { 14, 23, 252, 1, 18, 41, 5881 }, // U+00FE
    { 15, 25, 241, 0, 20, 47, 5922 }, // U+00FF
    { 19, 24, 299, 0, 24, 57, 5969 }, // U+0100
    { 13, 19, 232, 0, 19, 31, 6026 }, // U+0101
    { 19, 25, 299, 0, 25, 60, 6057 }, // U+0102
    { 13, 20, 232, 0, 20, 33, 6117 }, // U+0103
    { 19, 23, 299, 0, 18, 55, 6150 }, // U+0104
    { 14, 19, 232, 0, 14, 34, 6205 }, // U+0105
    { 17, 25, 296, 1, 25, 54, 6239 }, // U+0106
    { 14, 20, 235, 0, 20, 35, 6293 }, // U+0107
    { 17, 25, 296, 1, 25, 54, 6328 }, // U+0108
    { 14, 20, 235, 0, 20, 35, 6382 }, // U+0109
    { 17, 25, 296, 1, 25, 54, 6417 }, // U+010A
    { 14, 20, 235, 0, 20, 35, 6471 }, // U+010B
    { 17, 25, 296, 1, 25, 54, 6506 }, // U+010C
    { 14, 20, 235, 0, 20, 35, 6560 }, // U+010D
    { 16, 25, 289, 1, 25, 50, 6595 }, // U+010E
    { 19, 20, 302, 0, 20, 48, 6645 }, // U+010F
    { 18, 18, 304, 0, 18, 41, 6693 }, // U+0110
    { 16, 18, 252, 0, 18, 36, 6734 }, // U+0111
    { 13, 24, 243, 1, 24, 39, 6770 }, // U+0112
    { 14, 19, 238, 0, 19, 34, 6809 }, // U+0113
    { 13, 25, 243, 1, 25, 41, 6843 }, // U+0114
    { 14, 20, 238, 0, 20, 35, 6884 }, // U+0115
    { 13, 25, 243, 1, 25, 41, 6919 }, // U+0116
    { 14, 20, 238, 0, 20, 35, 6960 }, // U+0117
    { 14, 23, 243, 1, 18, 41, 6995 }, // U+0118
    { 14, 19, 238, 0, 14, 34, 7036 }, // U+0119
    { 13, 25, 243, 1, 25, 41, 7070 }, // U+011A
    { 14, 20, 238, 0, 20, 35, 7111 }, // U+011B
    { 17, 25, 300, 1, 25, 54, 7146 }, // U+011C
    { 15, 25, 253, 0, 20, 47, 7200 }, // U+011D
    { 17, 25, 300, 1, 25, 54, 7247 }, // U+011E
    { 15, 25, 253, 0, 20, 47, 7301 }, // U+011F
    { 17, 25, 300, 1, 25, 54, 7348 }, // U+0120
    { 15, 25, 253, 0, 20, 47, 7402 }, // U+0121
    { 17, 24, 300, 1, 18, 51, 7449 }, // U+0122
    { 15, 26, 253, 0, 21, 49, 7500 }, // U+0123
    { 17, 25, 299, 1, 25, 54, 7549 }, // U+0124
    { 17, 25, 249, -2, 25, 54, 7603 }, // U+0125
    { 20, 18, 323, 0, 18, 45, 7657 }, // U+0126
    { 16, 18, 249, -1, 18, 36, 7702 }, // U+0127
    { 9, 25, 112, -1, 25, 29, 7738 }, // U+0128
    { 9, 20, 108, -1, 20, 23, 7767 }, // U+0129
    { 9, 24, 112, -1, 24, 27, 7790 }, // U+012A
    { 8, 19, 108, -1, 19, 19, 7817 }, // U+012B
    { 9, 25, 112, -1, 25, 29, 7836 }, // U+012C
    { 9, 20, 108, -1, 20, 23, 7865 }, // U+012D
    { 6, 23, 112, 0, 18, 18, 7888 }, // U+012E
    { 6, 25, 108, 0, 20, 19, 7906 }, // U+012F
    { 5, 25, 112, 1, 25, 16, 7925 }, // U+0130
    { 5, 14, 108, 1, 14, 9, 7941 }, // U+0131
    { 19, 18, 346, 1, 18, 43, 7950 }, // U+0132
    { 12, 25, 217, 1, 20, 38, 7993 }, // U+0133
    { 17, 25, 234, 0, 25, 54, 8031 }, // U+0134
    { 11, 25, 108, -2, 20, 35, 8085 }, // U+0135
    { 17, 24, 288, 1, 18, 51, 8120 }, // U+0136
    { 14, 24, 232, 1, 18, 42, 8171 }, // U+0137
    { 14, 14, 235, 1, 14, 25, 8213 }, // U+0138
    { 13, 25, 226, 1, 25, 41, 8238 }, // U+0139
    { 7, 25, 108, 1, 25, 22, 8279 }, // U+013A
    { 13, 24, 226, 1, 18, 39, 8301 }, // U+013B
    { 6, 24, 108, 0, 18, 18, 8340 }, // U+013C
    { 13, 20, 226, 1, 20, 33, 8358 }, // U+013D
    { 9, 20, 158, 1, 20, 23, 8391 }, // U+013E
    { 13, 18, 231, 1, 18, 30, 8414 }, // U+013F
    { 10, 18, 180, 1, 18, 23, 8444 }, // U+0140
    { 15, 18, 242, 0, 18, 34, 8467 }, // U+0141
    { 8, 18, 108, -1, 18, 18, 8501 }, // U+0142
    { 17, 25, 305, 1, 25, 54, 8519 }, // U+0143
    { 13, 20, 249, 1, 20, 33, 8573 }, // U+0144
    { 17, 24, 305, 1, 18, 51, 8606 }, // U+0145
    { 13, 20, 249, 1, 14, 33, 8657 }, // U+0146
    { 17, 25, 305, 1, 25, 54, 8690 }, // U+0147
    { 13, 20, 249, 1, 20, 33, 8744 }, // U+0148
    { 17, 23, 305, 1, 18, 49, 8777 }, // U+014A
    { 14, 19, 249, 1, 14, 34, 8826 }, // U+014B
    { 18, 24, 308, 1, 24, 54, 8860 }, // U+014C
    { 15, 19, 245, 0, 19, 36, 8914 }, // U+014D
    { 18, 25, 308, 1, 25, 57, 8950 }, // U+014E
    { 15, 20, 245, 0, 20, 38, 9007 }, // U+014F
    { 18, 25, 308, 1, 25, 57, 9045 }, // U+0150
    { 15, 20, 245, 0, 20, 38, 9102 }, // U+0151
    { 24, 18, 407, 1, 18, 54, 9140 }, // U+0152
    { 24, 14, 395, 0, 14, 42, 9194 }, // U+0153
    { 15, 25, 263, 1, 25, 47, 9236 }, // U+0154
    { 9, 20, 163, 1, 20, 23, 9283 }, // U+0155
    { 15, 24, 263, 1, 18, 45, 9306 }, // U+0156
    { 10, 21, 163, 0, 15, 27, 9351 }, // U+0157
    { 15, 25, 263, 1, 25, 47, 9378 }, // U+0158
    { 11, 20, 163, 0, 20, 28, 9425 }, // U+0159
    { 15, 25, 262, 1, 25, 47, 9453 }, // U+015A
    { 14, 20, 224, 0, 20, 35, 9500 }, // U+015B
    { 15, 25, 262, 1, 25, 47, 9535 }, // U+015C
    { 14, 20, 224, 0, 20, 35, 9582 }, // U+015D
    { 15, 24, 262, 1, 18, 45, 9617 }, // U+015E
    { 14, 20, 224, 0, 14, 35, 9662 }, // U+015F
    { 15, 25, 262, 1, 25, 47, 9697 }, // U+0160
    { 14, 20, 224, 0, 20, 35, 9744 }, // U+0161
    { 16, 24, 267, 0, 18, 48, 9779 }, // U+0162
    { 9, 24, 146, 0, 18, 27, 9827 }, // U+0163
    { 16, 25, 267, 0, 25, 50, 9854 }, // U+0164
    { 11, 21, 177, 0, 21, 29, 9904 }, // U+0165
    { 16, 18, 267, 0, 18, 36, 9933 }, // U+0166
    { 9, 18, 146, 0, 18, 21, 9969 }, // U+0167
    { 16, 25, 293, 1, 25, 50, 9990 }, // U+0168
    { 14, 20, 249, 1, 20, 35, 10040 }, // U+0169
    { 16, 24, 293, 1, 24, 48, 10075 }, // U+016A
    { 14, 19, 249, 1, 19, 34, 10123 }, // U+016B
    { 16, 25, 293, 1, 25, 50, 10157 }, // U+016C
    { 14, 20, 249, 1, 20, 35, 10207 }, // U+016D
    { 16, 25, 293, 1, 25, 50, 10242 }, // U+016E
    { 14, 22, 249, 1, 22, 39, 10292 }, // U+016F
    { 16, 25, 293, 1, 25, 50, 10331 }, // U+0170
    { 14, 20, 249, 1, 20, 35, 10381 }, // U+0171
    { 16, 23, 293, 1, 18, 46, 10416 }, // U+0172
    { 14, 19, 249, 1, 14, 34, 10462 }, // U+0173
    { 26, 25, 415, 0, 25, 82, 10496 }, // U+0174
    { 21, 20, 340, 0, 20, 53, 10578 }, // U+0175
    { 18, 25, 292, 0, 25, 57, 10631 }, // U+0176
    { 15, 25, 241, 0, 20, 47, 10688 }, // U+0177
    { 18, 25, 292, 0, 25, 57, 10735 }, // U+0178
    { 15, 25, 266, 1, 25, 47, 10792 }, // U+0179
    { 12, 20, 229, 1, 20, 30, 10839 }, // U+017A
    { 15, 25, 266, 1, 25, 47, 10869 }, // U+017B
    { 12, 20, 229, 1, 20, 30, 10916 }, // U+017C
    { 15, 25, 266, 1, 25, 47, 10946 }, // U+017D
    { 12, 20, 229, 1, 20, 30, 10993 }, // U+017E
    { 8, 19, 138, 1, 19, 19, 11023 }, // U+017F
    { 18, 21, 312, 1, 21, 48, 11042 }, // U+01A0
    { 16, 17, 245, 0, 17, 34, 11090 }, // U+01A1
    { 18, 22, 292, 1, 22, 50, 11124 }, // U+01AF
    { 16, 17, 264, 1, 17, 34, 11174 }, // U+01B0
    { 30, 20, 518, 1, 20, 75, 11208 }, // U+01C5
    { 29, 20, 481, 0, 20, 73, 11283 }, // U+01C6
    { 27, 18, 460, 1, 18, 61, 11356 }, // U+01C7
    { 19, 25, 335, 1, 20, 60, 11417 }, // U+01C8
    { 12, 25, 217, 1, 20, 38, 11477 }, // U+01C9
    { 32, 18, 538, 1, 18, 72, 11515 }, // U+01CA
    { 24, 25, 413, 1, 20, 75, 11587 }, // U+01CB
    { 20, 25, 357, 1, 20, 63, 11662 }, // U+01CC
    { 19, 25, 299, 0, 25, 60, 11725 }, // U+01CD
    { 13, 20, 232, 0, 20, 33, 11785 }, // U+01CE
    { 11, 25, 112, -2, 25, 35, 11818 }, // U+01CF
    { 11, 20, 108, -2, 20, 28, 11853 }, // U+01D0
    { 18, 25, 308, 1, 25, 57, 11881 }, // U+01D1
    { 15, 20, 245, 0, 20, 38, 11938 }, // U+01D2
    { 16, 25, 293, 1, 25, 50, 11976 }, // U+01D3
    { 14, 20, 249, 1, 20, 35, 12026 }, // U+01D4
    { 16, 27, 293, 1, 27, 54, 12061 }, // U+01D5
    { 14, 22, 249, 1, 22, 39, 12115 }, // U+01D6
    { 16, 27, 293, 1, 27, 54, 12154 }, // U+01D7
    { 14, 22, 249, 1, 22, 39, 12208 }, // U+01D8
    { 16, 28, 293, 1, 28, 56, 12247 }, // U+01D9
    { 14, 23, 249, 1, 23, 41, 12303 }, // U+01DA
    { 16, 27, 293, 1, 27, 54, 12344 }, // U+01DB
    { 14, 22, 249, 1, 22, 39, 12398 }, // U+01DC
    { 14, 14, 238, 0, 14, 25, 12437 }, // U+01DD
    { 19, 27, 299, 0, 27, 65, 12462 }, // U+01DE
    { 13, 22, 232, 0, 22, 36, 12527 }, // U+01DF
    { 19, 27, 299, 0, 27, 65, 12563 }, // U+01E0
    { 13, 22, 232, 0, 22, 36, 12628 }, // U+01E1
    { 25, 24, 409, 0, 24, 75, 12664 }, // U+01E2
    { 22, 19, 364, 0, 19, 53, 12739 }, // U+01E3
    { 18, 18, 300, 1, 18, 41, 12792 }, // U+01E4
    { 17, 19, 276, 0, 14, 41, 12833 }, // U+01E5
    { 17, 25, 300, 1, 25, 54, 12874 }, // U+01E6
    { 15, 25, 253, 0, 20, 47, 12928 }, // U+01E7
    { 17, 25, 288, 1, 25, 54, 12975 }, // U+01E8
    { 17, 25, 232, -2, 25, 54, 13029 }, // U+01E9
    { 18, 23, 308, 1, 18, 52, 13083 }, // U+01EA
    { 15, 19, 245, 0, 14, 36, 13135 }, // U+01EB
    { 18, 29, 308, 1, 24, 66, 13171 }, // U+01EC
    { 15, 24, 245, 0, 19, 45, 13237 }, // U+01ED
    { 17, 30, 275, 0, 25, 64, 13282 }, // U+01EE
    { 15, 25, 259, 1, 20, 47, 13346 }, // U+01EF
    { 11, 25, 108, -2, 20, 35, 13393 }, // U+01F0
    { 33, 18, 554, 1, 18, 75, 13428 }, // U+01F1
    { 30, 18, 518, 1, 18, 68, 13503 }, // U+01F2
    { 29, 18, 481, 0, 18, 66, 13571 }, // U+01F3
    { 17, 25, 300, 1, 25, 54, 13637 }, // U+01F4
    { 15, 25, 253, 0, 20, 47, 13691 }, // U+01F5
    { 26, 18, 450, 1, 18, 59, 13738 }, // U+01F6
    { 15, 23, 296, 2, 18, 44, 13797 }, // U+01F7
    { 17, 25, 305, 1, 25, 54, 13841 }, // U+01F8
    { 13, 20, 249, 1, 20, 33, 13895 }, // U+01F9
    { 19, 28, 299, 0, 28, 67, 13928 }, // U+01FA
    { 13, 25, 232, 0, 25, 41, 13995 }, // U+01FB
    { 25, 25, 409, 0, 25, 79, 14036 }, // U+01FC
    { 22, 20, 364, 0, 20, 55, 14115 }, // U+01FD
    { 18, 26, 308, 1, 25, 59, 14170 }, // U+01FE
    { 15, 21, 245, 0, 20, 40, 14229 }, // U+01FF
    { 19, 25, 299, 0, 25, 60, 14269 }, // U+0200
    { 13, 20, 232, 0, 20, 33, 14329 }, // U+0201
    { 19, 26, 299, 0, 26, 62, 14362 }, // U+0202
    { 13, 21, 232, 0, 21, 35, 14424 }, // U+0203
    { 13, 25, 243, 1, 25, 41, 14459 }, // U+0204
    { 14, 20, 238, 0, 20, 35, 14500 }, // U+0205
    { 13, 26, 243, 1, 26, 43, 14535 }, // U+0206
    { 14, 21, 238, 0, 21, 37, 14578 }, // U+0207
    { 10, 25, 112, -3, 25, 32, 14615 }, // U+0208
    { 10, 20, 108, -3, 20, 25, 14647 }, // U+0209
    { 9, 26, 112, -1, 26, 30, 14672 }, // U+020A
    { 9, 21, 108, -1, 21, 24, 14702 }, // U+020B
    { 18, 25, 308, 1, 25, 57, 14726 }, // U+020C
    { 15, 20, 245, 0, 20, 38, 14783 }, // U+020D
    { 18, 26, 308, 1, 26, 59, 14821 }, // U+020E
    { 15, 21, 245, 0, 21, 40, 14880 }, // U+020F
    { 15, 25, 263, 1, 25, 47, 14920 }, // U+0210
    { 11, 20, 163, -1, 20, 28, 14967 }, // U+0211
    { 15, 26, 263, 1, 26, 49, 14995 }, // U+0212
    { 9, 21, 163, 1, 21, 24, 15044 }, // U+0213
    { 16, 25, 293, 1, 25, 50, 15068 }, // U+0214
    { 14, 20, 249, 1, 20, 35, 15118 }, // U+0215
    { 16, 26, 293, 1, 26, 52, 15153 }, // U+0216
    { 14, 21, 249, 1, 21, 37, 15205 }, // U+0217
    { 15, 24, 262, 1, 18, 45, 15242 }, // U+0218
    { 14, 20, 224, 0, 14, 35, 15287 }, // U+0219
    { 16, 24, 267, 0, 18, 48, 15322 }, // U+021A
    { 9, 24, 146, 0, 18, 27, 15370 }, // U+021B
    { 15, 24, 267, 1, 18, 45, 15397 }, // U+021C
    { 12, 20, 230, 1, 14, 30, 15442 }, // U+021D
    { 17, 25, 299, 1, 25, 54, 15472 }, // U+021E
    { 17, 25, 249, -2, 25, 54, 15526 }, // U+021F
    { 7, 4, 0, 1, 20, 4, 15580 }, // U+0300
    { 6, 4, 0, 2, 20, 3, 15584 }, // U+0301
    { 11, 4, 0, 0, 20, 6, 15587 }, // U+0302
    { 9, 4, 0, 2, 20, 5, 15593 }, // U+0303
    { 9, 3, 0, 1, 19, 4, 15598 }, // U+0304
    { 9, 4, 0, 1, 20, 5, 15602 }, // U+0306
    { 5, 4, 0, 1, 20, 3, 15607 }, // U+0307
    { 10, 4, 0, 3, 20, 5, 15610 }, // U+0308
    { 5, 4, 0, 1, 20, 3, 15615 }, // U+0309
    { 7, 7, 0, 1, 22, 7, 15618 }, // U+030A
    { 12, 4, 0, -4, 19, 6, 15625 }, // U+030B
    { 11, 4, 0, 0, 20, 6, 15631 }, // U+030C
    { 11, 4, 0, 1, 20, 6, 15637 }, // U+030F
    { 6, 7, 0, -3, 18, 6, 15643 }, // U+0312
    { 5, 8, 0, 5, 12, 5, 15649 }, // U+0313
    { 5, 8, 0, 5, 12, 5, 15654 }, // U+0315
    { 5, 7, 0, -6, 19, 5, 15659 }, // U+031B
    { 5, 4, 115, 1, -1, 3, 15664 }, // U+0323
    { 4, 6, 0, -10, -2, 3, 15667 }, // U+0326
    { 6, 7, 0, 2, 1, 6, 15670 }, // U+0327
    { 7, 6, 0, 0, 1, 6, 15676 }, // U+0328
    { 11, 4, 0, 0, -1, 6, 15682 }, // U+032C
    { 12, 17, 0, -14, 15, 26, 15688 }, // U+0337
    { 15, 20, 0, -15, 19, 38, 15714 }, // U+0338
    { 10, 4, 0, -13, 20, 5, 15752 }, // U+0342
    { 5, 4, 0, 0, 14, 3, 15757 }, // U+0343
    { 10, 6, 0, -13, 21, 8, 15760 }, // U+0346
    { 9, 6, 0, -12, -2, 7, 15768 }, // U+0347
    { 7, 5, 0, -11, -1, 5, 15775 }, // U+0348
    { 6, 6, 0, -10, 0, 5, 15780 }, // U+0349
    { 10, 6, 0, -13, 20, 8, 15785 }, // U+034A
    { 10, 11, 0, -13, 25, 14, 15793 }, // U+034B
    { 10, 6, 0, -13, 21, 8, 15807 }, // U+034C
    { 12, 6, 0, -14, -1, 9, 15815 }, // U+034D
    { 6, 6, 0, -11, -1, 5, 15824 }, // U+034E
    { 0, 0, 0, 0, 0, 0, 15829 }, // U+034F
    { 10, 10, 0, -12, 25, 13, 15829 }, // U+0350
    { 4, 5, 0, -10, 19, 3, 15842 }, // U+0351
    { 10, 8, 0, -13, 22, 10, 15845 }, // U+0352
    { 7, 7, 0, -11, 0, 7, 15855 }, // U+0353
    { 8, 7, 0, -11, 0, 7, 15862 }, // U+0354
    { 7, 7, 0, -11, 0, 7, 15869 }, // U+0355
    { 15, 7, 0, -14, 0, 14, 15876 }, // U+0356
    { 5, 7, 0, 0, 22, 5, 15890 }, // U+0357
    { 5, 4, 0, 1, 20, 3, 15895 }, // U+0358
    { 6, 6, 0, -11, -1, 5, 15898 }, // U+0359
    { 11, 5, 0, -13, -1, 7, 15903 }, // U+035A
    { 7, 6, 0, -11, 21, 6, 15910 }, // U+035B
    { 20, 5, 0, -11, -1, 13, 15916 }, // U+035C
    { 19, 5, 0, -10, 19, 12, 15929 }, // U+035D
    { 15, 3, 0, -15, 19, 6, 15941 }, // U+035E
    { 15, 3, 0, -15, -2, 6, 15947 }, // U+035F
    { 26, 5, 0, -14, 20, 17, 15953 }, // U+0360
    { 19, 6, 0, -10, 19, 15, 15970 }, // U+0361
    { 23, 6, 0, -11, -1, 18, 15985 }, // U+0362
    { 7, 7, 0, -11, 22, 7, 16003 }, // U+0363
    { 7, 7, 0, -11, 22, 7, 16010 }, // U+0364
    { 3, 10, 0, -9, 25, 4, 16017 }, // U+0365
    { 8, 7, 0, -12, 22, 7, 16021 }, // U+0366
    { 7, 7, 0, -11, 22, 7, 16028 }, // U+0367
    { 7, 7, 0, -11, 22, 7, 16035 }, // U+0368
    { 7, 10, 0, -11, 25, 9, 16042 }, // U+0369
    { 7, 10, 0, -11, 25, 9, 16051 }, // U+036A
    { 11, 7, 0, -13, 22, 10, 16060 }, // U+036B
    { 5, 7, 0, -10, 22, 5, 16070 }, // U+036C
    { 5, 9, 0, 0, 24, 6, 16075 }, // U+036D
    { 8, 7, 0, -12, 22, 7, 16081 }, // U+036E
    { 7, 7, 0, -11, 22, 7, 16088 }, // U+036F
    { 13, 25, 243, 1, 25, 41, 16095 }, // U+0400
    { 13, 25, 243, 1, 25, 41, 16136 }, // U+0401
    { 21, 19, 343, 0, 18, 50, 16177 }, // U+0402
    { 13, 25, 233, 1, 25, 41, 16227 }, // U+0403
    { 17, 18, 296, 1, 18, 39, 16268 }, // U+0404
    { 15, 18, 262, 1, 18, 34, 16307 }, // U+0405
    { 5, 18, 112, 1, 18, 12, 16341 }, // U+0406
    { 11, 25, 112, -2, 25, 35, 16353 }, // U+0407
    { 13, 18, 234, 0, 18, 30, 16388 }, // U+0408
    { 27, 18, 447, 0, 18, 61, 16418 }, // U+0409
    { 27, 18, 451, 1, 18, 61, 16479 }, // U+040A
    { 21, 18, 358, 0, 18, 48, 16540 }, // U+040B
    { 17, 25, 288, 1, 25, 54, 16588 }, // U+040C
    { 17, 25, 305, 1, 25, 54, 16642 }, // U+040D
    { 17, 25, 278, 0, 25, 54, 16696 }, // U+040E
    { 16, 22, 291, 1, 18, 44, 16750 }, // U+040F
    { 19, 18, 299, 0, 18, 43, 16794 }, // U+0410
    { 15, 18, 259, 1, 18, 34, 16837 }, // U+0411
    { 15, 18, 265, 1, 18, 34, 16871 }, // U+0412
    { 13, 18, 233, 1, 18, 30, 16905 }, // U+0413
    { 21, 23, 347, 0, 18, 61, 16935 }, // U+0414
    { 13, 18, 243, 1, 18, 30, 16996 }, // U+0415
    { 27, 18, 427, 0, 18, 61, 17026 }, // U+0416
    { 14, 18, 258, 1, 18, 32, 17087 }, // U+0417
    { 17, 18, 305, 1, 18, 39, 17119 }, // U+0418
    { 17, 25, 305, 1, 25, 54, 17158 }, // U+0419
    { 17, 18, 288, 1, 18, 39, 17212 }, // U+041A
    { 18, 18, 300, 0, 18, 41, 17251 }, // U+041B
    { 21, 18, 373, 1, 18, 48, 17292 }, // U+041C
    { 17, 18, 299, 1, 18, 39, 17340 }, // U+041D
    { 18, 18, 308, 1, 18, 41, 17379 }, // U+041E
    { 17, 18, 299, 1, 18, 39, 17420 }, // U+041F
    { 15, 18, 259, 1, 18, 34, 17459 }, // U+0420
    { 17, 18, 296, 1, 18, 39, 17493 }, // U+0421
    { 16, 18, 267, 0, 18, 36, 17532 }, // U+0422
    { 17, 18, 278, 0, 18, 39, 17568 }, // U+0423
    { 19, 21, 334, 1, 20, 50, 17607 }, // U+0424
    { 18, 18, 295, 0, 18, 41, 17657 }, // U+0425
    { 18, 22, 307, 1, 18, 50, 17698 }, // U+0426
    { 16, 18, 283, 1, 18, 36, 17748 }, // U+0427
    { 23, 18, 396, 1, 18, 52, 17784 }, // U+0428
    { 25, 22, 407, 1, 18, 69, 17836 }, // U+0429
    { 20, 18, 332, 0, 18, 45, 17905 }, // U+042A
    { 21, 18, 367, 1, 18, 48, 17950 }, // U+042B
    { 15, 18, 265, 1, 18, 34, 17998 }, // U+042C
    { 17, 18, 296, 1, 18, 39, 18032 }, // U+042D
    { 24, 18, 417, 1, 18, 54, 18071 }, // U+042E
    { 15, 18, 263, 0, 18, 34, 18125 }, // U+042F
    { 13, 14, 232, 0, 14, 23, 18159 }, // U+0430
    { 15, 18, 244, 0, 18, 34, 18182 }, // U+0431
    { 13, 14, 231, 1, 14, 23, 18216 }, // U+0432
    { 10, 14, 181, 1, 14, 18, 18239 }, // U+0433
    { 17, 19, 264, 0, 14, 41, 18257 }, // U+0434
    { 14, 14, 238, 0, 14, 25, 18298 }, // U+0435
    { 22, 14, 346, 0, 14, 39, 18323 }, // U+0436
    { 13, 14, 208, 0, 14, 23, 18362 }, // U+0437
    { 14, 14, 249, 1, 14, 25, 18385 }, // U+0438
    { 14, 20, 249, 1, 20, 35, 18410 }, // U+0439
    { 14, 14, 233, 1, 14, 25, 18445 }, // U+043A
    { 14, 14, 242, 0, 14, 25, 18470 }, // U+043B
    { 18, 14, 325, 1, 14, 32, 18495 }, // U+043C
    { 13, 14, 248, 1, 14, 23, 18527 }, // U+043D
    { 15, 14, 245, 0, 14, 27, 18550 }, // U+043E
    { 13, 14, 245, 1, 14, 23, 18577 }, // U+043F
    { 14, 19, 252, 1, 14, 34, 18600 }, // U+0440
    { 14, 14, 235, 0, 14, 25, 18634 }, // U+0441
    { 13, 14, 204, 0, 14, 23, 18659 }, // U+0442
    { 15, 19, 241, 0, 14, 36, 18682 }, // U+0443
    { 19, 23, 311, 0, 18, 55, 18718 }, // U+0444
    { 14, 14, 232, 0, 14, 25, 18773 }, // U+0445
    { 15, 18, 262, 1, 14, 34, 18798 }, // U+0446
    { 13, 14, 240, 1, 14, 23, 18832 }, // U+0447
    { 19, 14, 344, 1, 14, 34, 18855 }, // U+0448
    { 21, 18, 355, 1, 14, 48, 18889 }, // U+0449
    { 16, 14, 271, 0, 14, 28, 18937 }, // U+044A
    { 18, 14, 323, 1, 14, 32, 18965 }, // U+044B
    { 13, 14, 236, 1, 14, 23, 18997 }, // U+044C
    { 14, 14, 235, 0, 14, 25, 19020 }, // U+044D
    { 20, 14, 347, 1, 14, 35, 19045 }, // U+044E
    { 13, 14, 231, 0, 14, 23, 19080 }, // U+044F
    { 14, 20, 238, 0, 20, 35, 19103 }, // U+0450
    { 14, 20, 238, 0, 20, 35, 19138 }, // U+0451
    { 16, 23, 249, -1, 18, 46, 19173 }, // U+0452
    { 10, 20, 181, 1, 20, 25, 19219 }, // U+0453
    { 14, 14, 235, 0, 14, 25, 19244 }, // U+0454
    { 14, 14, 224, 0, 14, 25, 19269 }, // U+0455
    { 5, 20, 108, 1, 20, 13, 19294 }, // U+0456
    { 10, 20, 108, -2, 20, 25, 19307 }, // U+0457
    { 7, 25, 108, -1, 20, 22, 19332 }, // U+0458
    { 23, 14, 378, 0, 14, 41, 19354 }, // U+0459
    { 22, 14, 370, 1, 14, 39, 19395 }, // U+045A
    { 16, 18, 249, -1, 18, 36, 19434 }, // U+045B
    { 14, 20, 233, 1, 20, 35, 19470 }, // U+045C
    { 14, 20, 249, 1, 20, 35, 19505 }, // U+045D
    { 15, 25, 241, 0, 20, 47, 19540 }, // U+045E
    { 13, 18, 245, 1, 14, 30, 19587 }, // U+045F
    { 22, 18, 391, 1, 18, 50, 19617 }, // U+0460
    { 20, 14, 352, 1, 14, 35, 19667 }, // U+0461
    { 17, 18, 284, 0, 18, 39, 19702 }, // U+0462
    { 16, 18, 257, 0, 18, 36, 19741 }, // U+0463
    { 23, 18, 401, 1, 18, 52, 19777 }, // U+0464
    { 19, 14, 332, 1, 14, 34, 19829 }, // U+0465
    { 19, 18, 299, 0, 18, 43, 19863 }, // U+0466
    { 15, 14, 237, 0, 14, 27, 19906 }, // U+0467
    { 24, 18, 397, 1, 18, 54, 19933 }, // U+0468
    { 20, 14, 333, 1, 14, 35, 19987 }, // U+0469
    { 20, 18, 353, 1, 18, 45, 20022 }, // U+046A
    { 17, 14, 299, 1, 14, 30, 20067 }, // U+046B
    { 28, 18, 474, 1, 18, 63, 20097 }, // U+046C
    { 24, 14, 409, 1, 14, 42, 20160 }, // U+046D
    { 13, 30, 229, 1, 24, 49, 20202 }, // U+046E
    { 13, 25, 217, 0, 20, 41, 20251 }, // U+046F
    { 20, 18, 358, 1, 18, 45, 20292 }, // U+0470
    { 19, 22, 332, 1, 17, 53, 20337 }, // U+0471
    { 18, 18, 308, 1, 18, 41, 20390 }, // U+0472
    { 15, 14, 245, 0, 14, 27, 20431 }, // U+0473
    { 19, 18, 303, 0, 18, 43, 20458 }, // U+0474
    { 16, 14, 247, 0, 14, 28, 20501 }, // U+0475
    { 19, 25, 303, 0, 25, 60, 20529 }, // U+0476
    { 16, 20, 247, 0, 20, 40, 20589 }, // U+0477
    { 33, 23, 549, 1, 18, 95, 20629 }, // U+0478
    { 30, 19, 479, 0, 14, 72, 20724 }, // U+0479
    { 16, 18, 287, 1, 18, 36, 20796 }, // U+0480
    { 14, 18, 235, 0, 14, 32, 20832 }, // U+0481
    { 15, 17, 267, 1, 17, 32, 20864 }, // U+0482
    { 11, 5, 0, -13, 20, 7, 20896 }, // U+0483
    { 10, 3, 0, -12, 19, 4, 20903 }, // U+0484
    { 4, 5, 0, -9, 20, 3, 20907 }, // U+0485
    { 4, 5, 0, -8, 20, 3, 20910 }, // U+0486
    { 12, 3, 0, -14, 19, 5, 20913 }, // U+0487
    { 25, 22, 0, -20, 18, 69, 20918 }, // U+0488
    { 24, 23, 0, -19, 18, 69, 20987 }, // U+0489
    { 19, 29, 305, 1, 25, 69, 21056 }, // U+048A
    { 16, 24, 249, 1, 20, 48, 21125 }, // U+048B
    { 17, 18, 284, 0, 18, 39, 21173 }, // U+048C
    { 16, 17, 257, 0, 17, 34, 21212 }, // U+048D
    { 15, 18, 263, 1, 18, 34, 21246 }, // U+048E
    { 14, 19, 245, 1, 14, 34, 21280 }, // U+048F
    { 13, 22, 233, 1, 22, 36, 21314 }, // U+0490
    { 10, 18, 181, 1, 18, 23, 21350 }, // U+0491
    { 15, 18, 233, -1, 18, 34, 21373 }, // U+0492
    { 12, 14, 181, -1, 14, 21, 21407 }, // U+0493
    { 15, 19, 266, 1, 18, 36, 21428 }, // U+0494
    { 13, 18, 229, 1, 14, 30, 21464 }, // U+0495
    { 28, 22, 442, 0, 18, 77, 21494 }, // U+0496
    { 23, 18, 359, 0, 14, 52, 21571 }, // U+0497
    { 14, 24, 258, 1, 18, 42, 21623 }, // U+0498
    { 13, 20, 208, 0, 14, 33, 21665 }, // U+0499
    { 18, 22, 304, 1, 18, 50, 21698 }, // U+049A
    { 15, 18, 246, 1, 14, 34, 21748 }, // U+049B
    { 17, 18, 288, 1, 18, 39, 21782 }, // U+049C
    { 15, 14, 254, 1, 14, 27, 21821 }, // U+049D
    { 22, 18, 354, 0, 18, 50, 21848 }, // U+04A0
    { 17, 14, 269, 0, 14, 30, 21898 }, // U+04A1
    { 18, 22, 310, 1, 18, 50, 21928 }, // U+04A2
    { 15, 18, 260, 1, 14, 34, 21978 }, // U+04A3
    { 24, 18, 402, 1, 18, 54, 22012 }, // U+04A4
    { 17, 14, 284, 1, 14, 30, 22066 }, // U+04A5
    { 27, 19, 451, 1, 18, 65, 22096 }, // U+04A6
    { 22, 18, 376, 1, 14, 50, 22161 }, // U+04A7
    { 25, 18, 418, 1, 18, 57, 22211 }, // U+04A8
    { 21, 14, 336, 0, 14, 37, 22268 }, // U+04A9
    { 17, 24, 296, 1, 18, 51, 22305 }, // U+04AA
    { 14, 20, 235, 0, 14, 35, 22356 }, // U+04AB
    { 16, 22, 267, 0, 18, 44, 22391 }, // U+04AC
    { 13, 18, 204, 0, 14, 30, 22435 }, // U+04AD
    { 18, 18, 292, 0, 18, 41, 22465 }, // U+04AE
    { 15, 19, 240, 0, 14, 36, 22506 }, // U+04AF
    { 18, 18, 292, 0, 18, 41, 22542 }, // U+04B0
    { 15, 19, 240, 0, 14, 36, 22583 }, // U+04B1
    { 19, 22, 309, 0, 18, 53, 22619 }, // U+04B2
    { 16, 18, 245, 0, 14, 36, 22672 }, // U+04B3
    { 24, 23, 380, 0, 18, 69, 22708 }, // U+04B4
    { 18, 19, 284, 0, 14, 43, 22777 }, // U+04B5
    { 17, 22, 294, 1, 18, 47, 22820 }, // U+04B6
    { 15, 18, 252, 1, 14, 34, 22867 }, // U+04B7
    { 16, 18, 283, 1, 18, 36, 22901 }, // U+04B8
    { 13, 14, 240, 1, 14, 23, 22937 }, // U+04B9
    { 16, 18, 283, 1, 18, 36, 22960 }, // U+04BA
    { 14, 18, 249, 1, 18, 32, 22996 }, // U+04BB
    { 22, 18, 356, 0, 18, 50, 23028 }, // U+04BC
    { 18, 14, 302, 0, 14, 32, 23078 }, // U+04BD
    { 22, 22, 356, 0, 18, 61, 23110 }, // U+04BE
    { 18, 20, 302, 0, 14, 45, 23171 }, // U+04BF
    { 5, 18, 112, 1, 18, 12, 23216 }, // U+04C0
    { 27, 25, 427, 0, 25, 85, 23228 }, // U+04C1
    { 22, 20, 346, 0, 20, 55, 23313 }, // U+04C2
    { 16, 22, 278, 1, 18, 44, 23368 }, // U+04C3
    { 14, 18, 249, 1, 14, 32, 23412 }, // U+04C4
    { 20, 22, 300, 0, 18, 55, 23444 }, // U+04C5
    { 16, 18, 242, 0, 14, 36, 23499 }, // U+04C6
    { 17, 23, 299, 1, 18, 49, 23535 }, // U+04C7
    { 13, 19, 248, 1, 14, 31, 23584 }, // U+04C8
    { 19, 22, 299, 1, 18, 53, 23615 }, // U+04C9
    { 16, 18, 248, 1, 14, 36, 23668 }, // U+04CA
    { 16, 22, 294, 1, 18, 44, 23704 }, // U+04CB
    { 13, 18, 252, 1, 14, 30, 23748 }, // U+04CC
    { 23, 22, 373, 1, 18, 64, 23778 }, // U+04CD
    { 21, 18, 325, 1, 14, 48, 23842 }, // U+04CE
    { 5, 18, 108, 1, 18, 12, 23890 }, // U+04CF
    { 19, 25, 299, 0, 25, 60, 23902 }, // U+04D0
    { 13, 20, 232, 0, 20, 33, 23962 }, // U+04D1
    { 19, 25, 299, 0, 25, 60, 23995 }, // U+04D2
    { 13, 20, 232, 0, 20, 33, 24055 }, // U+04D3
    { 25, 18, 409, 0, 18, 57, 24088 }, // U+04D4
    { 22, 14, 364, 0, 14, 39, 24145 }, // U+04D5
    { 13, 25, 243, 1, 25, 41, 24184 }, // U+04D6
    { 14, 20, 238, 0, 20, 35, 24225 }, // U+04D7
    { 17, 18, 299, 1, 18, 39, 24260 }, // U+04D8
    { 14, 14, 238, 0, 14, 25, 24299 }, // U+04D9
    { 17, 25, 299, 1, 25, 54, 24324 }, // U+04DA
    { 14, 20, 238, 0, 20, 35, 24378 }, // U+04DB
    { 27, 25, 427, 0, 25, 85, 24413 }, // U+04DC
    { 22, 20, 346, 0, 20, 55, 24498 }, // U+04DD
    { 14, 25, 258, 1, 25, 44, 24553 }, // U+04DE
    { 13, 20, 208, 0, 20, 33, 24597 }, // U+04DF
    { 15, 18, 259, 1, 18, 34, 24630 }, // U+04E0
    { 15, 18, 259, 1, 13, 34, 24664 }, // U+04E1
    { 17, 24, 305, 1, 24, 51, 24698 }, // U+04E2
    { 14, 19, 249, 1, 19, 34, 24749 }, // U+04E3
    { 17, 25, 305, 1, 25, 54, 24783 }, // U+04E4
    { 14, 20, 249, 1, 20, 35, 24837 }, // U+04E5
    { 18, 25, 308, 1, 25, 57, 24872 }, // U+04E6
    { 15, 20, 245, 0, 20, 38, 24929 }, // U+04E7
    { 18, 18, 308, 1, 18, 41, 24967 }, // U+04E8
    { 15, 14, 245, 0, 14, 27, 25008 }, // U+04E9
    { 18, 25, 308, 1, 25, 57, 25035 }, // U+04EA
    { 15, 20, 245, 0, 20, 38, 25092 }, // U+04EB
    { 17, 25, 296, 1, 25, 54, 25130 }, // U+04EC
    { 14, 20, 235, 0, 20, 35, 25184 }, // U+04ED
    { 17, 24, 278, 0, 24, 51, 25219 }, // U+04EE
    { 15, 24, 241, 0, 19, 45, 25270 }, // U+04EF
    { 17, 25, 278, 0, 25, 54, 25315 }, // U+04F0
    { 15, 25, 241, 0, 20, 47, 25369 }, // U+04F1
    { 17, 25, 278, 0, 25, 54, 25416 }, // U+04F2
    { 15, 25, 241, 0, 20, 47, 25470 }, // U+04F3
    { 16, 25, 283, 1, 25, 50, 25517 }, // U+04F4
    { 13, 20, 240, 1, 20, 33, 25567 }, // U+04F5
    { 13, 22, 233, 1, 18, 36, 25600 }, // U+04F6
    { 10, 18, 181, 1, 14, 23, 25636 }, // U+04F7
    { 21, 25, 367, 1, 25, 66, 25659 }, // U+04F8
    { 18, 20, 323, 1, 20, 45, 25725 }, // U+04F9
    { 15, 23, 248, 0, 18, 44, 25770 }, // U+04FA
    { 12, 19, 181, -1, 14, 29, 25814 }, // U+04FB
    { 20, 23, 316, 0, 18, 58, 25843 }, // U+04FC
    { 13, 19, 216, 0, 14, 31, 25901 }, // U+04FD
    { 18, 18, 295, 0, 18, 41, 25932 }, // U+04FE
    { 14, 14, 232, 0, 14, 25, 25973 }, // U+04FF
    { 17, 15, 270, 0, 15, 32, 25998 }, // U+05D0
    { 15, 15, 238, 0, 15, 29, 26030 }, // U+05D1
    { 10, 16, 165, 0, 15, 20, 26059 }, // U+05D2
    { 14, 15, 228, 0, 15, 27, 26079 }, // U+05D3
    { 14, 15, 263, 1, 15, 27, 26106 }, // U+05D4
    { 7, 15, 135, 0, 15, 14, 26133 }, // U+05D5
    { 9, 15, 148, 0, 15, 17, 26147 }, // U+05D6
    { 16, 15, 275, 0, 15, 30, 26164 }, // U+05D7
    { 15, 15, 264, 1, 15, 29, 26194 }, // U+05D8
    { 7, 9, 133, 0, 15, 8, 26223 }, // U+05D9
    { 13, 20, 228, 0, 15, 33, 26231 }, // U+05DA
    { 13, 15, 211, 0, 15, 25, 26264 }, // U+05DB
    { 14, 19, 222, 0, 19, 34, 26289 }, // U+05DC
    { 15, 15, 281, 1, 15, 29, 26323 }, // U+05DD
    { 17, 15, 281, 0, 15, 32, 26352 }, // U+05DE
    { 7, 20, 142, 0, 15, 18, 26384 }, // U+05DF
    { 8, 15, 162, 1, 15, 15, 26402 }, // U+05E0
    { 16, 15, 272, 0, 15, 30, 26417 }, // U+05E1
    { 15, 18, 252, 0, 16, 34, 26447 }, // U+05E2
    { 14, 20, 262, 1, 15, 35, 26481 }, // U+05E3
    { 15, 15, 251, 0, 15, 29, 26516 }, // U+05E4
    { 14, 20, 235, 0, 15, 35, 26545 }, // U+05E5
    { 14, 15, 237, 0, 15, 27, 26580 }, // U+05E6
    { 15, 20, 262, 1, 15, 38, 26607 }, // U+05E7
    { 12, 15, 217, 0, 15, 23, 26645 }, // U+05E8
    { 18, 15, 315, 1, 15, 34, 26668 }, // U+05E9
    { 17, 15, 289, 0, 15, 32, 26702 }, // U+05EA
    { 5, 8, 129, 1, 7, 5, 26734 }, // U+060C
    { 7, 19, 136, 0, 18, 17, 26739 }, // U+061B
    { 13, 20, 205, 0, 19, 33, 26756 }, // U+061F
    { 11, 13, 188, 0, 11, 18, 26789 }, // U+0621
    { 10, 5, 116, 0, 4, 7, 26807 }, // U+0640
    { 7, 7, 0, 0, 21, 7, 26814 }, // U+0654
    { 6, 7, 229, 4, 11, 6, 26821 }, // U+0660
    { 6, 19, 229, 4, 18, 15, 26827 }, // U+0661
    { 13, 19, 229, 1, 18, 31, 26842 }, // U+0662
    { 14, 19, 229, 0, 18, 34, 26873 }, // U+0663
    { 12, 19, 229, 1, 18, 29, 26907 }, // U+0664
    { 12, 14, 229, 1, 14, 21, 26936 }, // U+0665
    { 13, 19, 229, 1, 18, 31, 26957 }, // U+0666
    { 15, 19, 229, 0, 18, 36, 26988 }, // U+0667
    { 15, 19, 229, 0, 18, 36, 27024 }, // U+0668
    { 12, 18, 229, 1, 18, 27, 27060 }, // U+0669
    { 18, 16, 296, 0, 10, 36, 27087 }, // U+06BA
    { 7, 3, 130, 1, 3, 3, 27123 }, // U+06D4
    { 11, 15, 188, 0, 14, 21, 27126 }, // U+06D5
    { 6, 7, 229, 4, 11, 6, 27147 }, // U+06F0
    { 6, 19, 229, 4, 18, 15, 27153 }, // U+06F1
    { 13, 19, 229, 1, 18, 31, 27168 }, // U+06F2
    { 14, 19, 229, 0, 18, 34, 27199 }, // U+06F3
    { 13, 19, 229, 1, 18, 31, 27233 }, // U+06F4
    { 14, 17, 229, 0, 17, 30, 27264 }, // U+06F5
    { 12, 18, 229, 1, 17, 27, 27294 }, // U+06F6
    { 15, 19, 229, 0, 18, 36, 27321 }, // U+06F7
    { 15, 19, 229, 0, 18, 36, 27357 }, // U+06F8
    { 12, 18, 229, 1, 18, 27, 27393 }, // U+06F9
    { 19, 23, 299, 0, 18, 55, 27420 }, // U+1EA0
    { 13, 19, 232, 0, 14, 31, 27475 }, // U+1EA1
    { 19, 25, 299, 0, 25, 60, 27506 }, // U+1EA2
    { 13, 20, 232, 0, 20, 33, 27566 }, // U+1EA3
    { 19, 28, 299, 0, 28, 67, 27599 }, // U+1EA4
    { 14, 23, 232, 0, 23, 41, 27666 }, // U+1EA5
    { 19, 28, 299, 0, 28, 67, 27707 }, // U+1EA6
    { 13, 23, 232, 0, 23, 38, 27774 }, // U+1EA7
    { 19, 29, 299, 0, 29, 69, 27812 }, // U+1EA8
    { 13, 24, 232, 0, 24, 39, 27881 }, // U+1EA9
    { 19, 28, 299, 0, 28, 67, 27920 }, // U+1EAA
    { 13, 23, 232, 0, 23, 38, 27987 }, // U+1EAB
    { 19, 30, 299, 0, 25, 72, 28025 }, // U+1EAC
    { 13, 25, 232, 0, 20, 41, 28097 }, // U+1EAD
    { 19, 28, 299, 0, 28, 67, 28138 }, // U+1EAE
    { 13, 23, 232, 0, 23, 38, 28205 }, // U+1EAF
    { 19, 28, 299, 0, 28, 67, 28243 }, // U+1EB0
    { 13, 23, 232, 0, 23, 38, 28310 }, // U+1EB1
    { 19, 28, 299, 0, 28, 67, 28348 }, // U+1EB2
    { 13, 23, 232, 0, 23, 38, 28415 }, // U+1EB3
    { 19, 28, 299, 0, 28, 67, 28453 }, // U+1EB4
    { 13, 23, 232, 0, 23, 38, 28520 }, // U+1EB5
    { 19, 30, 299, 0, 25, 72, 28558 }, // U+1EB6
    { 13, 25, 232, 0, 20, 41, 28630 }, // U+1EB7
    { 13, 23, 243, 1, 18, 38, 28671 }, // U+1EB8
    { 14, 19, 238, 0, 14, 34, 28709 }, // U+1EB9
    { 13, 25, 243, 1, 25, 41, 28743 }, // U+1EBA
    { 14, 20, 238, 0, 20, 35, 28784 }, // U+1EBB
    { 13, 25, 243, 1, 25, 41, 28819 }, // U+1EBC
    { 14, 20, 238, 0, 20, 35, 28860 }, // U+1EBD
    { 14, 28, 243, 1, 28, 49, 28895 }, // U+1EBE
    { 14, 23, 238, 0, 23, 41, 28944 }, // U+1EBF
    { 13, 28, 243, 1, 28, 46, 28985 }, // U+1EC0
    { 14, 23, 238, 0, 23, 41, 29031 }, // U+1EC1
    { 13, 29, 243, 1, 29, 48, 29072 }, // U+1EC2
    { 14, 24, 238, 0, 24, 42, 29120 }, // U+1EC3
    { 13, 28, 243, 1, 28, 46, 29162 }, // U+1EC4
    { 14, 23, 238, 0, 23, 41, 29208 }, // U+1EC5
    { 13, 30, 243, 1, 25, 49, 29249 }, // U+1EC6
    { 14, 25, 238, 0, 20, 44, 29298 }, // U+1EC7
    { 5, 25, 112, 1, 25, 16, 29342 }, // U+1EC8
    { 5, 20, 108, 1, 20, 13, 29358 }, // U+1EC9
    { 5, 23, 112, 1, 18, 15, 29371 }, // U+1ECA
    { 5, 25, 108, 1, 20, 16, 29386 }, // U+1ECB
    { 18, 23, 308, 1, 18, 52, 29402 }, // U+1ECC
    { 15, 19, 245, 0, 14, 36, 29454 }, // U+1ECD
    { 18, 25, 308, 1, 25, 57, 29490 }, // U+1ECE
    { 15, 20, 245, 0, 20, 38, 29547 }, // U+1ECF
    { 18, 28, 308, 1, 28, 63, 29585 }, // U+1ED0
    { 15, 23, 245, 0, 23, 44, 29648 }, // U+1ED1
    { 18, 28, 308, 1, 28, 63, 29692 }, // U+1ED2
    { 15, 23, 245, 0, 23, 44, 29755 }, // U+1ED3
    { 18, 29, 308, 1, 29, 66, 29799 }, // U+1ED4
    { 15, 24, 245, 0, 24, 45, 29865 }, // U+1ED5
    { 18, 28, 308, 1, 28, 63, 29910 }, // U+1ED6
    { 15, 23, 245, 0, 23, 44, 29973 }, // U+1ED7
    { 18, 30, 308, 1, 25, 68, 30017 }, // U+1ED8
    { 15, 25, 245, 0, 20, 47, 30085 }, // U+1ED9
    { 18, 25, 312, 1, 25, 57, 30132 }, // U+1EDA
    { 16, 20, 245, 0, 20, 40, 30189 }, // U+1EDB
    { 18, 25, 312, 1, 25, 57, 30229 }, // U+1EDC
    { 16, 20, 245, 0, 20, 40, 30286 }, // U+1EDD
    { 18, 25, 312, 1, 25, 57, 30326 }, // U+1EDE
    { 16, 20, 245, 0, 20, 40, 30383 }, // U+1EDF
    { 18, 25, 312, 1, 25, 57, 30423 }, // U+1EE0
    { 16, 19, 245, 0, 19, 38, 30480 }, // U+1EE1
    { 18, 26, 312, 1, 21, 59, 30518 }, // U+1EE2
    { 16, 22, 245, 0, 17, 44, 30577 }, // U+1EE3
    { 16, 23, 293, 1, 18, 46, 30621 }, // U+1EE4
    { 14, 19, 249, 1, 14, 34, 30667 }, // U+1EE5
    { 16, 25, 293, 1, 25, 50, 30701 }, // U+1EE6
    { 14, 20, 249, 1, 20, 35, 30751 }, // U+1EE7
    { 18, 25, 292, 1, 25, 57, 30786 }, // U+1EE8
    { 16, 20, 264, 1, 20, 40, 30843 }, // U+1EE9
    { 18, 25, 292, 1, 25, 57, 30883 }, // U+1EEA
    { 16, 20, 264, 1, 20, 40, 30940 }, // U+1EEB
    { 18, 25, 292, 1, 25, 57, 30980 }, // U+1EEC
    { 16, 20, 264, 1, 20, 40, 31037 }, // U+1EED
    { 18, 25, 292, 1, 25, 57, 31077 }, // U+1EEE
    { 16, 20, 264, 1, 20, 40, 31134 }, // U+1EEF
    { 18, 27, 292, 1, 22, 61, 31174 }, // U+1EF0
    { 16, 22, 264, 1, 17, 44, 31235 }, // U+1EF1
    { 18, 25, 292, 0, 25, 57, 31279 }, // U+1EF2
    { 15, 25, 241, 0, 20, 47, 31336 }, // U+1EF3
    { 18, 23, 292, 0, 18, 52, 31383 }, // U+1EF4
    { 15, 19, 241, 0, 14, 36, 31435 }, // U+1EF5
    { 18, 25, 292, 0, 25, 57, 31471 }, // U+1EF6
    { 15, 25, 241, 0, 20, 47, 31528 }, // U+1EF7
    { 18, 25, 292, 0, 25, 57, 31575 }, // U+1EF8
    { 15, 25, 241, 0, 20, 47, 31632 }, // U+1EF9
    { 0, 0, 227, 0, 0, 0, 31679 }, // U+2000
    { 0, 0, 451, 0, 0, 0, 31679 }, // U+2001
    { 0, 0, 200, 0, 0, 0, 31679 }, // U+2002
    { 0, 0, 400, 0, 0, 0, 31679 }, // U+2003
    { 0, 0, 134, 0, 0, 0, 31679 }, // U+2004
    { 0, 0, 100, 0, 0, 0, 31679 }, // U+2005
    { 0, 0, 66, 0, 0, 0, 31679 }, // U+2006
    { 0, 0, 259, 0, 0, 0, 31679 }, // U+2007
    { 0, 0, 134, 0, 0, 0, 31679 }, // U+2008
    { 0, 0, 63, 0, 0, 0, 31679 }, // U+2009
    { 0, 0, 31, 0, 0, 0, 31679 }, // U+200A
    { 0, 0, 0, 0, 0, 0, 31679 }, // U+200B
    { 2, 18, 0, -1, 17, 5, 31679 }, // U+200C
    { 6, 19, 0, -3, 18, 15, 31684 }, // U+200D
    { 7, 19, 0, -1, 18, 17, 31699 }, // U+200E
    { 7, 19, 0, -6, 18, 17, 31716 }, // U+200F
    { 10, 3, 181, 1, 9, 4, 31733 }, // U+2010
    { 10, 3, 181, 1, 9, 4, 31737 }, // U+2011
    { 16, 3, 259, 0, 10, 6, 31741 }, // U+2012
    { 13, 3, 200, 0, 9, 5, 31747 }, // U+2013
    { 25, 3, 400, 0, 9, 10, 31752 }, // U+2014
    { 25, 3, 400, 0, 9, 10, 31762 }, // U+2015
    { 10, 30, 226, 2, 24, 38, 31772 }, // U+2016
    { 12, 5, 190, 0, 0, 8, 31810 }, // U+2017
    { 5, 8, 124, 2, 18, 5, 31818 }, // U+2018
    { 5, 8, 124, 2, 19, 5, 31823 }, // U+2019
    { 6, 8, 115, 1, 4, 6, 31828 }, // U+201A
    { 5, 8, 124, 1, 18, 5, 31834 }, // U+201B
    { 11, 8, 216, 2, 18, 11, 31839 }, // U+201C
    { 11, 8, 213, 2, 19, 11, 31850 }, // U+201D
    { 11, 8, 204, 1, 4, 11, 31861 }, // U+201E
    { 11, 8, 213, 1, 18, 11, 31872 }, // U+201F
    { 12, 14, 233, 1, 18, 21, 31883 }, // U+2020
    { 12, 18, 233, 1, 18, 27, 31904 }, // U+2021
    { 8, 8, 190, 2, 11, 8, 31931 }, // U+2022
    { 7, 9, 190, 3, 12, 8, 31939 }, // U+2023
    { 5, 4, 134, 2, 4, 3, 31947 }, // U+2024
    { 13, 4, 267, 2, 4, 7, 31950 }, // U+2025
    { 21, 4, 401, 2, 4, 11, 31957 }, // U+2026
    { 5, 4, 134, 2, 11, 3, 31968 }, // U+2027
    { 0, 0, 63, 0, 0, 0, 31971 }, // U+202F
    { 31, 18, 556, 2, 18, 70, 31971 }, // U+2030
    { 40, 18, 705, 2, 18, 90, 32041 }, // U+2031
    { 5, 7, 110, 1, 18, 5, 32131 }, // U+2032
    { 12, 7, 219, 1, 18, 11, 32136 }, // U+2033
    { 19, 7, 328, 1, 18, 17, 32147 }, // U+2034
    { 5, 7, 110, 1, 18, 5, 32164 }, // U+2035
    { 12, 7, 219, 1, 18, 11, 32169 }, // U+2036
    { 19, 7, 328, 1, 18, 17, 32180 }, // U+2037
    { 12, 6, 219, 1, -1, 9, 32197 }, // U+2038
    { 9, 12, 172, 1, 14, 14, 32206 }, // U+2039
    { 10, 12, 172, 0, 14, 15, 32220 }, // U+203A
    { 17, 15, 324, 2, 16, 32, 32235 }, // U+203B
    { 13, 18, 270, 2, 18, 30, 32267 }, // U+203C
    { 13, 18, 223, 0, 18, 30, 32297 }, // U+203D
    { 13, 3, 199, 0, 21, 5, 32327 }, // U+203E
    { 21, 5, 340, 0, -1, 14, 32332 }, // U+203F
    { 21, 6, 340, 0, 19, 16, 32346 }, // U+2040
    { 11, 14, 191, 0, 8, 20, 32362 }, // U+2041
    { 17, 15, 305, 1, 17, 32, 32382 }, // U+2042
    { 8, 3, 190, 2, 9, 3, 32414 }, // U+2043
    { 16, 18, 84, -5, 18, 36, 32417 }, // U+2044
    { 7, 23, 151, 2, 20, 21, 32453 }, // U+2045
    { 7, 23, 151, 1, 20, 21, 32474 }, // U+2046
    { 27, 18, 448, 0, 18, 61, 32495 }, // U+2047
    { 21, 18, 359, 0, 18, 48, 32556 }, // U+2048
    { 20, 18, 359, 2, 18, 45, 32604 }, // U+2049
    { 11, 19, 187, 0, 14, 27, 32649 }, // U+204A
    { 14, 18, 239, 1, 18, 32, 32676 }, // U+204B
    { 13, 11, 244, 1, 13, 18, 32708 }, // U+204C
    { 12, 11, 244, 2, 13, 17, 32726 }, // U+204D
    { 11, 10, 224, 1, 8, 14, 32743 }, // U+204E
    { 6, 18, 137, 2, 13, 14, 32757 }, // U+204F
    { 21, 26, 339, 0, 19, 69, 32771 }, // U+2050
    { 11, 22, 230, 3, 18, 31, 32840 }, // U+2051
    { 19, 18, 328, 1, 18, 43, 32871 }, // U+2052
    { 17, 6, 304, 1, 12, 13, 32914 }, // U+2053
    { 21, 5, 340, 0, -1, 14, 32927 }, // U+2054
    { 14, 13, 287, 2, 13, 23, 32941 }, // U+2055
    { 25, 7, 437, 1, 18, 22, 32964 }, // U+2057
    { 0, 0, 118, 0, 0, 0, 32986 }, // U+205F
    { 11, 10, 198, 1, 21, 14, 32986 }, // U+2070
    { 4, 11, 89, 1, 22, 6, 33000 }, // U+2071
    { 11, 10, 195, 1, 21, 14, 33006 }, // U+2074
    { 10, 10, 190, 1, 21, 13, 33020 }, // U+2075
    { 10, 10, 190, 1, 21, 13, 33033 }, // U+2076
    { 10, 10, 170, 0, 21, 13, 33046 }, // U+2077
    { 10, 10, 192, 1, 21, 13, 33059 }, // U+2078
    { 10, 10, 190, 1, 21, 13, 33072 }, // U+2079
    { 9, 8, 188, 1, 20, 9, 33085 }, // U+207A
    { 9, 3, 188, 1, 18, 4, 33094 }, // U+207B
    { 9, 6, 188, 1, 19, 7, 33098 }, // U+207C
    { 6, 13, 116, 1, 22, 10, 33105 }, // U+207D
    { 6, 13, 116, 0, 22, 10, 33115 }, // U+207E
    { 10, 8, 185, 1, 19, 10, 33125 }, // U+207F
    { 11, 10, 198, 1, 6, 14, 33135 }, // U+2080
    { 6, 10, 133, 1, 6, 8, 33149 }, // U+2081
    { 10, 10, 184, 1, 6, 13, 33157 }, // U+2082
    { 10, 10, 189, 1, 6, 13, 33170 }, // U+2083
    { 11, 10, 195, 1, 6, 14, 33183 }, // U+2084
    { 10, 10, 190, 1, 6, 13, 33197 }, // U+2085
    { 10, 10, 190, 1, 6, 13, 33210 }, // U+2086
    { 10, 10, 170, 0, 6, 13, 33223 }, // U+2087
    { 10, 10, 192, 1, 6, 13, 33236 }, // U+2088
    { 10, 10, 190, 1, 6, 13, 33249 }, // U+2089
    { 9, 8, 188, 1, 5, 9, 33262 }, // U+208A
    { 9, 3, 188, 1, 3, 4, 33271 }, // U+208B
    { 9, 6, 188, 1, 4, 7, 33275 }, // U+208C
    { 6, 13, 116, 1, 7, 10, 33282 }, // U+208D
    { 6, 13, 116, 0, 7, 10, 33292 }, // U+208E
    { 10, 8, 169, 0, 4, 10, 33302 }, // U+2090
    { 9, 8, 174, 1, 4, 9, 33312 }, // U+2091
    { 10, 8, 178, 1, 4, 10, 33321 }, // U+2092
    { 11, 8, 174, 0, 4, 11, 33331 }, // U+2093
    { 10, 11, 192, 1, 6, 14, 33342 }, // U+2094
    { 10, 10, 185, 1, 6, 13, 33356 }, // U+2095
    { 10, 10, 171, 1, 6, 13, 33369 }, // U+2096
    { 4, 10, 89, 1, 6, 5, 33382 }, // U+2097
    { 14, 8, 261, 1, 4, 14, 33387 }, // U+2098
    { 10, 8, 185, 1, 4, 10, 33401 }, // U+2099
    { 10, 11, 183, 1, 4, 14, 33411 }, // U+209A
    { 9, 8, 167, 1, 4, 9, 33425 }, // U+209B
    { 7, 10, 110, 0, 6, 9, 33434 }, // U+209C
    { 17, 19, 304, 1, 19, 41, 33443 }, // U+20A0
    { 17, 23, 296, 1, 21, 49, 33484 }, // U+20A1
    { 17, 18, 291, 1, 18, 39, 33533 }, // U+20A2
    { 16, 18, 246, -1, 18, 36, 33572 }, // U+20A3
    { 14, 18, 255, 1, 18, 32, 33608 }, // U+20A4
    { 20, 19, 346, 1, 17, 48, 33640 }, // U+20A5
    { 19, 18, 303, 0, 18, 43, 33688 }, // U+20A6
    { 24, 18, 406, 1, 18, 54, 33731 }, // U+20A7
    { 28, 18, 470, 1, 18, 63, 33785 }, // U+20A8
    { 26, 18, 416, 0, 18, 59, 33848 }, // U+20A9
    { 21, 14, 369, 1, 14, 37, 33907 }, // U+20AA
    { 16, 23, 252, 0, 18, 46, 33944 }, // U+20AB
    { 16, 18, 274, 0, 18, 36, 33990 }, // U+20AC
    { 20, 18, 320, 0, 18, 45, 34026 }, // U+20AD
    { 16, 18, 267, 0, 18, 36, 34071 }, // U+20AE
    { 36, 26, 584, 0, 21, 117, 34107 }, // U+20AF
    { 17, 18, 286, 1, 18, 39, 34224 }, // U+20B1
    { 17, 23, 300, 1, 21, 49, 34263 }, // U+20B2
    { 19, 18, 299, 0, 18, 43, 34312 }, // U+20B3
    { 15, 18, 296, 2, 18, 34, 34355 }, // U+20B4
    { 17, 23, 296, 1, 21, 49, 34389 }, // U+20B5
    { 16, 18, 267, 0, 18, 36, 34438 }, // U+20B8
    { 14, 18, 229, 0, 18, 32, 34474 }, // U+20B9
    { 14, 18, 258, 1, 18, 32, 34506 }, // U+20BA
    { 17, 14, 304, 1, 14, 30, 34538 }, // U+20BC
    { 17, 18, 297, 1, 18, 39, 34568 }, // U+20BD
    { 17, 18, 304, 1, 18, 39, 34607 }, // U+20BE
    { 15, 24, 265, 1, 21, 45, 34646 }, // U+20BF
    { 11, 15, 194, 1, 15, 21, 34691 }, // U+20C0
    { 19, 19, 382, 2, 18, 46, 34712 }, // U+2190
    { 19, 19, 362, 2, 19, 46, 34758 }, // U+2191
    { 19, 19, 382, 3, 18, 46, 34804 }, // U+2192
    { 19, 19, 362, 2, 18, 46, 34850 }, // U+2193
    { 30, 17, 536, 2, 17, 64, 34896 }, // U+2194
    { 17, 30, 343, 2, 23, 64, 34960 }, // U+2195
    { 14, 14, 313, 3, 14, 25, 35024 }, // U+2196
    { 15, 14, 313, 2, 14, 27, 35049 }, // U+2197
    { 15, 14, 313, 2, 14, 27, 35076 }, // U+2198
    { 14, 14, 313, 3, 14, 25, 35103 }, // U+2199
    { 25, 20, 463, 2, 19, 63, 35128 }, // U+21A9
    { 25, 20, 463, 2, 19, 63, 35191 }, // U+21AA
    { 21, 20, 405, 2, 19, 53, 35254 }, // U+21B0
    { 21, 20, 405, 2, 19, 53, 35307 }, // U+21B1
    { 21, 17, 405, 2, 19, 45, 35360 }, // U+21B3
    { 18, 19, 358, 2, 18, 43, 35405 }, // U+21B4
    { 21, 17, 405, 2, 19, 45, 35448 }, // U+21B5
    { 20, 23, 382, 2, 23, 58, 35493 }, // U+21BA
    { 20, 23, 382, 2, 23, 58, 35551 }, // U+21BB
    { 19, 19, 382, 2, 17, 46, 35609 }, // U+21D0
    { 19, 20, 382, 3, 18, 48, 35655 }, // U+21D2
    { 30, 20, 536, 2, 18, 75, 35703 }, // U+21D4
    { 13, 20, 254, 1, 20, 33, 35778 }, // U+21DE
    { 13, 20, 254, 1, 19, 33, 35811 }, // U+21DF
    { 22, 13, 420, 2, 16, 36, 35844 }, // U+21E4
    { 22, 13, 420, 2, 16, 36, 35880 }, // U+21E5
    { 25, 20, 440, 1, 20, 63, 35916 }, // U+21E7
    { 25, 25, 440, 1, 20, 79, 35979 }, // U+21EA
    { 14, 19, 268, 1, 19, 34, 36058 }, // U+2202
    { 16, 16, 276, 1, 15, 32, 36092 }, // U+2205
    { 18, 18, 297, 0, 18, 41, 36124 }, // U+2206
    { 15, 22, 307, 2, 18, 42, 36165 }, // U+220F
    { 16, 21, 296, 1, 18, 42, 36207 }, // U+2211
    { 13, 3, 271, 2, 9, 5, 36249 }, // U+2212
    { 15, 19, 268, 1, 18, 36, 36254 }, // U+221A
    { 23, 11, 392, 1, 13, 32, 36290 }, // U+221E
    { 11, 26, 156, -1, 20, 36, 36322 }, // U+222B
    { 5, 13, 134, 2, 16, 9, 36358 }, // U+2236
    { 15, 11, 271, 1, 13, 21, 36367 }, // U+2248
    { 13, 14, 271, 2, 14, 23, 36388 }, // U+2260
    { 13, 14, 271, 2, 15, 23, 36411 }, // U+2264
    { 13, 14, 271, 2, 15, 23, 36434 }, // U+2265
    { 35, 35, 556, 0, 27, 154, 36457 }, // U+2295
    { 35, 35, 556, 0, 27, 154, 36611 }, // U+2296
    { 35, 35, 556, 0, 27, 154, 36765 }, // U+2297
    { 35, 35, 556, 0, 27, 154, 36919 }, // U+2298
    { 25, 21, 410, 0, 12, 66, 37073 }, // U+FB56
    { 31, 19, 457, 0, 10, 74, 37139 }, // U+FB57
    { 8, 21, 144, 0, 12, 21, 37213 }, // U+FB58
    { 13, 18, 164, 0, 9, 30, 37234 }, // U+FB59
    { 25, 19, 410, 0, 18, 60, 37264 }, // U+FB66
    { 31, 19, 457, 0, 18, 74, 37324 }, // U+FB67
    { 8, 22, 127, 0, 21, 22, 37398 }, // U+FB68
    { 13, 19, 164, 0, 18, 31, 37420 }, // U+FB69
    { 17, 23, 275, 0, 13, 49, 37451 }, // U+FB7A
    { 21, 23, 304, 0, 13, 61, 37500 }, // U+FB7B
    { 16, 20, 252, 0, 11, 40, 37561 }, // U+FB7C
    { 19, 20, 262, 0, 11, 48, 37601 }, // U+FB7D
    { 12, 23, 207, 0, 22, 35, 37649 }, // U+FB88
    { 17, 23, 228, 0, 22, 49, 37684 }, // U+FB89
    { 11, 26, 164, -1, 20, 36, 37733 }, // U+FB8A
    { 15, 26, 180, -1, 20, 49, 37769 }, // U+FB8B
    { 11, 26, 164, -1, 20, 36, 37818 }, // U+FB8C
    { 15, 26, 180, -1, 20, 49, 37854 }, // U+FB8D
    { 23, 19, 364, 0, 18, 55, 37903 }, // U+FB8E
    { 26, 19, 381, 0, 18, 62, 37958 }, // U+FB8F
    { 12, 19, 182, 0, 18, 29, 38020 }, // U+FB90
    { 15, 19, 203, 0, 18, 36, 38049 }, // U+FB91
    { 23, 23, 364, 0, 22, 67, 38085 }, // U+FB92
    { 26, 23, 381, 0, 22, 75, 38152 }, // U+FB93
    { 13, 23, 182, -1, 22, 38, 38227 }, // U+FB94
    { 16, 23, 203, -1, 22, 46, 38265 }, // U+FB95
    { 18, 16, 296, 0, 10, 36, 38311 }, // U+FB9E
    { 23, 15, 322, 0, 9, 44, 38347 }, // U+FB9F
    { 11, 15, 188, 0, 14, 21, 38391 }, // U+FBA6
    { 17, 11, 234, 0, 10, 24, 38412 }, // U+FBA7
    { 7, 17, 127, 0, 12, 15, 38436 }, // U+FBA8
    { 15, 13, 206, 0, 6, 25, 38451 }, // U+FBA9
    { 19, 15, 308, 0, 14, 36, 38476 }, // U+FBAA
    { 20, 18, 274, 0, 12, 45, 38512 }, // U+FBAB
    { 16, 15, 256, 0, 14, 30, 38557 }, // U+FBAC
    { 17, 18, 228, 0, 12, 39, 38587 }, // U+FBAD
    { 23, 14, 377, 0, 13, 41, 38626 }, // U+FBAE
    { 17, 12, 224, 0, 4, 26, 38667 }, // U+FBAF
    { 23, 21, 377, 0, 20, 61, 38693 }, // U+FBB0
    { 17, 19, 224, 0, 11, 41, 38754 }, // U+FBB1
    { 21, 18, 328, 0, 12, 48, 38795 }, // U+FBFC
    { 22, 13, 320, 0, 7, 36, 38843 }, // U+FBFD
    { 8, 18, 144, 0, 12, 18, 38879 }, // U+FBFE
    { 13, 15, 164, 0, 9, 25, 38897 }, // U+FBFF
    { 11, 13, 188, 0, 11, 18, 38922 }, // U+FE80
    { 10, 23, 108, -2, 23, 29, 38940 }, // U+FE81
    { 12, 25, 127, -2, 24, 38, 38969 }, // U+FE82
    { 6, 25, 108, 0, 25, 19, 39007 }, // U+FE83
    { 10, 27, 127, 0, 26, 34, 39026 }, // U+FE84
    { 12, 24, 199, 0, 18, 36, 39060 }, // U+FE85
    { 16, 24, 210, 0, 18, 48, 39096 }, // U+FE86
    { 6, 27, 109, 1, 19, 21, 39144 }, // U+FE87
    { 9, 27, 127, 1, 19, 31, 39165 }, // U+FE88
    { 21, 19, 328, 0, 13, 50, 39196 }, // U+FE89
    { 22, 19, 320, 0, 13, 53, 39246 }, // U+FE8A
    { 7, 21, 127, 0, 20, 19, 39299 }, // U+FE8B
    { 12, 18, 154, 0, 17, 27, 39318 }, // U+FE8C
    { 5, 19, 109, 1, 19, 12, 39345 }, // U+FE8D
    { 9, 20, 127, 1, 19, 23, 39357 }, // U+FE8E
    { 25, 19, 410, 0, 12, 60, 39380 }, // U+FE8F
    { 31, 17, 457, 0, 10, 66, 39440 }, // U+FE90
    { 7, 18, 127, 0, 12, 16, 39506 }, // U+FE91
    { 12, 15, 154, 0, 9, 23, 39522 }, // U+FE92
    { 11, 21, 188, 0, 20, 29, 39545 }, // U+FE93
    { 16, 23, 222, 0, 22, 46, 39574 }, // U+FE94
    { 25, 16, 410, 0, 15, 50, 39620 }, // U+FE95
    { 31, 16, 457, 0, 15, 62, 39670 }, // U+FE96
    { 9, 19, 127, -1, 18, 22, 39732 }, // U+FE97
    { 13, 16, 164, 0, 15, 26, 39754 }, // U+FE98
    { 25, 19, 410, 0, 18, 60, 39780 }, // U+FE99
    { 31, 19, 457, 0, 18, 74, 39840 }, // U+FE9A
    { 8, 22, 127, 0, 21, 22, 39914 }, // U+FE9B
    { 13, 19, 164, 0, 18, 31, 39936 }, // U+FE9C
    { 17, 23, 275, 0, 13, 49, 39967 }, // U+FE9D
    { 21, 23, 296, 0, 13, 61, 40016 }, // U+FE9E
    { 16, 17, 252, 0, 11, 34, 40077 }, // U+FE9F
    { 19, 17, 262, 0, 11, 41, 40111 }, // U+FEA0
    { 17, 23, 275, 0, 13, 49, 40152 }, // U+FEA1
    { 21, 23, 296, 0, 13, 61, 40201 }, // U+FEA2
    { 16, 12, 252, 0, 11, 24, 40262 }, // U+FEA3
    { 19, 12, 262, 0, 11, 29, 40286 }, // U+FEA4
    { 17, 29, 275, 0, 19, 62, 40315 }, // U+FEA5
    { 21, 29, 296, 0, 19, 77, 40377 }, // U+FEA6
    { 16, 19, 252, 0, 18, 38, 40454 }, // U+FEA7
    { 19, 19, 262, 0, 18, 46, 40492 }, // U+FEA8
    { 12, 14, 207, 0, 13, 21, 40538 }, // U+FEA9
    { 17, 14, 228, 0, 13, 30, 40559 }, // U+FEAA
    { 12, 20, 207, 0, 19, 30, 40589 }, // U+FEAB
    { 17, 20, 228, 0, 19, 43, 40619 }, // U+FEAC
    { 10, 16, 164, -1, 10, 20, 40662 }, // U+FEAD
    { 15, 16, 180, -1, 10, 30, 40682 }, // U+FEAE
    { 10, 23, 164, -1, 17, 29, 40712 }, // U+FEAF
    { 15, 23, 180, -1, 17, 44, 40741 }, // U+FEB0
    { 33, 18, 548, 0, 12, 75, 40785 }, // U+FEB1
    { 38, 17, 576, 0, 11, 81, 40860 }, // U+FEB2
    { 23, 13, 380, 0, 12, 38, 40941 }, // U+FEB3
    { 28, 12, 408, 0, 11, 42, 40979 }, // U+FEB4
    { 33, 25, 548, 0, 19, 104, 41021 }, // U+FEB5
    { 38, 25, 576, 0, 19, 119, 41125 }, // U+FEB6
    { 23, 20, 380, 0, 19, 58, 41244 }, // U+FEB7
    { 28, 20, 408, 0, 19, 70, 41302 }, // U+FEB8
    { 35, 17, 569, 0, 11, 75, 41372 }, // U+FEB9
    { 39, 17, 577, 0, 11, 83, 41447 }, // U+FEBA
    { 24, 12, 390, 0, 11, 36, 41530 }, // U+FEBB
    { 28, 12, 402, 0, 11, 42, 41566 }, // U+FEBC
    { 35, 24, 569, 0, 18, 105, 41608 }, // U+FEBD
    { 39, 24, 577, 0, 18, 117, 41713 }, // U+FEBE
    { 24, 19, 390, 0, 18, 57, 41830 }, // U+FEBF
    { 28, 19, 402, 0, 18, 67, 41887 }, // U+FEC0
    { 21, 20, 338, 0, 19, 53, 41954 }, // U+FEC1
    { 24, 20, 344, 0, 19, 60, 42007 }, // U+FEC2
    { 18, 20, 295, 0, 19, 45, 42067 }, // U+FEC3
    { 22, 20, 305, 0, 19, 55, 42112 }, // U+FEC4
    { 21, 20, 338, 0, 19, 53, 42167 }, // U+FEC5
    { 24, 20, 344, 0, 19, 60, 42220 }, // U+FEC6
    { 18, 20, 295, 0, 19, 45, 42280 }, // U+FEC7
    { 22, 20, 305, 0, 19, 55, 42325 }, // U+FEC8
    { 17, 24, 228, 0, 14, 51, 42380 }, // U+FEC9
    { 17, 22, 228, 0, 12, 47, 42431 }, // U+FECA
    { 13, 14, 223, 0, 13, 23, 42478 }, // U+FECB
    { 17, 13, 221, -1, 12, 28, 42501 }, // U+FECC
    { 17, 31, 228, 0, 21, 66, 42529 }, // U+FECD
    { 17, 28, 228, 0, 18, 60, 42595 }, // U+FECE
    { 13, 20, 223, 0, 19, 33, 42655 }, // U+FECF
    { 17, 19, 221, -1, 18, 41, 42688 }, // U+FED0
    { 25, 22, 410, 0, 21, 69, 42729 }, // U+FED1
    { 30, 20, 446, 0, 19, 75, 42798 }, // U+FED2
    { 12, 22, 202, 0, 21, 33, 42873 }, // U+FED3
    { 16, 20, 212, 0, 19, 40, 42906 }, // U+FED4
    { 20, 23, 333, 0, 18, 58, 42946 }, // U+FED5
    { 24, 23, 342, 0, 16, 69, 43004 }, // U+FED6
    { 12, 22, 202, 0, 21, 33, 43073 }, // U+FED7
    { 16, 20, 212, 0, 19, 40, 43106 }, // U+FED8
    { 23, 20, 372, 0, 19, 58, 43146 }, // U+FED9
    { 27, 20, 390, 0, 19, 68, 43204 }, // U+FEDA
    { 12, 19, 182, 0, 18, 29, 43272 }, // U+FEDB
    { 15, 19, 203, 0, 18, 36, 43301 }, // U+FEDC
    { 18, 25, 296, 0, 19, 57, 43337 }, // U+FEDD
    { 22, 25, 316, 0, 19, 69, 43394 }, // U+FEDE
    { 7, 20, 119, 0, 19, 18, 43463 }, // U+FEDF
    { 11, 20, 138, 0, 19, 28, 43481 }, // U+FEE0
    { 13, 22, 219, 0, 12, 36, 43509 }, // U+FEE1
    { 19, 21, 264, 0, 11, 50, 43545 }, // U+FEE2
    { 14, 12, 233, 0, 11, 21, 43595 }, // U+FEE3
    { 18, 12, 250, 0, 11, 27, 43616 }, // U+FEE4
    { 18, 21, 296, 0, 15, 48, 43643 }, // U+FEE5
    { 23, 21, 322, 0, 15, 61, 43691 }, // U+FEE6
    { 7, 19, 127, 0, 18, 17, 43752 }, // U+FEE7
    { 12, 17, 154, 0, 16, 26, 43769 }, // U+FEE8
    { 11, 15, 188, 0, 14, 21, 43795 }, // U+FEE9
    { 16, 16, 222, 0, 15, 32, 43816 }, // U+FEEA
    { 16, 15, 256, 0, 14, 30, 43848 }, // U+FEEB
    { 17, 18, 228, 0, 12, 39, 43878 }, // U+FEEC
    { 12, 17, 199, 0, 11, 26, 43917 }, // U+FEED
    { 16, 17, 210, 0, 11, 34, 43943 }, // U+FEEE
    { 21, 18, 328, 0, 12, 48, 43977 }, // U+FEEF
    { 22, 13, 320, 0, 7, 36, 44025 }, // U+FEF0
    { 21, 24, 328, 0, 12, 63, 44061 }, // U+FEF1
    { 22, 19, 320, 0, 7, 53, 44124 }, // U+FEF2
    { 8, 18, 144, 0, 12, 18, 44177 }, // U+FEF3
    { 13, 15, 164, 0, 9, 25, 44195 }, // U+FEF4
    { 17, 21, 253, -2, 21, 45, 44220 }, // U+FEF5
    { 20, 22, 272, 0, 21, 55, 44265 }, // U+FEF6
    { 15, 23, 253, 0, 23, 44, 44320 }, // U+FEF7
    { 19, 24, 272, 1, 23, 57, 44364 }, // U+FEF8
    { 14, 27, 253, 1, 19, 48, 44421 }, // U+FEF9
    { 19, 27, 272, 1, 19, 65, 44469 }, // U+FEFA
    { 14, 19, 253, 1, 19, 34, 44534 }, // U+FEFB
    { 19, 20, 272, 1, 19, 48, 44568 }, // U+FEFC
};

static const EpdUnicodeInterval inter_12_boldIntervals[] = {
    { 0x0, 0x0, 0x0 },
    { 0xD, 0xD, 0x1 },
    { 0x20, 0x7E, 0x2 },
    { 0xA0, 0xAC, 0x61 },
    { 0xAE, 0x148, 0x6E },
    { 0x14A, 0x17F, 0x109 },
    { 0x1A0, 0x1A1, 0x13F },
    { 0x1AF, 0x1B0, 0x141 },
    { 0x1C5, 0x21F, 0x143 },
    { 0x300, 0x304, 0x19E },
    { 0x306, 0x30C, 0x1A3 },
    { 0x30F, 0x30F, 0x1AA },
    { 0x312, 0x313, 0x1AB },
    { 0x315, 0x315, 0x1AD },
    { 0x31B, 0x31B, 0x1AE },
    { 0x323, 0x323, 0x1AF },
    { 0x326, 0x328, 0x1B0 },
    { 0x32C, 0x32C, 0x1B3 },
    { 0x337, 0x338, 0x1B4 },
    { 0x342, 0x343, 0x1B6 },
    { 0x346, 0x36F, 0x1B8 },
    { 0x400, 0x479, 0x1E2 },
    { 0x480, 0x49D, 0x25C },
    { 0x4A0, 0x4FF, 0x27A },
    { 0x5D0, 0x5EA, 0x2DA },
    { 0x60C, 0x60C, 0x2F5 },
    { 0x61B, 0x61B, 0x2F6 },
    { 0x61F, 0x61F, 0x2F7 },
    { 0x621, 0x621, 0x2F8 },
    { 0x640, 0x640, 0x2F9 },
    { 0x654, 0x654, 0x2FA },
    { 0x660, 0x669, 0x2FB },
    { 0x6BA, 0x6BA, 0x305 },
    { 0x6D4, 0x6D5, 0x306 },
    { 0x6F0, 0x6F9, 0x308 },
    { 0x1EA0, 0x1EF9, 0x312 },
    { 0x2000, 0x2027, 0x36C },
    { 0x202F, 0x2055, 0x394 },
    { 0x2057, 0x2057, 0x3BB },
    { 0x205F, 0x205F, 0x3BC },
    { 0x2070, 0x2071, 0x3BD },
    { 0x2074, 0x208E, 0x3BF },
    { 0x2090, 0x209C, 0x3DA },
    { 0x20A0, 0x20AF, 0x3E7 },
    { 0x20B1, 0x20B5, 0x3F7 },
    { 0x20B8, 0x20BA, 0x3FC },
    { 0x20BC, 0x20C0, 0x3FF },
    { 0x2190, 0x2199, 0x404 },
    { 0x21A9, 0x21AA, 0x40E },
    { 0x21B0, 0x21B1, 0x410 },
    { 0x21B3, 0x21B5, 0x412 },
    { 0x21BA, 0x21BB, 0x415 },
    { 0x21D0, 0x21D0, 0x417 },
    { 0x21D2, 0x21D2, 0x418 },
    { 0x21D4, 0x21D4, 0x419 },
    { 0x21DE, 0x21DF, 0x41A },
    { 0x21E4, 0x21E5, 0x41C },
    { 0x21E7, 0x21E7, 0x41E },
    { 0x21EA, 0x21EA, 0x41F },
    { 0x2202, 0x2202, 0x420 },
    { 0x2205, 0x2206, 0x421 },
    { 0x220F, 0x220F, 0x423 },
    { 0x2211, 0x2212, 0x424 },
    { 0x221A, 0x221A, 0x426 },
    { 0x221E, 0x221E, 0x427 },
    { 0x222B, 0x222B, 0x428 },
    { 0x2236, 0x2236, 0x429 },
    { 0x2248, 0x2248, 0x42A },
    { 0x2260, 0x2260, 0x42B },
    { 0x2264, 0x2265, 0x42C },
    { 0x2295, 0x2298, 0x42E },
    { 0xFB56, 0xFB59, 0x432 },
    { 0xFB66, 0xFB69, 0x436 },
    { 0xFB7A, 0xFB7D, 0x43A },
    { 0xFB88, 0xFB95, 0x43E },
    { 0xFB9E, 0xFB9F, 0x44C },
    { 0xFBA6, 0xFBB1, 0x44E },
    { 0xFBFC, 0xFBFF, 0x45A },
    { 0xFE80, 0xFEFC, 0x45E },
};

static const uint16_t inter_12_boldKernLeftCodepoints[] = {
    0x0022, 0x0024, 0x0025, 0x0026, 0x0027, 0x0028, 0x0029, 0x002A, 0x002B, 0x002C, 0x002D, 0x002E,
    0x002F, 0x0030, 0x0031, 0x0032, 0x0033, 0x0034, 0x0035, 0x0036, 0x0037, 0x0038, 0x0039, 0x003A,
    0x003B, 0x003D, 0x003E, 0x003F, 0x0040, 0x0041, 0x0042, 0x0043, 0x0044, 0x0045, 0x0046, 0x0047,
    0x0048, 0x0049, 0x004A, 0x004B, 0x004C, 0x004D, 0x004E, 0x004F, 0x0050, 0x0051, 0x0052, 0x0053,
    0x0054, 0x0055, 0x0056, 0x0057, 0x0058, 0x0059, 0x005A, 0x005B, 0x005C, 0x005D, 0x005E, 0x005F,
    0x0061, 0x0062, 0x0063, 0x0064, 0x0065, 0x0066, 0x0067, 0x0068, 0x0069, 0x006A, 0x006B, 0x006C,
    0x006D, 0x006E, 0x006F, 0x0070, 0x0071, 0x0072, 0x0073, 0x0074, 0x0075, 0x0076, 0x0077, 0x0078,
    0x0079, 0x007A, 0x007B, 0x007C, 0x007D, 0x007E, 0x00A1, 0x00A2, 0x00A5, 0x00A9, 0x00AA, 0x00AB,
    0x00AC, 0x00AE, 0x00B0, 0x00B1, 0x00B2, 0x00B3, 0x00B5, 0x00B6, 0x00B7, 0x00B9, 0x00BA, 0x00BB,
    0x00BF, 0x00C0, 0x00C1, 0x00C2, 0x00C3, 0x00C4, 0x00C5, 0x00C6, 0x00C7, 0x00C8, 0x00C9, 0x00CA,
    0x00CB, 0x00CC, 0x00CD, 0x00CE, 0x00CF, 0x00D0, 0x00D1, 0x00D2, 0x00D3, 0x00D4, 0x00D5, 0x00D6,
    0x00D7, 0x00D8, 0x00D9, 0x00DA, 0x00DB, 0x00DC, 0x00DD, 0x00DE, 0x00DF, 0x00E0, 0x00E1, 0x00E2,
    0x00E3, 0x00E4, 0x00E5, 0x00E6, 0x00E7, 0x00E8, 0x00E9, 0x00EA, 0x00EB, 0x00EC, 0x00ED, 0x00EE,
    0x00EF, 0x00F0, 0x00F1, 0x00F2, 0x00F3, 0x00F4, 0x00F5, 0x00F6, 0x00F7, 0x00F8, 0x00F9, 0x00FA,
    0x00FB, 0x00FC, 0x00FD, 0x00FE, 0x00FF, 0x0100, 0x0101, 0x0102, 0x0103, 0x0104, 0x0105, 0x0106,
    0x0107, 0x0108, 0x0109, 0x010A, 0x010B, 0x010C, 0x010D, 0x010E, 0x010F, 0x0111, 0x0112, 0x0113,
    0x0114, 0x0115, 0x0116, 0x0117, 0x0118, 0x0119, 0x011A, 0x011B, 0x011C, 0x011D, 0x011E, 0x011F,
    0x0120, 0x0121, 0x0122, 0x0123, 0x0124, 0x0125, 0x0126, 0x0127, 0x0128, 0x0129, 0x012A, 0x012B,
    0x012C, 0x012D, 0x012E, 0x012F, 0x0130, 0x0131, 0x0133, 0x0134, 0x0135, 0x0136, 0x0137, 0x0138,
    0x0139, 0x013A, 0x013B, 0x013C, 0x013D, 0x013E, 0x013F, 0x0140, 0x0141, 0x0142, 0x0143, 0x0144,
    0x0145, 0x0146, 0x0147, 0x0148, 0x014A, 0x014C, 0x014D, 0x014E, 0x014F, 0x0150, 0x0151, 0x0152,
    0x0153, 0x0154, 0x0155, 0x0156, 0x0157, 0x0158, 0x0159, 0x015A, 0x015B, 0x015C, 0x015D, 0x015E,
    0x015F, 0x0160, 0x0161, 0x0162, 0x0163, 0x0164, 0x0165, 0x0166, 0x0167, 0x0168, 0x0169, 0x016A,
    0x016B, 0x016C, 0x016D, 0x016E, 0x016F, 0x0170, 0x0171, 0x0172, 0x0173, 0x0174, 0x0175, 0x0176,
    0x0177, 0x0178, 0x0179, 0x017A, 0x017B, 0x017C, 0x017D, 0x017E, 0x017F, 0x01A0, 0x01A1, 0x01AF,
    0x01B0, 0x01C5, 0x01C6, 0x01C8, 0x01C9, 0x01CB, 0x01CC, 0x01CD, 0x01CE, 0x01CF, 0x01D0, 0x01D1,
    0x01D2, 0x01D3, 0x01D4, 0x01D5, 0x01D6, 0x01D7, 0x01D8, 0x01D9, 0x01DA, 0x01DB, 0x01DC, 0x01DD,
    0x01DE, 0x01DF, 0x01E0, 0x01E1, 0x01E2, 0x01E3, 0x01E4, 0x01E5, 0x01E6, 0x01E7, 0x01E8, 0x01E9,
    0x01EA, 0x01EB, 0x01EC, 0x01ED, 0x01F0, 0x01F1, 0x01F2, 0x01F3, 0x01F4, 0x01F5, 0x01F6, 0x01F8,
    0x01F9, 0x01FA, 0x01FB, 0x01FC, 0x01FD, 0x01FE, 0x01FF, 0x0200, 0x0201, 0x0202, 0x0203, 0x0204,
    0x0205, 0x0206, 0x0207, 0x0208, 0x0209, 0x020A, 0x020B, 0x020C, 0x020D, 0x020E, 0x020F, 0x0210,
    0x0211, 0x0212, 0x0213, 0x0214, 0x0215, 0x0216, 0x0217, 0x0218, 0x0219, 0x021A, 0x021B, 0x021E,
    0x021F, 0x0400, 0x0401, 0x0402, 0x0403, 0x0404, 0x0405, 0x0406, 0x0407, 0x0408, 0x0409, 0x040A,
    0x040B, 0x040C, 0x040D, 0x040F, 0x0410, 0x0411, 0x0412, 0x0413, 0x0414, 0x0415, 0x0416, 0x0417,
    0x0418, 0x0419, 0x041A, 0x041B, 0x041C, 0x041D, 0x041E, 0x041F, 0x0420, 0x0421, 0x0422, 0x0423,
    0x0424, 0x0425, 0x0426, 0x0427, 0x0428, 0x0429, 0x042A, 0x042B, 0x042C, 0x042D, 0x042E, 0x0430,
    0x0432, 0x0433, 0x0434, 0x0435, 0x0436, 0x0437, 0x0438, 0x0439, 0x043A, 0x043B, 0x043C, 0x043D,
    0x043E, 0x043F, 0x0440, 0x0441, 0x0442, 0x0443, 0x0444, 0x0445, 0x0446, 0x0447, 0x0448, 0x0449,
    0x044A, 0x044B, 0x044C, 0x044D, 0x044E, 0x044F, 0x0450, 0x0451, 0x0452, 0x0453, 0x0454, 0x0455,
    0x0456, 0x0457, 0x0458, 0x0459, 0x045A, 0x045B, 0x045C, 0x045D, 0x045E, 0x045F, 0x0460, 0x0462,
    0x0463, 0x0464, 0x0465, 0x0466, 0x0467, 0x0468, 0x046E, 0x0472, 0x0473, 0x0474, 0x0475, 0x0476,
    0x0477, 0x0479, 0x0481, 0x048A, 0x048B, 0x048C, 0x048D, 0x048E, 0x048F, 0x0490, 0x0491, 0x0492,
    0x0493, 0x0497, 0x0498, 0x049A, 0x049B, 0x049C, 0x049D, 0x04A0, 0x04A1, 0x04A2, 0x04A3, 0x04A4,
    0x04A5, 0x04A6, 0x04A7, 0x04A9, 0x04AA, 0x04AB, 0x04AC, 0x04AD, 0x04AE, 0x04AF, 0x04B0, 0x04B1,
    0x04B3, 0x04B5, 0x04B7, 0x04B9, 0x04BA, 0x04BB, 0x04BD, 0x04BF, 0x04C0, 0x04C1, 0x04C3, 0x04C4,
    0x04C6, 0x04C7, 0x04C8, 0x04C9, 0x04CA, 0x04CC, 0x04CD, 0x04CE, 0x04CF, 0x04D0, 0x04D1, 0x04D2,
    0x04D3, 0x04D4, 0x04D5, 0x04D6, 0x04D7, 0x04D9, 0x04DA, 0x04DB, 0x04DC, 0x04E0, 0x04E2, 0x04E3,
    0x04E4, 0x04E5, 0x04E6, 0x04E7, 0x04E8, 0x04E9, 0x04EA, 0x04EB, 0x04ED, 0x04EF, 0x04F1, 0x04F3,
    0x04F5, 0x04F6, 0x04F7, 0x04F9, 0x04FA, 0x04FB, 0x04FC, 0x04FD, 0x04FE, 0x04FF, 0x05D0, 0x05D1,
    0x05D2, 0x05D3, 0x05D5, 0x05D6, 0x05D8, 0x05D9, 0x05DB, 0x05DC, 0x05DE, 0x05E0, 0x05E1, 0x05E2,
    0x05E4, 0x05E6, 0x05E8, 0x05E9, 0x05EA, 0x1EA0, 0x1EA1, 0x1EA2, 0x1EA3, 0x1EA4, 0x1EA5, 0x1EA6,
    0x1EA7, 0x1EA8, 0x1EA9, 0x1EAA, 0x1EAB, 0x1EAC, 0x1EAD, 0x1EAE, 0x1EAF, 0x1EB0, 0x1EB1, 0x1EB2,
    0x1EB3, 0x1EB4, 0x1EB5, 0x1EB6, 0x1EB7, 0x1EB8, 0x1EB9, 0x1EBA, 0x1EBB, 0x1EBC, 0x1EBD, 0x1EBE,
    0x1EBF, 0x1EC0, 0x1EC1, 0x1EC2, 0x1EC3, 0x1EC4, 0x1EC5, 0x1EC6, 0x1EC7, 0x1EC8, 0x1EC9, 0x1ECA,
    0x1ECB, 0x1ECC, 0x1ECD, 0x1ECE, 0x1ECF, 0x1ED0, 0x1ED1, 0x1ED2, 0x1ED3, 0x1ED4, 0x1ED5, 0x1ED6,
    0x1ED7, 0x1ED8, 0x1ED9, 0x1EDA, 0x1EDB, 0x1EDC, 0x1EDD, 0x1EDE, 0x1EDF, 0x1EE0, 0x1EE1, 0x1EE2,
    0x1EE3, 0x1EE4, 0x1EE5, 0x1EE6, 0x1EE7, 0x1EE8, 0x1EE9, 0x1EEA, 0x1EEB, 0x1EEC, 0x1EED, 0x1EEE,
    0x1EEF, 0x1EF0, 0x1EF1, 0x1EF2, 0x1EF3, 0x1EF4, 0x1EF5, 0x1EF6, 0x1EF7, 0x1EF8, 0x1EF9, 0x2018,
    0x2019, 0x201A, 0x201C, 0x201D, 0x201E, 0x2020, 0x2021, 0x2022, 0x2023, 0x2026, 0x2034, 0x2039,
    0x203A, 0x203D, 0x2043, 0x204B, 0x204C, 0x204D, 0x204F, 0x2070, 0x2071, 0x2074, 0x2075, 0x2076,
    0x2077, 0x2078, 0x2079, 0x207A, 0x207B, 0x207D, 0x2080, 0x2081, 0x2082, 0x2083, 0x2084, 0x2085,
    0x2086, 0x2087, 0x2088, 0x2089, 0x208A, 0x208B, 0x208C, 0x208D, 0x208E, 0x2090, 0x2091, 0x2092,
    0x2093, 0x2095, 0x2096, 0x2097, 0x2098, 0x2099, 0x209A, 0x209B, 0x209C, 0x20A1, 0x20A7, 0x20A8,
    0x20A9, 0x20AF, 0x20B2, 0x20B5, 0x20BD, 0x20BF, 0x2190, 0x21D0, 0x2206, 0x2212, 0x221E, 0x2248,
    0x2260, 0x2264, 0x2265, 0xFB8C, 0xFEAD, 0xFEAE, 0xFEAF,
};

static const uint8_t inter_12_boldKernLeftClassIds[] = {
      1,   2,   3,   4,   1,   5,   6,   7,   8,   9,   8,   9,  10,  11,  12,  13,
     14,  15,  16,  17,  18,  14,  11,  19,  19,  20,  21,  22,  23,  24,  25,  26,
     23,  27,  28,  29,  12,  12,  30,  31,  32,  12,  12,  23,  33,  23,  34,   2,
     35,  30,  36,  37,  38,  39,  40,  41,  42,   6,   7,  43,  44,  45,  45,  12,
     45,  46,  47,  44,  48,  48,  49,  12,  44,  44,  45,  45,  47,  50,  51,  52,
     53,  54,  55,  56,  54,  57,   5,  12,   6,   8,  58,  45,  59,  23,  60,  61,
     62,  63,   7,  20,  64,  65,  66,  12,  67,  68,  60,  69,  70,  24,  24,  24,
     24,  24,  24,  27,  26,  27,  27,  27,  27,  12,  12,  71,  71,  23,  12,  23,
     23,  23,  23,  23,  72,  23,  30,  30,  30,  30,  39,  73,  74,  44,  44,  44,
     44,  44,  44,  75,  45,  45,  45,  45,  45,  48,  48,  76,  77,  45,  78,  45,
     45,  45,  79,  79,   8,  45,  53,  53,  53,  53,  54,  45,  54,  24,  80,  24,
     44,  24,  44,  26,  45,  26,  45,  26,  45,  26,  45,  23,  81,  82,  27,  45,
     27,  45,  27,  45,  27,  45,  27,  45,  29,  47,  29,  47,  29,  47,  29,  47,
     12,  44,  12,  44,  71,  83,  71,  84,  71,  85,  12,  48,  12,  48,  48,  30,
     86,  31,  49,  49,  87,  88,  32,  12,  89,  12,  90,  91,  92,  91,  12,  44,
     12,  44,  12,  44,  12,  23,  45,  23,  45,  23,  45,  27,  45,  34,  50,  34,
     50,  34,  50,   2,  51,   2,  51,   2,  51,   2,  51,  93,  52,  94,  52,  95,
     52,  30,  53,  30,  53,  30,  53,  30,  53,  30,  53,  30,  53,  37,  55,  39,
     54,  39,  40,  57,  40,  57,  40,  57,  96,  97,  98,  99, 100, 101,  57,  48,
     48,  48,  48,  24,  44,  88, 102,  23,  45,  30,  53,  30,  53,  30,  53,  30,
     53,  30,  53,  45,  24,  44,  24,  44,  27,  75,  29,  47,  29,  47,  31,  49,
     23,  45,  23,  45,  48, 103,  57,  57,  29,  47, 104,  12,  44,  24,  44,  27,
     75,  23,  45,  24,  44,  24,  44,  27,  45,  27,  45, 105, 106,  71, 107,  23,
     45,  23,  45,  34,  50,  34,  50,  30,  53,  30,  53,   2,  51,  35,  52,  12,
     44,  27,  27,  45,  35, 108,   2,  12,  71,  30,  45,  45,  44,  31,  12,  12,
     24,  25,  25,  35, 109,  27, 110,  14,  12,  12,  31,  12,  12,  12,  23,  12,
     33,  26,  35,  39, 111,  38, 109,  12,  12, 109,  45,  12,  45,  23, 112,  44,
     51,  50, 113,  45,  56,  44,  44,  44,  49,  44,  44,  44,  45,  44,  45,  45,
    114,  54,  45,  56, 113,  44,  44, 113, 115,  48, 115,  45,  45,  44,  45,  45,
     44,  50,  45,  51,  48,  77,  48, 115, 115,  44,  49,  44,  54,  53,  12,  45,
     45,  26,  45,  24,  24,  24,  25,  23,  45,  36,  54,  36,  54,  46,  45,  12,
     52,  45,  45,  33,  45,  35,  50,  35,  50,  56,  14,  31,  49,  31,  49,  31,
     49,  52,  52,  35,  50,  45, 115,  75,  26,  45,  35,  50,  39,  54,  39,  54,
     56, 113,  52,  44,  44,  44,  45,  75,  12,  38,  25,  44,  52,  12,  44,  52,
     52,  44,  12,  52,  12,  24,  44,  24,  44,  27,  75,  27,  45,  45,  23,  45,
     38,  14,  12,  44,  12,  44,  23,  45,  23,  45,  23,  45,  45,  54,  54,  54,
     44,  35,  50,  44,  35,  50,  38,  56,  38,  56, 116, 117, 118, 119, 120, 121,
    122, 123, 124, 125, 126, 127, 128, 129, 130, 131, 132, 133, 134,  24,  44,  24,
     44,  24,  44,  24,  44,  24,  44,  24,  44,  24,  44,  24,  44,  24,  44,  24,
     44,  24,  44,  24,  44,  27,  45,  27,  45,  27,  45,  27,  45,  27,  45,  27,
     45,  27,  45,  27,  45,  12, 106,  12, 135,  23,  45,  23,  45,  23,  45,  23,
     45,  23,  45,  23,  45,  23,  45,  23,  45,  23,  45,  23,  45,  23,  45,  23,
     45,  30,  53,  30,  53, 136,  53, 136,  53, 136, 100, 136,  53, 136,  53,  39,
     54, 137,  54, 137,  54, 137,  54, 138, 139, 140, 138, 139, 140,  60,  60, 141,
    141, 142, 139,  61,  69,  22, 141,  33,  44, 141,  19,  65, 143, 144,  65,  65,
    145,  65,  65, 146, 146, 147, 148, 148, 148, 148, 148, 149, 148, 150, 148, 148,
    148, 148, 148, 148, 148, 148, 148, 148, 148, 148, 148, 148, 148, 148, 148, 148,
    148,  26,  52,  51, 151,  45,  29,  26, 152,  25,   8,  20,  24,   8,  90,  20,
     20,  20,  20, 153, 153, 153, 153,
};

static const uint16_t inter_12_boldKernRightCodepoints[] = {
    0x0020, 0x0021, 0x0022, 0x0023, 0x0024, 0x0026, 0x0027, 0x0028, 0x0029, 0x002A, 0x002B, 0x002C,
    0x002D, 0x002E, 0x002F, 0x0030, 0x0031, 0x0032, 0x0033, 0x0034, 0x0035, 0x0036, 0x0037, 0x0038,
    0x0039, 0x003A, 0x003B, 0x003C, 0x003D, 0x003F, 0x0040, 0x0041, 0x0042, 0x0043, 0x0044, 0x0045,
    0x0046, 0x0047, 0x0048, 0x0049, 0x004A, 0x004B, 0x004C, 0x004D, 0x004E, 0x004F, 0x0050, 0x0051,
    0x0052, 0x0053, 0x0054, 0x0055, 0x0056, 0x0057, 0x0058, 0x0059, 0x005A, 0x005B, 0x005C, 0x005D,
    0x005E, 0x005F, 0x0061, 0x0062, 0x0063, 0x0064, 0x0065, 0x0066, 0x0067, 0x0068, 0x0069, 0x006A,
    0x006B, 0x006C, 0x006D, 0x006E, 0x006F, 0x0070, 0x0071, 0x0072, 0x0073, 0x0074, 0x0075, 0x0076,
    0x0077, 0x0078, 0x0079, 0x007A, 0x007B, 0x007C, 0x007D, 0x007E, 0x00A2, 0x00A9, 0x00AA, 0x00AB,
    0x00AC, 0x00AE, 0x00B0, 0x00B1, 0x00B2, 0x00B5, 0x00B6, 0x00B7, 0x00B9, 0x00BA, 0x00BB, 0x00BF,
    0x00C0, 0x00C1, 0x00C2, 0x00C3, 0x00C4, 0x00C5, 0x00C6, 0x00C7, 0x00C8, 0x00C9, 0x00CA, 0x00CB,
    0x00CC, 0x00CD, 0x00CE, 0x00CF, 0x00D0, 0x00D1, 0x00D2, 0x00D3, 0x00D4, 0x00D5, 0x00D6, 0x00D7,
    0x00D8, 0x00D9, 0x00DA, 0x00DB, 0x00DC, 0x00DD, 0x00DE, 0x00DF, 0x00E0, 0x00E1, 0x00E2, 0x00E3,
    0x00E4, 0x00E5, 0x00E6, 0x00E7, 0x00E8, 0x00E9, 0x00EA, 0x00EB, 0x00EC, 0x00ED, 0x00EE, 0x00EF,
    0x00F0, 0x00F1, 0x00F2, 0x00F3, 0x00F4, 0x00F5, 0x00F6, 0x00F7, 0x00F8, 0x00F9, 0x00FA, 0x00FB,
    0x00FC, 0x00FD, 0x00FE, 0x00FF, 0x0100, 0x0101, 0x0102, 0x0103, 0x0104, 0x0105, 0x0106, 0x0107,
    0x0108, 0x0109, 0x010A, 0x010B, 0x010C, 0x010D, 0x010E, 0x010F, 0x0110, 0x0111, 0x0112, 0x0113,
    0x0114, 0x0115, 0x0116, 0x0117, 0x0118, 0x0119, 0x011A, 0x011B, 0x011C, 0x011D, 0x011E, 0x011F,
    0x0120, 0x0121, 0x0122, 0x0123, 0x0124, 0x0125, 0x0126, 0x0127, 0x0128, 0x0129, 0x012A, 0x012B,
    0x012C, 0x012D, 0x012E, 0x012F, 0x0130, 0x0131, 0x0133, 0x0134, 0x0135, 0x0136, 0x0137, 0x0138,
    0x0139, 0x013A, 0x013B, 0x013C, 0x013D, 0x013E, 0x0140, 0x0141, 0x0142, 0x0143, 0x0144, 0x0145,
    0x0146, 0x0147, 0x0148, 0x014A, 0x014B, 0x014C, 0x014D, 0x014E, 0x014F, 0x0150, 0x0151, 0x0152,
    0x0153, 0x0154, 0x0155, 0x0156, 0x0157, 0x0158, 0x0159, 0x015A, 0x015B, 0x015C, 0x015D, 0x015E,
    0x015F, 0x0160, 0x0161, 0x0162, 0x0163, 0x0164, 0x0165, 0x0166, 0x0167, 0x0168, 0x0169, 0x016A,
    0x016B, 0x016C, 0x016D, 0x016E, 0x016F, 0x0170, 0x0171, 0x0172, 0x0173, 0x0174, 0x0175, 0x0176,
    0x0177, 0x0178, 0x0179, 0x017A, 0x017B, 0x017C, 0x017D, 0x017E, 0x017F, 0x01A0, 0x01A1, 0x01AF,
    0x01B0, 0x01C5, 0x01C6, 0x01C8, 0x01C9, 0x01CB, 0x01CC, 0x01CD, 0x01CE, 0x01CF, 0x01D0, 0x01D1,
    0x01D2, 0x01D3, 0x01D4, 0x01D5, 0x01D6, 0x01D7, 0x01D8, 0x01D9, 0x01DA, 0x01DB, 0x01DC, 0x01DD,
    0x01DE, 0x01DF, 0x01E0, 0x01E1, 0x01E2, 0x01E3, 0x01E4, 0x01E5, 0x01E6, 0x01E7, 0x01E8, 0x01E9,
    0x01EA, 0x01EB, 0x01EC, 0x01ED, 0x01EF, 0x01F0, 0x01F2, 0x01F3, 0x01F4, 0x01F5, 0x01F6, 0x01F8,
    0x01F9, 0x01FA, 0x01FB, 0x01FC, 0x01FD, 0x01FE, 0x01FF, 0x0200, 0x0201, 0x0202, 0x0203, 0x0204,
    0x0205, 0x0206, 0x0207, 0x0208, 0x0209, 0x020A, 0x020B, 0x020C, 0x020D, 0x020E, 0x020F, 0x0210,
    0x0211, 0x0212, 0x0213, 0x0214, 0x0215, 0x0216, 0x0217, 0x0218, 0x0219, 0x021A, 0x021B, 0x021E,
    0x021F, 0x0400, 0x0401, 0x0402, 0x0403, 0x0404, 0x0405, 0x0406, 0x0407, 0x0408, 0x0409, 0x040A,
    0x040B, 0x040C, 0x040D, 0x040F, 0x0410, 0x0411, 0x0412, 0x0413, 0x0414, 0x0415, 0x0416, 0x0417,
    0x0418, 0x0419, 0x041A, 0x041B, 0x041C, 0x041D, 0x041E, 0x041F, 0x0420, 0x0421, 0x0422, 0x0423,
    0x0424, 0x0425, 0x0426, 0x0427, 0x0428, 0x0429, 0x042A, 0x042B, 0x042C, 0x042D, 0x042E, 0x0430,
    0x0431, 0x0432, 0x0433, 0x0434, 0x0435, 0x0436, 0x0437, 0x0438, 0x0439, 0x043A, 0x043B, 0x043C,
    0x043D, 0x043E, 0x043F, 0x0440, 0x0441, 0x0442, 0x0443, 0x0444, 0x0445, 0x0446, 0x0447, 0x0448,
    0x0449, 0x044A, 0x044B, 0x044C, 0x044D, 0x044E, 0x044F, 0x0450, 0x0451, 0x0452, 0x0453, 0x0454,
    0x0455, 0x0456, 0x0457, 0x0458, 0x0459, 0x045A, 0x045B, 0x045C, 0x045D, 0x045E, 0x045F, 0x0460,
    0x0463, 0x0464, 0x0465, 0x0466, 0x0467, 0x0468, 0x046C, 0x046E, 0x0472, 0x0473, 0x0474, 0x0475,
    0x0476, 0x0477, 0x0478, 0x0479, 0x0481, 0x048A, 0x048B, 0x048D, 0x048E, 0x048F, 0x0490, 0x0491,
    0x0493, 0x0494, 0x0495, 0x0497, 0x049A, 0x049B, 0x049C, 0x049D, 0x04A0, 0x04A1, 0x04A2, 0x04A3,
    0x04A4, 0x04A5, 0x04A6, 0x04A7, 0x04A9, 0x04AA, 0x04AB, 0x04AC, 0x04AD, 0x04AE, 0x04AF, 0x04B0,
    0x04B1, 0x04B2, 0x04B3, 0x04B4, 0x04B5, 0x04B7, 0x04B9, 0x04BA, 0x04BB, 0x04BD, 0x04C0, 0x04C1,
    0x04C3, 0x04C4, 0x04C6, 0x04C7, 0x04C8, 0x04C9, 0x04CA, 0x04CD, 0x04CE, 0x04CF, 0x04D0, 0x04D1,
    0x04D2, 0x04D3, 0x04D4, 0x04D5, 0x04D6, 0x04D7, 0x04D9, 0x04DA, 0x04DB, 0x04DC, 0x04E1, 0x04E2,
    0x04E3, 0x04E4, 0x04E5, 0x04E6, 0x04E7, 0x04E8, 0x04E9, 0x04EA, 0x04EB, 0x04ED, 0x04EF, 0x04F1,
    0x04F3, 0x04F7, 0x04F9, 0x04FB, 0x04FC, 0x04FD, 0x04FE, 0x04FF, 0x05D0, 0x05D1, 0x05D2, 0x05D3,
    0x05D4, 0x05D6, 0x05D7, 0x05D8, 0x05D9, 0x05DA, 0x05DB, 0x05DC, 0x05DD, 0x05DE, 0x05E1, 0x05E2,
    0x05E3, 0x05E4, 0x05E5, 0x05E7, 0x05E8, 0x05E9, 0x05EA, 0x06D5, 0x1EA0, 0x1EA1, 0x1EA2, 0x1EA3,
    0x1EA4, 0x1EA5, 0x1EA6, 0x1EA7, 0x1EA8, 0x1EA9, 0x1EAA, 0x1EAB, 0x1EAC, 0x1EAD, 0x1EAE, 0x1EAF,
    0x1EB0, 0x1EB1, 0x1EB2, 0x1EB3, 0x1EB4, 0x1EB5, 0x1EB6, 0x1EB7, 0x1EB8, 0x1EB9, 0x1EBA, 0x1EBB,
    0x1EBC, 0x1EBD, 0x1EBE, 0x1EBF, 0x1EC0, 0x1EC1, 0x1EC2, 0x1EC3, 0x1EC4, 0x1EC5, 0x1EC6, 0x1EC7,
    0x1EC8, 0x1EC9, 0x1ECA, 0x1ECB, 0x1ECC, 0x1ECD, 0x1ECE, 0x1ECF, 0x1ED0, 0x1ED1, 0x1ED2, 0x1ED3,
    0x1ED4, 0x1ED5, 0x1ED6, 0x1ED7, 0x1ED8, 0x1ED9, 0x1EDA, 0x1EDB, 0x1EDC, 0x1EDD, 0x1EDE, 0x1EDF,
    0x1EE0, 0x1EE1, 0x1EE2, 0x1EE3, 0x1EE4, 0x1EE5, 0x1EE6, 0x1EE7, 0x1EE8, 0x1EE9, 0x1EEA, 0x1EEB,
    0x1EEC, 0x1EED, 0x1EEE, 0x1EEF, 0x1EF0, 0x1EF1, 0x1EF2, 0x1EF3, 0x1EF4, 0x1EF5, 0x1EF6, 0x1EF7,
    0x1EF8, 0x1EF9, 0x2018, 0x2019, 0x201A, 0x201B, 0x201C, 0x201D, 0x201E, 0x201F, 0x2020, 0x2021,
    0x2022, 0x2023, 0x2026, 0x2034, 0x2039, 0x203A, 0x203D, 0x2043, 0x2044, 0x204A, 0x204B, 0x204C,
    0x204D, 0x204F, 0x2074, 0x2077, 0x2079, 0x207E, 0x207F, 0x2080, 0x2081, 0x2082, 0x2083, 0x2084,
    0x2086, 0x2087, 0x2088, 0x2089, 0x208A, 0x208B, 0x208C, 0x208D, 0x208E, 0x2091, 0x2092, 0x2093,
    0x2095, 0x2096, 0x2097, 0x2098, 0x2099, 0x209A, 0x209B, 0x209C, 0x20A1, 0x20A7, 0x20A8, 0x20AB,
    0x20B2, 0x20B4, 0x20B5, 0x20B8, 0x20BF, 0x2192, 0x21D2, 0x2206, 0x2212, 0x221E, 0x222B, 0x2236,
    0x2248, 0x2260, 0x2264, 0x2265, 0xFB8E, 0xFBA6, 0xFBAA, 0xFE8D, 0xFEA3, 0xFEA9, 0xFEB1, 0xFEB3,
    0xFEB9, 0xFEBB, 0xFEC1, 0xFEC3, 0xFEC9, 0xFECB, 0xFECD, 0xFEDB, 0xFEDF, 0xFEE1, 0xFEE3, 0xFEEB,
};

static const uint8_t inter_12_boldKernRightClassIds[] = {
      1,   2,   3,   4,   5,   6,   3,   7,   8,   9,  10,  11,  12,  13,  14,  15,
     16,  17,  18,  19,  20,  15,  21,  22,  23,  24,  24,  25,  26,  27,  28,  29,
     30,  31,  30,  30,  30,  31,  30,  30,  32,  30,  30,  30,  30,  31,  30,  31,
     30,   5,  33,  34,  35,  36,  37,  38,  39,   7,  35,   8,  40,  41,  42,  30,
     43,  43,  43,  44,  43,  30,  45,  46,  30,  30,  47,  47,  43,  47,  43,  47,
     48,  49,  50,  51,  52,  53,  51,  54,   7,  30,   8,  55,  43,  31,  56,  57,
     58,  59,  60,  26,  61,  62,  63,  64,  65,  56,  66,  67,  29,  29,  29,  29,
     29,  29,  29,  31,  30,  30,  30,  30,  30,  30,  68,  68,  69,  30,  31,  31,
     31,  31,  31,  70,  31,  34,  34,  34,  34,  38,  30,  30,  42,  42,  42,  71,
     72,  42,  42,  43,  43,  43,  43,  73,  74,  75,  76,  77,  43,  47,  43,  43,
     43,  78,  73,  10,  43,  50,  50,  50,  79,  51,  30,  80,  29,  81,  29,  42,
     29,  42,  31,  43,  31,  43,  31,  43,  31,  43,  30,  43,  82,  43,  30,  43,
     30,  43,  30,  43,  30,  43,  30,  43,  31,  43,  31,  43,  31,  43,  31,  43,
     30,  30,  30,  83,  68,  84,  68,  85,  68,  77,  30,  45,  30,  45,  45,  32,
     86,  30,  30,  47,  30,  30,  30,  30,  30,  30,  30,  30,  30,  30,  47,  30,
     47,  30,  47,  30,  47,  31,  87,  31,  43,  31,  43,  31,  43,  30,  47,  30,
     47,  30,  47,   5,  48,   5,  48,   5,  48,   5,  48,  88,  49,  89,  49,  90,
     49,  34,  91,  34,  50,  34,  50,  34,  50,  34,  50,  34,  50,  36,  52,  38,
     51,  38,  39,  54,  39,  54,  39,  54,  30,  31,  43,  34,  50,  92,  43,  30,
     30,  30,  47,  29,  42,  30,  93,  31,  43,  34,  50,  34,  50,  34,  50,  34,
     50,  34,  50,  87,  29,  42,  29,  42,  29,  42,  31,  43,  31,  43,  30,  30,
     31,  43,  31,  43,  49,  46,  30,  87,  31,  43,  92,  30,  47,  29,  42,  29,
     42,  31,  43,  29,  42,  29,  42,  30,  43,  30,  43,  68,  94,  68,  95,  31,
     43,  31,  43,  30,  47,  30,  47,  34,  50,  34,  50,   5,  48,  33,  49,  30,
     30,  30,  30,  33,  30,  31,   5,  30,  68,  32,  96,  30,  33,  30,  30,  30,
     29,  30,  30,  30,  97,  30,  98,  99,  92,  30,  30,  96,  30,  30,  31,  30,
     30,  31,  33,  35, 100,  37,  30, 101,  30,  30, 102,  30,  30,  31,  30,  42,
     15,  47,  47, 103,  43,  53,  43,  47,  47,  47, 104,  47,  47,  43,  47,  47,
     43, 105,  51,  43,  53,  47, 106,  47,  47, 107,  45,  47,  43,  47, 108,  43,
     43,  30,  47,  43,  48,  45,  77,  46, 104,  47,  30,  47,  47,  51,  50,  30,
     49,  30,  47,  29,  29,  30,  30,  30,  31,  43,  35,  51,  35,  51,  31,  43,
     43,  92,  47,  49,  30,  47,  30,  47,  49,  30,  47,  53,  30,  47,  30,  47,
     33,  49,  30,  47,  30,  47,  30,  47,  43,  31,  43,  33,  49,  38,  51,  38,
     51,  37,  53,  33,  49,  42,  42,  30,  30,  49,  30,  37,  30,  47, 104,  92,
     47,  30,  47,  30,  47,  30,  29,  42,  29,  42,  29,  42,  30,  43,  43,  31,
     43,  37,  49,  30,  47,  30,  47,  31,  43,  31,  43,  31,  43,  43,  51,  51,
     51,  47,  47,  49,  37,  53,  37,  53, 109, 110, 111, 112, 113, 114, 115, 116,
    117, 118, 119, 120, 121, 122, 123, 124, 125, 126, 127, 128, 129, 130, 131, 132,
     29,  42,  29,  42,  29,  42,  29,  42,  29,  42,  29,  42,  29,  42,  29,  42,
     29,  42,  29,  42,  29,  42,  29,  42,  30,  43,  30,  43,  30,  43,  30,  43,
     30,  43,  30,  43,  30,  43,  30,  43,  30,  45,  30,  45,  31,  43,  31,  43,
     31,  43,  31,  43,  31,  43,  31,  43,  31,  43,  31,  43,  31,  43,  31,  43,
     31,  43,  31,  43,  34,  50,  34,  50,  34,  50,  34,  50,  34,  50,  34,  50,
     34,  50,  38,  51, 133,  51, 133,  51, 133,  51, 134, 135, 136, 137, 134, 135,
    136, 138,  56,  56, 139, 139, 140, 141,  57,  66,  27, 139, 142,  49,  30, 139,
     47,  24, 143, 144, 145, 146, 147, 148, 148, 148, 148, 149, 148, 150, 148, 148,
    148, 148, 148, 148, 148, 148, 148, 148, 148, 148, 148, 148, 148, 148, 148, 148,
     31,  30,  30,  43,  31, 151,  31, 152,  30,  10,  26,  29,  10, 153,  46,  24,
     26,  26,  26,  26, 132, 132, 132, 154, 132, 155, 155, 155, 155, 155, 155, 155,
    156, 154, 156, 132, 154, 132, 132, 132,
};

static const uint16_t inter_12_boldKernRowOffsets[] = {
        0,    15,    28,    31,    47,    58,    60,    74,    94,   122,   130,   145,   159,   160,   170,   179,
      186,   191,   229,   236,   253,   271,   272,   295,   355,   365,   375,   380,   405,   421,   429,   467,
      506,   527,   542,   604,   652,   692,   730,   784,   800,   811,   871,   913,   930,   961,  1010,  1017,
     1022,  1041,  1098,  1111,  1156,  1176,  1221,  1243,  1267,  1276,  1285,  1291,  1298,  1306,  1311,  1332,
     1333,  1334,  1354,  1374,  1375,  1401,  1411,  1416,  1428,  1442,  1452,  1457,  1462,  1492,  1509,  1540,
     1557,  1590,  1610,  1640,  1670,  1700,  1705,  1744,  1758,  1797,  1799,  1813,  1852,  1914,  1976,  2038,
     2062,  2066,  2071,  2076,  2085,  2094,  2099,  2100,  2120,  2125,  2130,  2160,  2163,  2171,  2209,  2232,
     2237,  2267,  2324,  2344,  2350,  2355,  2362,  2373,  2379,  2380,  2389,  2400,  2406,  2416,  2421,  2424,
     2431,  2433,  2440,  2447,  2457,  2464,  2474,  2479,  2483,  2537,  2557,  2608,  2636,  2648,  2676,  2677,
     2679,  2683,  2685,  2686,  2704,  2705,  2706,  2707,  2712,  2716,
};

static const uint8_t inter_12_boldKernSparseCols[] = {
      5,  10,  12,  18,  28,  31,  42,  47,  72,  77,  86,  95,  96, 107, 139,  28,
     32,  36,  76,  83,  84,  87,  88,  89,  94,  97, 101, 148, 133, 134, 140,   2,
     32,  34,  35,  37,  50,  51,  55,  58,  79,  87,  88,  89, 101, 132, 133,  29,
     42,  45,  46,  72,  77,  82,  85,  86,  91,  93,  93, 133,   5,  10,  12,  18,
     27,  28,  30,  31,  40,  68,  95,  96,  99, 139,  16,  17,  20,  28,  31,  32,
     34,  35,  36,  37,  52,  62,  87,  88,  89,  97,  98, 101, 132, 133,   0,   1,
      2,  14,  15,  17,  19,  20,  21,  22,  26,  27,  30,  32,  37,  62,  87,  88,
     89,  98,  99, 101, 105, 132, 134, 136, 137, 140,  10,  12,  28,  31,  34,  35,
     93, 139,  10,  12,  20,  34,  36,  37,  40,  48,  97, 104, 106, 132, 133, 135,
    139,   7,  40,  48,  50,  68,  76,  79,  81,  83,  84,  93,  94, 104, 106,  18,
      8,  10,  12,  36,  39,  56,  59,  97, 135, 139,   8,  10,  12,  15,  39,  58,
     59,  62, 139,   8,  10,  12,  39,  58,  59, 139,  10,  12,  40, 135, 139,   3,
      5,  10,  12,  14,  17,  18,  19,  20,  21,  22,  23,  24,  28,  31,  40,  41,
     42,  46,  47,  56,  70,  71,  72,  76,  77,  80,  83,  84,  86,  94,  95,  96,
     98, 107, 135, 139, 148,  32,  34,  87,  88,  89, 101, 133,  28,  32,  34,  35,
     36,  37,  50,  52,  79,  87,  88,  89,  97, 101, 132, 133, 151,  20,  28,  32,
     34,  35,  36,  37,  38,  87,  88,  89,  95,  96,  97, 101, 132, 133, 151,  28,
     10,  12,  13,  28,  32,  34,  35,  36,  37,  40,  58,  87,  88,  89,  93,  97,
    101, 132, 133, 135, 139, 147, 148,   2,   4,   8,   9,  11,  13,  15,  24,  25,
     26,  27,  28,  30,  32,  33,  34,  35,  37,  39,  42,  43,  44,  47,  48,  50,
     51,  54,  55,  56,  57,  58,  59,  62,  63,  65,  69,  72,  73,  74,  75,  77,
     79,  86,  87,  88,  89,  92,  99, 101, 104, 105, 106, 107, 132, 133, 134, 138,
    140, 141, 151,  32,  76,  83,  84,  87,  88,  89,  94, 101, 133,  28,  36,  40,
     50,  76,  79,  83,  84,  94,  97,  76,  83,  84,  93,  94,  10,  12,  28,  31,
     40,  41,  42,  46,  49,  50,  53,  61,  70,  71,  72,  77,  78,  79,  80,  86,
     90,  93, 135, 139, 148,  28,  32,  34,  36,  37,  76,  83,  84,  87,  88,  89,
     93,  94,  97, 101, 132,  10,  12,  13,  28,  40,  93, 135, 139,   4,   9,  11,
     24,  25,  27,  30,  42,  44,  49,  50,  51,  54,  56,  57,  58,  61,  63,  69,
     72,  73,  74,  75,  76,  77,  78,  79,  83,  84,  86,  90,  92,  93,  94,  99,
    105, 138, 152,   2,   8,   9,  11,  15,  27,  30,  32,  34,  35,  37,  39,  48,
     50,  54,  55,  56,  57,  58,  59,  62,  63,  69,  79,  87,  88,  89,  99, 101,
    104, 105, 106, 132, 133, 134, 136, 137, 138, 140,   5,   9,  10,  11,  12,  28,
     31,  41,  42,  54,  57,  63,  70,  71,  72,  77,  80,  86, 135, 139, 148,  34,
     37,  41,  42,  70,  71,  72,  76,  77,  80,  83,  84,  86,  94, 132,   4,   5,
      9,  10,  11,  12,  13,  14,  18,  20,  23,  24,  25,  27,  28,  30,  31,  37,
     40,  41,  42,  46,  47,  48,  49,  50,  51,  52,  53,  54,  56,  57,  61,  63,
     65,  69,  70,  71,  72,  76,  77,  78,  79,  80,  83,  84,  86,  90,  93,  94,
     95,  96,  99, 104, 105, 106, 107, 132, 135, 138, 139, 148,   5,   9,  10,  11,
     12,  13,  14,  18,  23,  24,  25,  27,  28,  30,  31,  34,  40,  41,  42,  46,
     47,  54,  56,  57,  63,  66,  69,  70,  71,  72,  76,  77,  80,  83,  84,  86,
     93,  94,  95,  96,  99, 105, 107, 135, 138, 139, 147, 148,   4,   5,   9,  10,
     11,  12,  13,  18,  23,  24,  25,  27,  28,  30,  31,  34,  35,  41,  42,  46,
     47,  54,  56,  57,  63,  66,  70,  71,  72,  77,  80,  86,  93,  99, 105, 107,
    135, 139, 147, 148,   4,   9,  11,  14,  17,  18,  21,  24,  25,  27,  30,  32,
     41,  42,  54,  56,  57,  58,  63,  69,  70,  71,  72,  77,  80,  86,  87,  88,
     89,  93,  98,  99, 100, 101, 104, 105, 138, 150,   5,   9,  10,  11,  12,  18,
     23,  24,  25,  27,  28,  30,  31,  32,  41,  42,  44,  46,  47,  49,  54,  56,
     57,  58,  61,  63,  65,  69,  70,  71,  72,  73,  74,  75,  77,  78,  80,  86,
     87,  88,  89,  90,  92,  93,  99, 101, 105, 107, 135, 138, 139, 147, 148, 152,
      9,  11,  24,  27,  30,  54,  56,  57,  63,  76,  83,  84,  93,  94,  99, 105,
     29,  42,  45,  46,  72,  77,  82,  85,  86,  91,  93,   2,   4,   8,   9,  11,
     13,  15,  24,  25,  26,  27,  28,  30,  32,  33,  34,  35,  37,  39,  42,  43,
     44,  47,  48,  50,  51,  54,  55,  56,  57,  58,  59,  62,  63,  65,  69,  72,
     73,  74,  75,  77,  79,  86,  87,  88,  89,  92,  99, 101, 104, 105, 106, 107,
    132, 133, 134, 138, 140, 141, 151,   8,  14,  15,  17,  18,  19,  21,  22,  27,
     29,  30,  32,  33,  34,  39,  44,  45,  46,  50,  59,  62,  73,  74,  75,  79,
     82,  85,  87,  88,  89,  91,  92,  95,  96,  98,  99, 100, 101, 102, 103, 133,
    151,   2,  15,  32,  34,  35,  37,  50,  58,  79,  87,  88,  89, 101, 132, 133,
    134, 140,   2,   7,  15,  28,  32,  34,  35,  36,  37,  41,  50,  51,  52,  53,
     55,  58,  70,  71,  79,  80,  87,  88,  89,  93,  97, 101, 105, 132, 133, 134,
    140,   9,  10,  11,  12,  13,  18,  28,  31,  37,  40,  41,  42,  43,  44,  45,
     47,  48,  51,  54,  56,  57,  63,  69,  70,  71,  72,  73,  74,  75,  76,  77,
     80,  83,  84,  85,  86,  92,  93,  94,  95,  96, 104, 106, 107, 132, 135, 138,
    139, 148,  32,  45,  85,  87,  88,  89, 101,  76,  83,  84,  93,  94,   9,  11,
     18,  24,  32,  42,  50,  54,  56,  57,  63,  72,  77,  79,  86,  87,  88,  89,
    101,   9,  10,  11,  12,  13,  24,  28,  29,  31,  32,  38,  41,  42,  43,  44,
     45,  46,  48,  50,  51,  52,  54,  57,  63,  70,  71,  72,  73,  74,  75,  76,
     77,  79,  80,  82,  83,  84,  85,  86,  87,  88,  89,  91,  92,  93,  94, 101,
    102, 103, 104, 106, 133, 134, 135, 139, 140, 148,   2,  32,  34,  35,  37,  58,
     87,  88,  89, 101, 132, 133, 135,   9,  11,  18,  24,  29,  32,  34,  35,  37,
     41,  42,  43,  45,  47,  48,  50,  51,  54,  57,  63,  69,  70,  71,  72,  77,
     79,  80,  82,  85,  86,  87,  88,  89,  91,  93, 101, 104, 106, 107, 132, 133,
    134, 138, 140, 148,   9,  11,  13,  24,  32,  37,  40,  54,  57,  63,  81,  87,
     88,  89, 101, 132, 133, 134, 140, 148,   9,  10,  11,  12,  13,  24,  25,  28,
     29,  31,  32,  37,  40,  41,  42,  43,  48,  54,  56,  57,  63,  70,  71,  72,
     76,  77,  80,  82,  83,  84,  86,  87,  88,  89,  91,  94, 101, 102, 103, 104,
    106, 132, 135, 139, 148,   5,  10,  12,  28,  31,  32,  38,  41,  42,  56,  70,
     71,  72,  77,  80,  86,  87,  88,  89, 101, 135, 139,   9,  11,  25,  32,  41,
     42,  43,  48,  54,  56,  57,  63,  70,  71,  72,  77,  80,  86,  87,  88,  89,
    101, 104, 106,  32,  42,  72,  77,  86,  87,  88,  89, 101,  32,  34,  37,  87,
     88,  89, 101, 132, 133,  44,  73,  74,  75,  92,  93,   5,  28,  31,  42,  72,
     77,  86,  28,  32,  37,  87,  88,  89, 101, 132,  32,  87,  88,  89, 101,   5,
     18,  27,  28,  30,  31,  36,  37,  41,  42,  47,  70,  71,  72,  77,  80,  86,
     97,  99, 107, 132, 142, 143,   9,  11,  13,  24,  32,  37,  40,  54,  57,  63,
     81,  87,  88,  89, 101, 132, 133, 134, 140, 148,  16,  17,  20,  28,  31,  32,
     34,  35,  36,  37,  52,  62,  87,  88,  89,  97,  98, 101, 132, 133, 145,  15,
     16,  17,  20,  21,  28,  32,  34,  35,  36,  37,  38,  50,  51,  52,  79,  87,
     88,  89,  95,  96,  97,  98, 101, 132, 133,  32,  34,  35,  87,  88,  89, 101,
    133, 134, 140,  76,  83,  84,  93,  94,  28,  32,  34,  36,  37,  87,  88,  89,
     97, 101, 132, 151,  10,  12,  28,  31,  32,  34,  38,  87,  88,  89, 101, 133,
    135, 139,  32,  76,  83,  84,  87,  88,  89,  94, 101, 133,  32,  87,  88,  89,
    101,  76,  83,  84,  93,  94,  15,  20,  29,  32,  34,  38,  43,  44,  45,  46,
     48,  67,  73,  74,  75,  76,  82,  83,  84,  85,  87,  88,  89,  91,  92,  93,
     94, 101, 104, 106,   2,  15,  32,  34,  35,  37,  50,  58,  79,  87,  88,  89,
    101, 132, 133, 134, 140,   2,   7,  15,  28,  32,  34,  35,  36,  37,  41,  50,
     51,  52,  53,  55,  58,  70,  71,  79,  80,  87,  88,  89,  93,  97, 101, 105,
    132, 133, 134, 140,   2,  15,  32,  34,  35,  37,  50,  58,  79,  87,  88,  89,
    101, 132, 133, 134, 140,   2,   6,   7,   8,  15,  20,  29,  32,  39,  44,  45,
     46,  55,  58,  59,  73,  74,  75,  76,  82,  83,  84,  85,  87,  88,  89,  91,
     92,  93,  94, 101, 133, 148,  29,  32,  44,  45,  73,  74,  75,  76,  82,  83,
     84,  85,  87,  88,  89,  91,  92,  93,  94, 101,  15,  20,  29,  32,  34,  38,
     43,  44,  45,  46,  48,  67,  73,  74,  75,  76,  82,  83,  84,  85,  87,  88,
     89,  91,  92,  93,  94, 101, 104, 106,  15,  20,  29,  32,  34,  38,  43,  44,
     45,  46,  48,  67,  73,  74,  75,  76,  82,  83,  84,  85,  87,  88,  89,  91,
     92,  93,  94, 101, 104, 106,  15,  20,  29,  32,  34,  38,  43,  44,  45,  46,
     48,  67,  73,  74,  75,  76,  82,  83,  84,  85,  87,  88,  89,  91,  92,  93,
     94, 101, 104, 106,  76,  83,  84,  93,  94,   2,   8,   9,  11,  15,  27,  30,
     32,  34,  35,  37,  39,  48,  50,  54,  55,  56,  57,  58,  59,  62,  63,  69,
     79,  87,  88,  89,  99, 101, 104, 105, 106, 132, 133, 134, 136, 137, 138, 140,
      7,  40,  48,  50,  68,  76,  79,  81,  83,  84,  93,  94, 104, 106,   2,   8,
      9,  11,  15,  27,  30,  32,  34,  35,  37,  39,  48,  50,  54,  55,  56,  57,
     58,  59,  62,  63,  69,  79,  87,  88,  89,  99, 101, 104, 105, 106, 132, 133,
    134, 136, 137, 138, 140,  37, 132,   7,  40,  48,  50,  68,  76,  79,  81,  83,
     84,  93,  94, 104, 106,   2,   8,   9,  11,  15,  27,  30,  32,  34,  35,  37,
     39,  48,  50,  54,  55,  56,  57,  58,  59,  62,  63,  69,  79,  87,  88,  89,
     99, 101, 104, 105, 106, 132, 133, 134, 136, 137, 138, 140,   4,   5,   9,  10,
     11,  12,  13,  14,  18,  20,  23,  24,  25,  27,  28,  30,  31,  37,  40,  41,
     42,  46,  47,  48,  49,  50,  51,  52,  53,  54,  56,  57,  61,  63,  65,  69,
     70,  71,  72,  76,  77,  78,  79,  80,  83,  84,  86,  90,  93,  94,  95,  96,
     99, 104, 105, 106, 107, 132, 135, 138, 139, 148,   4,   5,   9,  10,  11,  12,
     13,  14,  18,  20,  23,  24,  25,  27,  28,  30,  31,  37,  40,  41,  42,  46,
     47,  48,  49,  50,  51,  52,  53,  54,  56,  57,  61,  63,  65,  69,  70,  71,
     72,  76,  77,  78,  79,  80,  83,  84,  86,  90,  93,  94,  95,  96,  99, 104,
    105, 106, 107, 132, 135, 138, 139, 148,   4,   5,   9,  10,  11,  12,  13,  14,
     18,  20,  23,  24,  25,  27,  28,  30,  31,  37,  40,  41,  42,  46,  47,  48,
     49,  50,  51,  52,  53,  54,  56,  57,  61,  63,  65,  69,  70,  71,  72,  76,
     77,  78,  79,  80,  83,  84,  86,  90,  93,  94,  95,  96,  99, 104, 105, 106,
    107, 132, 135, 138, 139, 148,  41,  42,  43,  46,  47,  48,  49,  50,  51,  52,
     53,  61,  70,  71,  72,  77,  78,  79,  80,  86,  90, 104, 106, 107,  10,  12,
     28, 139,   6,   7,  10,  12, 139,  32,  87,  88,  89, 101,  42,  48,  50,  72,
     77,  79,  86, 104, 106,  32,  42,  72,  77,  86,  87,  88,  89, 101,  76,  83,
     84,  93,  94,  93,   9,  11,  13,  24,  32,  37,  40,  54,  57,  63,  81,  87,
     88,  89, 101, 132, 133, 134, 140, 148,  76,  83,  84,  93,  94,  76,  83,  84,
     93,  94,  15,  20,  29,  32,  34,  38,  43,  44,  45,  46,  48,  67,  73,  74,
     75,  76,  82,  83,  84,  85,  87,  88,  89,  91,  92,  93,  94, 101, 104, 106,
     10,  12, 139,  32,  40,  87,  88,  89,  95,  96, 101,   4,   9,  11,  14,  17,
     18,  21,  24,  25,  27,  30,  32,  41,  42,  54,  56,  57,  58,  63,  69,  70,
     71,  72,  77,  80,  86,  87,  88,  89,  93,  98,  99, 100, 101, 104, 105, 138,
    150,  10,  12,  13,  28,  32,  34,  35,  36,  37,  40,  58,  87,  88,  89,  93,
     97, 101, 132, 133, 135, 139, 147, 148,  10,  12,  40, 135, 139,   2,   8,   9,
     10,  11,  12,  14,  18,  21,  39,  42,  43,  48,  50,  51,  54,  57,  59,  62,
     63,  72,  77,  79,  86, 104, 105, 106, 134, 139, 140,   9,  10,  11,  12,  13,
     24,  28,  29,  31,  32,  38,  41,  42,  43,  44,  45,  46,  48,  50,  51,  52,
     54,  57,  63,  70,  71,  72,  73,  74,  75,  76,  77,  79,  80,  82,  83,  84,
     85,  86,  87,  88,  89,  91,  92,  93,  94, 101, 102, 103, 104, 106, 133, 134,
    135, 139, 140, 148,   7,  32,  34,  36,  37,  48,  50,  51,  52,  55,  79,  87,
     88,  89,  97, 101, 104, 106, 132, 133, 116, 118, 119, 125, 127, 129, 111, 117,
    122, 125, 128, 109, 115, 116, 118, 119, 121, 125, 109, 112, 115, 117, 118, 120,
    121, 122, 124, 125, 128, 109, 115, 120, 122, 125, 128, 109, 111, 115, 117, 118,
    124, 125, 126, 127, 128, 109, 112, 114, 115, 118, 120, 121, 122, 125, 128, 130,
    115, 118, 121, 122, 124, 125, 109, 110, 115, 117, 118, 122, 124, 125, 129, 130,
    118, 120, 121, 122, 125, 115, 116, 118, 115, 117, 119, 122, 124, 125, 128, 115,
    122, 117, 118, 119, 122, 124, 125, 129, 108, 109, 111, 116, 120, 122, 125, 109,
    115, 117, 118, 121, 122, 124, 125, 128, 130, 109, 115, 118, 120, 122, 125, 128,
    111, 113, 116, 118, 119, 121, 122, 123, 125, 129,  76,  83,  84,  93,  94,  10,
     12,  93, 139,   5,   9,  10,  11,  12,  18,  23,  24,  25,  27,  28,  30,  31,
     32,  41,  42,  44,  46,  47,  49,  54,  56,  57,  58,  61,  63,  65,  69,  70,
     71,  72,  73,  74,  75,  77,  78,  80,  86,  87,  88,  89,  90,  92,  93,  99,
    101, 105, 107, 135, 138, 139, 147, 148, 152,   5,  10,  12,  13,  18,  28,  31,
     42,  47,  66,  72,  77,  86,  95,  96, 102, 103, 107, 135, 139,   3,   5,   9,
     10,  11,  12,  13,  14,  18,  20,  21,  23,  24,  25,  27,  28,  30,  31,  40,
     41,  42,  46,  47,  48,  49,  50,  54,  56,  57,  61,  62,  63,  66,  70,  71,
     72,  77,  78,  79,  80,  86,  90,  95,  96,  99, 102, 103, 104, 106, 107, 139,
     15,  27,  30,  32,  34,  35,  37,  41,  50,  70,  71,  79,  80,  87,  88,  89,
     95,  96,  99, 100, 101, 102, 103, 104, 132, 133, 134, 140,  28,  32,  34,  36,
     37,  87,  88,  89,  97, 101, 132, 151,   0,   1,   2,  14,  15,  17,  19,  20,
     21,  22,  26,  27,  30,  32,  37,  62,  87,  88,  89,  98,  99, 101, 105, 132,
    134, 136, 137, 140, 145,  64, 143, 142, 143, 144, 146,  60, 143, 146,  15,  27,
     30,  32,  34,  35,  37,  50,  79,  87,  88,  89,  99, 100, 101, 132, 148, 149,
    147, 148,  93,  10,  12,  13,  40, 139, 131, 153, 154, 155,
};

static const int8_t inter_12_boldKernSparseValues[] = {
     -13,  -36,  -36,  -25,  -32,  -66,   -8,   -3,   -8,   -8,   -8,  -18,  -18,   -3,  -36,   -6,
      -3,   -5,   18,   18,   18,   -3,   -3,   -3,   18,   -5,   -3,  -24,  -25,  -27,  -27,  -13,
     -23,  -25,  -16,  -29,  -13,  -13,  -16,   -9,  -13,  -23,  -23,  -23,  -23,  -29,  -36,    7,
      -2,    5,    7,   -2,   -2,    7,    5,   -2,    7,   44,    7,  -13,  -13,  -54,  -54,  -18,
      -7,  -38,   -7,  -38,  -27,    7,  -13,  -13,   -7,  -54,   -9,   -2,  -11,  -13,  -18,  -31,
     -18,   -9,  -16,  -26,   -9,   -3,  -54,  -54,  -31,  -43,  -12,  -60,  -26,  -12,  -12,   -5,
     -40,  -12,  -36,   -9,   -3,  -10,  -11,   -5,  -35,  -18,  -18,  -13,  -26,  -20,  -13,  -13,
     -13,   -9,  -18,  -13,  -13,  -39,  -38,  -54,  -54,  -38,  -16,  -16,  -10,  -25,    3,    3,
      16,  -16,  -12,  -12,   -8,  -10,  -15,  -13,  -18,    7,  -15,    7,    7,  -13,  -18,  -20,
     -12,    7,    7,    6,    4,   13,   26,    4,   15,   26,   26,   13,   26,    6,    6,   -6,
      -3,   -8,   -8,   -9,   -3,  -13,   -3,   -9,  -20,   -8,  -14,  -13,  -13,  -15,  -14,   -2,
     -14,  -18,  -13,   -2,   -9,   -9,   -2,   -2,   -2,   -9,  -12,  -12,  -18,  -18,  -12,  -23,
     -18,  -50,  -50,   -6,   -7,  -23,   -4,    8,   -6,   -4,  -13,  -36,  -43,  -38,  -63,  -18,
     -20,  -20,  -16,  -25,  -18,  -18,  -20,   36,  -20,  -18,   36,   36,  -20,   36,  -43,  -43,
      -7,  -16,  -57,  -50,  -17,  -13,  -25,  -13,  -13,  -13,  -34,  -18,  -20,  -18,  -27,  -25,
     -20,  -38,  -16,  -13,  -16,  -18,  -18,  -18,  -20,  -18,  -38,  -23,  -16,  -29,  -15,  -32,
     -29,  -29,  -23,  -36,  -25,  -32,  -32,  -32,  -13,  -13,  -20,  -29,  -36,  -38,  -29,  -25,
     -18,  -18,  -16,  -17,  -13,  -16,  -10,  -21,  -17,  -16,   -2,  -13,  -13,  -13,   10,  -41,
     -26,  -17,  -13,  -16,  -18,  -16,  -40,  -32,   -6,  -38,  -13,  -13,    5,  -20,  -15,  -20,
     -25,  -17,    6,  -17,  -36,   -8,  -32,  -29,  -31,  -38,   -9,   -4,    1,   -4,  -11,  -27,
     -27,  -13,  -29,  -13,  -13,  -28,  -38,  -21,  -13,  -13,  -13,   -9,    1,    1,    1,   -9,
     -27,   -9,  -36,  -36,  -58,    1,  -17,  -36,  -11,  -26,  -11,   -4,  -31,  -52,  -41,  -13,
     -41,   -5,  -20,  -23,   13,   13,   13,  -23,  -23,  -23,   13,  -23,  -25,  -11,   -6,  -16,
       2,   13,    2,   13,   13,   13,   -6,   29,   29,   29,   13,   29,  -16,  -29,  -36,  -27,
     -13,   -7,  -12,   -8,  -13,  -13,  -13,  -13,   -7,   -7,  -12,  -12,  -13,  -13,   -7,  -12,
     -13,   29,  -48,  -50,  -10,  -12,  -12,   -9,   -6,  -11,   13,   13,   13,  -12,  -12,  -12,
      10,   13,   -6,  -12,  -11,  -13,  -13,  -23,   -8,  -20,   13,  -32,  -13,   -4,  -31,  -31,
     -27,  -13,  -16,  -16,  -16,    3,  -13,  -16,  -25,  -31,  -20,  -51,   -6,  -13,  -49,  -13,
     -16,    3,    3,    3,   34,  -16,  -13,  -16,   34,   34,  -16,  -13,    3,   34,   34,  -16,
     -42,  -13,  -13,  -36,  -68,  -27,  -47,  -18,  -11,  -11,  -36,  -31,  -15,  -35,  -52,   -9,
     -27,  -42,  -38,  -25,  -79,  -32,  -70,  -31,  -52,  -13,  -27,  -36,  -36,  -36,  -11,  -36,
      -9,  -49,   -9,  -48,  -34,  -37,  -18,  -18,  -13,  -64,  -13,   -8,  -16,   -8,  -29,  -33,
     -38,   -5,   -3,   -8,   -8,   -8,   -5,   -5,   -3,   -3,   -5,   -3,  -57,  -54,  -15,   -8,
     -12,   -2,   -5,   -2,   -2,   -5,   18,   -5,   -2,   18,   18,   -5,   18,  -12,   -2,  -13,
     -21,  -13,  -21,  -13,  -52,  -13,  -27,  -32,  -13,  -32,  -13,  -13,  -36,  -13,  -36,    4,
     -23,  -29,  -31,  -23,  -29,  -41,  -29,  -25,  -25,  -13,  -18,  -21,  -52,  -21,  -70,  -53,
     -20,  -13,  -45,  -45,  -52,   36,  -52,  -50,  -38,  -29,   36,   36,  -31,  -45,   57,   36,
     -55,  -55,  -13,  -41,  -21,  -41,  -29,    4,  -48,  -13,  -47,  -23,  -20,  -23,  -38,  -23,
     -38,  -20,  -10,  -13,  -25,  -29,  -25,  -29,  -32,  -16,  -38,    6,  -32,  -24,  -24,   -3,
     -18,  -23,  -23,  -48,  -39,  -12,  -16,  -24,  -39,  -24,   34,  -43,  -24,   34,   34,  -24,
      16,   34,  -49,  -49,  -16,   -5,  -18,  -45,  -16,  -38,  -54,  -60,   -2,  -20,  -17,  -38,
     -17,  -38,  -12,  -13,  -20,  -29,  -25,  -10,  -29,  -10,  -25,    3,    9,  -23,  -20,  -14,
     -13,  -17,  -23,  -17,  -30,  -12,  -23,  -23,  -20,  -20,  -23,  -20,   34,  -10,  -14,  -13,
     -43,  -38,  -38,  -44,   -5,  -16,  -16,  -15,   -9,  -16,   -9,  -23,  -20,  -21,  -21,  -16,
     -23,  -11,  -29,  -16,  -36,   -3,  -34,  -18,  -23,  -23,  -11,  -11,  -23,  -11,  -16,  -16,
     -16,   34,   -9,  -41,  -13,  -16,  -25,  -34,  -18,  -13,  -25,  -26,  -26,  -26,  -26,  -27,
     -25,  -41,  -38,  -17,  -31,  -17,  -13,    4,  -41,  -44,   -8,  -16,  -27,  -16,  -26,  -36,
     -46,   -3,  -16,  -46,  -25,  -34,  -67,  -61,  -44,   -8,  -23,   -8,  -44,  -16,  -77,  -66,
       4,    4,    4,  -16,   -8,   34,  -17,    4,  -20,  -27,  -43,  -16,  -64,  -69,  -75,  -13,
     -15,  -15,  -25,  -13,  -13,  -15,  -13,  -15,  -28,   34,   34,   34,   13,   34,  -13,   -9,
       7,   -2,    5,    7,   -2,   -2,    7,    5,   -2,    7,   35,  -32,   -6,  -38,  -13,  -13,
       5,  -20,  -15,  -20,  -25,  -17,    6,  -17,  -51,   -8,  -51,  -52,  -31,  -38,   -9,   -4,
       1,   -4,  -11,  -47,  -27,  -13,  -29,  -13,  -13,  -28,  -38,  -21,  -13,  -13,  -13,   -9,
       1,    1,    1,   -9,  -47,   -9,  -51,  -51,  -51,    1,  -17,  -51,  -11,  -26,  -11,   -4,
     -31,  -69,  -63,  -13,  -63,   -5,  -20,  -27,  -18,  -43,  -18,  -23,  -18,  -18,  -18,  -16,
      13,  -16,  -23,  -16,  -32,  -27,    6,   38,   13,  -32,  -27,  -18,    6,    6,    6,  -32,
      13,   38,  -23,  -23,  -23,   13,    6,   23,   23,  -18,  -16,  -43,  -20,   18,   18,  -16,
     -20,   -8,  -16,  -28,  -20,  -20,  -39,   -7,   -3,   -7,  -28,  -28,  -28,  -28,  -39,  -18,
     -10,  -10,   -8,   -5,  -13,  -13,  -31,  -24,  -20,  -11,  -45,    4,   -7,   -5,   -8,   -8,
     -13,   -4,    4,    4,   -7,    4,  -31,  -31,  -31,   18,  -11,  -31,   -5,  -45,  -25,   -9,
      -9,   -8,  -23,   -8,  -23,   -5,  -25,  -13,  -25,    2,   -6,   -8,   -9,  -17,    3,    2,
      -7,  -16,    8,   -8,  -16,   -8,   -8,   -7,   -8,   -8,   -9,    3,    3,    3,   41,   -9,
      -8,   41,   57,    2,   -9,    3,   18,   54,  -32,  -32,  -16,  -16,   -7,    2,  -36,   -7,
     -23,   -7,  -20,    4,    4,  -20,  -20,  -20,  -20,   24,   38,   24,   34,   38,  -23,  -23,
     -18,  -34,  -23,   -9,    3,  -23,  -20,  -50,  -23,   -9,   -9,    3,   -9,  -23,  -23,  -23,
     -23,  -15,  -25,  -15,  -25,  -12,  -16,  -16,    6,  -23,  -23,  -13,   -5,  -10,    8,    2,
       6,    3,    8,    6,    3,    6,  -15,  -28,  -15,   -5,   -5,  -10,    2,    2,    2,    6,
     -10,    6,   -5,    6,    6,    6,    6,  -10,  -23,  -23,  -23,    6,    2,   18,    6,  -23,
      -7,   -7,    8,    8,  -16,    6,  -32,  -25,    6,   -9,   -3,  -29,  -18,  -13,  -29,   -3,
     -29,  -29,  -29,  -29,  -29,  -20,   -3,   -7,   -7,   -3,  -11,    1,  -13,   -2,   -2,   -3,
       2,   -4,  -13,    3,   -3,   -4,    9,    8,   -7,   -7,   -7,   -2,    2,    2,   -4,   -4,
       9,    2,    1,    3,   -4,  -13,  -13,  -13,    1,   18,  -13,   -4,   -4,   -3,   -3,  -16,
       4,   -2,    4,    6,  -15,  -15,  -13,  -16,  -20,  -23,  -13,  -15,  -28,  -15,    7,  -20,
     -50,  -20,  -20,  -23,  -16,    6,    6,  -12,  -16,  -15,  -16,  -15,  -23,  -13,  -16,  -27,
       1,  -25,  -13,  -13,  -32,   -4,   -7,    6,    7,  -16,  -16,  -16,  -16,   -4,   -4,   -7,
      10,   -7,   -4,    1,   10,   10,   -7,  -13,  -38,  -13,    1,   10,  -13,  -18,  -18,    7,
       7,  -13,  -32,  -45,   -9,  -13,  -29,  -29,  -27,  -23,  -20,  -13,   -1,   -5,  -13,   -1,
      -1,   -5,   -5,   -1,   -5,  -20,  -20,  -20,  -20,  -32,  -29,   -9,   -9,  -13,  -13,   -1,
      -8,    6,    6,   -9,  -13,   -9,   -9,   -1,   -1,   -8,   -8,   -1,   -8,  -13,  -13,  -13,
     -13,    6,    6,  -13,   -8,   -8,   -8,   -8,  -13,  -13,  -13,  -13,  -27,  -13,  -27,  -27,
     -27,  -27,  -27,  -27,  -13,   13,   13,   13,   13,   13,   18,  -16,  -29,  -29,  -13,  -13,
     -13,  -13,  -13,  -20,  -25,  -20,  -20,  -20,  -47,  -25,  -20,  -20,  -20,  -20,  -20,  -13,
     -20,   -2,  -28,   -2,  -28,   -3,   -3,   -4,  -11,   -4,   -4,   -4,  -11,  -11,   -4,  -11,
      -3,   -2,   -4,   -3,   -4,   -1,  -15,  -15,  -13,  -16,  -20,  -23,  -13,  -15,  -28,  -15,
       7,  -20,  -50,  -20,  -20,  -23,  -36,    6,    6,  -12,   -9,   -2,  -11,  -13,  -18,  -62,
     -34,   -9,  -34,  -46,   -9,   -3,  -62,  -62,  -62,  -34,  -12,  -62,  -46,  -12,    5,  -16,
     -20,  -18,  -20,  -13,  -13,  -52,  -25,  -23,  -16,  -36,  -13,  -13,  -13,  -13,  -13,  -52,
     -52,  -52,  -13,  -13,  -36,  -18,  -79,  -36,  -34,  -27,  -47,  -39,  -27,  -27,  -27,  -27,
     -25,  -13,  -13,   15,   15,   15,   16,   15,  -13,  -36,  -16,  -18,  -18,  -36,  -36,  -36,
     -18,  -36,  -18,  -13,  -41,  -41,  -16,  -16,  -23,  -20,  -16,  -23,  -23,  -23,  -23,  -23,
     -50,  -41,  -23,   13,   13,   13,  -23,  -23,  -23,   13,  -23,  -52,  -32,  -32,  -32,  -32,
     -32,   38,   40,   38,   29,   38,   18,   36,   26,   36,   34,   36,   16,   24,   24,    6,
      20,   15,   38,   24,   38,   63,   26,   63,   63,   38,   36,   36,   36,   55,   38,   20,
      63,   36,   20,   20,   -8,  -16,  -49,  -20,  -20,  -39,   -7,   -3,   -7,  -49,  -49,  -49,
     -49,  -39,  -18,  -10,  -10,   -8,   -5,  -13,  -13,  -52,  -24,  -20,  -11,  -45,    4,   -7,
      -5,   -8,   -8,  -13,   -4,    4,    4,   -7,    4,  -52,  -52,  -52,   18,  -11,  -52,   -5,
     -45,  -25,   -9,   -9,   -8,  -16,  -58,  -20,  -20,  -39,   -7,   -3,   -7,  -58,  -58,  -58,
     -58,  -39,  -18,  -10,  -10,   13,    3,   53,   23,   18,   18,   13,   16,   23,   16,   13,
      13,   16,    7,   23,   16,   16,   29,   13,   13,   13,   13,   13,   16,   16,   16,   13,
      29,   18,   13,   16,   13,   -7,   13,   13,   13,   16,   13,   13,   16,   16,   16,   16,
      16,   16,   13,   13,   13,   13,   13,   16,   16,   13,   18,   36,   26,   36,   34,   36,
      16,   40,   38,    6,   20,   15,   40,   40,   40,   63,   26,   63,   63,   38,   36,   36,
      36,   55,   40,   43,   63,   36,   20,   20,   18,   36,   26,   36,   34,   36,   16,   40,
      40,    6,   20,   15,   40,   40,   40,   63,   26,   63,   63,   40,   36,   36,   36,   55,
      40,   20,   63,   36,   20,   20,   18,   36,   26,   36,   34,   36,   16,   40,   24,    6,
      20,   15,   40,   40,   40,   63,   26,   63,   63,   38,   36,   36,   36,   55,   40,   20,
      63,   36,   20,   20,   38,   40,   38,   29,   40,  -36,  -70,  -46,  -46,  -18,  -11,  -11,
     -36,  -31,  -15,  -35,  -70,   -9,  -27,  -44,  -38,  -25,  -46,  -32,  -70,  -31,  -46,  -13,
     -27,  -36,  -36,  -36,  -11,  -36,   -9,  -49,   -9,  -48,  -34,  -37,  -18,  -18,  -13,  -64,
       7,    7,    6,    4,   13,   26,    4,   15,   26,   26,   29,   26,    6,    6,  -36,  -68,
     -41,  -41,  -18,  -11,  -11,  -36,  -31,  -15,  -35,  -52,   -9,  -27,  -41,  -38,  -25,  -41,
     -32,  -70,  -31,  -41,  -13,  -27,  -36,  -36,  -36,  -11,  -36,   -9,  -49,   -9,  -48,  -34,
     -37,  -18,  -18,  -13,  -64,  -13,  -13,    7,    7,    6,    4,   13,   26,    4,   13,   26,
      26,   13,   26,    6,    6,  -36,  -66,  -27,  -47,  -18,  -11,  -11,  -36,  -31,  -15,  -48,
     -66,   -9,  -27,  -42,  -38,  -25,  -79,  -32,  -66,  -31,  -52,  -13,  -27,  -36,  -36,  -36,
     -11,  -36,   -9,  -49,   -9,  -48,  -34,  -50,  -18,  -18,  -13,  -50,   -2,  -13,  -34,  -13,
     -34,  -13,  -52,  -13,  -27,  -32,  -13,  -32,  -13,  -13,  -36,  -13,  -36,    4,  -23,  -29,
     -31,  -23,  -29,  -41,  -52,  -25,  -25,  -31,  -34,  -34,  -52,  -34,  -52,  -34,  -20,  -13,
     -45,  -45,  -52,   36,  -52,  -52,  -38,  -29,   36,   36,  -31,  -52,   57,   36,  -55,  -55,
     -13,  -41,  -21,  -41,  -29,    4,  -48,  -13,  -47,  -23,   -2,  -13,  -34,  -13,  -34,  -13,
     -52,  -13,  -27,  -32,  -13,  -32,  -13,  -13,  -36,  -13,  -36,    4,  -23,  -29,  -31,  -23,
     -29,  -41,  -29,  -25,  -25,  -13,  -18,  -34,  -52,  -34,  -70,  -34,  -20,  -13,  -45,  -45,
     -52,   36,  -52,  -50,  -38,  -29,   36,   36,  -31,  -45,   57,   36,  -55,  -55,  -13,  -41,
     -21,  -41,  -29,    4,  -48,  -13,  -47,  -23,   -2,  -13,  -21,  -13,  -21,  -13,  -52,  -13,
     -27,  -32,  -13,  -32,  -13,  -13,  -58,  -13,  -84,    4,  -23,  -29,  -31,  -23,  -29,  -41,
     -29,  -25,  -25,  -13,  -18,  -21,  -52,  -21,  -70,  -53,  -20,  -13,  -45,  -45,  -52,   36,
     -52,  -50,  -38,  -29,   36,   36,  -31,  -45,   57,   36,  -55,  -55,  -13,  -41,  -21,  -41,
     -29,    4,  -48,  -13,  -47,  -37,  -26,  -26,  -16,  -26,  -26,  -16,  -26,  -24,  -23,  -24,
     -26,  -26,  -26,  -26,  -26,  -26,  -26,  -24,  -26,  -26,  -26,  -16,  -16,  -26,  -18,  -18,
     -15,  -18,    3,    9,  -18,  -18,  -18,   20,   20,   20,   20,   20,  -22,   12,    7,  -22,
     -22,    7,  -22,   12,   12,  -29,   -8,   -8,   -8,   -8,  -29,  -29,  -29,  -29,   38,   38,
      38,   36,   38,   13,  -15,  -15,  -13,  -16,  -38,  -23,  -13,  -15,  -28,  -15,    7,  -38,
     -38,  -38,  -38,  -23,  -16,    6,    6,  -12,   15,   15,   15,   29,   15,   38,   38,   38,
      34,   38,   18,   36,   26,   36,   34,   36,   16,   38,   40,    6,   20,   15,   38,   38,
      38,   63,   26,   63,   63,   40,   36,   36,   36,   55,   38,   38,   79,   36,   20,   20,
     -18,  -18,  -18,  -24,   25,  -24,  -24,  -24,    8,    8,  -24,   -5,  -46,  -46,  -15,   -9,
     -16,   -9,  -20,  -20,  -21,  -21,  -16,  -23,  -11,  -46,  -36,  -46,   -3,  -46,  -18,  -23,
     -23,  -11,  -11,  -23,  -11,  -16,  -16,  -16,   34,   -9,  -41,  -13,  -16,  -25,  -34,  -18,
     -13,  -18,  -18,  -16,  -17,  -13,  -16,  -10,  -21,  -17,  -16,   -2,  -13,  -13,  -13,   10,
     -41,  -26,  -17,  -13,  -36,  -18,  -16,  -40,  -18,  -18,  -16,  -13,  -18,  -14,  -14,  -14,
       8,  -14,    8,   -7,   -4,   -4,  -14,   -8,  -13,  -13,  -12,  -13,  -14,  -14,  -14,  -13,
     -14,   -8,   -8,  -12,   -8,  -13,  -16,  -13,  -14,    8,  -14,  -15,  -50,  -15,  -50,  -12,
     -16,  -16,    6,  -23,  -23,  -13,   -5,  -10,    8,    2,    6,    3,    8,    6,    3,    6,
     -15,  -28,  -15,   -5,   -5,  -10,    2,    2,    2,    6,  -10,    6,   -5,    6,    6,    6,
       6,  -10,  -23,  -23,  -23,    6,    2,   18,    6,  -23,   -7,   -7,    8,    8,  -16,    6,
     -61,  -50,    6,   -9,  -11,  -43,  -43,  -11,  -68,  -10,  -14,  -11,   -7,  -20,  -14,  -43,
     -43,  -43,  -11,  -43,  -10,  -43,  -68,  -28,   -8,   -4,   -1,   -8,   -4,   -8,   -2,   -3,
     -10,  -10,   -4,    3,   -3,  -10,   -2,   -5,   -6,   -4,  -16,   -8,   -3,  -20,  -13,   -4,
      -2,  -10,  -20,  -13,  -13,   -4,   -5,   -4,   -6,   -8,   -9,   -3,   -2,   -8,  -15,   -1,
      -9,   -6,   -3,   -3,   -2,  -24,   -8,   -6,   -6,   -6,  -12,   -6,   -6,   -8,   -8,   -8,
      -3,   -2,   -5,   -5,   -9,   -9,  -16,   -3,   -3,  -12,   -9,   -3,  -18,   -5,    3,   -1,
      -8,   -2,   -8,  -10,  -10,   -5,   -7,   -4,   -3,  -12,   -3,   -3,   -5,   -2,   -9,   -6,
      -4,   -6,   -8,   -6,   -6,  -14,   -3,   -6,   -2,   -4,   -3,   -8,   -4,  -10,   -9,  -16,
      -8,  -12,   -3,   -6,   -9,  -12,   -9,   -8,  -10,  -11,   -3,  -11,   -6,   -9,   -6,   -6,
     -19,  -20,   -7,   -3,   -3,  -15,  -16,  -16,   -4,   -8,   24,   38,   24,   29,   38,  -13,
     -13,   16,  -13,  -25,  -26,  -39,  -26,  -39,  -27,  -25,  -41,  -38,  -17,  -31,  -17,  -13,
       4,  -41,  -44,   -8,  -16,  -27,  -16,  -26,  -36,  -46,   -3,  -16,  -46,  -25,  -34,  -67,
     -61,  -44,   -8,  -23,   -8,  -44,  -16,  -77,  -66,    4,    4,    4,  -16,   -8,   34,  -17,
       4,  -20,  -27,  -43,  -16,  -39,  -69,  -75,  -13,  -25,  -43,  -43,  -38,  -25,  -38,  -59,
     -16,   -7,  -25,  -16,  -16,  -16,  -25,  -45,  -57,  -34,   -7,  -38,  -43,  -50,  -27,  -21,
     -52,  -21,  -52,  -57,  -18,  -38,  -25,  -16,  -23,  -38,  -23,  -23,  -55,  -23,  -50,  -16,
     -23,  -25,  -11,  -28,    3,  -16,    3,  -39,  -34,  -21,  -34,   -4,  -21,  -27,  -23,  -23,
     -25,  -25,  -16,    3,  -23,  -25,  -16,  -20,  -36,  -23,  -48,  -25,    3,    3,  -41,  -52,
     -27,  -15,  -15,  -38,  -36,  -25,  -43,  -13,  -20,  -13,  -13,  -20,  -13,  -38,  -38,  -38,
      20,   20,  -15,  -25,  -59,   25,   25,  -20,  -43,  -50,  -38,  -38,  -13,  -13,  -16,  -18,
     -18,  -13,  -13,  -13,  -18,  -43,  -18,  -13,  -12,   -5,  -40,  -12,  -36,   -9,   -3,  -10,
     -11,   -5,  -35,  -18,  -18,  -13,  -26,  -20,  -13,  -13,  -13,   -9,  -18,  -13,  -13,  -39,
     -38,  -54,  -73,  -38,    9,   -3,   -6,  -19,    5,   -3,  -13,   -6,   -8,    5,  -17,  -16,
     -16,  -23,  -54,  -38,  -69,   -9,   -9,  -23,  -23,  -37,  -16,   -7,  -29,  -69,  -11,   -6,
      -6,  -16,   16,  -27,  -27,  -16,  -20,  -27,  -16,  -10,  -12,   20,
};

static const EpdFontData inter_12_bold = {
    inter_12_boldBitmaps,
    inter_12_boldGlyphs,
    inter_12_boldIntervals,
    79,
    30,
    25,
    -7,
    false,
    nullptr,
    0,
    nullptr,
    nullptr,  // kernLeftClasses: built-in fonts use the split arrays below
    nullptr,  // kernRightClasses
    inter_12_boldKernLeftCodepoints,
    inter_12_boldKernLeftClassIds,
    inter_12_boldKernRightCodepoints,
    inter_12_boldKernRightClassIds,
    nullptr,  // kernMatrix: built-in fonts use the sparse form below
    inter_12_boldKernRowOffsets,
    inter_12_boldKernSparseCols,
    inter_12_boldKernSparseValues,
    775,
    792,
    153,
    156,
    nullptr,
    0,
};
