/**
 * generated by fontconvert.py
 * name: inter_10_bold
 * size: 10
 * mode: 1-bit
 * Command used: fontconvert.py inter_10_bold 10 ../builtinFonts/source/Inter/Inter-Bold.ttf ../builtinFonts/source/NotoSansHebrew/NotoSansHebrew-Bold.ttf ../builtinFonts/source/NotoSansArabic/NotoSansArabic-Bold.ttf ../builtinFonts/source/Ubuntu/Ubuntu-Vietnamese-Bold.ttf --additional-intervals 0x05D0,0x05EA --additional-intervals 0x060C,0x060C --additional-intervals 0x061B,0x061B --additional-intervals 0x061F,0x061F --additional-intervals 0x0621,0x0621 --additional-intervals 0x0640,0x0640 --additional-intervals 0x0654,0x0654 --additional-intervals 0x0660,0x0669 --additional-intervals 0x06BA,0x06BA --additional-intervals 0x06D4,0x06D4 --additional-intervals 0x06D5,0x06D5 --additional-intervals 0x06F0,0x06F9 --additional-intervals 0xFB56,0xFB59 --additional-intervals 0xFB66,0xFB69 --additional-intervals 0xFB7A,0xFB7D --additional-intervals 0xFB88,0xFB95 --additional-intervals 0xFB9E,0xFB9F --additional-intervals 0xFBA6,0xFBB1 --additional-intervals 0xFBFC,0xFBFF --additional-intervals 0xFE80,0xFEFC
 */
#pragma once
#include "EpdFontData.h"

static const uint8_t inter_10_boldBitmaps[31938] = {
    0x7B, 0x9C, 0xE7, 0x39, 0xCE, 0x73, 0x9C, 0x07, 0x7F, 0xEE, 0xEF, 0xEF, 0xEF, 0xEF, 0xEF, 0xEF,
    0xEF, 0x0E, 0x70, 0x39, 0xC1, 0xC7, 0x07, 0x1C, 0x7F, 0xFD, 0xFF, 0xE7, 0xFF, 0x87, 0x38, 0x3C,
    0xE3, 0xFF, 0xEF, 0xFF, 0xBF, 0xFC, 0x39, 0xC0, 0xE7, 0x03, 0x9C, 0x1C, 0x70, 0x03, 0x00, 0x18,
    0x07, 0xF8, 0x7F, 0xE7, 0xFF, 0x3D, 0xBD, 0xED, 0xEF, 0x60, 0x7F, 0x01, 0xFF, 0x07, 0xFC, 0x07,
    0xF0, 0x37, 0xB9, 0xBD, 0xED, 0xEF, 0xFF, 0x3F, 0xF0, 0xFF, 0x00, 0xC0, 0x06, 0x00, 0x3E, 0x07,
    0x0F, 0xC1, 0xC1, 0xFC, 0x38, 0x33, 0x8E, 0x06, 0x73, 0x80, 0xEE, 0x70, 0x1F, 0x9C, 0x01, 0xF7,
    0x00, 0x00, 0xE7, 0x80, 0x39, 0xF8, 0x0E, 0x7F, 0x01, 0xCE, 0x70, 0x71, 0xCE, 0x1C, 0x3F, 0x83,
    0x83, 0xF0, 0xE0, 0x3C, 0x0F, 0x80, 0x7F, 0x03, 0xFC, 0x0E, 0x78, 0x39, 0xC0, 0xFF, 0x01, 0xF8,
    0x07, 0xC0, 0x3F, 0x39, 0xFE, 0xE7, 0x3F, 0xBC, 0x7E, 0x71, 0xF1, 0xFF, 0xC3, 0xFF, 0x87, 0xEF,
    0xFF, 0xFF, 0xF8, 0x1C, 0x78, 0xF1, 0xC7, 0x8F, 0x1E, 0x38, 0xF1, 0xE3, 0xC7, 0x8F, 0x0E, 0x1E,
    0x3C, 0x78, 0x78, 0xF0, 0xE0, 0xF0, 0xF1, 0xE1, 0xC3, 0xC7, 0x8F, 0x1E, 0x1C, 0x38, 0x70, 0xE3,
    0xC7, 0x8F, 0x1E, 0x38, 0xF1, 0xE3, 0x80, 0x1C, 0x26, 0x9F, 0xEF, 0xF3, 0xE3, 0xFD, 0xFE, 0x9B,
    0x1C, 0x00, 0x0F, 0x00, 0xF0, 0x0F, 0x00, 0xF0, 0x7F, 0xFF, 0xFF, 0xFF, 0xF0, 0xF0, 0x0F, 0x00,
    0xF0, 0x0F, 0x00, 0x73, 0xBD, 0xEE, 0x73, 0x80, 0xFF, 0xFF, 0xFF, 0x77, 0xFE, 0xE0, 0x07, 0x0F,
    0x0F, 0x0E, 0x0E, 0x1E, 0x1E, 0x1C, 0x1C, 0x3C, 0x38, 0x38, 0x38, 0x78, 0x70, 0x70, 0x70, 0xF0,
    0xE0, 0x0F, 0xC0, 0x7F, 0x83, 0xFF, 0x1F, 0x3E, 0x78, 0x79, 0xE1, 0xE7, 0x87, 0x9E, 0x0E, 0x78,
    0x39, 0xE1, 0xE7, 0x87, 0x9E, 0x1E, 0x7C, 0xF8, 0xFF, 0xC1, 0xFE, 0x03, 0xF0, 0x1F, 0x3F, 0x7F,
    0x7F, 0x6F, 0x4F, 0x0F, 0x0F, 0x0F, 0x0F, 0x0F, 0x0F, 0x0F, 0x0F, 0x0F, 0x0F, 0x3F, 0x8F, 0xFB,
    0xFF, 0xF8, 0xFF, 0x1E, 0x03, 0xC0, 0x78, 0x1E, 0x07, 0xC1, 0xF0, 0x7C, 0x1F, 0x07, 0xC1, 0xFF,
    0xFF, 0xFF, 0xFF, 0x3F, 0x87, 0xFC, 0xFF, 0xEF, 0x1E, 0xF1, 0xE0, 0x1E, 0x0F, 0xE0, 0xF8, 0x0F,
    0xE0, 0x3E, 0x00, 0xFE, 0x0F, 0xF1, 0xFF, 0xFE, 0x7F, 0xE3, 0xF8, 0x03, 0xE0, 0x3F, 0x03, 0xF8,
    0x1F, 0xC1, 0xFE, 0x0F, 0xF0, 0xF7, 0x8F, 0x3C, 0x79, 0xE7, 0x8F, 0x3F, 0xFD, 0xFF, 0xFF, 0xFF,
    0x80, 0xF0, 0x07, 0x80, 0x3C, 0x3F, 0xF7, 0xFF, 0x7F, 0xE7, 0x80, 0x78, 0x07, 0xB8, 0x7F, 0xE7,
    0xFE, 0x7D, 0xF0, 0x0F, 0x00, 0x77, 0x0F, 0x78, 0xF7, 0xFF, 0x3F, 0xE1, 0xFC, 0x0F, 0xC0, 0xFF,
    0x0F, 0xFC, 0x78, 0xF7, 0x87, 0xBD, 0xE1, 0xFF, 0x8F, 0xFE, 0x7C, 0xFB, 0xC3, 0xDE, 0x1E, 0xF0,
    0xF7, 0x8F, 0x9F, 0xF8, 0x7F, 0x81, 0xF8, 0xFF, 0xFF, 0xFF, 0x7F, 0xF0, 0x1E, 0x01, 0xE0, 0x3C,
    0x03, 0xC0, 0x78, 0x07, 0x80, 0xF0, 0x0F, 0x00, 0xF0, 0x1E, 0x01, 0xE0, 0x3C, 0x03, 0xC0, 0x1F,
    0xC1, 0xFF, 0x0F, 0xFC, 0xF1, 0xE7, 0x87, 0x3C, 0x78, 0xFF, 0xC3, 0xFC, 0x3F, 0xF3, 0xEF, 0x9E,
    0x1E, 0xF0, 0xF7, 0x8F, 0xBF, 0xF8, 0xFF, 0xC3, 0xF8, 0x1F, 0xC1, 0xFF, 0x1F, 0xFC, 0xF1, 0xE7,
    0x07, 0xB8, 0x3D, 0xE3, 0xEF, 0xBF, 0x7F, 0xF9, 0xFF, 0xC3, 0x9E, 0xE0, 0xE7, 0x8F, 0x3F, 0xF0,
    0xFF, 0x83, 0xF0, 0x77, 0xFE, 0xE0, 0x00, 0x00, 0x77, 0xFE, 0xE0, 0x73, 0xDE, 0xE0, 0x00, 0x00,
    0x03, 0x9D, 0xEF, 0x73, 0x9C, 0x00, 0x60, 0x1E, 0x07, 0xE1, 0xFE, 0x7F, 0x0F, 0xC0, 0xFC, 0x07,
    0xF8, 0x1F, 0xE0, 0x7E, 0x01, 0xE0, 0x06, 0xFF, 0xDF, 0xFF, 0xFF, 0x80, 0x00, 0x01, 0xFF, 0xBF,
    0xFF, 0xFF, 0xC0, 0x1E, 0x03, 0xF0, 0x7F, 0xC1, 0xFE, 0x0F, 0xC1, 0xF8, 0xFF, 0xFF, 0x1F, 0x83,
    0xC0, 0x60, 0x00, 0x1F, 0x8F, 0xF9, 0xFF, 0xB8, 0xF7, 0x1E, 0x07, 0xC1, 0xF0, 0x7C, 0x0F, 0x01,
    0xC0, 0x38, 0x00, 0x00, 0xE0, 0x3C, 0x07, 0x80, 0x70, 0x03, 0xFE, 0x00, 0x7F, 0xFC, 0x07, 0xFF,
    0xF0, 0x7C, 0x07, 0xC3, 0xC7, 0x7E, 0x3C, 0xFF, 0x79, 0xEF, 0xF9, 0xCE, 0x7B, 0xCE, 0x73, 0x8E,
    0x73, 0xB8, 0x73, 0xDD, 0xC3, 0x9E, 0xEF, 0x1C, 0xE7, 0x38, 0xE7, 0x3D, 0xEF, 0xF9, 0xE7, 0xFF,
    0x87, 0xBF, 0x7C, 0x3E, 0x00, 0x00, 0xFF, 0xF8, 0x03, 0xFF, 0xC0, 0x07, 0xFC, 0x00, 0x07, 0xC0,
    0x07, 0xE0, 0x0F, 0xE0, 0x0F, 0xE0, 0x0F, 0xF0, 0x0E, 0xF0, 0x1E, 0xF0, 0x1E, 0x78, 0x1E, 0x78,
    0x3C, 0x78, 0x3F, 0xFC, 0x3F, 0xFC, 0x7F, 0xFC, 0x78, 0x3E, 0x78, 0x1E, 0xF0, 0x1E, 0xFF, 0xCF,
    0xFE, 0xFF, 0xEF, 0x0F, 0xF0, 0xFF, 0x1E, 0xFF, 0xEF, 0xFC, 0xFF, 0xEF, 0x1F, 0xF0, 0xFF, 0x0F,
    0xF0, 0xFF, 0xFF, 0xFF, 0xEF, 0xFC, 0x07, 0xF0, 0x3F, 0xF0, 0xFF, 0xF1, 0xE1, 0xE7, 0x81, 0xEF,
    0x03, 0xDE, 0x00, 0x3C, 0x00, 0x78, 0x00, 0xF0, 0x01, 0xE0, 0x7B, 0xC0, 0xF3, 0xC3, 0xC7, 0xFF,
    0x87, 0xFE, 0x03, 0xF8, 0xFF, 0x83, 0xFF, 0x8F, 0xFF, 0x3C, 0x3C, 0xF0, 0x7B, 0xC1, 0xEF, 0x03,
    0xBC, 0x0E, 0xF0, 0x3B, 0xC0, 0xEF, 0x07, 0xBC, 0x1E, 0xF0, 0xF3, 0xFF, 0xCF, 0xFE, 0x3F, 0xE0,
    0xFF, 0xFF, 0xFF, 0xFF, 0xF8, 0x0F, 0x01, 0xE0, 0x3C, 0x07, 0xFE, 0xFF, 0xDF, 0xFB, 0xC0, 0x78,
    0x0F, 0x01, 0xFF, 0xFF, 0xFF, 0xFF, 0xFF, 0xFF, 0xFF, 0xFF, 0xF8, 0x0F, 0x01, 0xE0, 0x3C, 0x07,
    0xFE, 0xFF, 0xDF, 0xFB, 0xC0, 0x78, 0x0F, 0x01, 0xE0, 0x3C, 0x07, 0x80, 0x07, 0xF0, 0x3F, 0xF0,
    0xFF, 0xF1, 0xE1, 0xE7, 0x81, 0xEF, 0x00, 0x1E, 0x00, 0x3C, 0x7F, 0x78, 0xFE, 0xF1, 0xFD, 0xE0,
    0x7B, 0xC0, 0xF3, 0xC3, 0xC7, 0xFF, 0x87, 0xFE, 0x03, 0xF8, 0xF0, 0x3F, 0xC0, 0xFF, 0x03, 0xFC,
    0x0F, 0xF0, 0x3F, 0xC0, 0xFF, 0xFF, 0xFF, 0xFF, 0xFF, 0xFF, 0xC0, 0xFF, 0x03, 0xFC, 0x0F, 0xF0,
    0x3F, 0xC0, 0xFF, 0x03, 0xFC, 0x0F, 0xFF, 0xFF, 0xFF, 0xFF, 0xFF, 0xFF, 0xFF, 0xFF, 0x01, 0xE0,
    0x3C, 0x07, 0x80, 0xF0, 0x1E, 0x03, 0xC0, 0x78, 0x0F, 0x01, 0xE0, 0x3F, 0xC7, 0xF8, 0xFF, 0x9E,
    0xFF, 0xDF, 0xF0, 0xFC, 0xF0, 0x7B, 0xC3, 0xEF, 0x1F, 0x3C, 0xF8, 0xF7, 0xC3, 0xDE, 0x0F, 0xF8,
    0x3F, 0xC0, 0xFF, 0x83, 0xFF, 0x0F, 0xBC, 0x3C, 0x78, 0xF1, 0xF3, 0xC3, 0xCF, 0x0F, 0xBC, 0x1F,
    0xF0, 0x1E, 0x03, 0xC0, 0x78, 0x0F, 0x01, 0xE0, 0x3C, 0x07, 0x80, 0xF0, 0x1E, 0x03, 0xC0, 0x78,
    0x0F, 0x01, 0xFF, 0xBF, 0xF7, 0xFE, 0xFC, 0x0F, 0xBF, 0x07, 0xEF, 0xC1, 0xFB, 0xF8, 0x7E, 0xFE,
    0x3F, 0xBF, 0x8F, 0xEF, 0xF3, 0xFB, 0xFD, 0xEE, 0xFF, 0x7B, 0xBD, 0xDE, 0xEF, 0x7F, 0x3B, 0xDF,
    0xCE, 0xF3, 0xF3, 0xBC, 0xF8, 0xEF, 0x1E, 0x3B, 0xC7, 0x8E, 0xF8, 0x3F, 0xE0, 0xFF, 0xC3, 0xFF,
    0x0F, 0xFE, 0x3F, 0xF8, 0xFF, 0xF3, 0xFD, 0xEF, 0xF7, 0xBF, 0xCF, 0xFF, 0x3F, 0xFC, 0x7F, 0xF0,
    0xFF, 0xC3, 0xFF, 0x07, 0xFC, 0x1F, 0x07, 0xE0, 0x1F, 0xF8, 0x3F, 0xFC, 0x3C, 0x3C, 0x78, 0x1E,
    0x78, 0x1E, 0x78, 0x1E, 0x78, 0x0E, 0x78, 0x0E, 0x78, 0x1E, 0x78, 0x1E, 0x78, 0x1E, 0x3C, 0x3C,
    0x3F, 0xFC, 0x1F, 0xF8, 0x07, 0xE0, 0xFF, 0x8F, 0xFE, 0xFF, 0xEF, 0x1F, 0xF0, 0xFF, 0x0F, 0xF0,
    0xFF, 0x1F, 0xFF, 0xEF, 0xFE, 0xFF, 0x8F, 0x00, 0xF0, 0x0F, 0x00, 0xF0, 0x0F, 0x00, 0x07, 0xE0,
    0x1F, 0xF8, 0x3F, 0xFC, 0x3E, 0x7C, 0x78, 0x1E, 0x78, 0x1E, 0x78, 0x1E, 0x78, 0x0E, 0x78, 0x0E,
    0x78, 0x1E, 0x79, 0xDE, 0x79, 0xFE, 0x3E, 0xFC, 0x3F, 0xFC, 0x1F, 0xF8, 0x07, 0xFC, 0x00, 0x1E,
    0xFF, 0xC7, 0xFF, 0x3F, 0xF9, 0xE1, 0xEF, 0x0F, 0x78, 0x7B, 0xC3, 0xDE, 0x3E, 0xFF, 0xE7, 0xFE,
    0x3F, 0xF1, 0xE7, 0x8F, 0x1E, 0x78, 0xF3, 0xC3, 0xDE, 0x1E, 0x0F, 0xC1, 0xFF, 0x9F, 0xFC, 0xF0,
    0xF7, 0x87, 0xBE, 0x01, 0xFE, 0x07, 0xFC, 0x1F, 0xF0, 0x1F, 0xC0, 0x1E, 0xE0, 0xF7, 0x87, 0xBF,
    0xFC, 0xFF, 0xC3, 0xFC, 0xFF, 0xFF, 0xFF, 0xF7, 0xFF, 0x81, 0xE0, 0x07, 0x80, 0x1E, 0x00, 0x78,
    0x01, 0xE0, 0x07, 0x80, 0x1E, 0x00, 0x78, 0x01, 0xE0, 0x07, 0x80, 0x1E, 0x00, 0x78, 0x01, 0xE0,
    0xF0, 0x7F, 0x83, 0xFC, 0x1F, 0xE0, 0xFF, 0x07, 0xF8, 0x3F, 0xC1, 0xFE, 0x0F, 0xF0, 0x7F, 0x83,
    0xFC, 0x1F, 0xE0, 0xFF, 0x8F, 0xBF, 0xF8, 0xFF, 0xC3, 0xF8, 0xF0, 0x1E, 0x78, 0x1E, 0x78, 0x3E,
    0x78, 0x3C, 0x3C, 0x3C, 0x3C, 0x3C, 0x3C, 0x78, 0x1E, 0x78, 0x1E, 0x78, 0x1E, 0xF0, 0x0E, 0xF0,
    0x0F, 0xF0, 0x0F, 0xE0, 0x07, 0xE0, 0x07, 0xE0, 0x07, 0xC0, 0xF0, 0x78, 0x79, 0xE3, 0xE1, 0xE7,
    0x8F, 0x87, 0x9E, 0x3F, 0x1E, 0x78, 0xFC, 0xF0, 0xE3, 0xF3, 0xC3, 0xDF, 0xCF, 0x0F, 0x7F, 0xBC,
    0x3D, 0xDF, 0xE0, 0x77, 0x3F, 0x81, 0xFC, 0xFE, 0x07, 0xF3, 0xF8, 0x1F, 0x8F, 0xC0, 0x3E, 0x3F,
    0x00, 0xF8, 0x7C, 0x03, 0xE1, 0xF0, 0x78, 0x3E, 0x78, 0x78, 0xF9, 0xE0, 0xF7, 0xC1, 0xFF, 0x01,
    0xFC, 0x01, 0xF8, 0x03, 0xE0, 0x07, 0xC0, 0x1F, 0xC0, 0x3F, 0xC0, 0xF7, 0x83, 0xE7, 0x87, 0x8F,
    0x9F, 0x0F, 0x7C, 0x1F, 0xF8, 0x3E, 0xF0, 0x79, 0xF1, 0xF1, 0xE3, 0xC1, 0xE7, 0x83, 0xDE, 0x03,
    0xFC, 0x07, 0xF0, 0x07, 0xC0, 0x0F, 0x80, 0x0F, 0x00, 0x1E, 0x00, 0x3C, 0x00, 0x78, 0x00, 0xF0,
    0x01, 0xE0, 0xFF, 0xFF, 0xFF, 0xFF, 0xF0, 0x1E, 0x03, 0xC0, 0x7C, 0x07, 0x80, 0xF0, 0x1F, 0x01,
    0xE0, 0x3C, 0x03, 0xC0, 0x78, 0x0F, 0xFF, 0xFF, 0xFF, 0xFF, 0xFF, 0xFF, 0xFC, 0xF3, 0xCF, 0x3C,
    0xF3, 0xCF, 0x3C, 0xF3, 0xCF, 0x3C, 0xF3, 0xFF, 0xFF, 0xE0, 0xF0, 0x70, 0x70, 0x70, 0x78, 0x38,
    0x38, 0x38, 0x3C, 0x1C, 0x1C, 0x1E, 0x1E, 0x0E, 0x0E, 0x0F, 0x0F, 0x07, 0xFB, 0xEF, 0x8E, 0x38,
    0xE3, 0x8E, 0x38, 0xE3, 0x8E, 0x38, 0xE3, 0x8E, 0x3B, 0xEF, 0xBE, 0x1E, 0x07, 0x83, 0xF0, 0xFC,
    0x73, 0x9C, 0xE7, 0x3C, 0xFF, 0xFF, 0xFF, 0xFC, 0x73, 0xCE, 0x1F, 0x87, 0xF9, 0xFF, 0xB8, 0xF0,
    0x1E, 0x7F, 0xDF, 0xFF, 0xCF, 0xF1, 0xFF, 0xFD, 0xFF, 0x9F, 0x70, 0xF0, 0x0F, 0x00, 0xF0, 0x0F,
    0x00, 0xFF, 0x8F, 0xFC, 0xFF, 0xEF, 0x1E, 0xF0, 0xFF, 0x0F, 0xF0, 0xFF, 0x0F, 0xF1, 0xEF, 0xFE,
    0xFF, 0xCF, 0xF8, 0x1F, 0xC3, 0xFE, 0x7F, 0xE7, 0x8F, 0x78, 0xC7, 0x00, 0x70, 0x07, 0x8E, 0x78,
    0xF7, 0xFE, 0x3F, 0xE1, 0xFC, 0x00, 0xF0, 0x0F, 0x00, 0xF0, 0x0F, 0x1F, 0xF3, 0xFF, 0x7F, 0xF7,
    0x8F, 0x78, 0xFF, 0x0F, 0xF0, 0xF7, 0x8F, 0x78, 0xF7, 0xFF, 0x3F, 0xF1, 0xFF, 0x1F, 0x83, 0xFC,
    0x7F, 0xE7, 0x8F, 0x7F, 0xF7, 0xFF, 0xFF, 0xF7, 0x00, 0x78, 0xE7, 0xFE, 0x3F, 0xE1, 0xFC, 0x0F,
    0x0F, 0x8F, 0xC7, 0x83, 0xC7, 0xFB, 0xFD, 0xFE, 0x3C, 0x1E, 0x0F, 0x07, 0x83, 0xC1, 0xE0, 0xF0,
    0x78, 0x3C, 0x00, 0x1F, 0xF3, 0xFF, 0x7F, 0xF7, 0x8F, 0x78, 0xF7, 0x0F, 0xF0, 0xF7, 0x8F, 0x78,
    0xF7, 0xFF, 0x3F, 0xF1, 0xFF, 0x10, 0xF7, 0xFF, 0x3F, 0xE1, 0xFC, 0xF0, 0x1E, 0x03, 0xC0, 0x78,
    0x0F, 0xF9, 0xFF, 0xBF, 0xFF, 0x8F, 0xF1, 0xFE, 0x3F, 0xC7, 0xF8, 0xFF, 0x1F, 0xE3, 0xFC, 0x7F,
    0x8F, 0xFF, 0xF0, 0xFF, 0xFF, 0xFF, 0xFF, 0xFF, 0xFF, 0x3C, 0xF3, 0xC0, 0x3C, 0xF3, 0xCF, 0x3C,
    0xF3, 0xCF, 0x3C, 0xF3, 0xCF, 0x3F, 0xFF, 0xBC, 0xF0, 0x1E, 0x03, 0xC0, 0x78, 0x0F, 0x3F, 0xE7,
    0xBD, 0xE7, 0xF8, 0xFF, 0x1F, 0xC3, 0xFC, 0x7F, 0x8F, 0x79, 0xEF, 0xBC, 0xF7, 0x8F, 0xFF, 0xFF,
    0xFF, 0xFF, 0xFF, 0xFF, 0xFF, 0xFF, 0xFF, 0xBF, 0x7F, 0xFF, 0xBF, 0xFF, 0xFE, 0x7C, 0xFF, 0x1C,
    0x7F, 0x8E, 0x3F, 0xC7, 0x1F, 0xE3, 0x8F, 0xF1, 0xC7, 0xF8, 0xE3, 0xFC, 0x71, 0xFE, 0x38, 0xF0,
    0xFF, 0x9F, 0xFB, 0xFF, 0xF8, 0xFF, 0x1F, 0xE3, 0xFC, 0x7F, 0x8F, 0xF1, 0xFE, 0x3F, 0xC7, 0xF8,
    0xF0, 0x1F, 0xC3, 0xFE, 0x7F, 0xE7, 0x8F, 0x78, 0xF7, 0x0F, 0x70, 0xF7, 0x8F, 0x78, 0xF7, 0xFE,
    0x3F, 0xE1, 0xFC, 0xFF, 0x8F, 0xFC, 0xFF, 0xEF, 0x1E, 0xF0, 0xFF, 0x0F, 0xF0, 0xFF, 0x0F, 0xF1,
    0xEF, 0xFE, 0xFF, 0xCF, 0xF8, 0xF0, 0x0F, 0x00, 0xF0, 0x0F, 0x00, 0x1F, 0xF3, 0xFF, 0x7F, 0xF7,
    0x8F, 0x78, 0xFF, 0x0F, 0xF0, 0xF7, 0x8F, 0x78, 0xF7, 0xFF, 0x3F, 0xF1, 0xFF, 0x00, 0xF0, 0x0F,
    0x00, 0xF0, 0x0F, 0x00, 0xFE, 0xFE, 0xFE, 0xF0, 0xF0, 0xF0, 0xF0, 0xF0, 0xF0, 0xF0, 0xF0, 0xF0,
    0x1F, 0x8F, 0xF9, 0xFF, 0xBC, 0xF7, 0xC0, 0xFF, 0x07, 0xF8, 0x1F, 0x71, 0xEF, 0xFD, 0xFF, 0x1F,
    0xC0, 0x78, 0x78, 0x78, 0xFE, 0xFE, 0xFE, 0x78, 0x78, 0x78, 0x78, 0x78, 0x78, 0x3E, 0x3E, 0x1F,
    0xF1, 0xFE, 0x3F, 0xC7, 0xF8, 0xFF, 0x1F, 0xE3, 0xFC, 0x7F, 0x8F, 0xF1, 0xFF, 0xFD, 0xFF, 0x9F,
    0xF0, 0xF0, 0xF7, 0x87, 0x9E, 0x3C, 0xF1, 0xC3, 0x9E, 0x1E, 0xF0, 0xF7, 0x03, 0xF8, 0x1F, 0xC0,
    0xFC, 0x03, 0xE0, 0x1F, 0x00, 0xF1, 0xE3, 0xFC, 0x79, 0xE7, 0x3E, 0x79, 0xEF, 0x9E, 0x7B, 0xF7,
    0x1E, 0xFD, 0xC3, 0xBF, 0xF0, 0xFD, 0xFC, 0x3F, 0x3E, 0x07, 0xCF, 0x81, 0xF3, 0xE0, 0x78, 0xF8,
    0x78, 0xF7, 0x9E, 0x3D, 0xC3, 0xFC, 0x1F, 0x81, 0xF8, 0x1F, 0x81, 0xF8, 0x3F, 0xC3, 0x9E, 0x79,
    0xEF, 0x0F, 0xF0, 0xF7, 0x87, 0x9E, 0x3C, 0xF3, 0xC3, 0x9E, 0x1E, 0xF0, 0xF7, 0x03, 0xF8, 0x1F,
    0x80, 0xFC, 0x03, 0xE0, 0x1E, 0x00, 0xF0, 0x1F, 0x81, 0xF8, 0x0F, 0x80, 0xFF, 0xFF, 0xFF, 0xFC,
    0x1E, 0x0F, 0x07, 0x83, 0xE0, 0xF0, 0x78, 0x3F, 0xFF, 0xFF, 0xFF, 0x07, 0x1F, 0x1F, 0x3E, 0x3C,
    0x3C, 0x3C, 0x3C, 0x7C, 0xF8, 0xF0, 0xF8, 0x3C, 0x3C, 0x3C, 0x3C, 0x3C, 0x3E, 0x1F, 0x1F, 0x07,
    0xFF, 0xFF, 0xFF, 0xFF, 0xFF, 0xFF, 0xFF, 0xFF, 0xFF, 0xFF, 0xFF, 0xFF, 0xFF, 0xE0, 0xF0, 0xF8,
    0x78, 0x38, 0x38, 0x38, 0x3C, 0x3C, 0x1F, 0x1F, 0x3F, 0x3C, 0x38, 0x38, 0x38, 0x38, 0x78, 0xF8,
    0xF0, 0xE0, 0x3C, 0x77, 0xE7, 0xFF, 0xFF, 0x7E, 0xE3, 0xE0, 0x77, 0xFE, 0xE0, 0x01, 0xCE, 0x73,
    0x9C, 0xE7, 0x39, 0xCF, 0x78, 0x06, 0x00, 0x60, 0x1F, 0x83, 0xFE, 0x7F, 0xE7, 0xEF, 0x7E, 0xC7,
    0x60, 0xF6, 0x07, 0x6C, 0x7E, 0xF7, 0xFE, 0x3F, 0xE1, 0xFC, 0x06, 0x00, 0x60, 0x0F, 0xC0, 0xFF,
    0x07, 0xFC, 0x78, 0xF3, 0xC7, 0x1E, 0x00, 0xF0, 0x0F, 0xF8, 0x7F, 0xC3, 0xFE, 0x0F, 0x00, 0x78,
    0x03, 0xC7, 0xBF, 0xFD, 0xFF, 0xCF, 0xFE, 0x47, 0x9B, 0xFF, 0xFF, 0xFF, 0xDF, 0x3E, 0x70, 0x39,
    0x80, 0xEE, 0x01, 0xB8, 0x06, 0xE0, 0x19, 0xC0, 0xE7, 0x87, 0x9F, 0xFE, 0xFF, 0xFD, 0xBF, 0x60,
    0x00, 0x00, 0xF0, 0xF7, 0x1E, 0x79, 0xE7, 0x9C, 0x3F, 0xC3, 0xF8, 0x1F, 0x87, 0xFE, 0x7F, 0xE7,
    0xFE, 0x7F, 0xE7, 0xFE, 0x7F, 0xE0, 0xF0, 0x0F, 0x00, 0xF0, 0xFF, 0xFF, 0xF8, 0x00, 0x7F, 0xFF,
    0xFC, 0x1F, 0x87, 0xF9, 0xFF, 0x3C, 0xE7, 0x80, 0x7C, 0x0F, 0xE3, 0xFE, 0x73, 0xEE, 0x1D, 0xE3,
    0xBF, 0xF1, 0xF8, 0x0F, 0x80, 0x7B, 0x8F, 0x7F, 0xC7, 0xF8, 0x7E, 0x00, 0x63, 0x7B, 0xDD, 0xC0,
    0x03, 0xE0, 0x07, 0xFC, 0x07, 0xFF, 0x07, 0xEF, 0xC7, 0x9C, 0xF3, 0xFF, 0xF9, 0xDF, 0xDD, 0xFE,
    0xFF, 0xFE, 0x33, 0xFF, 0x1B, 0xDF, 0xDF, 0xEE, 0xFE, 0xE7, 0xFF, 0xF1, 0xEE, 0xF0, 0xFF, 0xF8,
    0x1F, 0xF8, 0x07, 0xF0, 0x00, 0x3F, 0x3F, 0xDC, 0xE3, 0xF7, 0xFF, 0xDF, 0x9F, 0xFF, 0x7F, 0x80,
    0x0F, 0x78, 0xF7, 0x8F, 0xF8, 0x7F, 0xC7, 0xBC, 0x3D, 0xE0, 0xFF, 0x87, 0xFC, 0x1E, 0xF0, 0x7B,
    0xC0, 0xFF, 0xFF, 0xFF, 0xFC, 0x0F, 0x03, 0xC0, 0x70, 0x0F, 0xC0, 0xFF, 0x0F, 0x3C, 0xE0, 0x66,
    0xFB, 0xB7, 0xED, 0xBF, 0x6D, 0xF3, 0x6F, 0xBB, 0xEF, 0xCE, 0x3C, 0x3F, 0xC0, 0xFC, 0x00, 0xFF,
    0xFF, 0xF8, 0x38, 0x7E, 0xFE, 0xEF, 0xE7, 0xFF, 0xFE, 0x7C, 0x0F, 0x00, 0xF0, 0x0F, 0x0F, 0xFF,
    0xFF, 0xF7, 0xFE, 0x0F, 0x00, 0xF0, 0x00, 0x0F, 0xFF, 0xFF, 0xF7, 0xFE, 0x3F, 0x3F, 0x9D, 0xE0,
    0xF0, 0xF0, 0xF0, 0xF0, 0xFF, 0x7F, 0x80, 0x3F, 0x3F, 0x9C, 0xE0, 0xF1, 0xF0, 0xFD, 0xCE, 0xFF,
    0x3F, 0x00, 0x7B, 0x9C, 0xF1, 0xEF, 0x1E, 0xF1, 0xEF, 0x1E, 0xF1, 0xEF, 0x1E, 0xF1, 0xEF, 0x1E,
    0xF1, 0xEF, 0xFF, 0xFF, 0xFF, 0xEF, 0xF0, 0x0F, 0x00, 0xF0, 0x0F, 0x00, 0x1F, 0xE3, 0xFE, 0x7F,
    0xE7, 0xEE, 0xFE, 0xEF, 0xEE, 0x7E, 0xE7, 0xEE, 0x3E, 0xE1, 0xEE, 0x00, 0xE0, 0x0E, 0x00, 0xE0,
    0x0E, 0x00, 0xE0, 0x0E, 0x77, 0xFE, 0xE0, 0x63, 0x9C, 0x7F, 0x70, 0x7F, 0xFF, 0x73, 0x9C, 0xE7,
    0x38, 0x3F, 0x1F, 0xE7, 0x3F, 0xC7, 0xF1, 0xFC, 0x77, 0x3D, 0xFE, 0x3F, 0x00, 0x7F, 0xC1, 0xFE,
    0x0F, 0x78, 0x3D, 0xE0, 0xF7, 0x87, 0xBC, 0x7B, 0xC7, 0xBC, 0x3F, 0xC3, 0xFE, 0x00, 0x78, 0x0E,
    0x3C, 0x0E, 0x3E, 0x06, 0x07, 0x07, 0x03, 0x87, 0x01, 0xC3, 0x80, 0xE3, 0x80, 0x73, 0x8E, 0x39,
    0xCF, 0x01, 0xC7, 0x81, 0xC7, 0xC0, 0xE3, 0x60, 0xE3, 0xB0, 0xE1, 0xFC, 0x70, 0xFE, 0x70, 0x06,
    0x78, 0x0E, 0x1E, 0x07, 0x0F, 0x81, 0x80, 0xE0, 0xE0, 0x38, 0x70, 0x0E, 0x1C, 0x03, 0x8E, 0x00,
    0xE7, 0x3E, 0x39, 0xDF, 0xC0, 0xE7, 0x70, 0x70, 0x1C, 0x1C, 0x0E, 0x0E, 0x07, 0x07, 0x03, 0x81,
    0xC1, 0xFC, 0xE0, 0x7F, 0x3E, 0x07, 0x0F, 0xC0, 0xE1, 0x98, 0x38, 0x0F, 0x0E, 0x01, 0xE1, 0xC0,
    0x1E, 0x70, 0x19, 0xDC, 0x03, 0xF3, 0x9E, 0x7E, 0xE3, 0xC0, 0x18, 0xF8, 0x07, 0x1F, 0x01, 0xC7,
    0xE0, 0x30, 0xDC, 0x0E, 0x3F, 0xC3, 0x87, 0xF8, 0x70, 0x0E, 0x07, 0x01, 0xE0, 0x3C, 0x03, 0x80,
    0x00, 0x0E, 0x03, 0xC0, 0x78, 0x3E, 0x0F, 0x81, 0xE0, 0x3C, 0x77, 0x9E, 0xFF, 0xDF, 0xF0, 0xFC,
    0x07, 0x00, 0x07, 0x80, 0x03, 0x80, 0x00, 0x00, 0x07, 0xC0, 0x07, 0xE0, 0x0F, 0xE0, 0x0F, 0xE0,
    0x0F, 0xF0, 0x0E, 0xF0, 0x1E, 0xF0, 0x1E, 0x78, 0x1E, 0x78, 0x3C, 0x78, 0x3F, 0xFC, 0x3F, 0xFC,
    0x7F, 0xFC, 0x78, 0x3E, 0x78, 0x1E, 0xF0, 0x1E, 0x01, 0xE0, 0x01, 0xC0, 0x03, 0xC0, 0x00, 0x00,
    0x07, 0xC0, 0x07, 0xE0, 0x0F, 0xE0, 0x0F, 0xE0, 0x0F, 0xF0, 0x0E, 0xF0, 0x1E, 0xF0, 0x1E, 0x78,
    0x1E, 0x78, 0x3C, 0x78, 0x3F, 0xFC, 0x3F, 0xFC, 0x7F, 0xFC, 0x78, 0x3E, 0x78, 0x1E, 0xF0, 0x1E,
    0x03, 0xC0, 0x07, 0xE0, 0x0E, 0xF0, 0x00, 0x00, 0x07, 0xC0, 0x07, 0xE0, 0x0F, 0xE0, 0x0F, 0xE0,
    0x0F, 0xF0, 0x0E, 0xF0, 0x1E, 0xF0, 0x1E, 0x78, 0x1E, 0x78, 0x3C, 0x78, 0x3F, 0xFC, 0x3F, 0xFC,
    0x7F, 0xFC, 0x78, 0x3E, 0x78, 0x1E, 0xF0, 0x1E, 0x07, 0x70, 0x0F, 0xE0, 0x0D, 0xE0, 0x00, 0x00,
    0x00, 0x00, 0x07, 0xC0, 0x07, 0xE0, 0x0F, 0xE0, 0x0F, 0xE0, 0x0F, 0xF0, 0x0E, 0xF0, 0x1E, 0xF0,
    0x1E, 0x78, 0x1E, 0x78, 0x3C, 0x78, 0x3F, 0xFC, 0x3F, 0xFC, 0x7F, 0xFC, 0x78, 0x3E, 0x78, 0x1E,
    0xF0, 0x1E, 0x0E, 0x60, 0x0E, 0xF0, 0x0E, 0xF0, 0x00, 0x00, 0x07, 0xC0, 0x07, 0xE0, 0x0F, 0xE0,
    0x0F, 0xE0, 0x0F, 0xF0, 0x0E, 0xF0, 0x1E, 0xF0, 0x1E, 0x78, 0x1E, 0x78, 0x3C, 0x78, 0x3F, 0xFC,
    0x3F, 0xFC, 0x7F, 0xFC, 0x78, 0x3E, 0x78, 0x1E, 0xF0, 0x1E, 0x03, 0xC0, 0x07, 0xE0, 0x06, 0x60,
    0x06, 0xE0, 0x07, 0xC0, 0x00, 0x00, 0x07, 0xC0, 0x07, 0xE0, 0x0F, 0xE0, 0x0F, 0xE0, 0x0F, 0xF0,
    0x0E, 0xF0, 0x1E, 0xF0, 0x1E, 0x78, 0x1E, 0x78, 0x3C, 0x78, 0x3F, 0xFC, 0x3F, 0xFC, 0x7F, 0xFC,
    0x78, 0x3E, 0x78, 0x1E, 0xF0, 0x1E, 0x03, 0xFF, 0xF8, 0x1F, 0xFF, 0xC0, 0xFF, 0xFC, 0x0F, 0x78,
    0x00, 0x7B, 0xC0, 0x07, 0x9E, 0x00, 0x3C, 0xF0, 0x01, 0xE7, 0xFE, 0x1E, 0x3F, 0xF0, 0xF1, 0xFF,
    0x8F, 0xFF, 0x00, 0x7F, 0xF8, 0x03, 0xFF, 0xC0, 0x3C, 0x1F, 0xF9, 0xE0, 0xFF, 0xFF, 0x07, 0xFF,
    0x07, 0xF0, 0x3F, 0xF0, 0xFF, 0xF1, 0xE1, 0xE7, 0x81, 0xEF, 0x03, 0xDE, 0x00, 0x3C, 0x00, 0x78,
    0x00, 0xF0, 0x01, 0xE0, 0x7B, 0xC0, 0xF3, 0xC3, 0xC7, 0xFF, 0x87, 0xFE, 0x03, 0xF8, 0x01, 0xC0,
    0x03, 0xC0, 0x03, 0x80, 0x1F, 0x00, 0x18, 0x00, 0x3C, 0x03, 0x80, 0x38, 0x00, 0x0F, 0xFF, 0xFF,
    0xFF, 0xFF, 0x80, 0xF0, 0x1E, 0x03, 0xC0, 0x7F, 0xEF, 0xFD, 0xFF, 0xBC, 0x07, 0x80, 0xF0, 0x1F,
    0xFF, 0xFF, 0xFF, 0xF0, 0x07, 0x80, 0xE0, 0x38, 0x00, 0x0F, 0xFF, 0xFF, 0xFF, 0xFF, 0x80, 0xF0,
    0x1E, 0x03, 0xC0, 0x7F, 0xEF, 0xFD, 0xFF, 0xBC, 0x07, 0x80, 0xF0, 0x1F, 0xFF, 0xFF, 0xFF, 0xF0,
    0x1F, 0x07, 0xF1, 0xEF, 0x00, 0x0F, 0xFF, 0xFF, 0xFF, 0xFF, 0x80, 0xF0, 0x1E, 0x03, 0xC0, 0x7F,
    0xEF, 0xFD, 0xFF, 0xBC, 0x07, 0x80, 0xF0, 0x1F, 0xFF, 0xFF, 0xFF, 0xF0, 0x31, 0x8F, 0x78, 0xEE,
    0x00, 0x0F, 0xFF, 0xFF, 0xFF, 0xFF, 0x80, 0xF0, 0x1E, 0x03, 0xC0, 0x7F, 0xEF, 0xFD, 0xFF, 0xBC,
    0x07, 0x80, 0xF0, 0x1F, 0xFF, 0xFF, 0xFF, 0xF0, 0x71, 0xE3, 0x80, 0x3C, 0xF3, 0xCF, 0x3C, 0xF3,
    0xCF, 0x3C, 0xF3, 0xCF, 0x3C, 0xF3, 0xCF, 0x39, 0xC7, 0x00, 0xF3, 0xCF, 0x3C, 0xF3, 0xCF, 0x3C,
    0xF3, 0xCF, 0x3C, 0xF3, 0xCF, 0x3C, 0x1E, 0x0F, 0xC7, 0x78, 0x00, 0x1E, 0x07, 0x81, 0xE0, 0x78,
    0x1E, 0x07, 0x81, 0xE0, 0x78, 0x1E, 0x07, 0x81, 0xE0, 0x78, 0x1E, 0x07, 0x81, 0xE0, 0x78, 0x66,
    0xEF, 0xE7, 0x00, 0x3C, 0x3C, 0x3C, 0x3C, 0x3C, 0x3C, 0x3C, 0x3C, 0x3C, 0x3C, 0x3C, 0x3C, 0x3C,
    0x3C, 0x3C, 0x3C, 0x3F, 0xE0, 0x7F, 0xF0, 0xFF, 0xF1, 0xE1, 0xE3, 0xC1, 0xE7, 0x83, 0xFF, 0xE7,
    0xFF, 0xCF, 0xFF, 0x9E, 0x78, 0x3C, 0xF0, 0x79, 0xE0, 0xF3, 0xC3, 0xC7, 0xFF, 0x8F, 0xFE, 0x1F,
    0xF0, 0x0E, 0xE0, 0x7F, 0x81, 0xFC, 0x00, 0x00, 0x00, 0x03, 0xE0, 0xFF, 0x83, 0xFF, 0x0F, 0xFC,
    0x3F, 0xF8, 0xFF, 0xE3, 0xFF, 0xCF, 0xF7, 0xBF, 0xDE, 0xFF, 0x3F, 0xFC, 0xFF, 0xF1, 0xFF, 0xC3,
    0xFF, 0x0F, 0xFC, 0x1F, 0xF0, 0x7C, 0x07, 0x00, 0x03, 0x80, 0x03, 0x80, 0x00, 0x00, 0x07, 0xE0,
    0x1F, 0xF8, 0x3F, 0xFC, 0x3C, 0x3C, 0x78, 0x1E, 0x78, 0x1E, 0x78, 0x1E, 0x78, 0x0E, 0x78, 0x0E,
    0x78, 0x1E, 0x78, 0x1E, 0x78, 0x1E, 0x3C, 0x3C, 0x3F, 0xFC, 0x1F, 0xF8, 0x07, 0xE0, 0x00, 0xE0,
    0x01, 0xE0, 0x01, 0xC0, 0x00, 0x00, 0x07, 0xE0, 0x1F, 0xF8, 0x3F, 0xFC, 0x3C, 0x3C, 0x78, 0x1E,
    0x78, 0x1E, 0x78, 0x1E, 0x78, 0x0E, 0x78, 0x0E, 0x78, 0x1E, 0x78, 0x1E, 0x78, 0x1E, 0x3C, 0x3C,
    0x3F, 0xFC, 0x1F, 0xF8, 0x07, 0xE0, 0x03, 0xC0, 0x07, 0xE0, 0x0E, 0x70, 0x00, 0x00, 0x07, 0xE0,
    0x1F, 0xF8, 0x3F, 0xFC, 0x3C, 0x3C, 0x78, 0x1E, 0x78, 0x1E, 0x78, 0x1E, 0x78, 0x0E, 0x78, 0x0E,
    0x78, 0x1E, 0x78, 0x1E, 0x78, 0x1E, 0x3C, 0x3C, 0x3F, 0xFC, 0x1F, 0xF8, 0x07, 0xE0, 0x07, 0x70,
    0x0F, 0xF0, 0x0F, 0xE0, 0x00, 0x00, 0x00, 0x00, 0x07, 0xE0, 0x1F, 0xF8, 0x3F, 0xFC, 0x3C, 0x3C,
    0x78, 0x1E, 0x78, 0x1E, 0x78, 0x1E, 0x78, 0x0E, 0x78, 0x0E, 0x78, 0x1E, 0x78, 0x1E, 0x78, 0x1E,
    0x3C, 0x3C, 0x3F, 0xFC, 0x1F, 0xF8, 0x07, 0xE0, 0x06, 0x60, 0x0F, 0xF0, 0x0E, 0x70, 0x00, 0x00,
    0x07, 0xE0, 0x1F, 0xF8, 0x3F, 0xFC, 0x3C, 0x3C, 0x78, 0x1E, 0x78, 0x1E, 0x78, 0x1E, 0x78, 0x0E,
    0x78, 0x0E, 0x78, 0x1E, 0x78, 0x1E, 0x78, 0x1E, 0x3C, 0x3C, 0x3F, 0xFC, 0x1F, 0xF8, 0x07, 0xE0,
    0x20, 0x47, 0x0E, 0x79, 0xF7, 0xFE, 0x3F, 0xC1, 0xF8, 0x1F, 0x83, 0xFC, 0x7F, 0xE7, 0x9F, 0x70,
    0xE0, 0x00, 0x07, 0xEC, 0x1F, 0xFC, 0x3F, 0xFC, 0x3C, 0x3C, 0x78, 0x7E, 0x78, 0x7E, 0x78, 0xFE,
    0x79, 0xCE, 0x7B, 0xCE, 0x7B, 0x9E, 0x7F, 0x1E, 0x7E, 0x1E, 0x3E, 0x3C, 0x3F, 0xFC, 0x3F, 0xF8,
    0x3F, 0xE0, 0x10, 0x00, 0x1E, 0x00, 0x70, 0x01, 0xC0, 0x00, 0x0F, 0x07, 0xF8, 0x3F, 0xC1, 0xFE,
    0x0F, 0xF0, 0x7F, 0x83, 0xFC, 0x1F, 0xE0, 0xFF, 0x07, 0xF8, 0x3F, 0xC1, 0xFE, 0x0F, 0xF8, 0xFB,
    0xFF, 0x8F, 0xFC, 0x3F, 0x80, 0x03, 0xC0, 0x1C, 0x01, 0xC0, 0x00, 0x0F, 0x07, 0xF8, 0x3F, 0xC1,
    0xFE, 0x0F, 0xF0, 0x7F, 0x83, 0xFC, 0x1F, 0xE0, 0xFF, 0x07, 0xF8, 0x3F, 0xC1, 0xFE, 0x0F, 0xF8,
    0xFB, 0xFF, 0x8F, 0xFC, 0x3F, 0x80, 0x0F, 0x80, 0xFE, 0x0F, 0x78, 0x00, 0x0F, 0x07, 0xF8, 0x3F,
    0xC1, 0xFE, 0x0F, 0xF0, 0x7F, 0x83, 0xFC, 0x1F, 0xE0, 0xFF, 0x07, 0xF8, 0x3F, 0xC1, 0xFE, 0x0F,
    0xF8, 0xFB, 0xFF, 0x8F, 0xFC, 0x3F, 0x80, 0x18, 0xC0, 0xEF, 0x07, 0x78, 0x00, 0x0F, 0x07, 0xF8,
    0x3F, 0xC1, 0xFE, 0x0F, 0xF0, 0x7F, 0x83, 0xFC, 0x1F, 0xE0, 0xFF, 0x07, 0xF8, 0x3F, 0xC1, 0xFE,
    0x0F, 0xF8, 0xFB, 0xFF, 0x8F, 0xFC, 0x3F, 0x80, 0x01, 0xE0, 0x03, 0x80, 0x0E, 0x00, 0x00, 0x0F,
    0x83, 0xEF, 0x07, 0x9F, 0x1F, 0x1E, 0x3C, 0x1E, 0x78, 0x3D, 0xE0, 0x3F, 0xC0, 0x7F, 0x00, 0x7C,
    0x00, 0xF8, 0x00, 0xF0, 0x01, 0xE0, 0x03, 0xC0, 0x07, 0x80, 0x0F, 0x00, 0x1E, 0x00, 0xF0, 0x0F,
    0x00, 0xF0, 0x0F, 0xF8, 0xFF, 0xCF, 0xFE, 0xF1, 0xFF, 0x0F, 0xF0, 0xFF, 0x1E, 0xFF, 0xEF, 0xFC,
    0xFF, 0x0F, 0x00, 0xF0, 0x0F, 0x00, 0x3F, 0x87, 0xFC, 0xFF, 0xEF, 0x1E, 0xF1, 0xEF, 0x1E, 0xF3,
    0xEF, 0x7C, 0xF7, 0xEF, 0x7F, 0xF0, 0xFF, 0x0F, 0xF0, 0xFF, 0x7F, 0xF7, 0xEF, 0x7C, 0x1C, 0x03,
    0xC0, 0x38, 0x00, 0x01, 0xF8, 0x7F, 0x9F, 0xFB, 0x8F, 0x01, 0xE7, 0xFD, 0xFF, 0xFC, 0xFF, 0x1F,
    0xFF, 0xDF, 0xF9, 0xF7, 0x03, 0x80, 0xF0, 0x1C, 0x00, 0x01, 0xF8, 0x7F, 0x9F, 0xFB, 0x8F, 0x01,
    0xE7, 0xFD, 0xFF, 0xFC, 0xFF, 0x1F, 0xFF, 0xDF, 0xF9, 0xF7, 0x0F, 0x03, 0xF0, 0xE7, 0x00, 0x01,
    0xF8, 0x7F, 0x9F, 0xFB, 0x8F, 0x01, 0xE7, 0xFD, 0xFF, 0xFC, 0xFF, 0x1F, 0xFF, 0xDF, 0xF9, 0xF7,
    0x1D, 0xC7, 0xF8, 0xFE, 0x00, 0x00, 0x00, 0x3F, 0x0F, 0xF3, 0xFF, 0x71, 0xE0, 0x3C, 0xFF, 0xBF,
    0xFF, 0x9F, 0xE3, 0xFF, 0xFB, 0xFF, 0x3E, 0xE0, 0x19, 0x87, 0xF8, 0xE7, 0x00, 0x01, 0xF8, 0x7F,
    0x9F, 0xFB, 0x8F, 0x01, 0xE7, 0xFD, 0xFF, 0xFC, 0xFF, 0x1F, 0xFF, 0xDF, 0xF9, 0xF7, 0x0F, 0x03,
    0xF0, 0x66, 0x0F, 0xC0, 0xF0, 0x00, 0x07, 0xE1, 0xFE, 0x7F, 0xEE, 0x3C, 0x07, 0x9F, 0xF7, 0xFF,
    0xF3, 0xFC, 0x7F, 0xFF, 0x7F, 0xE7, 0xDC, 0x1F, 0xBF, 0x07, 0xFF, 0xF1, 0xFF, 0xFF, 0x38, 0xF1,
    0xE1, 0xFF, 0xFC, 0x7F, 0xFF, 0x9F, 0xFF, 0xFF, 0xCF, 0x00, 0xF1, 0xE1, 0xDF, 0xFF, 0xF9, 0xFF,
    0xFE, 0x1F, 0x9F, 0x80, 0x1F, 0xC3, 0xFE, 0x7F, 0xE7, 0x8F, 0x78, 0xC7, 0x00, 0x70, 0x07, 0x8E,
    0x78, 0xF7, 0xFE, 0x3F, 0xE1, 0xFC, 0x07, 0x00, 0x78, 0x01, 0x80, 0x78, 0x06, 0x00, 0x1E, 0x00,
    0xE0, 0x0E, 0x00, 0x00, 0x1F, 0x83, 0xFC, 0x7F, 0xE7, 0x8F, 0x7F, 0xF7, 0xFF, 0xFF, 0xF7, 0x00,
    0x78, 0xE7, 0xFE, 0x3F, 0xE1, 0xFC, 0x03, 0x80, 0x78, 0x07, 0x00, 0x00, 0x1F, 0x83, 0xFC, 0x7F,
    0xE7, 0x8F, 0x7F, 0xF7, 0xFF, 0xFF, 0xF7, 0x00, 0x78, 0xE7, 0xFE, 0x3F, 0xE1, 0xFC, 0x0F, 0x01,
    0xF8, 0x3D, 0xC0, 0x00, 0x1F, 0x83, 0xFC, 0x7F, 0xE7, 0x8F, 0x7F, 0xF7, 0xFF, 0xFF, 0xF7, 0x00,
    0x78, 0xE7, 0xFE, 0x3F, 0xE1, 0xFC, 0x19, 0xC3, 0xDC, 0x3D, 0xC0, 0x00, 0x1F, 0x83, 0xFC, 0x7F,
    0xE7, 0x8F, 0x7F, 0xF7, 0xFF, 0xFF, 0xF7, 0x00, 0x78, 0xE7, 0xFE, 0x3F, 0xE1, 0xFC, 0x71, 0xE3,
    0x80, 0x3C, 0xF3, 0xCF, 0x3C, 0xF3, 0xCF, 0x3C, 0xF3, 0xCF, 0x7B, 0x9C, 0x0F, 0x7B, 0xDE, 0xF7,
    0xBD, 0xEF, 0x7B, 0xDE, 0x1E, 0x1F, 0x9D, 0xE0, 0x01, 0xE0, 0xF0, 0x78, 0x3C, 0x1E, 0x0F, 0x07,
    0x83, 0xC1, 0xE0, 0xF0, 0x78, 0x3C, 0xE6, 0xEF, 0xEF, 0x00, 0x3C, 0x3C, 0x3C, 0x3C, 0x3C, 0x3C,
    0x3C, 0x3C, 0x3C, 0x3C, 0x3C, 0x3C, 0x00, 0x03, 0xCC, 0x3F, 0xC0, 0xF8, 0x1F, 0x83, 0xBC, 0x0F,
    0xE3, 0xFE, 0x7F, 0xF7, 0xDF, 0x78, 0xF7, 0x0F, 0xF0, 0xF7, 0x0F, 0x78, 0xF7, 0xFE, 0x3F, 0xC1,
    0xF8, 0x1D, 0x87, 0xF0, 0xDE, 0x00, 0x00, 0x01, 0xFF, 0x3F, 0xF7, 0xFF, 0xF1, 0xFE, 0x3F, 0xC7,
    0xF8, 0xFF, 0x1F, 0xE3, 0xFC, 0x7F, 0x8F, 0xF1, 0xE0, 0x1E, 0x00, 0xE0, 0x07, 0x00, 0x00, 0x1F,
    0xC3, 0xFE, 0x7F, 0xE7, 0x8F, 0x78, 0xF7, 0x0F, 0x70, 0xF7, 0x8F, 0x78, 0xF7, 0xFE, 0x3F, 0xE1,
    0xFC, 0x03, 0xC0, 0x38, 0x07, 0x00, 0x00, 0x1F, 0xC3, 0xFE, 0x7F, 0xE7, 0x8F, 0x78, 0xF7, 0x0F,
    0x70, 0xF7, 0x8F, 0x78, 0xF7, 0xFE, 0x3F, 0xE1, 0xFC, 0x0F, 0x81, 0xFC, 0x3D, 0xE0, 0x00, 0x1F,
    0xC3, 0xFE, 0x7F, 0xE7, 0x8F, 0x78, 0xF7, 0x0F, 0x70, 0xF7, 0x8F, 0x78, 0xF7, 0xFE, 0x3F, 0xE1,
    0xFC, 0x1E, 0xC1, 0xFC, 0x1F, 0xC0, 0x00, 0x00, 0x01, 0xFC, 0x3F, 0xE7, 0xFE, 0x78, 0xF7, 0x8F,
    0x70, 0xF7, 0x0F, 0x78, 0xF7, 0x8F, 0x7F, 0xE3, 0xFE, 0x1F, 0xC0, 0x18, 0xC3, 0xDC, 0x3D, 0xC0,
    0x00, 0x1F, 0xC3, 0xFE, 0x7F, 0xE7, 0x8F, 0x78, 0xF7, 0x0F, 0x70, 0xF7, 0x8F, 0x78, 0xF7, 0xFE,
    0x3F, 0xE1, 0xFC, 0x0F, 0x00, 0xF0, 0x0F, 0x00, 0xF0, 0x7F, 0xE7, 0xFF, 0x7F, 0xF0, 0x00, 0x0F,
    0x00, 0xF0, 0x0F, 0x00, 0xF0, 0x1F, 0xF3, 0xFF, 0x7F, 0xE7, 0x9F, 0x79, 0xF7, 0x3F, 0x77, 0xF7,
    0xEF, 0x7C, 0xF7, 0xFE, 0x7F, 0xE7, 0xFC, 0x40, 0x00, 0x3C, 0x03, 0x80, 0x38, 0x00, 0x0F, 0x1F,
    0xE3, 0xFC, 0x7F, 0x8F, 0xF1, 0xFE, 0x3F, 0xC7, 0xF8, 0xFF, 0x1F, 0xFF, 0xDF, 0xF9, 0xFF, 0x07,
    0x80, 0xE0, 0x38, 0x00, 0x0F, 0x1F, 0xE3, 0xFC, 0x7F, 0x8F, 0xF1, 0xFE, 0x3F, 0xC7, 0xF8, 0xFF,
    0x1F, 0xFF, 0xDF, 0xF9, 0xFF, 0x1F, 0x07, 0xF1, 0xEF, 0x00, 0x0F, 0x1F, 0xE3, 0xFC, 0x7F, 0x8F,
    0xF1, 0xFE, 0x3F, 0xC7, 0xF8, 0xFF, 0x1F, 0xFF, 0xDF, 0xF9, 0xFF, 0x31, 0x8F, 0x78, 0xEE, 0x00,
    0x0F, 0x1F, 0xE3, 0xFC, 0x7F, 0x8F, 0xF1, 0xFE, 0x3F, 0xC7, 0xF8, 0xFF, 0x1F, 0xFF, 0xDF, 0xF9,
    0xFF, 0x03, 0xC0, 0x3C, 0x01, 0xC0, 0x00, 0x0F, 0x0F, 0x78, 0x79, 0xE3, 0xCF, 0x3C, 0x39, 0xE1,
    0xEF, 0x0F, 0x70, 0x3F, 0x81, 0xF8, 0x0F, 0xC0, 0x3E, 0x01, 0xE0, 0x0F, 0x01, 0xF8, 0x1F, 0x80,
    0xF8, 0x00, 0xF0, 0x0F, 0x00, 0xF0, 0x0F, 0x00, 0xFF, 0x8F, 0xFC, 0xFF, 0xEF, 0x1E, 0xF0, 0xFF,
    0x0F, 0xF0, 0xFF, 0x0F, 0xF1, 0xEF, 0xFE, 0xFF, 0xCF, 0xF8, 0xF0, 0x0F, 0x00, 0xF0, 0x0F, 0x00,
    0x19, 0xC1, 0xEE, 0x0F, 0x70, 0x00, 0x0F, 0x0F, 0x78, 0x79, 0xE3, 0xCF, 0x3C, 0x39, 0xE1, 0xEF,
    0x0F, 0x70, 0x3F, 0x81, 0xF8, 0x0F, 0xC0, 0x3E, 0x01, 0xE0, 0x0F, 0x01, 0xF8, 0x1F, 0x80, 0xF8,
    0x00, 0x07, 0xE0, 0x0F, 0xE0, 0x0F, 0xE0, 0x00, 0x00, 0x00, 0x00, 0x07, 0xC0, 0x07, 0xE0, 0x0F,
    0xE0, 0x0F, 0xE0, 0x0F, 0xF0, 0x0E, 0xF0, 0x1E, 0xF0, 0x1E, 0x78, 0x1E, 0x78, 0x3C, 0x78, 0x3F,
    0xFC, 0x3F, 0xFC, 0x7F, 0xFC, 0x78, 0x3E, 0x78, 0x1E, 0xF0, 0x1E, 0x1F, 0x83, 0xF0, 0x7E, 0x00,
    0x00, 0x00, 0x3F, 0x0F, 0xF3, 0xFF, 0x71, 0xE0, 0x3C, 0xFF, 0xBF, 0xFF, 0x9F, 0xE3, 0xFF, 0xFB,
    0xFF, 0x3E, 0xE0, 0x0C, 0x60, 0x0E, 0x60, 0x0F, 0xE0, 0x07, 0xC0, 0x00, 0x00, 0x07, 0xC0, 0x07,
    0xE0, 0x0F, 0xE0, 0x0F, 0xE0, 0x0F, 0xF0, 0x0E, 0xF0, 0x1E, 0xF0, 0x1E, 0x78, 0x1E, 0x78, 0x3C,
    0x78, 0x3F, 0xFC, 0x3F, 0xFC, 0x7F, 0xFC, 0x78, 0x3E, 0x78, 0x1E, 0xF0, 0x1E, 0x39, 0xC7, 0x38,
    0x7E, 0x07, 0x80, 0x00, 0x3F, 0x0F, 0xF3, 0xFF, 0x71, 0xE0, 0x3C, 0xFF, 0xBF, 0xFF, 0x9F, 0xE3,
    0xFF, 0xFB, 0xFF, 0x3E, 0xE0, 0x07, 0xC0, 0x07, 0xE0, 0x0F, 0xE0, 0x0F, 0xE0, 0x0F, 0xF0, 0x0E,
    0xF0, 0x1E, 0xF0, 0x1E, 0x78, 0x1E, 0x78, 0x3C, 0x78, 0x3F, 0xFC, 0x3F, 0xFC, 0x7F, 0xFC, 0x78,
    0x3E, 0x78, 0x1E, 0xF0, 0x1E, 0x00, 0x1C, 0x00, 0x3C, 0x00, 0x3F, 0x00, 0x1F, 0x1F, 0x83, 0xFC,
    0x7F, 0xE7, 0x1E, 0x01, 0xE3, 0xFE, 0x7F, 0xEF, 0x9E, 0xF1, 0xEF, 0xFE, 0x7F, 0xE3, 0xFE, 0x03,
    0xC0, 0x3C, 0x03, 0xE0, 0x1E, 0x00, 0xE0, 0x03, 0xC0, 0x07, 0x00, 0x00, 0x00, 0x7F, 0x03, 0xFF,
    0x0F, 0xFF, 0x1E, 0x1E, 0x78, 0x1E, 0xF0, 0x3D, 0xE0, 0x03, 0xC0, 0x07, 0x80, 0x0F, 0x00, 0x1E,
    0x07, 0xBC, 0x0F, 0x3C, 0x3C, 0x7F, 0xF8, 0x7F, 0xE0, 0x3F, 0x80, 0x03, 0xC0, 0x38, 0x07, 0x00,
    0x00, 0x1F, 0xC3, 0xFE, 0x7F, 0xE7, 0x8F, 0x78, 0xC7, 0x00, 0x70, 0x07, 0x8E, 0x78, 0xF7, 0xFE,
    0x3F, 0xE1, 0xFC, 0x03, 0xC0, 0x0F, 0xC0, 0x39, 0xC0, 0x00, 0x00, 0x7F, 0x03, 0xFF, 0x0F, 0xFF,
    0x1E, 0x1E, 0x78, 0x1E, 0xF0, 0x3D, 0xE0, 0x03, 0xC0, 0x07, 0x80, 0x0F, 0x00, 0x1E, 0x07, 0xBC,
    0x0F, 0x3C, 0x3C, 0x7F, 0xF8, 0x7F, 0xE0, 0x3F, 0x80, 0x0F, 0x81, 0xFC, 0x3D, 0xE0, 0x00, 0x1F,
    0xC3, 0xFE, 0x7F, 0xE7, 0x8F, 0x78, 0xC7, 0x00, 0x70, 0x07, 0x8E, 0x78, 0xF7, 0xFE, 0x3F, 0xE1,
    0xFC, 0x03, 0xC0, 0x07, 0x80, 0x0F, 0x00, 0x00, 0x00, 0x7F, 0x03, 0xFF, 0x0F, 0xFF, 0x1E, 0x1E,
    0x78, 0x1E, 0xF0, 0x3D, 0xE0, 0x03, 0xC0, 0x07, 0x80, 0x0F, 0x00, 0x1E, 0x07, 0xBC, 0x0F, 0x3C,
    0x3C, 0x7F, 0xF8, 0x7F, 0xE0, 0x3F, 0x80, 0x07, 0x00, 0xF0, 0x07, 0x00, 0x00, 0x1F, 0xC3, 0xFE,
    0x7F, 0xE7, 0x8F, 0x78, 0xC7, 0x00, 0x70, 0x07, 0x8E, 0x78, 0xF7, 0xFE, 0x3F, 0xE1, 0xFC, 0x0E,
    0x70, 0x0F, 0xC0, 0x0F, 0x00, 0x00, 0x00, 0x7F, 0x03, 0xFF, 0x0F, 0xFF, 0x1E, 0x1E, 0x78, 0x1E,
    0xF0, 0x3D, 0xE0, 0x03, 0xC0, 0x07, 0x80, 0x0F, 0x00, 0x1E, 0x07, 0xBC, 0x0F, 0x3C, 0x3C, 0x7F,
    0xF8, 0x7F, 0xE0, 0x3F, 0x80, 0x3D, 0xE1, 0xFC, 0x0F, 0x80, 0x00, 0x1F, 0xC3, 0xFE, 0x7F, 0xE7,
    0x8F, 0x78, 0xC7, 0x00, 0x70, 0x07, 0x8E, 0x78, 0xF7, 0xFE, 0x3F, 0xE1, 0xFC, 0x7B, 0x80, 0xFC,
    0x01, 0xE0, 0x00, 0x00, 0xFF, 0x83, 0xFF, 0x8F, 0xFF, 0x3C, 0x3C, 0xF0, 0x7B, 0xC1, 0xEF, 0x03,
    0xBC, 0x0E, 0xF0, 0x3B, 0xC0, 0xEF, 0x07, 0xBC, 0x1E, 0xF0, 0xF3, 0xFF, 0xCF, 0xFE, 0x3F, 0xE0,
    0x00, 0x07, 0x00, 0xF7, 0x00, 0xF6, 0x00, 0xF6, 0x00, 0xF0, 0x1F, 0xF0, 0x3F, 0xF0, 0x7F, 0xF0,
    0x78, 0xF0, 0x78, 0xF0, 0xF0, 0xF0, 0xF0, 0xF0, 0x78, 0xF0, 0x78, 0xF0, 0x7F, 0xF0, 0x3F, 0xF0,
    0x1F, 0xF0, 0x3F, 0xE0, 0x7F, 0xF0, 0xFF, 0xF1, 0xE1, 0xE3, 0xC1, 0xE7, 0x83, 0xFF, 0xE7, 0xFF,
    0xCF, 0xFF, 0x9E, 0x78, 0x3C, 0xF0, 0x79, 0xE0, 0xF3, 0xC3, 0xC7, 0xFF, 0x8F, 0xFE, 0x1F, 0xF0,
    0x00, 0xF0, 0x1F, 0xE0, 0x7F, 0x80, 0x3C, 0x1F, 0xF0, 0xFF, 0xC7, 0xFF, 0x1E, 0x3C, 0x78, 0xF3,
    0xC3, 0xCF, 0x0F, 0x1E, 0x3C, 0x78, 0xF1, 0xFF, 0xC3, 0xFF, 0x07, 0xFC, 0x3F, 0x87, 0xF0, 0xFE,
    0x00, 0x00, 0x01, 0xFF, 0xFF, 0xFF, 0xFF, 0xF0, 0x1E, 0x03, 0xC0, 0x78, 0x0F, 0xFD, 0xFF, 0xBF,
    0xF7, 0x80, 0xF0, 0x1E, 0x03, 0xFF, 0xFF, 0xFF, 0xFE, 0x1F, 0x81, 0xFC, 0x1F, 0xC0, 0x00, 0x00,
    0x01, 0xF8, 0x3F, 0xC7, 0xFE, 0x78, 0xF7, 0xFF, 0x7F, 0xFF, 0xFF, 0x70, 0x07, 0x8E, 0x7F, 0xE3,
    0xFE, 0x1F, 0xC0, 0x31, 0x87, 0x70, 0xFE, 0x0F, 0x80, 0x01, 0xFF, 0xFF, 0xFF, 0xFF, 0xF0, 0x1E,
    0x03, 0xC0, 0x78, 0x0F, 0xFD, 0xFF, 0xBF, 0xF7, 0x80, 0xF0, 0x1E, 0x03, 0xFF, 0xFF, 0xFF, 0xFE,
    0x18, 0xC1, 0x9C, 0x1F, 0xC0, 0xF8, 0x00, 0x01, 0xF8, 0x3F, 0xC7, 0xFE, 0x78, 0xF7, 0xFF, 0x7F,
    0xFF, 0xFF, 0x70, 0x07, 0x8E, 0x7F, 0xE3, 0xFE, 0x1F, 0xC0, 0x0E, 0x03, 0xC0, 0x38, 0x00, 0x0F,
    0xFF, 0xFF, 0xFF, 0xFF, 0x80, 0xF0, 0x1E, 0x03, 0xC0, 0x7F, 0xEF, 0xFD, 0xFF, 0xBC, 0x07, 0x80,
    0xF0, 0x1F, 0xFF, 0xFF, 0xFF, 0xF0, 0x07, 0x00, 0xF0, 0x07, 0x00, 0x00, 0x1F, 0x83, 0xFC, 0x7F,
    0xE7, 0x8F, 0x7F, 0xF7, 0xFF, 0xFF, 0xF7, 0x00, 0x78, 0xE7, 0xFE, 0x3F, 0xE1, 0xFC, 0xFF, 0xEF,
    0xFE, 0xFF, 0xEF, 0x00, 0xF0, 0x0F, 0x00, 0xF0, 0x0F, 0xFC, 0xFF, 0xCF, 0xFC, 0xF0, 0x0F, 0x00,
    0xF0, 0x0F, 0xFE, 0xFF, 0xEF, 0xFE, 0x01, 0xC0, 0x38, 0x03, 0xE0, 0x3E, 0x01, 0xE0, 0x1F, 0x83,
    0xFC, 0x7F, 0xE7, 0x8F, 0x7F, 0xF7, 0xFF, 0xFF, 0xF7, 0x00, 0x78, 0xF7, 0xFE, 0x3F, 0xE1, 0xFC,
    0x03, 0xC0, 0x3E, 0x03, 0xF0, 0x1F, 0x7B, 0xC7, 0xF0, 0x7C, 0x00, 0x0F, 0xFF, 0xFF, 0xFF, 0xFF,
    0x80, 0xF0, 0x1E, 0x03, 0xC0, 0x7F, 0xEF, 0xFD, 0xFF, 0xBC, 0x07, 0x80, 0xF0, 0x1F, 0xFF, 0xFF,
    0xFF, 0xF0, 0x3D, 0xC1, 0xF8, 0x0F, 0x00, 0x00, 0x1F, 0x83, 0xFC, 0x7F, 0xE7, 0x8F, 0x7F, 0xF7,
    0xFF, 0xFF, 0xF7, 0x00, 0x78, 0xE7, 0xFE, 0x3F, 0xE1, 0xFC, 0x03, 0xC0, 0x0F, 0xC0, 0x3B, 0xC0,
    0x00, 0x00, 0x7F, 0x03, 0xFF, 0x0F, 0xFF, 0x1E, 0x1E, 0x78, 0x1E, 0xF0, 0x01, 0xE0, 0x03, 0xC7,
    0xF7, 0x8F, 0xEF, 0x1F, 0xDE, 0x07, 0xBC, 0x0F, 0x3C, 0x3C, 0x7F, 0xF8, 0x7F, 0xE0, 0x3F, 0x80,
    0x0F, 0x81, 0xFC, 0x3D, 0xE0, 0x00, 0x1F, 0xF3, 0xFF, 0x7F, 0xF7, 0x8F, 0x78, 0xF7, 0x0F, 0xF0,
    0xF7, 0x8F, 0x78, 0xF7, 0xFF, 0x3F, 0xF1, 0xFF, 0x10, 0xF7, 0xFF, 0x3F, 0xE1, 0xFC, 0x0E, 0x70,
    0x1C, 0xE0, 0x1F, 0x80, 0x1E, 0x00, 0x00, 0x00, 0xFE, 0x07, 0xFE, 0x1F, 0xFE, 0x3C, 0x3C, 0xF0,
    0x3D, 0xE0, 0x03, 0xC0, 0x07, 0x8F, 0xEF, 0x1F, 0xDE, 0x3F, 0xBC, 0x0F, 0x78, 0x1E, 0x78, 0x78,
    0xFF, 0xF0, 0xFF, 0xC0, 0x7F, 0x00, 0x18, 0xC1, 0xDC, 0x1F, 0xC0, 0xF8, 0x00, 0x01, 0xFF, 0x3F,
    0xF7, 0xFF, 0x78, 0xF7, 0x8F, 0x70, 0xFF, 0x0F, 0x78, 0xF7, 0x8F, 0x7F, 0xF3, 0xFF, 0x1F, 0xF1,
    0x0F, 0x7F, 0xF3, 0xFE, 0x1F, 0xC0, 0x03, 0xC0, 0x07, 0x80, 0x0F, 0x00, 0x00, 0x00, 0x7F, 0x03,
    0xFF, 0x0F, 0xFF, 0x1E, 0x1E, 0x78, 0x1E, 0xF0, 0x01, 0xE0, 0x03, 0xC7, 0xF7, 0x8F, 0xEF, 0x1F,
    0xDE, 0x07, 0xBC, 0x0F, 0x3C, 0x3C, 0x7F, 0xF8, 0x7F, 0xE0, 0x3F, 0x80, 0x07, 0x00, 0xF0, 0x07,
    0x00, 0x00, 0x1F, 0xF3, 0xFF, 0x7F, 0xF7, 0x8F, 0x78, 0xF7, 0x0F, 0xF0, 0xF7, 0x8F, 0x78, 0xF7,
    0xFF, 0x3F, 0xF1, 0xFF, 0x10, 0xF7, 0xFF, 0x3F, 0xE1, 0xFC, 0x07, 0xF0, 0x3F, 0xF0, 0xFF, 0xF1,
    0xE1, 0xE7, 0x81, 0xEF, 0x00, 0x1E, 0x00, 0x3C, 0x7F, 0x78, 0xFE, 0xF1, 0xFD, 0xE0, 0x7B, 0xC0,
    0xF3, 0xC3, 0xC7, 0xFF, 0x87, 0xFE, 0x03, 0xF8, 0x00, 0x00, 0x07, 0x80, 0x0E, 0x00, 0x1C, 0x00,
    0x70, 0x00, 0x03, 0x00, 0x70, 0x07, 0x00, 0x70, 0x07, 0x00, 0x00, 0x1F, 0xF3, 0xFF, 0x7F, 0xF7,
    0x8F, 0x78, 0xF7, 0x0F, 0xF0, 0xF7, 0x8F, 0x78, 0xF7, 0xFF, 0x3F, 0xF1, 0xFF, 0x10, 0xF7, 0xFF,
    0x3F, 0xE1, 0xFC, 0x07, 0x80, 0x3F, 0x01, 0xDE, 0x00, 0x00, 0xF0, 0x3F, 0xC0, 0xFF, 0x03, 0xFC,
    0x0F, 0xF0, 0x3F, 0xC0, 0xFF, 0xFF, 0xFF, 0xFF, 0xFF, 0xFF, 0xC0, 0xFF, 0x03, 0xFC, 0x0F, 0xF0,
    0x3F, 0xC0, 0xFF, 0x03, 0xFC, 0x0F, 0x1E, 0x00, 0xFC, 0x07, 0x78, 0x00, 0x00, 0x1E, 0x00, 0x78,
    0x01, 0xE0, 0x07, 0x80, 0x1F, 0xF0, 0x7F, 0xE1, 0xFF, 0xC7, 0x8F, 0x1E, 0x3C, 0x78, 0xF1, 0xE3,
    0xC7, 0x8F, 0x1E, 0x3C, 0x78, 0xF1, 0xE3, 0xC7, 0x8F, 0x38, 0x1E, 0x1C, 0x0F, 0x0E, 0x07, 0x9F,
    0xFF, 0xEF, 0xFF, 0xF1, 0xC0, 0xF0, 0xFF, 0xF8, 0x7F, 0xFC, 0x3F, 0xFE, 0x1C, 0x0F, 0x0E, 0x07,
    0x87, 0x03, 0xC3, 0x81, 0xE1, 0xC0, 0xF0, 0xE0, 0x78, 0x70, 0x3C, 0x3C, 0x03, 0xFC, 0x1F, 0xE0,
    0x78, 0x03, 0xFE, 0x1F, 0xF8, 0xFF, 0xE7, 0x8F, 0x3C, 0x79, 0xE3, 0xCF, 0x1E, 0x78, 0xF3, 0xC7,
    0x9E, 0x3C, 0xF1, 0xE7, 0x8F, 0x77, 0xFF, 0xFE, 0x00, 0x00, 0x3C, 0x3C, 0x3C, 0x3C, 0x3C, 0x3C,
    0x3C, 0x3C, 0x3C, 0x3C, 0x3C, 0x3C, 0x3C, 0x3C, 0x3C, 0x3C, 0x77, 0xFE, 0xFE, 0x00, 0x00, 0x3C,
    0x3C, 0x3C, 0x3C, 0x3C, 0x3C, 0x3C, 0x3C, 0x3C, 0x3C, 0x3C, 0x3C, 0x7E, 0xFD, 0xF8, 0x00, 0x07,
    0x8F, 0x1E, 0x3C, 0x78, 0xF1, 0xE3, 0xC7, 0x8F, 0x1E, 0x3C, 0x78, 0xF1, 0xE3, 0xC0, 0x7F, 0xFF,
    0xF8, 0x00, 0x07, 0x8F, 0x1E, 0x3C, 0x78, 0xF1, 0xE3, 0xC7, 0x8F, 0x1E, 0x3C, 0xC7, 0xE7, 0x7E,
    0x3C, 0x00, 0x3C, 0x3C, 0x3C, 0x3C, 0x3C, 0x3C, 0x3C, 0x3C, 0x3C, 0x3C, 0x3C, 0x3C, 0x3C, 0x3C,
    0x3C, 0x3C, 0xC7, 0xE7, 0x7E, 0x7C, 0x00, 0x3C, 0x3C, 0x3C, 0x3C, 0x3C, 0x3C, 0x3C, 0x3C, 0x3C,
    0x3C, 0x3C, 0x3C, 0x7B, 0xDE, 0xF7, 0xBD, 0xEF, 0x7B, 0xDE, 0xF7, 0xBD, 0xEF, 0xF7, 0x3F, 0xF7,
    0x80, 0x7B, 0xDE, 0x07, 0xBD, 0xEF, 0x7B, 0xDE, 0xF7, 0xBD, 0xEF, 0xF7, 0x3F, 0xFF, 0x80, 0xFF,
    0xF0, 0xFF, 0xFF, 0xFF, 0xFF, 0xFF, 0xFF, 0xFF, 0xFF, 0xFF, 0xFF, 0xFF, 0xFF, 0xFF, 0xFF, 0xF0,
    0x0F, 0xF0, 0x0F, 0xF0, 0x0F, 0xF0, 0x0F, 0xF0, 0x0F, 0xF0, 0x0F, 0xF0, 0x0F, 0xF0, 0x0F, 0xF0,
    0x0F, 0xF0, 0x0F, 0xF7, 0x8F, 0xF7, 0x8F, 0xF7, 0x8F, 0xF3, 0xFF, 0xF3, 0xFE, 0xF1, 0xFC, 0xF3,
    0xBD, 0xEF, 0x38, 0x00, 0xF3, 0xBC, 0xEF, 0x3B, 0xCE, 0xF3, 0xBC, 0xEF, 0x3B, 0xCE, 0xF3, 0xBC,
    0xEF, 0x3B, 0xCE, 0x07, 0x83, 0xE0, 0xF8, 0x3C, 0x01, 0xE0, 0x0F, 0xC0, 0x7B, 0x80, 0x00, 0x01,
    0xE0, 0x07, 0x80, 0x1E, 0x00, 0x78, 0x01, 0xE0, 0x07, 0x80, 0x1E, 0x00, 0x78, 0x01, 0xE0, 0x07,
    0x8F, 0x1E, 0x3C, 0x78, 0xF9, 0xE1, 0xFF, 0x87, 0xFC, 0x07, 0xE0, 0x1E, 0x1F, 0x9D, 0xE0, 0x01,
    0xE0, 0xF0, 0x78, 0x3C, 0x1E, 0x0F, 0x07, 0x83, 0xC1, 0xE0, 0xF0, 0x78, 0x3C, 0x1E, 0x3F, 0x1F,
    0x0F, 0x00, 0xF0, 0x7B, 0xC3, 0xEF, 0x1F, 0x3C, 0xF8, 0xF7, 0xC3, 0xDE, 0x0F, 0xF8, 0x3F, 0xC0,
    0xFF, 0x83, 0xFF, 0x0F, 0xBC, 0x3C, 0x78, 0xF1, 0xF3, 0xC3, 0xCF, 0x0F, 0xBC, 0x1F, 0x00, 0x00,
    0x1C, 0x00, 0xF0, 0x03, 0x80, 0x0E, 0x00, 0xF0, 0x1E, 0x03, 0xC0, 0x78, 0x0F, 0x3F, 0xE7, 0xBD,
    0xE7, 0xF8, 0xFF, 0x1F, 0xC3, 0xFC, 0x7F, 0x8F, 0x79, 0xEF, 0xBC, 0xF7, 0x8F, 0x00, 0x03, 0xC0,
    0x70, 0x0E, 0x01, 0xC0, 0xF1, 0xEF, 0x3E, 0xF7, 0xCF, 0x78, 0xFF, 0x0F, 0xF0, 0xFF, 0x0F, 0xF0,
    0xF7, 0x8F, 0x7C, 0xF3, 0xCF, 0x1E, 0x38, 0x0E, 0x01, 0xC0, 0x00, 0x0F, 0x01, 0xE0, 0x3C, 0x07,
    0x80, 0xF0, 0x1E, 0x03, 0xC0, 0x78, 0x0F, 0x01, 0xE0, 0x3C, 0x07, 0x80, 0xF0, 0x1F, 0xFB, 0xFF,
    0x7F, 0xE0, 0x7B, 0x9C, 0x0F, 0x7B, 0xDE, 0xF7, 0xBD, 0xEF, 0x7B, 0xDE, 0xF7, 0xBD, 0xE0, 0xF0,
    0x1E, 0x03, 0xC0, 0x78, 0x0F, 0x01, 0xE0, 0x3C, 0x07, 0x80, 0xF0, 0x1E, 0x03, 0xC0, 0x78, 0x0F,
    0x01, 0xFF, 0xBF, 0xF7, 0xFE, 0x00, 0x03, 0xC0, 0x70, 0x0E, 0x01, 0xC0, 0x7B, 0xDE, 0xF7, 0xBD,
    0xEF, 0x7B, 0xDE, 0xF7, 0xBD, 0xEF, 0x03, 0x9D, 0xEE, 0x00, 0x07, 0x1E, 0xE3, 0xDC, 0x7B, 0x8F,
    0x01, 0xE0, 0x3C, 0x07, 0x80, 0xF0, 0x1E, 0x03, 0xC0, 0x78, 0x0F, 0x01, 0xE0, 0x3F, 0xF7, 0xFE,
    0xFF, 0xC0, 0x0F, 0xFF, 0xFF, 0xFF, 0x1E, 0x3C, 0x78, 0xF1, 0xE3, 0xC7, 0x8F, 0x1E, 0x3C, 0x78,
    0xF0, 0xF0, 0x1E, 0x03, 0xC0, 0x78, 0x0F, 0x01, 0xEE, 0x3D, 0xE7, 0xB8, 0xF0, 0x1E, 0x03, 0xC0,
    0x78, 0x0F, 0x01, 0xFF, 0xBF, 0xF7, 0xFE, 0xF0, 0x78, 0x3C, 0x1E, 0x0F, 0x07, 0x83, 0xDD, 0xFE,
    0xFF, 0x7B, 0xBC, 0x1E, 0x0F, 0x07, 0x83, 0xC1, 0xE0, 0x3C, 0x03, 0xC0, 0x3C, 0x03, 0xC0, 0x3D,
    0x83, 0xF8, 0x3F, 0x83, 0xF0, 0xFC, 0x0F, 0xC0, 0xFC, 0x0B, 0xC0, 0x3C, 0x03, 0xFF, 0x3F, 0xF3,
    0xFF, 0x3C, 0x78, 0xF1, 0xE3, 0xE7, 0xCF, 0xBE, 0xFD, 0xF8, 0xF1, 0xE3, 0xC7, 0x8F, 0x1E, 0x01,
    0xC0, 0x0E, 0x00, 0x38, 0x00, 0x00, 0xF8, 0x3F, 0xE0, 0xFF, 0xC3, 0xFF, 0x0F, 0xFE, 0x3F, 0xF8,
    0xFF, 0xF3, 0xFD, 0xEF, 0xF7, 0xBF, 0xCF, 0xFF, 0x3F, 0xFC, 0x7F, 0xF0, 0xFF, 0xC3, 0xFF, 0x07,
    0xFC, 0x1F, 0x07, 0x80, 0xE0, 0x38, 0x00, 0x0F, 0xF9, 0xFF, 0xBF, 0xFF, 0x8F, 0xF1, 0xFE, 0x3F,
    0xC7, 0xF8, 0xFF, 0x1F, 0xE3, 0xFC, 0x7F, 0x8F, 0xF8, 0x3F, 0xE0, 0xFF, 0xC3, 0xFF, 0x0F, 0xFE,
    0x3F, 0xF8, 0xFF, 0xF3, 0xFD, 0xEF, 0xF7, 0xBF, 0xCF, 0xFF, 0x3F, 0xFC, 0x7F, 0xF0, 0xFF, 0xC3,
    0xFF, 0x07, 0xFC, 0x1F, 0x00, 0x00, 0x1E, 0x00, 0x70, 0x01, 0xC0, 0x0E, 0x00, 0xFF, 0x9F, 0xFB,
    0xFF, 0xF8, 0xFF, 0x1F, 0xE3, 0xFC, 0x7F, 0x8F, 0xF1, 0xFE, 0x3F, 0xC7, 0xF8, 0xF0, 0x00, 0x1C,
    0x07, 0x80, 0xE0, 0x1C, 0x00, 0x1D, 0xE0, 0x3F, 0x00, 0x78, 0x00, 0x00, 0xF8, 0x3F, 0xE0, 0xFF,
    0xC3, 0xFF, 0x0F, 0xFE, 0x3F, 0xF8, 0xFF, 0xF3, 0xFD, 0xEF, 0xF7, 0xBF, 0xCF, 0xFF, 0x3F, 0xFC,
    0x7F, 0xF0, 0xFF, 0xC3, 0xFF, 0x07, 0xFC, 0x1F, 0x7B, 0xC7, 0xF0, 0x7C, 0x00, 0x0F, 0xF9, 0xFF,
    0xBF, 0xFF, 0x8F, 0xF1, 0xFE, 0x3F, 0xC7, 0xF8, 0xFF, 0x1F, 0xE3, 0xFC, 0x7F, 0x8F, 0xF8, 0x3F,
    0xE0, 0xFF, 0xC3, 0xFF, 0x0F, 0xFE, 0x3F, 0xF8, 0xFF, 0xF3, 0xFD, 0xEF, 0xF7, 0xBF, 0xCF, 0xFF,
    0x3F, 0xFC, 0x7F, 0xF0, 0xFF, 0xC3, 0xFF, 0x07, 0xFC, 0x1F, 0x00, 0x3C, 0x03, 0xF0, 0x0F, 0x80,
    0x3E, 0xFF, 0x9F, 0xFB, 0xFF, 0xF8, 0xFF, 0x1F, 0xE3, 0xFC, 0x7F, 0x8F, 0xF1, 0xFE, 0x3F, 0xC7,
    0xF8, 0xF0, 0x1E, 0x0F, 0xC1, 0xF8, 0x3E, 0x07, 0xE0, 0x07, 0xE0, 0x07, 0xE0, 0x00, 0x00, 0x00,
    0x00, 0x07, 0xE0, 0x1F, 0xF8, 0x3F, 0xFC, 0x3C, 0x3C, 0x78, 0x1E, 0x78, 0x1E, 0x78, 0x1E, 0x78,
    0x0E, 0x78, 0x0E, 0x78, 0x1E, 0x78, 0x1E, 0x78, 0x1E, 0x3C, 0x3C, 0x3F, 0xFC, 0x1F, 0xF8, 0x07,
    0xE0, 0x1F, 0xC1, 0xFC, 0x1F, 0xC0, 0x00, 0x00, 0x01, 0xFC, 0x3F, 0xE7, 0xFE, 0x78, 0xF7, 0x8F,
    0x70, 0xF7, 0x0F, 0x78, 0xF7, 0x8F, 0x7F, 0xE3, 0xFE, 0x1F, 0xC0, 0x0E, 0x70, 0x0E, 0x70, 0x07,
    0xE0, 0x03, 0xC0, 0x00, 0x00, 0x07, 0xE0, 0x1F, 0xF8, 0x3F, 0xFC, 0x3C, 0x3C, 0x78, 0x1E, 0x78,
    0x1E, 0x78, 0x1E, 0x78, 0x0E, 0x78, 0x0E, 0x78, 0x1E, 0x78, 0x1E, 0x78, 0x1E, 0x3C, 0x3C, 0x3F,
    0xFC, 0x1F, 0xF8, 0x07, 0xE0, 0x18, 0xC1, 0xDC, 0x1F, 0xC0, 0xF8, 0x00, 0x01, 0xFC, 0x3F, 0xE7,
    0xFE, 0x78, 0xF7, 0x8F, 0x70, 0xF7, 0x0F, 0x78, 0xF7, 0x8F, 0x7F, 0xE3, 0xFE, 0x1F, 0xC0, 0x07,
    0x78, 0x07, 0xF0, 0x0E, 0xE0, 0x00, 0x00, 0x07, 0xE0, 0x1F, 0xF8, 0x3F, 0xFC, 0x3C, 0x3C, 0x78,
    0x1E, 0x78, 0x1E, 0x78, 0x1E, 0x78, 0x0E, 0x78, 0x0E, 0x78, 0x1E, 0x78, 0x1E, 0x78, 0x1E, 0x3C,
    0x3C, 0x3F, 0xFC, 0x1F, 0xF8, 0x07, 0xE0, 0x1F, 0xE1, 0xDC, 0x1F, 0x80, 0x00, 0x1F, 0xC3, 0xFE,
    0x7F, 0xE7, 0x8F, 0x78, 0xF7, 0x0F, 0x70, 0xF7, 0x8F, 0x78, 0xF7, 0xFE, 0x3F, 0xE1, 0xFC, 0x07,
    0xFF, 0xF0, 0xFF, 0xFF, 0x8F, 0xFF, 0xFC, 0x78, 0x70, 0x07, 0x83, 0x80, 0x3C, 0x1C, 0x01, 0xE0,
    0xE0, 0x0E, 0x07, 0xFE, 0x70, 0x3F, 0xF3, 0xC1, 0xFF, 0x9E, 0x0E, 0x00, 0xF0, 0x70, 0x03, 0xC3,
    0x80, 0x1F, 0xFF, 0xF8, 0x7F, 0xFF, 0xC0, 0xFF, 0xFE, 0x1F, 0xDF, 0x83, 0xFF, 0xFE, 0x7F, 0xFF,
    0xE7, 0x8F, 0x8F, 0x78, 0xFF, 0xF7, 0x0F, 0xFF, 0x70, 0xFF, 0xF7, 0x8F, 0x00, 0x78, 0xF8, 0xF7,
    0xFF, 0xFF, 0x3F, 0xFF, 0xE1, 0xFD, 0xFC, 0x07, 0x80, 0x38, 0x03, 0xC0, 0x00, 0x0F, 0xFC, 0x7F,
    0xF3, 0xFF, 0x9E, 0x1E, 0xF0, 0xF7, 0x87, 0xBC, 0x3D, 0xE3, 0xEF, 0xFE, 0x7F, 0xE3, 0xFF, 0x1E,
    0x78, 0xF1, 0xE7, 0x8F, 0x3C, 0x3D, 0xE1, 0xE0, 0x1E, 0x1C, 0x38, 0x00, 0xFE, 0xFE, 0xFE, 0xF0,
    0xF0, 0xF0, 0xF0, 0xF0, 0xF0, 0xF0, 0xF0, 0xF0, 0xFF, 0xC7, 0xFF, 0x3F, 0xF9, 0xE1, 0xEF, 0x0F,
    0x78, 0x7B, 0xC3, 0xDE, 0x3E, 0xFF, 0xE7, 0xFE, 0x3F, 0xF1, 0xE7, 0x8F, 0x1E, 0x78, 0xF3, 0xC3,
    0xDE, 0x1E, 0x00, 0x00, 0x78, 0x03, 0x80, 0x1C, 0x01, 0xC0, 0x00, 0x00, 0x3F, 0x9F, 0xCF, 0xE7,
    0x83, 0xC1, 0xE0, 0xF0, 0x78, 0x3C, 0x1E, 0x0F, 0x07, 0x80, 0x01, 0xC0, 0xE0, 0xF0, 0x70, 0x00,
    0x3B, 0xC0, 0xFC, 0x03, 0xC0, 0x00, 0x0F, 0xFC, 0x7F, 0xF3, 0xFF, 0x9E, 0x1E, 0xF0, 0xF7, 0x87,
    0xBC, 0x3D, 0xE3, 0xEF, 0xFE, 0x7F, 0xE3, 0xFF, 0x1E, 0x78, 0xF1, 0xE7, 0x8F, 0x3C, 0x3D, 0xE1,
    0xE0, 0x77, 0x9F, 0x8F, 0x80, 0x07, 0xF3, 0xF9, 0xFC, 0xF0, 0x78, 0x3C, 0x1E, 0x0F, 0x07, 0x83,
    0xC1, 0xE0, 0xF0, 0x03, 0xC0, 0x1C, 0x00, 0xE0, 0x00, 0x00, 0xFC, 0x1F, 0xF9, 0xFF, 0xCF, 0x0F,
    0x78, 0x7B, 0xE0, 0x1F, 0xE0, 0x7F, 0xC1, 0xFF, 0x01, 0xFC, 0x01, 0xEE, 0x0F, 0x78, 0x7B, 0xFF,
    0xCF, 0xFC, 0x3F, 0xC0, 0x03, 0x80, 0xE0, 0x1C, 0x00, 0x01, 0xF8, 0xFF, 0x9F, 0xFB, 0xCF, 0x7C,
    0x0F, 0xF0, 0x7F, 0x81, 0xF7, 0x1E, 0xFF, 0xDF, 0xF1, 0xFC, 0x07, 0x80, 0x7E, 0x07, 0x78, 0x00,
    0x00, 0xFC, 0x1F, 0xF9, 0xFF, 0xCF, 0x0F, 0x78, 0x7B, 0xE0, 0x1F, 0xE0, 0x7F, 0xC1, 0xFF, 0x01,
    0xFC, 0x01, 0xEE, 0x0F, 0x78, 0x7B, 0xFF, 0xCF, 0xFC, 0x3F, 0xC0, 0x0F, 0x03, 0xF0, 0xEF, 0x00,
    0x01, 0xF8, 0xFF, 0x9F, 0xFB, 0xCF, 0x7C, 0x0F, 0xF0, 0x7F, 0x81, 0xF7, 0x1E, 0xFF, 0xDF, 0xF1,
    0xFC, 0x0F, 0xC1, 0xFF, 0x9F, 0xFC, 0xF0, 0xF7, 0x87, 0xBE, 0x01, 0xFE, 0x07, 0xFC, 0x1F, 0xF0,
    0x1F, 0xC0, 0x1E, 0xE0, 0xF7, 0x87, 0xBF, 0xFC, 0xFF, 0xC3, 0xFC, 0x03, 0x80, 0x1E, 0x00, 0x70,
    0x0F, 0x00, 0x30, 0x00, 0x1F, 0x8F, 0xF9, 0xFF, 0xBC, 0xF7, 0xC0, 0xFF, 0x07, 0xF8, 0x1F, 0x71,
    0xEF, 0xFD, 0xFF, 0x1F, 0xC0, 0x70, 0x0F, 0x00, 0xE0, 0x78, 0x06, 0x00, 0x1D, 0xE0, 0x7E, 0x01,
    0xE0, 0x00, 0x00, 0xFC, 0x1F, 0xF9, 0xFF, 0xCF, 0x0F, 0x78, 0x7B, 0xE0, 0x1F, 0xE0, 0x7F, 0xC1,
    0xFF, 0x01, 0xFC, 0x01, 0xEE, 0x0F, 0x78, 0x7B, 0xFF, 0xCF, 0xFC, 0x3F, 0xC0, 0x3B, 0xC3, 0xF0,
    0x3C, 0x00, 0x01, 0xF8, 0xFF, 0x9F, 0xFB, 0xCF, 0x7C, 0x0F, 0xF0, 0x7F, 0x81, 0xF7, 0x1E, 0xFF,
    0xDF, 0xF1, 0xFC, 0xFF, 0xFF, 0xFF, 0xF7, 0xFF, 0x81, 0xE0, 0x07, 0x80, 0x1E, 0x00, 0x78, 0x01,
    0xE0, 0x07, 0x80, 0x1E, 0x00, 0x78, 0x01, 0xE0, 0x07, 0x80, 0x1E, 0x00, 0x78, 0x01, 0xE0, 0x03,
    0x80, 0x0F, 0x00, 0x1C, 0x01, 0xF0, 0x03, 0x00, 0x78, 0x78, 0x78, 0xFE, 0xFE, 0xFE, 0x78, 0x78,
    0x78, 0x78, 0x78, 0x78, 0x3E, 0x3E, 0x1F, 0x0E, 0x0E, 0x07, 0x1E, 0x0C, 0x1C, 0xE0, 0x3F, 0x00,
    0x78, 0x00, 0x00, 0xFF, 0xFF, 0xFF, 0xF7, 0xFF, 0x81, 0xE0, 0x07, 0x80, 0x1E, 0x00, 0x78, 0x01,
    0xE0, 0x07, 0x80, 0x1E, 0x00, 0x78, 0x01, 0xE0, 0x07, 0x80, 0x1E, 0x00, 0x78, 0x01, 0xE0, 0x03,
    0x81, 0xC0, 0xCF, 0x67, 0x83, 0xC3, 0xF9, 0xFC, 0xFE, 0x3C, 0x1E, 0x0F, 0x07, 0x83, 0xC1, 0xE0,
    0x7C, 0x3E, 0x0F, 0x80, 0xFF, 0xFF, 0xFF, 0xF7, 0xFF, 0x81, 0xE0, 0x07, 0x80, 0x1E, 0x03, 0xFF,
    0x0F, 0xFC, 0x3F, 0xF0, 0x1E, 0x00, 0x78, 0x01, 0xE0, 0x07, 0x80, 0x1E, 0x00, 0x78, 0x01, 0xE0,
    0x78, 0x78, 0x78, 0xFE, 0xFE, 0xFE, 0x78, 0xFE, 0xFE, 0xFE, 0x78, 0x78, 0x7E, 0x3E, 0x1F, 0x0E,
    0xC0, 0xFE, 0x06, 0xF0, 0x00, 0x00, 0x00, 0x78, 0x3F, 0xC1, 0xFE, 0x0F, 0xF0, 0x7F, 0x83, 0xFC,
    0x1F, 0xE0, 0xFF, 0x07, 0xF8, 0x3F, 0xC1, 0xFE, 0x0F, 0xF0, 0x7F, 0xC7, 0xDF, 0xFC, 0x7F, 0xE1,
    0xFC, 0x00, 0x1D, 0x87, 0xF0, 0xDE, 0x00, 0x00, 0x01, 0xE3, 0xFC, 0x7F, 0x8F, 0xF1, 0xFE, 0x3F,
    0xC7, 0xF8, 0xFF, 0x1F, 0xE3, 0xFF, 0xFB, 0xFF, 0x3F, 0xE0, 0x1F, 0xC0, 0xFE, 0x07, 0xF0, 0x00,
    0x00, 0x00, 0x78, 0x3F, 0xC1, 0xFE, 0x0F, 0xF0, 0x7F, 0x83, 0xFC, 0x1F, 0xE0, 0xFF, 0x07, 0xF8,
    0x3F, 0xC1, 0xFE, 0x0F, 0xF0, 0x7F, 0xC7, 0xDF, 0xFC, 0x7F, 0xE1, 0xFC, 0x00, 0x3F, 0x87, 0xF0,
    0xFE, 0x00, 0x00, 0x01, 0xE3, 0xFC, 0x7F, 0x8F, 0xF1, 0xFE, 0x3F, 0xC7, 0xF8, 0xFF, 0x1F, 0xE3,
    0xFF, 0xFB, 0xFF, 0x3F, 0xE0, 0x18, 0xC0, 0xEE, 0x07, 0xF0, 0x1F, 0x00, 0x00, 0x78, 0x3F, 0xC1,
    0xFE, 0x0F, 0xF0, 0x7F, 0x83, 0xFC, 0x1F, 0xE0, 0xFF, 0x07, 0xF8, 0x3F, 0xC1, 0xFE, 0x0F, 0xF0,
    0x7F, 0xC7, 0xDF, 0xFC, 0x7F, 0xE1, 0xFC, 0x00, 0x31, 0x87, 0x70, 0xFE, 0x0F, 0x80, 0x01, 0xE3,
    0xFC, 0x7F, 0x8F, 0xF1, 0xFE, 0x3F, 0xC7, 0xF8, 0xFF, 0x1F, 0xE3, 0xFF, 0xFB, 0xFF, 0x3F, 0xE0,
    0x0F, 0x80, 0x7E, 0x03, 0x70, 0x1B, 0x80, 0xF8, 0x01, 0x03, 0xC1, 0xFE, 0x0F, 0xF0, 0x7F, 0x83,
    0xFC, 0x1F, 0xE0, 0xFF, 0x07, 0xF8, 0x3F, 0xC1, 0xFE, 0x0F, 0xF0, 0x7F, 0x83, 0xFE, 0x3E, 0xFF,
    0xE3, 0xFF, 0x0F, 0xE0, 0x1F, 0x03, 0xE0, 0xEE, 0x0D, 0x81, 0xF0, 0x08, 0x3C, 0x7F, 0x8F, 0xF1,
    0xFE, 0x3F, 0xC7, 0xF8, 0xFF, 0x1F, 0xE3, 0xFC, 0x7F, 0xFF, 0x7F, 0xE7, 0xFC, 0x0E, 0xE0, 0xEE,
    0x07, 0xF0, 0x00, 0x0F, 0x07, 0xF8, 0x3F, 0xC1, 0xFE, 0x0F, 0xF0, 0x7F, 0x83, 0xFC, 0x1F, 0xE0,
    0xFF, 0x07, 0xF8, 0x3F, 0xC1, 0xFE, 0x0F, 0xF8, 0xFB, 0xFF, 0x8F, 0xFC, 0x3F, 0x80, 0x3F, 0xC7,
    0x70, 0xFC, 0x00, 0x0F, 0x1F, 0xE3, 0xFC, 0x7F, 0x8F, 0xF1, 0xFE, 0x3F, 0xC7, 0xF8, 0xFF, 0x1F,
    0xFF, 0xDF, 0xF9, 0xFF, 0xF0, 0x7F, 0x83, 0xFC, 0x1F, 0xE0, 0xFF, 0x07, 0xF8, 0x3F, 0xC1, 0xFE,
    0x0F, 0xF0, 0x7F, 0x83, 0xFC, 0x1F, 0xE0, 0xFF, 0x8F, 0xBF, 0xF8, 0xFF, 0xC3, 0xF8, 0x07, 0x00,
    0x7C, 0x03, 0xF0, 0x0F, 0x80, 0xF1, 0xEF, 0x1E, 0xF1, 0xEF, 0x1E, 0xF1, 0xEF, 0x1E, 0xF1, 0xEF,
    0x1E, 0xF1, 0xEF, 0xFE, 0x7F, 0xE3, 0xFE, 0x01, 0xC0, 0x38, 0x03, 0xE0, 0x3E, 0x01, 0xE0, 0x00,
    0x78, 0x00, 0x03, 0xF0, 0x00, 0x1D, 0xE0, 0x00, 0x00, 0x00, 0xF0, 0x78, 0x79, 0xE3, 0xE1, 0xE7,
    0x8F, 0x87, 0x9E, 0x3F, 0x1E, 0x78, 0xFC, 0xF0, 0xE3, 0xF3, 0xC3, 0xDF, 0xCF, 0x0F, 0x7F, 0xBC,
    0x3D, 0xDF, 0xE0, 0x77, 0x3F, 0x81, 0xFC, 0xFE, 0x07, 0xF3, 0xF8, 0x1F, 0x8F, 0xC0, 0x3E, 0x3F,
    0x00, 0xF8, 0x7C, 0x03, 0xE1, 0xF0, 0x01, 0xE0, 0x00, 0xFC, 0x00, 0x77, 0x80, 0x00, 0x00, 0xF1,
    0xE3, 0xFC, 0x79, 0xE7, 0x3E, 0x79, 0xEF, 0x9E, 0x7B, 0xF7, 0x1E, 0xFD, 0xC3, 0xBF, 0xF0, 0xFD,
    0xFC, 0x3F, 0x3E, 0x07, 0xCF, 0x81, 0xF3, 0xE0, 0x78, 0xF8, 0x07, 0xC0, 0x1F, 0xC0, 0x7B, 0xC0,
    0x00, 0x0F, 0x83, 0xEF, 0x07, 0x9F, 0x1F, 0x1E, 0x3C, 0x1E, 0x78, 0x3D, 0xE0, 0x3F, 0xC0, 0x7F,
    0x00, 0x7C, 0x00, 0xF8, 0x00, 0xF0, 0x01, 0xE0, 0x03, 0xC0, 0x07, 0x80, 0x0F, 0x00, 0x1E, 0x00,
    0x0F, 0x00, 0xFC, 0x0F, 0x70, 0x00, 0x0F, 0x0F, 0x78, 0x79, 0xE3, 0xCF, 0x3C, 0x39, 0xE1, 0xEF,
    0x0F, 0x70, 0x3F, 0x81, 0xF8, 0x0F, 0xC0, 0x3E, 0x01, 0xE0, 0x0F, 0x01, 0xF8, 0x1F, 0x80, 0xF8,
    0x00, 0x0C, 0x60, 0x1D, 0xE0, 0x3B, 0x80, 0x00, 0x0F, 0x83, 0xEF, 0x07, 0x9F, 0x1F, 0x1E, 0x3C,
    0x1E, 0x78, 0x3D, 0xE0, 0x3F, 0xC0, 0x7F, 0x00, 0x7C, 0x00, 0xF8, 0x00, 0xF0, 0x01, 0xE0, 0x03,
    0xC0, 0x07, 0x80, 0x0F, 0x00, 0x1E, 0x00, 0x03, 0x80, 0x70, 0x07, 0x00, 0x00, 0xFF, 0xFF, 0xFF,
    0xFF, 0xF0, 0x1E, 0x03, 0xC0, 0x7C, 0x07, 0x80, 0xF0, 0x1F, 0x01, 0xE0, 0x3C, 0x03, 0xC0, 0x78,
    0x0F, 0xFF, 0xFF, 0xFF, 0xFF, 0x07, 0x03, 0x80, 0xE0, 0x00, 0xFF, 0xFF, 0xFF, 0xFC, 0x1E, 0x0F,
    0x07, 0x83, 0xE0, 0xF0, 0x78, 0x3F, 0xFF, 0xFF, 0xFF, 0x0F, 0x00, 0xF0, 0x0F, 0x00, 0x00, 0xFF,
    0xFF, 0xFF, 0xFF, 0xF0, 0x1E, 0x03, 0xC0, 0x7C, 0x07, 0x80, 0xF0, 0x1F, 0x01, 0xE0, 0x3C, 0x03,
    0xC0, 0x78, 0x0F, 0xFF, 0xFF, 0xFF, 0xFF, 0x1E, 0x07, 0x81, 0xE0, 0x00, 0xFF, 0xFF, 0xFF, 0xFC,
    0x1E, 0x0F, 0x07, 0x83, 0xE0, 0xF0, 0x78, 0x3F, 0xFF, 0xFF, 0xFF, 0x3B, 0xC1, 0xF8, 0x0F, 0x00,
    0x00, 0xFF, 0xFF, 0xFF, 0xFF, 0xF0, 0x1E, 0x03, 0xC0, 0x7C, 0x07, 0x80, 0xF0, 0x1F, 0x01, 0xE0,
    0x3C, 0x03, 0xC0, 0x78, 0x0F, 0xFF, 0xFF, 0xFF, 0xFF, 0x77, 0x8F, 0xC1, 0xE0, 0x00, 0xFF, 0xFF,
    0xFF, 0xFC, 0x1E, 0x0F, 0x07, 0x83, 0xE0, 0xF0, 0x78, 0x3F, 0xFF, 0xFF, 0xFF, 0x3C, 0xFB, 0xF7,
    0x8F, 0x1E, 0x3C, 0x78, 0xF1, 0xE3, 0xC7, 0x8F, 0x1E, 0x3C, 0x78, 0xF0, 0x00, 0x0F, 0x00, 0x0F,
    0x07, 0xFE, 0x1F, 0xFE, 0x3F, 0xFC, 0x3C, 0x3C, 0x78, 0x1E, 0x78, 0x1E, 0x78, 0x1E, 0x78, 0x0E,
    0x78, 0x0E, 0x78, 0x1E, 0x78, 0x1E, 0x78, 0x1E, 0x3C, 0x3C, 0x3F, 0xFC, 0x1F, 0xF8, 0x07, 0xE0,
    0x00, 0x38, 0x01, 0xC0, 0x0E, 0x3F, 0xF3, 0xFF, 0x3F, 0xF1, 0xE3, 0xCF, 0x1E, 0x70, 0xF3, 0x87,
    0x9E, 0x3C, 0xF1, 0xE7, 0xFE, 0x1F, 0xF0, 0x7F, 0x00, 0x00, 0x0E, 0x00, 0x1F, 0xC1, 0xFF, 0x83,
    0xFF, 0x07, 0x9E, 0x0F, 0x3C, 0x1E, 0x78, 0x3C, 0xF0, 0x79, 0xE0, 0xF3, 0xC1, 0xE7, 0x83, 0xCF,
    0x07, 0x9E, 0x0F, 0x3E, 0x3E, 0x3F, 0xF8, 0x3F, 0xF0, 0x3F, 0x80, 0x00, 0x38, 0x01, 0xC0, 0x0F,
    0xE3, 0xFF, 0x1F, 0x78, 0xF3, 0xC7, 0x9E, 0x3C, 0xF1, 0xE7, 0x8F, 0x3C, 0x79, 0xE3, 0xCF, 0xFE,
    0x3F, 0xF0, 0xFF, 0x80, 0xFF, 0x80, 0xE7, 0x7F, 0xF0, 0x3F, 0x3F, 0xFC, 0x0F, 0x1E, 0x1E, 0x00,
    0x0F, 0x07, 0x9F, 0xFF, 0x83, 0xCF, 0xFF, 0xC0, 0xE7, 0xFF, 0xE0, 0x70, 0x1E, 0xF0, 0x38, 0x1E,
    0x78, 0x1C, 0x1F, 0x3C, 0x1E, 0x0F, 0x1E, 0x0F, 0x0F, 0x0F, 0x0F, 0x0F, 0x07, 0xFF, 0x8F, 0xFF,
    0xFF, 0x87, 0xFF, 0xFF, 0x03, 0xFF, 0x00, 0xF1, 0xCE, 0x00, 0xF0, 0xFC, 0x00, 0xF0, 0x78, 0x00,
    0xF0, 0x00, 0x1F, 0xF3, 0xFF, 0x3F, 0xF3, 0xFF, 0x7F, 0xF3, 0xFF, 0x78, 0xF0, 0x1E, 0x78, 0xF0,
    0x3C, 0xF0, 0xF0, 0x7C, 0xF0, 0xF0, 0x78, 0x78, 0xF0, 0xF0, 0x78, 0xF1, 0xF0, 0x7F, 0xF3, 0xFF,
    0x3F, 0xF3, 0xFF, 0x1F, 0xF3, 0xFF, 0xF0, 0x00, 0x3F, 0xC0, 0x00, 0xFF, 0x00, 0x03, 0xFC, 0x00,
    0x0F, 0xF0, 0x00, 0x3F, 0xC0, 0x00, 0xFF, 0x00, 0x03, 0xFC, 0x00, 0x0F, 0xF0, 0x00, 0x3F, 0xC0,
    0x00, 0xFF, 0x01, 0xE3, 0xFC, 0x07, 0x8F, 0xF0, 0x1E, 0x3F, 0xFF, 0x3F, 0xEF, 0xFC, 0xFF, 0xBF,
    0xF1, 0xFC, 0xF0, 0x0E, 0xF0, 0x0F, 0xF0, 0x0E, 0xF0, 0x00, 0xF0, 0x0F, 0xF0, 0x0F, 0xF0, 0x0F,
    0xF0, 0x0F, 0xF0, 0x0F, 0xF0, 0x0F, 0xF0, 0x0F, 0xF0, 0x0F, 0xF0, 0x0F, 0xFF, 0xCF, 0xFF, 0xCF,
    0xFF, 0xCF, 0x00, 0x0E, 0x00, 0x3E, 0x00, 0x3E, 0x00, 0x3C, 0xF3, 0xBD, 0xEF, 0x3B, 0xC0, 0xF3,
    0xBC, 0xEF, 0x3B, 0xCE, 0xF3, 0xBC, 0xEF, 0x3B, 0xCE, 0xF3, 0xBC, 0xEF, 0x3B, 0xCE, 0x07, 0x83,
    0xE0, 0xF8, 0x3C, 0xF8, 0x3C, 0x03, 0xFE, 0x0F, 0x00, 0xFF, 0xC3, 0xC0, 0x3F, 0xF0, 0xF0, 0x0F,
    0xFE, 0x3C, 0x03, 0xFF, 0x8F, 0x00, 0xFF, 0xF3, 0xC0, 0x3F, 0xDE, 0xF0, 0x0F, 0xF7, 0xBC, 0x03,
    0xFC, 0xFF, 0x00, 0xFF, 0x3F, 0xDE, 0x3F, 0xC7, 0xF7, 0x8F, 0xF0, 0xFD, 0xE3, 0xFC, 0x3F, 0x3F,
    0xFF, 0x07, 0xCF, 0xFB, 0xC1, 0xF1, 0xFC, 0xF8, 0x3C, 0xEF, 0x83, 0xCF, 0xFC, 0x3C, 0xEF, 0xC3,
    0xC0, 0xFE, 0x3C, 0xFF, 0xE3, 0xCF, 0xFF, 0x3C, 0xFF, 0x7B, 0xCF, 0xF7, 0xBC, 0xFF, 0x3F, 0xCF,
    0xF3, 0xFC, 0xFF, 0x1F, 0xCF, 0xF0, 0xFC, 0xFF, 0x0F, 0xCF, 0xF0, 0x7C, 0xFF, 0x07, 0xCF, 0x00,
    0x00, 0xF0, 0x00, 0x3E, 0x00, 0x03, 0xE0, 0x00, 0x3C, 0x00, 0x07, 0x00, 0x03, 0xC0, 0x01, 0xC0,
    0x00, 0x0F, 0xF8, 0x7F, 0xFE, 0x3F, 0xFF, 0x9F, 0xE3, 0xCF, 0xF1, 0xE7, 0xF8, 0xF3, 0xFC, 0x79,
    0xFE, 0x3C, 0xFF, 0x1E, 0x7F, 0x8F, 0x3F, 0xC7, 0x9F, 0xE3, 0xCF, 0x00, 0x07, 0x80, 0x0F, 0xC0,
    0x07, 0xC0, 0x03, 0xC0, 0x0E, 0xF0, 0x07, 0xE0, 0x03, 0xC0, 0x00, 0x00, 0x07, 0xC0, 0x07, 0xE0,
    0x0F, 0xE0, 0x0F, 0xE0, 0x0F, 0xF0, 0x0E, 0xF0, 0x1E, 0xF0, 0x1E, 0x78, 0x1E, 0x78, 0x3C, 0x78,
    0x3F, 0xFC, 0x3F, 0xFC, 0x7F, 0xFC, 0x78, 0x3E, 0x78, 0x1E, 0xF0, 0x1E, 0x39, 0xC3, 0xF0, 0x3C,
    0x00, 0x01, 0xF8, 0x7F, 0x9F, 0xFB, 0x8F, 0x01, 0xE7, 0xFD, 0xFF, 0xFC, 0xFF, 0x1F, 0xFF, 0xDF,
    0xF9, 0xF7, 0x77, 0x8F, 0xC1, 0xE0, 0x00, 0x1E, 0x07, 0x81, 0xE0, 0x78, 0x1E, 0x07, 0x81, 0xE0,
    0x78, 0x1E, 0x07, 0x81, 0xE0, 0x78, 0x1E, 0x07, 0x81, 0xE0, 0x78, 0x77, 0x9F, 0x87, 0x80, 0x01,
    0xE0, 0xF0, 0x78, 0x3C, 0x1E, 0x0F, 0x07, 0x83, 0xC1, 0xE0, 0xF0, 0x78, 0x3C, 0x0E, 0x70, 0x07,
    0xE0, 0x03, 0xC0, 0x00, 0x00, 0x07, 0xE0, 0x1F, 0xF8, 0x3F, 0xFC, 0x3C, 0x3C, 0x78, 0x1E, 0x78,
    0x1E, 0x78, 0x1E, 0x78, 0x0E, 0x78, 0x0E, 0x78, 0x1E, 0x78, 0x1E, 0x78, 0x1E, 0x3C, 0x3C, 0x3F,
    0xFC, 0x1F, 0xF8, 0x07, 0xE0, 0x3D, 0xE1, 0xFC, 0x0F, 0x80, 0x00, 0x1F, 0xC3, 0xFE, 0x7F, 0xE7,
    0x8F, 0x78, 0xF7, 0x0F, 0x70, 0xF7, 0x8F, 0x78, 0xF7, 0xFE, 0x3F, 0xE1, 0xFC, 0x1D, 0xE0, 0xFE,
    0x03, 0xE0, 0x00, 0x0F, 0x07, 0xF8, 0x3F, 0xC1, 0xFE, 0x0F, 0xF0, 0x7F, 0x83, 0xFC, 0x1F, 0xE0,
    0xFF, 0x07, 0xF8, 0x3F, 0xC1, 0xFE, 0x0F, 0xF8, 0xFB, 0xFF, 0x8F, 0xFC, 0x3F, 0x80, 0x7B, 0xC7,
    0xF0, 0x7C, 0x00, 0x0F, 0x1F, 0xE3, 0xFC, 0x7F, 0x8F, 0xF1, 0xFE, 0x3F, 0xC7, 0xF8, 0xFF, 0x1F,
    0xFF, 0xDF, 0xF9, 0xFF, 0x1F, 0xC0, 0xFE, 0x00, 0x00, 0x31, 0x81, 0xDE, 0x0E, 0xF0, 0x00, 0x00,
    0x00, 0xF0, 0x7F, 0x83, 0xFC, 0x1F, 0xE0, 0xFF, 0x07, 0xF8, 0x3F, 0xC1, 0xFE, 0x0F, 0xF0, 0x7F,
    0x83, 0xFC, 0x1F, 0xE0, 0xFF, 0x8F, 0xBF, 0xF8, 0xFF, 0xC3, 0xF8, 0x3F, 0x87, 0xF0, 0x00, 0x18,
    0xC7, 0xBC, 0x77, 0x00, 0x00, 0x00, 0xF1, 0xFE, 0x3F, 0xC7, 0xF8, 0xFF, 0x1F, 0xE3, 0xFC, 0x7F,
    0x8F, 0xF1, 0xFF, 0xFD, 0xFF, 0x9F, 0xF0, 0x01, 0x80, 0x1C, 0x00, 0xC0, 0x00, 0x01, 0x8C, 0x0E,
    0xF0, 0x77, 0x80, 0x00, 0x00, 0x07, 0x83, 0xFC, 0x1F, 0xE0, 0xFF, 0x07, 0xF8, 0x3F, 0xC1, 0xFE,
    0x0F, 0xF0, 0x7F, 0x83, 0xFC, 0x1F, 0xE0, 0xFF, 0x07, 0xFC, 0x7D, 0xFF, 0xC7, 0xFE, 0x1F, 0xC0,
    0x07, 0x00, 0xE0, 0x38, 0x00, 0x03, 0x18, 0xF7, 0x8E, 0xE0, 0x00, 0x00, 0x1E, 0x3F, 0xC7, 0xF8,
    0xFF, 0x1F, 0xE3, 0xFC, 0x7F, 0x8F, 0xF1, 0xFE, 0x3F, 0xFF, 0xBF, 0xF3, 0xFE, 0x00, 0x00, 0xEE,
    0x03, 0xE0, 0x0F, 0x00, 0x00, 0x0C, 0x60, 0x77, 0x83, 0xBC, 0x00, 0x00, 0x00, 0x3C, 0x1F, 0xE0,
    0xFF, 0x07, 0xF8, 0x3F, 0xC1, 0xFE, 0x0F, 0xF0, 0x7F, 0x83, 0xFC, 0x1F, 0xE0, 0xFF, 0x07, 0xF8,
    0x3F, 0xE3, 0xEF, 0xFE, 0x3F, 0xF0, 0xFE, 0x00, 0x00, 0x07, 0x70, 0x7C, 0x07, 0x00, 0x00, 0x63,
    0x1E, 0xF1, 0xDC, 0x00, 0x00, 0x03, 0xC7, 0xF8, 0xFF, 0x1F, 0xE3, 0xFC, 0x7F, 0x8F, 0xF1, 0xFE,
    0x3F, 0xC7, 0xFF, 0xF7, 0xFE, 0x7F, 0xC0, 0x0E, 0x00, 0x70, 0x01, 0xC0, 0x00, 0x01, 0x8C, 0x0E,
    0xF0, 0x77, 0x80, 0x00, 0x00, 0x07, 0x83, 0xFC, 0x1F, 0xE0, 0xFF, 0x07, 0xF8, 0x3F, 0xC1, 0xFE,
    0x0F, 0xF0, 0x7F, 0x83, 0xFC, 0x1F, 0xE0, 0xFF, 0x07, 0xFC, 0x7D, 0xFF, 0xC7, 0xFE, 0x1F, 0xC0,
    0x18, 0x03, 0x80, 0x38, 0x00, 0x03, 0x18, 0xF7, 0x8E, 0xE0, 0x00, 0x00, 0x1E, 0x3F, 0xC7, 0xF8,
    0xFF, 0x1F, 0xE3, 0xFC, 0x7F, 0x8F, 0xF1, 0xFE, 0x3F, 0xFF, 0xBF, 0xF3, 0xFE, 0x1F, 0x83, 0xFC,
    0x7F, 0xE7, 0x0F, 0x00, 0xFF, 0xFF, 0xFF, 0xF7, 0xFF, 0x78, 0xF7, 0xFE, 0x3F, 0xC1, 0xF8, 0x0F,
    0xE0, 0x0F, 0xE0, 0x00, 0x00, 0x0E, 0x60, 0x0E, 0xF0, 0x0E, 0xF0, 0x00, 0x00, 0x00, 0x00, 0x07,
    0xC0, 0x07, 0xE0, 0x0F, 0xE0, 0x0F, 0xE0, 0x0F, 0xF0, 0x0E, 0xF0, 0x1E, 0xF0, 0x1E, 0x78, 0x1E,
    0x78, 0x3C, 0x78, 0x3F, 0xFC, 0x3F, 0xFC, 0x7F, 0xFC, 0x78, 0x3E, 0x78, 0x1E, 0xF0, 0x1E, 0x1F,
    0x83, 0xF0, 0x00, 0x0C, 0xC3, 0xFC, 0x73, 0x80, 0x00, 0x00, 0x1F, 0x87, 0xF9, 0xFF, 0xB8, 0xF0,
    0x1E, 0x7F, 0xDF, 0xFF, 0xCF, 0xF1, 0xFF, 0xFD, 0xFF, 0x9F, 0x70, 0x0F, 0xE0, 0x0F, 0xE0, 0x00,
    0x00, 0x01, 0x80, 0x03, 0xC0, 0x03, 0xC0, 0x01, 0x80, 0x00, 0x00, 0x07, 0xC0, 0x07, 0xE0, 0x0F,
    0xE0, 0x0F, 0xE0, 0x0F, 0xF0, 0x0E, 0xF0, 0x1E, 0xF0, 0x1E, 0x78, 0x1E, 0x78, 0x3C, 0x78, 0x3F,
    0xFC, 0x3F, 0xFC, 0x7F, 0xFC, 0x78, 0x3E, 0x78, 0x1E, 0xF0, 0x1E, 0x1F, 0x83, 0xF0, 0x00, 0x03,
    0x00, 0xF0, 0x1E, 0x01, 0x80, 0x00, 0x1F, 0x87, 0xF9, 0xFF, 0xB8, 0xF0, 0x1E, 0x7F, 0xDF, 0xFF,
    0xCF, 0xF1, 0xFF, 0xFD, 0xFF, 0x9F, 0x70, 0x00, 0x3F, 0x80, 0x01, 0xFC, 0x00, 0x0F, 0xE0, 0x00,
    0x00, 0x00, 0x00, 0x00, 0x01, 0xFF, 0xFC, 0x0F, 0xFF, 0xE0, 0x7F, 0xFE, 0x07, 0xBC, 0x00, 0x3D,
    0xE0, 0x03, 0xCF, 0x00, 0x1E, 0x78, 0x00, 0xF3, 0xFF, 0x0F, 0x1F, 0xF8, 0x78, 0xFF, 0xC7, 0xFF,
    0x80, 0x3F, 0xFC, 0x01, 0xFF, 0xE0, 0x1E, 0x0F, 0xFC, 0xF0, 0x7F, 0xFF, 0x83, 0xFF, 0x80, 0x03,
    0xF0, 0x00, 0x7F, 0x00, 0x0F, 0xE0, 0x00, 0x00, 0x00, 0x00, 0x00, 0x3F, 0x7E, 0x0F, 0xFF, 0xE3,
    0xFF, 0xFE, 0x71, 0xE3, 0xC3, 0xFF, 0xF8, 0xFF, 0xFF, 0x3F, 0xFF, 0xFF, 0x9E, 0x01, 0xE3, 0xC3,
    0xBF, 0xFF, 0xF3, 0xFF, 0xFC, 0x3F, 0x3F, 0x00, 0x07, 0xF0, 0x1F, 0xF8, 0x3F, 0xFC, 0x3C, 0x3C,
    0x78, 0x1E, 0x78, 0x00, 0x78, 0x00, 0x78, 0xFE, 0x78, 0xFE, 0x78, 0xFE, 0x78, 0x1E, 0x78, 0xFF,
    0x3C, 0x7E, 0x3F, 0xFC, 0x1F, 0xF8, 0x07, 0xF0, 0x1F, 0xF0, 0xFF, 0xC7, 0xFF, 0x1E, 0x3C, 0x78,
    0xF1, 0xC3, 0xCF, 0x3F, 0xDE, 0x7F, 0x78, 0xF1, 0xFF, 0xC3, 0xFF, 0x07, 0xFC, 0x10, 0xF1, 0xFF,
    0xC3, 0xFE, 0x07, 0xF0, 0x0E, 0xF0, 0x0F, 0xC0, 0x0F, 0x00, 0x00, 0x00, 0x7F, 0x03, 0xFF, 0x0F,
    0xFF, 0x1E, 0x1E, 0x78, 0x1E, 0xF0, 0x01, 0xE0, 0x03, 0xC7, 0xF7, 0x8F, 0xEF, 0x1F, 0xDE, 0x07,
    0xBC, 0x0F, 0x3C, 0x3C, 0x7F, 0xF8, 0x7F, 0xE0, 0x3F, 0x80, 0x3D, 0xE1, 0xFC, 0x0F, 0x80, 0x00,
    0x1F, 0xF3, 0xFF, 0x7F, 0xF7, 0x8F, 0x78, 0xF7, 0x0F, 0xF0, 0xF7, 0x8F, 0x78, 0xF7, 0xFF, 0x3F,
    0xF1, 0xFF, 0x10, 0xF7, 0xFF, 0x3F, 0xE1, 0xFC, 0x3D, 0xE0, 0x7F, 0x00, 0xF8, 0x00, 0x00, 0xF0,
    0x7B, 0xC3, 0xEF, 0x1F, 0x3C, 0xF8, 0xF7, 0xC3, 0xDE, 0x0F, 0xF8, 0x3F, 0xC0, 0xFF, 0x83, 0xFF,
    0x0F, 0xBC, 0x3C, 0x78, 0xF1, 0xF3, 0xC3, 0xCF, 0x0F, 0xBC, 0x1F, 0x77, 0x80, 0xFC, 0x01, 0xE0,
    0x00, 0x00, 0x1E, 0x00, 0x78, 0x01, 0xE0, 0x07, 0x80, 0x1E, 0x7C, 0x79, 0xE1, 0xEF, 0x07, 0xF8,
    0x1F, 0xE0, 0x7F, 0x01, 0xFE, 0x07, 0xF8, 0x1E, 0xF0, 0x7B, 0xE1, 0xE7, 0x87, 0x8F, 0x07, 0xE0,
    0x1F, 0xF8, 0x3F, 0xFC, 0x3C, 0x3C, 0x78, 0x1E, 0x78, 0x1E, 0x78, 0x1E, 0x78, 0x0E, 0x78, 0x0E,
    0x78, 0x1E, 0x78, 0x1E, 0x78, 0x1E, 0x3C, 0x3C, 0x3F, 0xFC, 0x1F, 0xF8, 0x07, 0xE0, 0x03, 0x80,
    0x03, 0xE0, 0x03, 0xE0, 0x03, 0xE0, 0x1F, 0xC3, 0xFE, 0x7F, 0xE7, 0x8F, 0x78, 0xF7, 0x0F, 0x70,
    0xF7, 0x8F, 0x78, 0xF7, 0xFE, 0x3F, 0xE1, 0xFC, 0x0E, 0x00, 0xF8, 0x0F, 0x80, 0x78, 0x07, 0xE0,
    0x07, 0xE0, 0x07, 0xE0, 0x00, 0x00, 0x00, 0x00, 0x07, 0xE0, 0x1F, 0xF8, 0x3F, 0xFC, 0x3C, 0x3C,
    0x78, 0x1E, 0x78, 0x1E, 0x78, 0x1E, 0x78, 0x0E, 0x78, 0x0E, 0x78, 0x1E, 0x78, 0x1E, 0x78, 0x1E,
    0x3C, 0x3C, 0x3F, 0xFC, 0x1F, 0xF8, 0x07, 0xE0, 0x03, 0x80, 0x03, 0xE0, 0x03, 0xE0, 0x03, 0xE0,
    0x1F, 0xC1, 0xFC, 0x1F, 0xC0, 0x00, 0x00, 0x01, 0xFC, 0x3F, 0xE7, 0xFE, 0x78, 0xF7, 0x8F, 0x70,
    0xF7, 0x0F, 0x78, 0xF7, 0x8F, 0x7F, 0xE3, 0xFE, 0x1F, 0xC0, 0xE0, 0x0F, 0x80, 0xF8, 0x07, 0x80,
    0x1E, 0xE0, 0x3F, 0x00, 0x78, 0x00, 0x00, 0x7F, 0xFD, 0xFF, 0xF7, 0xFF, 0x80, 0x3C, 0x01, 0xE0,
    0x0F, 0x00, 0x78, 0x01, 0xF8, 0x07, 0xF0, 0x1F, 0xE0, 0x07, 0x80, 0x0F, 0x00, 0x3C, 0x00, 0xF7,
    0x03, 0xDE, 0x0F, 0x78, 0x79, 0xFF, 0xE3, 0xFF, 0x03, 0xF0, 0x3B, 0xC1, 0xF8, 0x0F, 0x00, 0x00,
    0xFF, 0xEF, 0xFE, 0x7F, 0xE0, 0x3C, 0x07, 0x80, 0xF0, 0x1F, 0x01, 0xFC, 0x1F, 0xE0, 0x1E, 0x00,
    0xFE, 0x0F, 0xF1, 0xFF, 0xFE, 0x7F, 0xE3, 0xF8, 0x77, 0x9F, 0x87, 0x80, 0x01, 0xE0, 0xF0, 0x78,
    0x3C, 0x1E, 0x0F, 0x07, 0x83, 0xC1, 0xE0, 0xF0, 0x78, 0x3C, 0x1E, 0x3F, 0x1F, 0x0F, 0x00, 0xFF,
    0x81, 0xFF, 0xFF, 0xFC, 0x3F, 0xFF, 0xFF, 0xC7, 0xFF, 0xF8, 0x78, 0x01, 0xEF, 0x07, 0x80, 0x79,
    0xE0, 0xF0, 0x1F, 0x3C, 0x0E, 0x03, 0xC7, 0x81, 0xC0, 0xF0, 0xF0, 0x38, 0x1E, 0x1E, 0x07, 0x07,
    0x83, 0xC1, 0xE1, 0xE0, 0x78, 0x3C, 0x3C, 0x0F, 0x0F, 0x0F, 0x01, 0xFF, 0xE3, 0xFF, 0xFF, 0xF8,
    0x7F, 0xFF, 0xFC, 0x0F, 0xFF, 0xFF, 0x80, 0x00, 0x7F, 0xF0, 0x00, 0x3F, 0xFC, 0x00, 0x1E, 0x1E,
    0x00, 0x0F, 0x07, 0x9F, 0xFF, 0x83, 0xCF, 0xFF, 0xC0, 0xE7, 0xFF, 0xE0, 0x70, 0x1E, 0xF0, 0x38,
    0x1E, 0x78, 0x1C, 0x1F, 0x3C, 0x1E, 0x0F, 0x1E, 0x0F, 0x0F, 0x0F, 0x0F, 0x0F, 0x07, 0xFF, 0x8F,
    0xFF, 0xFF, 0x87, 0xFF, 0xFF, 0x03, 0xFF, 0x00, 0xF0, 0x00, 0x00, 0xF0, 0x00, 0x00, 0xF0, 0x00,
    0x00, 0xF0, 0x00, 0x1F, 0xF3, 0xFF, 0x3F, 0xF3, 0xFF, 0x7F, 0xF3, 0xFF, 0x78, 0xF0, 0x1E, 0x78,
    0xF0, 0x3C, 0xF0, 0xF0, 0x7C, 0xF0, 0xF0, 0x78, 0x78, 0xF0, 0xF0, 0x78, 0xF1, 0xF0, 0x7F, 0xF3,
    0xFF, 0x3F, 0xF3, 0xFF, 0x1F, 0xF3, 0xFF, 0x00, 0xE0, 0x03, 0x80, 0x07, 0x00, 0x00, 0x00, 0x7F,
    0x03, 0xFF, 0x0F, 0xFF, 0x1E, 0x1E, 0x78, 0x1E, 0xF0, 0x01, 0xE0, 0x03, 0xC7, 0xF7, 0x8F, 0xEF,
    0x1F, 0xDE, 0x07, 0xBC, 0x0F, 0x3C, 0x3C, 0x7F, 0xF8, 0x7F, 0xE0, 0x3F, 0x80, 0x03, 0xC0, 0x38,
    0x07, 0x00, 0x00, 0x1F, 0xF3, 0xFF, 0x7F, 0xF7, 0x8F, 0x78, 0xF7, 0x0F, 0xF0, 0xF7, 0x8F, 0x78,
    0xF7, 0xFF, 0x3F, 0xF1, 0xFF, 0x10, 0xF7, 0xFF, 0x3F, 0xE1, 0xFC, 0xF0, 0x3C, 0x03, 0xC0, 0xF0,
    0x0F, 0x03, 0xC0, 0x3C, 0x0F, 0x00, 0xF0, 0x3C, 0x3B, 0xC0, 0xF0, 0xEF, 0xFF, 0xC3, 0xBF, 0xFF,
    0x0E, 0xFF, 0xFC, 0x3B, 0xC0, 0xF0, 0xEF, 0x03, 0xC3, 0xBC, 0x0F, 0x1E, 0xF0, 0x3C, 0x7B, 0xC0,
    0xFF, 0xEF, 0x01, 0xFF, 0x3C, 0x03, 0xF8, 0xFF, 0xC7, 0xFF, 0x3F, 0xFD, 0xF1, 0xEF, 0x07, 0xF8,
    0x3F, 0xC1, 0xFE, 0x0F, 0xF0, 0x7F, 0x83, 0xFC, 0x3F, 0xE1, 0xEF, 0x1E, 0x7B, 0xF3, 0xFF, 0x1F,
    0xE0, 0xFE, 0x07, 0x80, 0x3C, 0x01, 0xE0, 0x00, 0x0E, 0x00, 0x3C, 0x00, 0x70, 0x00, 0x00, 0xF8,
    0x3F, 0xE0, 0xFF, 0xC3, 0xFF, 0x0F, 0xFE, 0x3F, 0xF8, 0xFF, 0xF3, 0xFD, 0xEF, 0xF7, 0xBF, 0xCF,
    0xFF, 0x3F, 0xFC, 0x7F, 0xF0, 0xFF, 0xC3, 0xFF, 0x07, 0xFC, 0x1F, 0x3C, 0x03, 0x80, 0x38, 0x00,
    0x0F, 0xF9, 0xFF, 0xBF, 0xFF, 0x8F, 0xF1, 0xFE, 0x3F, 0xC7, 0xF8, 0xFF, 0x1F, 0xE3, 0xFC, 0x7F,
    0x8F, 0x00, 0x00, 0x01, 0xE0, 0x01, 0xC0, 0x03, 0xC0, 0x07, 0xE0, 0x06, 0x60, 0x06, 0xE0, 0x07,
    0xC0, 0x07, 0xC0, 0x07, 0xE0, 0x0F, 0xE0, 0x0F, 0xE0, 0x0F, 0xF0, 0x0E, 0xF0, 0x1E, 0xF0, 0x1E,
    0x78, 0x1E, 0x78, 0x3C, 0x78, 0x3F, 0xFC, 0x3F, 0xFC, 0x7F, 0xFC, 0x78, 0x3E, 0x78, 0x1E, 0xF0,
    0x1E, 0x03, 0x80, 0x70, 0x1C, 0x00, 0x00, 0xF0, 0x3F, 0x06, 0x60, 0xFC, 0x0F, 0x00, 0x00, 0x7E,
    0x1F, 0xE7, 0xFE, 0xE3, 0xC0, 0x79, 0xFF, 0x7F, 0xFF, 0x3F, 0xC7, 0xFF, 0xF7, 0xFE, 0x7D, 0xC0,
    0x00, 0x07, 0x80, 0x00, 0x38, 0x00, 0x03, 0x80, 0x00, 0x00, 0x00, 0x3F, 0xFF, 0x81, 0xFF, 0xFC,
    0x0F, 0xFF, 0xC0, 0xF7, 0x80, 0x07, 0xBC, 0x00, 0x79, 0xE0, 0x03, 0xCF, 0x00, 0x1E, 0x7F, 0xE1,
    0xE3, 0xFF, 0x0F, 0x1F, 0xF8, 0xFF, 0xF0, 0x07, 0xFF, 0x80, 0x3F, 0xFC, 0x03, 0xC1, 0xFF, 0x9E,
    0x0F, 0xFF, 0xF0, 0x7F, 0xF0, 0x00, 0x78, 0x00, 0x0E, 0x00, 0x03, 0x80, 0x00, 0x00, 0x01, 0xFB,
    0xF0, 0x7F, 0xFF, 0x1F, 0xFF, 0xF3, 0x8F, 0x1E, 0x1F, 0xFF, 0xC7, 0xFF, 0xF9, 0xFF, 0xFF, 0xFC,
    0xF0, 0x0F, 0x1E, 0x1D, 0xFF, 0xFF, 0x9F, 0xFF, 0xE1, 0xF9, 0xF8, 0x00, 0xE0, 0x01, 0xE0, 0x01,
    0xC0, 0x00, 0x00, 0x07, 0xEC, 0x1F, 0xFC, 0x3F, 0xFC, 0x3C, 0x3C, 0x78, 0x7E, 0x78, 0x7E, 0x78,
    0xFE, 0x79, 0xCE, 0x7B, 0xCE, 0x7B, 0x9E, 0x7F, 0x1E, 0x7E, 0x1E, 0x3E, 0x3C, 0x3F, 0xFC, 0x3F,
    0xF8, 0x3F, 0xE0, 0x10, 0x00, 0x03, 0xC0, 0x38, 0x07, 0x00, 0x00, 0x1F, 0xF3, 0xFF, 0x7F, 0xE7,
    0x9F, 0x79, 0xF7, 0x3F, 0x77, 0xF7, 0xEF, 0x7C, 0xF7, 0xFE, 0x7F, 0xE7, 0xFC, 0x40, 0x00, 0x3D,
    0xC0, 0x1F, 0xC0, 0x0E, 0xE0, 0x00, 0x00, 0x07, 0xC0, 0x07, 0xE0, 0x0F, 0xE0, 0x0F, 0xE0, 0x0F,
    0xF0, 0x0E, 0xF0, 0x1E, 0xF0, 0x1E, 0x78, 0x1E, 0x78, 0x3C, 0x78, 0x3F, 0xFC, 0x3F, 0xFC, 0x7F,
    0xFC, 0x78, 0x3E, 0x78, 0x1E, 0xF0, 0x1E, 0x77, 0x0F, 0xF0, 0xEE, 0x00, 0x01, 0xF8, 0x7F, 0x9F,
    0xFB, 0x8F, 0x01, 0xE7, 0xFD, 0xFF, 0xFC, 0xFF, 0x1F, 0xFF, 0xDF, 0xF9, 0xF7, 0x07, 0xC0, 0x0F,
    0xE0, 0x0E, 0xF0, 0x0C, 0x70, 0x00, 0x00, 0x07, 0xC0, 0x07, 0xE0, 0x0F, 0xE0, 0x0F, 0xE0, 0x0F,
    0xF0, 0x0E, 0xF0, 0x1E, 0xF0, 0x1E, 0x78, 0x1E, 0x78, 0x3C, 0x78, 0x3F, 0xFC, 0x3F, 0xFC, 0x7F,
    0xFC, 0x78, 0x3E, 0x78, 0x1E, 0xF0, 0x1E, 0x0F, 0x03, 0xF0, 0xE7, 0x18, 0xE0, 0x00, 0x3F, 0x0F,
    0xF3, 0xFF, 0x71, 0xE0, 0x3C, 0xFF, 0xBF, 0xFF, 0x9F, 0xE3, 0xFF, 0xFB, 0xFF, 0x3E, 0xE0, 0xFF,
    0x0E, 0xE0, 0xFE, 0x00, 0x0F, 0xFF, 0xFF, 0xFF, 0xFF, 0x80, 0xF0, 0x1E, 0x03, 0xC0, 0x7F, 0xEF,
    0xFD, 0xFF, 0xBC, 0x07, 0x80, 0xF0, 0x1F, 0xFF, 0xFF, 0xFF, 0xF0, 0x7F, 0x83, 0xB8, 0x1F, 0x80,
    0x00, 0x1F, 0x83, 0xFC, 0x7F, 0xE7, 0x8F, 0x7F, 0xF7, 0xFF, 0xFF, 0xF7, 0x00, 0x78, 0xE7, 0xFE,
    0x3F, 0xE1, 0xFC, 0x1F, 0x07, 0xF0, 0xEE, 0x18, 0xC0, 0x01, 0xFF, 0xFF, 0xFF, 0xFF, 0xF0, 0x1E,
    0x03, 0xC0, 0x78, 0x0F, 0xFD, 0xFF, 0xBF, 0xF7, 0x80, 0xF0, 0x1E, 0x03, 0xFF, 0xFF, 0xFF, 0xFE,
    0x0F, 0x81, 0xFC, 0x3D, 0xC3, 0x8C, 0x00, 0x01, 0xF8, 0x3F, 0xC7, 0xFE, 0x78, 0xF7, 0xFF, 0x7F,
    0xFF, 0xFF, 0x70, 0x07, 0x8E, 0x7F, 0xE3, 0xFE, 0x1F, 0xC0, 0x77, 0x3F, 0xCE, 0xE0, 0x00, 0xF0,
    0x78, 0x3C, 0x1E, 0x0F, 0x07, 0x83, 0xC1, 0xE0, 0xF0, 0x78, 0x3C, 0x1E, 0x0F, 0x07, 0x83, 0xC1,
    0xE0, 0xF7, 0x3F, 0xCE, 0xE0, 0x00, 0xF0, 0x78, 0x3C, 0x1E, 0x0F, 0x07, 0x83, 0xC1, 0xE0, 0xF0,
    0x78, 0x3C, 0x1E, 0x3C, 0x7E, 0xE7, 0xC7, 0x00, 0x3C, 0x3C, 0x3C, 0x3C, 0x3C, 0x3C, 0x3C, 0x3C,
    0x3C, 0x3C, 0x3C, 0x3C, 0x3C, 0x3C, 0x3C, 0x3C, 0x3C, 0x7E, 0xEF, 0xC7, 0x00, 0x3C, 0x3C, 0x3C,
    0x3C, 0x3C, 0x3C, 0x3C, 0x3C, 0x3C, 0x3C, 0x3C, 0x3C, 0x1D, 0xC0, 0x0E, 0xE0, 0x0E, 0xE0, 0x00,
    0x00, 0x07, 0xE0, 0x1F, 0xF8, 0x3F, 0xFC, 0x3C, 0x3C, 0x78, 0x1E, 0x78, 0x1E, 0x78, 0x1E, 0x78,
    0x0E, 0x78, 0x0E, 0x78, 0x1E, 0x78, 0x1E, 0x78, 0x1E, 0x3C, 0x3C, 0x3F, 0xFC, 0x1F, 0xF8, 0x07,
    0xE0, 0x7F, 0x83, 0xB8, 0x1F, 0x80, 0x00, 0x1F, 0xC3, 0xFE, 0x7F, 0xE7, 0x8F, 0x78, 0xF7, 0x0F,
    0x70, 0xF7, 0x8F, 0x78, 0xF7, 0xFE, 0x3F, 0xE1, 0xFC, 0x03, 0xC0, 0x07, 0xE0, 0x0E, 0x70, 0x0E,
    0x30, 0x00, 0x00, 0x07, 0xE0, 0x1F, 0xF8, 0x3F, 0xFC, 0x3C, 0x3C, 0x78, 0x1E, 0x78, 0x1E, 0x78,
    0x1E, 0x78, 0x0E, 0x78, 0x0E, 0x78, 0x1E, 0x78, 0x1E, 0x78, 0x1E, 0x3C, 0x3C, 0x3F, 0xFC, 0x1F,
    0xF8, 0x07, 0xE0, 0x0F, 0x81, 0xFC, 0x1D, 0xC1, 0x8C, 0x00, 0x01, 0xFC, 0x3F, 0xE7, 0xFE, 0x78,
    0xF7, 0x8F, 0x70, 0xF7, 0x0F, 0x78, 0xF7, 0x8F, 0x7F, 0xE3, 0xFE, 0x1F, 0xC0, 0xF7, 0x03, 0xF8,
    0x0E, 0xE0, 0x00, 0x0F, 0xFC, 0x7F, 0xF3, 0xFF, 0x9E, 0x1E, 0xF0, 0xF7, 0x87, 0xBC, 0x3D, 0xE3,
    0xEF, 0xFE, 0x7F, 0xE3, 0xFF, 0x1E, 0x78, 0xF1, 0xE7, 0x8F, 0x3C, 0x3D, 0xE1, 0xE0, 0xF7, 0x1F,
    0xC3, 0xB8, 0x00, 0x3F, 0x8F, 0xE3, 0xF8, 0xF0, 0x3C, 0x0F, 0x03, 0xC0, 0xF0, 0x3C, 0x0F, 0x03,
    0xC0, 0xF0, 0x1F, 0x01, 0xFC, 0x0E, 0xF0, 0x63, 0x80, 0x00, 0x7F, 0xE3, 0xFF, 0x9F, 0xFC, 0xF0,
    0xF7, 0x87, 0xBC, 0x3D, 0xE1, 0xEF, 0x1F, 0x7F, 0xF3, 0xFF, 0x1F, 0xF8, 0xF3, 0xC7, 0x8F, 0x3C,
    0x79, 0xE1, 0xEF, 0x0F, 0x00, 0x7C, 0xFE, 0xEE, 0xC6, 0x00, 0xFE, 0xFE, 0xFE, 0xF0, 0xF0, 0xF0,
    0xF0, 0xF0, 0xF0, 0xF0, 0xF0, 0xF0, 0x7B, 0x81, 0xFC, 0x07, 0x70, 0x00, 0x0F, 0x07, 0xF8, 0x3F,
    0xC1, 0xFE, 0x0F, 0xF0, 0x7F, 0x83, 0xFC, 0x1F, 0xE0, 0xFF, 0x07, 0xF8, 0x3F, 0xC1, 0xFE, 0x0F,
    0xF8, 0xFB, 0xFF, 0x8F, 0xFC, 0x3F, 0x80, 0xFF, 0x0E, 0xE0, 0xEE, 0x00, 0x0F, 0x1F, 0xE3, 0xFC,
    0x7F, 0x8F, 0xF1, 0xFE, 0x3F, 0xC7, 0xF8, 0xFF, 0x1F, 0xFF, 0xDF, 0xF9, 0xFF, 0x0F, 0x80, 0xFE,
    0x07, 0x70, 0x31, 0x80, 0x00, 0x78, 0x3F, 0xC1, 0xFE, 0x0F, 0xF0, 0x7F, 0x83, 0xFC, 0x1F, 0xE0,
    0xFF, 0x07, 0xF8, 0x3F, 0xC1, 0xFE, 0x0F, 0xF0, 0x7F, 0xC7, 0xDF, 0xFC, 0x7F, 0xE1, 0xFC, 0x00,
    0x1F, 0x07, 0xF0, 0xEE, 0x18, 0xC0, 0x01, 0xE3, 0xFC, 0x7F, 0x8F, 0xF1, 0xFE, 0x3F, 0xC7, 0xF8,
    0xFF, 0x1F, 0xE3, 0xFF, 0xFB, 0xFF, 0x3F, 0xE0, 0x0F, 0xC1, 0xFF, 0x9F, 0xFC, 0xF0, 0xF7, 0x87,
    0xBE, 0x01, 0xFE, 0x07, 0xFC, 0x1F, 0xF0, 0x1F, 0xC0, 0x1E, 0xE0, 0xF7, 0x87, 0xBF, 0xFC, 0xFF,
    0xC3, 0xFC, 0x00, 0x00, 0x38, 0x01, 0xC0, 0x0E, 0x00, 0xE0, 0x00, 0x1F, 0x8F, 0xF9, 0xFF, 0xBC,
    0xF7, 0xC0, 0xFF, 0x07, 0xF8, 0x1F, 0x71, 0xEF, 0xFD, 0xFF, 0x1F, 0xC0, 0x00, 0x1C, 0x03, 0x80,
    0x70, 0x1C, 0x00, 0xFF, 0xFF, 0xFF, 0xF7, 0xFF, 0x81, 0xE0, 0x07, 0x80, 0x1E, 0x00, 0x78, 0x01,
    0xE0, 0x07, 0x80, 0x1E, 0x00, 0x78, 0x01, 0xE0, 0x07, 0x80, 0x1E, 0x00, 0x78, 0x01, 0xE0, 0x00,
    0x00, 0x1E, 0x00, 0x70, 0x01, 0xC0, 0x0E, 0x00, 0x78, 0x78, 0x78, 0xFE, 0xFE, 0xFE, 0x78, 0x78,
    0x78, 0x78, 0x78, 0x78, 0x3E, 0x3E, 0x1F, 0x00, 0x3C, 0x38, 0x38, 0x38, 0x3F, 0x87, 0xFE, 0xFF,
    0xEF, 0x1F, 0xF0, 0xF0, 0x0F, 0x00, 0xE0, 0x1E, 0x07, 0xC3, 0xFE, 0x7F, 0xF7, 0xCF, 0x60, 0xF0,
    0x0F, 0x00, 0xF0, 0x1E, 0x07, 0xE3, 0xFC, 0x7F, 0x87, 0xE0, 0x70, 0x00, 0x3F, 0x1F, 0xEF, 0xFF,
    0xCF, 0x03, 0xC0, 0xF0, 0xF8, 0xFE, 0x7F, 0xDE, 0xF6, 0x3C, 0x0F, 0x07, 0xC7, 0xE7, 0xF1, 0xF0,
    0x70, 0x00, 0x1D, 0xE0, 0x3F, 0x00, 0x78, 0x00, 0x00, 0xF0, 0x3F, 0xC0, 0xFF, 0x03, 0xFC, 0x0F,
    0xF0, 0x3F, 0xC0, 0xFF, 0xFF, 0xFF, 0xFF, 0xFF, 0xFF, 0xC0, 0xFF, 0x03, 0xFC, 0x0F, 0xF0, 0x3F,
    0xC0, 0xFF, 0x03, 0xFC, 0x0F, 0x77, 0x80, 0xFC, 0x01, 0xE0, 0x00, 0x00, 0x1E, 0x00, 0x78, 0x01,
    0xE0, 0x07, 0x80, 0x1F, 0xF0, 0x7F, 0xE1, 0xFF, 0xC7, 0x8F, 0x1E, 0x3C, 0x78, 0xF1, 0xE3, 0xC7,
    0x8F, 0x1E, 0x3C, 0x78, 0xF1, 0xE3, 0xC7, 0x8F, 0x73, 0xCE, 0x7B, 0x9C, 0x1E, 0x1F, 0x9D, 0xE0,
    0x7B, 0x7F, 0xFE, 0xFF, 0xFF, 0xF8, 0x63, 0x77, 0x7F, 0x3E, 0xFF, 0xF0, 0x63, 0x7B, 0xDD, 0xC0,
    0xFF, 0x76, 0x7B, 0xFC, 0xF7, 0x78, 0x80, 0x3F, 0xCF, 0x73, 0xDC, 0x00, 0x77, 0x9F, 0x87, 0x80,
    0x77, 0x3F, 0xCE, 0xE0, 0x73, 0xBD, 0xEE, 0x70, 0x73, 0x9C, 0xE7, 0x70, 0x00, 0x73, 0x9C, 0xE7,
    0x70, 0x00, 0x77, 0xFE, 0xE4, 0xFF, 0xF0, 0x77, 0x76, 0x20, 0x63, 0x9C, 0x7F, 0x70, 0x31, 0xEF,
    0x3E, 0xFD, 0xF0, 0x77, 0x9F, 0x87, 0x80, 0x01, 0x81, 0xC0, 0xC0, 0xE0, 0x60, 0x70, 0x30, 0x38,
    0x18, 0x1C, 0x0C, 0x0E, 0x06, 0x07, 0x03, 0x00, 0x00, 0x30, 0x01, 0x80, 0x18, 0x01, 0xC0, 0x0C,
    0x00, 0xC0, 0x06, 0x00, 0x60, 0x07, 0x00, 0x30, 0x03, 0x80, 0x18, 0x01, 0x80, 0x0C, 0x00, 0xC0,
    0x0E, 0x00, 0x60, 0x00, 0x7B, 0x7F, 0x6F, 0x73, 0xBD, 0xC0, 0xFF, 0x7F, 0xBF, 0xDC, 0x6E, 0x37,
    0x18, 0xFF, 0xFF, 0x00, 0xFF, 0xFF, 0xDF, 0x7D, 0xF7, 0xDC, 0xFB, 0xEF, 0x86, 0x18, 0x60, 0x00,
    0x3F, 0x9F, 0xDF, 0xEF, 0xE0, 0xC0, 0x3C, 0x1E, 0x0F, 0xCF, 0xEF, 0xF7, 0xF0, 0x70, 0x78, 0x3C,
    0x00, 0x7B, 0xFF, 0xBF, 0xEF, 0xFE, 0xF0, 0x33, 0x8E, 0x3B, 0xFF, 0x3F, 0xE3, 0x38, 0x77, 0xFF,
    0xF7, 0x00, 0xC0, 0x78, 0x3F, 0x87, 0xE1, 0xFF, 0xFB, 0xF1, 0xC0, 0x00, 0x00, 0x7B, 0x30, 0x3E,
    0x3F, 0x9D, 0xCC, 0xE1, 0xC1, 0xE0, 0x70, 0x43, 0xE7, 0x9E, 0xF8, 0x00, 0x04, 0xFF, 0xBE, 0x7C,
    0x30, 0x83, 0xCF, 0xDF, 0xFB, 0x00, 0x80, 0x0F, 0x1C, 0xFD, 0xC7, 0xFE, 0xFB, 0x6C, 0x36, 0xE6,
    0x77, 0xE0, 0xFF, 0xF0, 0x27, 0xFE, 0xE5, 0x00, 0x7F, 0x6E, 0xF7, 0x6F, 0xE0, 0x67, 0x3E, 0x73,
    0x00, 0xF0, 0x07, 0x7C, 0x1E, 0x3F, 0xFC, 0x0F, 0xF8, 0x70, 0x07, 0x3E, 0x0F, 0x8F, 0xFF, 0x81,
    0xFF, 0x00, 0xFF, 0xFF, 0xFF, 0xC0, 0xFF, 0xFF, 0xFF, 0xC0, 0x00, 0x00, 0x00, 0xFF, 0xE0, 0x77,
    0xFF, 0xFF, 0xDC, 0x3F, 0xFE, 0x00, 0x00, 0x00, 0x0F, 0xF8, 0x0F, 0xFF, 0x0F, 0x8F, 0xCE, 0x00,
    0xE0, 0x00, 0x07, 0x00, 0x00, 0x73, 0xFF, 0xFF, 0x7F, 0xFF, 0xE0, 0x00, 0x70, 0x7C, 0xF9, 0xF3,
    0x67, 0xC7, 0x80, 0x3C, 0xF9, 0xB3, 0xF7, 0xCF, 0x80, 0x00, 0x6F, 0xFF, 0xFF, 0x7C, 0xFB, 0xBF,
    0x76, 0xCF, 0x84, 0x00, 0x6C, 0xD9, 0xB3, 0x67, 0xCF, 0x8D, 0x00, 0x00, 0xF9, 0xF3, 0x26, 0x0F,
    0x9F, 0x08, 0x0E, 0x1C, 0x3B, 0xF7, 0xED, 0xDB, 0xB7, 0x7E, 0x08, 0x60, 0xC1, 0xF3, 0xE6, 0xCD,
    0x9B, 0x36, 0xFF, 0x7F, 0xF7, 0x7B, 0xBD, 0xDE, 0xEC, 0xFF, 0xCC, 0xCC, 0x66, 0xF7, 0x66, 0x77,
    0x30, 0x6C, 0xD9, 0xF1, 0xC3, 0x87, 0x00, 0x6C, 0xF8, 0xE1, 0xC7, 0xCD, 0xC0, 0x3C, 0x03, 0x80,
    0x38, 0x00, 0x0F, 0xFF, 0xFF, 0xFF, 0xFF, 0x80, 0xF0, 0x1E, 0x03, 0xC0, 0x7F, 0xEF, 0xFD, 0xFF,
    0xBC, 0x07, 0x80, 0xF0, 0x1F, 0xFF, 0xFF, 0xFF, 0xF0, 0x31, 0x8F, 0x78, 0xEE, 0x00, 0x0F, 0xFF,
    0xFF, 0xFF, 0xFF, 0x80, 0xF0, 0x1E, 0x03, 0xC0, 0x7F, 0xEF, 0xFD, 0xFF, 0xBC, 0x07, 0x80, 0xF0,
    0x1F, 0xFF, 0xFF, 0xFF, 0xF0, 0xFF, 0xFC, 0x3F, 0xFF, 0x07, 0xFF, 0x80, 0x1E, 0x00, 0x07, 0x80,
    0x01, 0xE0, 0x00, 0x7B, 0xC0, 0x1F, 0xF8, 0x07, 0xFF, 0x01, 0xF3, 0xE0, 0x78, 0x78, 0x1E, 0x1E,
    0x07, 0x87, 0x81, 0xE1, 0xE0, 0x7B, 0xF8, 0x1E, 0xFC, 0x00, 0x3E, 0x00, 0x07, 0x80, 0xE0, 0x38,
    0x00, 0x0F, 0xFF, 0xFF, 0xFF, 0xFF, 0x80, 0xF0, 0x1E, 0x03, 0xC0, 0x78, 0x0F, 0x01, 0xE0, 0x3C,
    0x07, 0x80, 0xF0, 0x1E, 0x03, 0xC0, 0x78, 0x00, 0x07, 0xF0, 0x3F, 0xF0, 0xFF, 0xF1, 0xE1, 0xE7,
    0x81, 0xEF, 0x03, 0xDF, 0xF0, 0x3F, 0xE0, 0x7F, 0xC0, 0xF0, 0x01, 0xE0, 0x7B, 0xC0, 0xF3, 0xC3,
    0xC7, 0xFF, 0x87, 0xFE, 0x03, 0xF0, 0x0F, 0xC1, 0xFF, 0x9F, 0xFC, 0xF0, 0xF7, 0x87, 0xBE, 0x01,
    0xFE, 0x07, 0xFC, 0x1F, 0xF0, 0x1F, 0xC0, 0x1E, 0xE0, 0xF7, 0x87, 0xBF, 0xFC, 0xFF, 0xC3, 0xFC,
    0xFF, 0xFF, 0xFF, 0xFF, 0xFF, 0xFF, 0xFF, 0xFF, 0x66, 0xEF, 0xE7, 0x00, 0x3C, 0x3C, 0x3C, 0x3C,
    0x3C, 0x3C, 0x3C, 0x3C, 0x3C, 0x3C, 0x3C, 0x3C, 0x3C, 0x3C, 0x3C, 0x3C, 0x01, 0xE0, 0x3C, 0x07,
    0x80, 0xF0, 0x1E, 0x03, 0xC0, 0x78, 0x0F, 0x01, 0xE0, 0x3F, 0xC7, 0xF8, 0xFF, 0x9E, 0xFF, 0xDF,
    0xF0, 0xFC, 0x0F, 0xFC, 0x00, 0x1F, 0xF8, 0x00, 0x7F, 0xF0, 0x00, 0xF1, 0xE0, 0x01, 0xE3, 0xC0,
    0x03, 0xC7, 0x80, 0x07, 0x8F, 0xFC, 0x0F, 0x1F, 0xFC, 0x1E, 0x3F, 0xFC, 0x3C, 0x78, 0x7C, 0x70,
    0xF0, 0x78, 0xE1, 0xE0, 0xF3, 0xC3, 0xC3, 0xEF, 0x87, 0xFF, 0xBE, 0x0F, 0xFE, 0x78, 0x1F, 0xF8,
    0xF0, 0x3C, 0x03, 0xC0, 0xF0, 0x0F, 0x03, 0xC0, 0x3C, 0x0F, 0x00, 0xF0, 0x3C, 0x03, 0xC0, 0xF0,
    0x0F, 0xFF, 0xFE, 0x3F, 0xFF, 0xFE, 0xFF, 0xFF, 0xFB, 0xC0, 0xF0, 0xFF, 0x03, 0xC3, 0xFC, 0x0F,
    0x0F, 0xF0, 0x3C, 0x7F, 0xC0, 0xFF, 0xEF, 0x03, 0xFF, 0xBC, 0x0F, 0xF8, 0xFF, 0xFC, 0x3F, 0xFF,
    0x07, 0xFF, 0xC0, 0x1E, 0x00, 0x07, 0x80, 0x01, 0xE0, 0x00, 0x7B, 0xC0, 0x1F, 0xFC, 0x07, 0xFF,
    0x81, 0xFB, 0xE0, 0x78, 0x3C, 0x1E, 0x0F, 0x07, 0x83, 0xC1, 0xE0, 0xF0, 0x78, 0x3C, 0x1E, 0x0F,
    0x03, 0x80, 0x1E, 0x00, 0x70, 0x00, 0x00, 0xF0, 0x7B, 0xC3, 0xEF, 0x1F, 0x3C, 0x78, 0xF3, 0xC3,
    0xDF, 0x0F, 0xF8, 0x3F, 0xC0, 0xFF, 0x83, 0xDE, 0x0F, 0x3C, 0x3C, 0xF8, 0xF1, 0xF3, 0xC3, 0xCF,
    0x0F, 0xBC, 0x1F, 0x1E, 0x00, 0x38, 0x00, 0x70, 0x00, 0x00, 0xF0, 0x7F, 0xC1, 0xFF, 0x0F, 0xFC,
    0x3F, 0xF1, 0xFF, 0xCF, 0xFF, 0x3F, 0xFD, 0xEF, 0xF7, 0xBF, 0xFC, 0xFF, 0xF3, 0xFF, 0x8F, 0xFC,
    0x3F, 0xF0, 0xFF, 0x83, 0xFE, 0x0F, 0x0C, 0x60, 0x33, 0x80, 0xFE, 0x01, 0xF0, 0x00, 0x03, 0xE0,
    0xF7, 0x83, 0xDF, 0x1E, 0x3C, 0x78, 0xF3, 0xC1, 0xEF, 0x07, 0xBC, 0x0F, 0xE0, 0x3F, 0x80, 0x7C,
    0x01, 0xF0, 0x07, 0xC0, 0x1E, 0x03, 0xF8, 0x0F, 0xC0, 0x3E, 0x00, 0xF0, 0x7F, 0x83, 0xFC, 0x1F,
    0xE0, 0xFF, 0x07, 0xF8, 0x3F, 0xC1, 0xFE, 0x0F, 0xF0, 0x7F, 0x83, 0xFC, 0x1F, 0xE0, 0xFF, 0x07,
    0xFF, 0xFF, 0xFF, 0xFF, 0xFF, 0x07, 0x00, 0x38, 0x01, 0xC0, 0x07, 0xC0, 0x07, 0xE0, 0x0F, 0xE0,
    0x0F, 0xE0, 0x0F, 0xF0, 0x0E, 0xF0, 0x1E, 0xF0, 0x1E, 0x78, 0x1E, 0x78, 0x3C, 0x78, 0x3F, 0xFC,
    0x3F, 0xFC, 0x7F, 0xFC, 0x78, 0x3E, 0x78, 0x1E, 0xF0, 0x1E, 0xFF, 0xEF, 0xFE, 0xFF, 0xEF, 0x00,
    0xF0, 0x0F, 0x00, 0xFF, 0x8F, 0xFE, 0xFF, 0xEF, 0x1F, 0xF0, 0xFF, 0x0F, 0xF0, 0xFF, 0xFF, 0xFF,
    0xEF, 0xFC, 0xFF, 0xCF, 0xFE, 0xFF, 0xEF, 0x0F, 0xF0, 0xFF, 0x1E, 0xFF, 0xEF, 0xFC, 0xFF, 0xEF,
    0x1F, 0xF0, 0xFF, 0x0F, 0xF0, 0xFF, 0xFF, 0xFF, 0xEF, 0xFC, 0xFF, 0xFF, 0xFF, 0xFF, 0xF8, 0x0F,
    0x01, 0xE0, 0x3C, 0x07, 0x80, 0xF0, 0x1E, 0x03, 0xC0, 0x78, 0x0F, 0x01, 0xE0, 0x3C, 0x07, 0x80,
    0x0F, 0xFF, 0x03, 0xFF, 0xC0, 0xFF, 0xF0, 0x3C, 0x3C, 0x0F, 0x0F, 0x03, 0xC3, 0xC0, 0xF0, 0xF0,
    0x3C, 0x3C, 0x0F, 0x0F, 0x03, 0x83, 0xC1, 0xE0, 0xF0, 0x78, 0x3C, 0x1E, 0x0F, 0x1F, 0xFF, 0xFF,
    0xFF, 0xFF, 0xFF, 0xFF, 0xF0, 0x03, 0xFC, 0x00, 0xFF, 0x00, 0x3D, 0xC0, 0x0F, 0xFF, 0xFF, 0xFF,
    0xFF, 0xF8, 0x0F, 0x01, 0xE0, 0x3C, 0x07, 0xFE, 0xFF, 0xDF, 0xFB, 0xC0, 0x78, 0x0F, 0x01, 0xFF,
    0xFF, 0xFF, 0xFF, 0x78, 0x78, 0x7D, 0xF1, 0xE1, 0xE3, 0xC7, 0x8F, 0x0F, 0x9E, 0x3C, 0x1E, 0x79,
    0xE0, 0x3D, 0xE7, 0x80, 0xF7, 0xBC, 0x01, 0xFF, 0xF0, 0x0F, 0xFF, 0xC0, 0x3F, 0xFF, 0x01, 0xE7,
    0x9E, 0x07, 0x9E, 0x7C, 0x3C, 0x78, 0xF0, 0xF1, 0xE3, 0xE7, 0x87, 0x87, 0xBE, 0x1E, 0x1F, 0x3F,
    0x87, 0xFC, 0xFF, 0xEF, 0x1E, 0xF1, 0xE0, 0x1E, 0x0F, 0xE0, 0xF8, 0x0F, 0xE0, 0x3E, 0x00, 0xFE,
    0x0F, 0xF1, 0xFF, 0xFE, 0x7F, 0xE3, 0xF8, 0xF0, 0x7F, 0xC1, 0xFF, 0x0F, 0xFC, 0x3F, 0xF1, 0xFF,
    0xCF, 0xFF, 0x3F, 0xFD, 0xEF, 0xF7, 0xBF, 0xFC, 0xFF, 0xF3, 0xFF, 0x8F, 0xFC, 0x3F, 0xF0, 0xFF,
    0x83, 0xFE, 0x0F, 0x18, 0xC0, 0x73, 0x01, 0xFC, 0x03, 0xE0, 0x00, 0x03, 0xC1, 0xFF, 0x07, 0xFC,
    0x3F, 0xF0, 0xFF, 0xC7, 0xFF, 0x3F, 0xFC, 0xFF, 0xF7, 0xBF, 0xDE, 0xFF, 0xF3, 0xFF, 0xCF, 0xFE,
    0x3F, 0xF0, 0xFF, 0xC3, 0xFE, 0x0F, 0xF8, 0x3C, 0xF0, 0x7B, 0xC3, 0xEF, 0x1F, 0x3C, 0x78, 0xF3,
    0xC3, 0xDF, 0x0F, 0xF8, 0x3F, 0xC0, 0xFF, 0x83, 0xDE, 0x0F, 0x3C, 0x3C, 0xF8, 0xF1, 0xF3, 0xC3,
    0xCF, 0x0F, 0xBC, 0x1F, 0x0F, 0xFE, 0x1F, 0xFC, 0x7F, 0xF8, 0xF0, 0xF1, 0xE1, 0xE3, 0xC3, 0xC7,
    0x87, 0x8F, 0x0F, 0x1E, 0x1E, 0x3C, 0x3C, 0x78, 0x78, 0xE0, 0xF3, 0xC1, 0xEF, 0x83, 0xFE, 0x07,
    0xF8, 0x0F, 0xFC, 0x0F, 0xBF, 0x07, 0xEF, 0xC1, 0xFB, 0xF8, 0x7E, 0xFE, 0x3F, 0xBF, 0x8F, 0xEF,
    0xF3, 0xFB, 0xFD, 0xEE, 0xFF, 0x7B, 0xBD, 0xDE, 0xEF, 0x7F, 0x3B, 0xDF, 0xCE, 0xF3, 0xF3, 0xBC,
    0xF8, 0xEF, 0x1E, 0x3B, 0xC7, 0x8E, 0xF0, 0x3F, 0xC0, 0xFF, 0x03, 0xFC, 0x0F, 0xF0, 0x3F, 0xC0,
    0xFF, 0xFF, 0xFF, 0xFF, 0xFF, 0xFF, 0xC0, 0xFF, 0x03, 0xFC, 0x0F, 0xF0, 0x3F, 0xC0, 0xFF, 0x03,
    0xFC, 0x0F, 0x07, 0xE0, 0x1F, 0xF8, 0x3F, 0xFC, 0x3C, 0x3C, 0x78, 0x1E, 0x78, 0x1E, 0x78, 0x1E,
    0x78, 0x0E, 0x78, 0x0E, 0x78, 0x1E, 0x78, 0x1E, 0x78, 0x1E, 0x3C, 0x3C, 0x3F, 0xFC, 0x1F, 0xF8,
    0x07, 0xE0, 0xFF, 0xFF, 0xFF, 0xFF, 0xFF, 0xFC, 0x0F, 0xF0, 0x3F, 0xC0, 0xFF, 0x03, 0xFC, 0x0F,
    0xF0, 0x3F, 0xC0, 0xFF, 0x03, 0xFC, 0x0F, 0xF0, 0x3F, 0xC0, 0xFF, 0x03, 0xFC, 0x0F, 0xFF, 0x8F,
    0xFE, 0xFF, 0xEF, 0x1F, 0xF0, 0xFF, 0x0F, 0xF0, 0xFF, 0x1F, 0xFF, 0xEF, 0xFE, 0xFF, 0x8F, 0x00,
    0xF0, 0x0F, 0x00, 0xF0, 0x0F, 0x00, 0x07, 0xF0, 0x3F, 0xF0, 0xFF, 0xF1, 0xE1, 0xE7, 0x81, 0xEF,
    0x03, 0xDE, 0x00, 0x3C, 0x00, 0x78, 0x00, 0xF0, 0x01, 0xE0, 0x7B, 0xC0, 0xF3, 0xC3, 0xC7, 0xFF,
    0x87, 0xFE, 0x03, 0xF8, 0xFF, 0xFF, 0xFF, 0xF7, 0xFF, 0x81, 0xE0, 0x07, 0x80, 0x1E, 0x00, 0x78,
    0x01, 0xE0, 0x07, 0x80, 0x1E, 0x00, 0x78, 0x01, 0xE0, 0x07, 0x80, 0x1E, 0x00, 0x78, 0x01, 0xE0,
    0xF8, 0x3D, 0xE0, 0xF7, 0xC7, 0x8F, 0x1E, 0x3C, 0xF0, 0x7B, 0xC1, 0xEF, 0x03, 0xF8, 0x0F, 0xE0,
    0x1F, 0x00, 0x7C, 0x01, 0xF0, 0x07, 0x80, 0xFE, 0x03, 0xF0, 0x0F, 0x80, 0x01, 0xE0, 0x00, 0xF0,
    0x03, 0xFE, 0x03, 0xFF, 0xC3, 0xFF, 0xE3, 0xEF, 0xF9, 0xE7, 0xBC, 0xF3, 0xCF, 0x71, 0xE7, 0xB8,
    0xF3, 0xDE, 0x79, 0xEF, 0x3D, 0xE7, 0xDF, 0xF1, 0xFF, 0xF8, 0x7F, 0xF8, 0x1F, 0xF0, 0x01, 0xE0,
    0x00, 0xF0, 0x00, 0x78, 0x3E, 0x78, 0x78, 0xF9, 0xE0, 0xF7, 0xC1, 0xFF, 0x01, 0xFC, 0x01, 0xF8,
    0x03, 0xE0, 0x07, 0xC0, 0x1F, 0xC0, 0x3F, 0xC0, 0xF7, 0x83, 0xE7, 0x87, 0x8F, 0x9F, 0x0F, 0x7C,
    0x1F, 0xF0, 0x79, 0xE0, 0xF3, 0xC1, 0xE7, 0x83, 0xCF, 0x07, 0x9E, 0x0F, 0x3C, 0x1E, 0x78, 0x3C,
    0xF0, 0x79, 0xE0, 0xF3, 0xC1, 0xE7, 0x83, 0xCF, 0x07, 0x9F, 0xFF, 0xFF, 0xFF, 0xFF, 0xFF, 0x00,
    0x1E, 0x00, 0x3C, 0x00, 0x78, 0x00, 0xF0, 0xF0, 0x7F, 0x83, 0xFC, 0x1F, 0xE0, 0xFF, 0x07, 0xF8,
    0x3F, 0xC1, 0xFF, 0x3F, 0x7F, 0xF9, 0xFF, 0xC7, 0xDE, 0x00, 0xF0, 0x07, 0x80, 0x3C, 0x01, 0xE0,
    0x0F, 0xF1, 0xE1, 0xFE, 0x3C, 0x3F, 0xC7, 0x87, 0xF8, 0xF0, 0xFF, 0x1E, 0x1F, 0xE3, 0xC3, 0xFC,
    0x78, 0x7F, 0x8F, 0x0F, 0xF1, 0xE1, 0xFE, 0x3C, 0x3F, 0xC7, 0x87, 0xF8, 0xF0, 0xFF, 0x1E, 0x1F,
    0xFF, 0xFF, 0xFF, 0xFF, 0xFF, 0xFF, 0xFF, 0xF1, 0xE1, 0xEF, 0x1E, 0x1E, 0xF1, 0xE1, 0xEF, 0x1E,
    0x1E, 0xF1, 0xE1, 0xEF, 0x1E, 0x1E, 0xF1, 0xE1, 0xEF, 0x1E, 0x1E, 0xF1, 0xE1, 0xEF, 0x1E, 0x1E,
    0xF1, 0xE1, 0xEF, 0x1E, 0x1E, 0xF1, 0xE1, 0xEF, 0xFF, 0xFF, 0xFF, 0xFF, 0xFF, 0xFF, 0xFF, 0x00,
    0x00, 0xF0, 0x00, 0x0F, 0x00, 0x00, 0xF0, 0x00, 0x07, 0xFF, 0x00, 0x7F, 0x80, 0x1F, 0xC0, 0x01,
    0xE0, 0x00, 0xF0, 0x00, 0x78, 0x00, 0x3F, 0xF0, 0x1F, 0xFE, 0x0F, 0xFF, 0x07, 0x87, 0xC3, 0xC1,
    0xE1, 0xE0, 0xF0, 0xF0, 0xF8, 0x7F, 0xF8, 0x3F, 0xF8, 0x1F, 0xF8, 0xF0, 0x07, 0xF8, 0x03, 0xFC,
    0x01, 0xFE, 0x00, 0xFF, 0x00, 0x7F, 0x80, 0x3F, 0xFF, 0x1F, 0xFF, 0xCF, 0xFF, 0xF7, 0xF8, 0x7B,
    0xFC, 0x3D, 0xFE, 0x1E, 0xFF, 0x0F, 0x7F, 0xFF, 0xBF, 0xFF, 0x9F, 0xFF, 0x8F, 0xF0, 0x0F, 0x00,
    0xF0, 0x0F, 0x00, 0xF0, 0x0F, 0x00, 0xFF, 0xCF, 0xFE, 0xFF, 0xFF, 0x0F, 0xF0, 0xFF, 0x0F, 0xF0,
    0xFF, 0xFF, 0xFF, 0xEF, 0xFC, 0x0F, 0xE0, 0x7F, 0xE0, 0xFF, 0xE3, 0xC3, 0xE7, 0x83, 0xCE, 0x03,
    0xC0, 0xFF, 0x83, 0xFF, 0x07, 0xFE, 0x00, 0x3D, 0xC0, 0x7B, 0xC1, 0xE7, 0x87, 0xC7, 0xFF, 0x07,
    0xFC, 0x07, 0xF0, 0xF0, 0x7F, 0x0F, 0x0F, 0xFC, 0xF1, 0xFF, 0xCF, 0x3E, 0x1E, 0xF3, 0xC1, 0xEF,
    0x38, 0x0F, 0xFF, 0x80, 0xFF, 0xF8, 0x0F, 0xFF, 0x80, 0xFF, 0x78, 0x0F, 0xF3, 0x80, 0xFF, 0x3C,
    0x1E, 0xF3, 0xE1, 0xEF, 0x1F, 0xFC, 0xF0, 0xFF, 0xCF, 0x07, 0xF0, 0x1F, 0xF9, 0xFF, 0xDF, 0xFE,
    0xF0, 0xF7, 0x87, 0xBC, 0x3D, 0xE1, 0xEF, 0x8F, 0x7F, 0xF9, 0xFF, 0xC7, 0xFE, 0x7C, 0xF3, 0xC7,
    0xBE, 0x3D, 0xE1, 0xFF, 0x0F, 0x1F, 0x87, 0xF9, 0xFF, 0xB8, 0xF0, 0x1E, 0x7F, 0xDF, 0xFF, 0xCF,
    0xF1, 0xFF, 0xFD, 0xFF, 0x9F, 0x70, 0x00, 0xF0, 0xFE, 0x1F, 0xE3, 0xF8, 0x78, 0x07, 0x7C, 0x7F,
    0xE7, 0xDF, 0xF8, 0xFF, 0x0F, 0x70, 0xF7, 0x0F, 0x78, 0xF7, 0xFE, 0x3F, 0xE1, 0xF8, 0xFF, 0x1F,
    0xFB, 0xFF, 0x79, 0xEF, 0xFD, 0xFF, 0x3F, 0xF7, 0x9E, 0xF1, 0xFF, 0xFB, 0xFF, 0x7F, 0xC0, 0xFF,
    0x7F, 0xBF, 0xDE, 0x0F, 0x07, 0x83, 0xC1, 0xE0, 0xF0, 0x78, 0x3C, 0x1E, 0x00, 0x1F, 0xF0, 0xFF,
    0xC3, 0xFF, 0x0F, 0x3C, 0x3C, 0xF0, 0xF3, 0xC3, 0xCF, 0x0E, 0x3C, 0x38, 0xF3, 0xFF, 0xFF, 0xFF,
    0xFF, 0xFF, 0xF0, 0x3F, 0xC0, 0xFF, 0x03, 0xFC, 0x0F, 0x1F, 0x83, 0xFC, 0x7F, 0xE7, 0x8F, 0x7F,
    0xF7, 0xFF, 0xFF, 0xF7, 0x00, 0x78, 0xE7, 0xFE, 0x3F, 0xE1, 0xFC, 0xF9, 0xE7, 0xDE, 0x79, 0xE3,
    0xDE, 0xF0, 0xF7, 0xBC, 0x1F, 0xFE, 0x03, 0xFF, 0x00, 0xFF, 0xC0, 0x7F, 0xF8, 0x3F, 0xFF, 0x0F,
    0x7B, 0xC7, 0x9E, 0x7B, 0xE7, 0x9F, 0x3F, 0x0F, 0xF1, 0xFF, 0x39, 0xE0, 0xFC, 0x1F, 0x03, 0xF0,
    0x1E, 0xF3, 0xCF, 0xF9, 0xFF, 0x1F, 0xC0, 0xF1, 0xFE, 0x3F, 0xCF, 0xFB, 0xFF, 0x7F, 0xFF, 0xFF,
    0xFF, 0xEF, 0xFD, 0xFF, 0x3F, 0xC7, 0xF8, 0xF0, 0x31, 0x87, 0x70, 0xFE, 0x0F, 0x80, 0x01, 0xE3,
    0xFC, 0x7F, 0x9F, 0xF7, 0xFE, 0xFF, 0xFF, 0xFF, 0xFF, 0xDF, 0xFB, 0xFE, 0x7F, 0x8F, 0xF1, 0xE0,
    0xF1, 0xEF, 0x3C, 0xF7, 0xCF, 0x78, 0xFF, 0x0F, 0xF0, 0xFF, 0x0F, 0xF0, 0xF7, 0x8F, 0x7C, 0xF3,
    0xCF, 0x1E, 0x3F, 0xF3, 0xFF, 0x3F, 0xF3, 0xCF, 0x3C, 0xF3, 0xCF, 0x3C, 0xF3, 0x8F, 0x78, 0xFF,
    0x8F, 0xF8, 0xFF, 0x0F, 0xF8, 0x7F, 0xF8, 0xFF, 0xF1, 0xFF, 0xE7, 0xFF, 0xEF, 0xFF, 0xDF, 0xFF,
    0xBF, 0xFF, 0xFF, 0xF7, 0xDF, 0xEF, 0xBF, 0xDF, 0x7F, 0x9C, 0xF0, 0xF1, 0xFE, 0x3F, 0xC7, 0xF8,
    0xFF, 0xFF, 0xFF, 0xFF, 0xFF, 0x8F, 0xF1, 0xFE, 0x3F, 0xC7, 0xF8, 0xF0, 0x1F, 0xC3, 0xFE, 0x7F,
    0xE7, 0x8F, 0x78, 0xF7, 0x0F, 0x70, 0xF7, 0x8F, 0x78, 0xF7, 0xFE, 0x3F, 0xE1, 0xFC, 0xFF, 0xFF,
    0xFF, 0xFF, 0xF8, 0xFF, 0x1F, 0xE3, 0xFC, 0x7F, 0x8F, 0xF1, 0xFE, 0x3F, 0xC7, 0xF8, 0xF0, 0xFF,
    0x8F, 0xFC, 0xFF, 0xEF, 0x1E, 0xF0, 0xFF, 0x0F, 0xF0, 0xFF, 0x0F, 0xF1, 0xEF, 0xFE, 0xFF, 0xCF,
    0xF8, 0xF0, 0x0F, 0x00, 0xF0, 0x0F, 0x00, 0x1F, 0xC3, 0xFE, 0x7F, 0xE7, 0x8F, 0x78, 0xC7, 0x00,
    0x70, 0x07, 0x8E, 0x78, 0xF7, 0xFE, 0x3F, 0xE1, 0xFC, 0xFF, 0xFF, 0xFF, 0xFF, 0x8F, 0x01, 0xE0,
    0x3C, 0x07, 0x80, 0xF0, 0x1E, 0x03, 0xC0, 0x78, 0x0F, 0x00, 0xF0, 0xF7, 0x87, 0x9E, 0x3C, 0xF3,
    0xC3, 0x9E, 0x1E, 0xF0, 0xF7, 0x03, 0xF8, 0x1F, 0x80, 0xFC, 0x03, 0xE0, 0x1E, 0x00, 0xF0, 0x1F,
    0x81, 0xF8, 0x0F, 0x80, 0x03, 0xC0, 0x03, 0xC0, 0x03, 0xC0, 0x03, 0xC0, 0x1F, 0xF8, 0x3F, 0xFC,
    0x7F, 0xFE, 0x7B, 0xDE, 0x73, 0xCF, 0x73, 0xCF, 0x73, 0xCF, 0x73, 0xCF, 0x7B, 0xDE, 0x7F, 0xFE,
    0x3F, 0xFC, 0x1F, 0xF8, 0x03, 0xC0, 0x03, 0xC0, 0x03, 0xC0, 0x03, 0xC0, 0x78, 0xF7, 0x9E, 0x3D,
    0xC3, 0xFC, 0x1F, 0x81, 0xF8, 0x1F, 0x81, 0xF8, 0x3F, 0xC3, 0x9E, 0x79, 0xEF, 0x0F, 0xF1, 0xE7,
    0x8F, 0x3C, 0x79, 0xE3, 0xCF, 0x1E, 0x78, 0xF3, 0xC7, 0x9E, 0x3C, 0xF1, 0xE7, 0xFF, 0xBF, 0xFD,
    0xFF, 0xE0, 0x07, 0x00, 0x38, 0x01, 0xC0, 0x0E, 0xF1, 0xFE, 0x3F, 0xC7, 0xF8, 0xFF, 0x1F, 0xF7,
    0xFF, 0xFB, 0xFF, 0x1F, 0xE0, 0x3C, 0x07, 0x80, 0xF0, 0xF3, 0xCF, 0xF3, 0xCF, 0xF3, 0xCF, 0xF3,
    0xCF, 0xF3, 0xCF, 0xF3, 0xCF, 0xF3, 0xCF, 0xF3, 0xCF, 0xF3, 0xCF, 0xFF, 0xFF, 0xFF, 0xFF, 0xFF,
    0xFF, 0xF3, 0xCF, 0x3C, 0xF3, 0xCF, 0x3C, 0xF3, 0xCF, 0x3C, 0xF3, 0xCF, 0x3C, 0xF3, 0xCF, 0x3C,
    0xF3, 0xCF, 0x3C, 0xF3, 0xCF, 0x3F, 0xFF, 0xEF, 0xFF, 0xFF, 0xFF, 0xFF, 0x00, 0x03, 0xC0, 0x00,
    0xF0, 0x00, 0x38, 0x00, 0x0E, 0xFE, 0x03, 0xF8, 0x0F, 0xE0, 0x07, 0x80, 0x1F, 0xF0, 0x7F, 0xE1,
    0xFF, 0x87, 0x8F, 0x1E, 0x3C, 0x7F, 0xE1, 0xFF, 0x87, 0xFC, 0xF0, 0x1F, 0xE0, 0x3F, 0xC0, 0x7F,
    0x80, 0xFF, 0xF9, 0xFF, 0xFB, 0xFF, 0xFF, 0xF8, 0xFF, 0xF1, 0xFF, 0xFF, 0xFF, 0xFF, 0x7F, 0xFC,
    0xF0, 0xF0, 0x1E, 0x03, 0xC0, 0x78, 0x0F, 0xF9, 0xFF, 0xBF, 0xFF, 0x8F, 0xF1, 0xFF, 0xFF, 0xFF,
    0x7F, 0xC0, 0x1F, 0x87, 0xFC, 0x7F, 0xE7, 0x0E, 0x07, 0xF0, 0xFF, 0x0F, 0xF3, 0x0F, 0x71, 0xE7,
    0xFE, 0x3F, 0xC1, 0xF8, 0xF1, 0xFC, 0x79, 0xFF, 0x3C, 0xFF, 0xDE, 0xF1, 0xEF, 0xF8, 0x77, 0xFC,
    0x3F, 0xFE, 0x1F, 0xEF, 0x0E, 0xF7, 0x8F, 0x79, 0xFF, 0xBC, 0xFF, 0x9E, 0x1F, 0x80, 0x3F, 0xEF,
    0xFD, 0xFF, 0xF8, 0xFF, 0x1E, 0xFF, 0xDF, 0xF9, 0xFF, 0x3D, 0xEF, 0xBD, 0xE7, 0xF8, 0xF0, 0x1E,
    0x00, 0xE0, 0x0E, 0x00, 0x00, 0x1F, 0x83, 0xFC, 0x7F, 0xE7, 0x8F, 0x7F, 0xF7, 0xFF, 0xFF, 0xF7,
    0x00, 0x78, 0xE7, 0xFE, 0x3F, 0xE1, 0xFC, 0x19, 0xC3, 0xDC, 0x3D, 0xC0, 0x00, 0x1F, 0x83, 0xFC,
    0x7F, 0xE7, 0x8F, 0x7F, 0xF7, 0xFF, 0xFF, 0xF7, 0x00, 0x78, 0xE7, 0xFE, 0x3F, 0xE1, 0xFC, 0x7F,
    0x03, 0xFC, 0x1F, 0xE0, 0x78, 0x03, 0xFE, 0x1F, 0xF8, 0xFF, 0xE7, 0x8F, 0x3C, 0x79, 0xE3, 0xCF,
    0x1E, 0x78, 0xF3, 0xC7, 0x9E, 0x3C, 0xF1, 0xE7, 0x8F, 0x00, 0x78, 0x0F, 0xC0, 0x7E, 0x03, 0xE0,
    0x0E, 0x0F, 0x07, 0x00, 0x0F, 0xF7, 0xFB, 0xFD, 0xE0, 0xF0, 0x78, 0x3C, 0x1E, 0x0F, 0x07, 0x83,
    0xC1, 0xE0, 0x1F, 0xC3, 0xFE, 0x7F, 0xE7, 0x8F, 0x7F, 0x07, 0xF0, 0x7F, 0x07, 0x04, 0x78, 0xF7,
    0xFE, 0x3F, 0xE1, 0xFC, 0x1F, 0x8F, 0xF9, 0xFF, 0xBC, 0xF7, 0xC0, 0xFF, 0x07, 0xF8, 0x1F, 0x71,
    0xEF, 0xFD, 0xFF, 0x1F, 0xC0, 0xFF, 0xF0, 0xFF, 0xFF, 0xFF, 0xFF, 0xFF, 0xFF, 0xE6, 0xEF, 0xEF,
    0x00, 0x3C, 0x3C, 0x3C, 0x3C, 0x3C, 0x3C, 0x3C, 0x3C, 0x3C, 0x3C, 0x3C, 0x3C, 0x3C, 0xF3, 0xC0,
    0x3C, 0xF3, 0xCF, 0x3C, 0xF3, 0xCF, 0x3C, 0xF3, 0xCF, 0x3F, 0xFF, 0xBC, 0x3F, 0xF0, 0x07, 0xFE,
    0x00, 0xFF, 0xC0, 0x1E, 0x78, 0x03, 0xCF, 0xF8, 0x79, 0xFF, 0x8F, 0x3F, 0xF9, 0xE7, 0x8F, 0x38,
    0xF1, 0xFF, 0x1F, 0xFF, 0xE3, 0xFF, 0x78, 0x7F, 0xC0, 0xF1, 0xE0, 0x3C, 0x78, 0x0F, 0x1E, 0x03,
    0xC7, 0x80, 0xFF, 0xFE, 0x3F, 0xFF, 0xEF, 0xFF, 0xFB, 0xC7, 0x8F, 0xF1, 0xE3, 0xFC, 0x7F, 0xFF,
    0x1F, 0xFB, 0xC7, 0xFC, 0x3C, 0x03, 0xFC, 0x1F, 0xE0, 0x78, 0x03, 0xFE, 0x1F, 0xF8, 0xFF, 0xE7,
    0x8F, 0x3C, 0x79, 0xE3, 0xCF, 0x1E, 0x78, 0xF3, 0xC7, 0x9E, 0x3C, 0xF1, 0xE7, 0x8F, 0x07, 0x00,
    0xF0, 0x0E, 0x00, 0x00, 0xF1, 0xEF, 0x3C, 0xF7, 0xCF, 0x78, 0xFF, 0x0F, 0xF0, 0xFF, 0x0F, 0xF0,
    0xF7, 0x8F, 0x7C, 0xF3, 0xCF, 0x1E, 0x3C, 0x03, 0x80, 0x38, 0x00, 0x0F, 0x1F, 0xE3, 0xFC, 0xFF,
    0xBF, 0xF7, 0xFF, 0xFF, 0xFF, 0xFE, 0xFF, 0xDF, 0xF3, 0xFC, 0x7F, 0x8F, 0x18, 0xC0, 0xCE, 0x07,
    0xF0, 0x1F, 0x00, 0x00, 0x78, 0x7B, 0xC3, 0xCF, 0x1E, 0x79, 0xE1, 0xCF, 0x0F, 0x78, 0x7B, 0x81,
    0xFC, 0x0F, 0xC0, 0x7E, 0x01, 0xF0, 0x0F, 0x00, 0x78, 0x0F, 0xC0, 0xFC, 0x07, 0xC0, 0x00, 0xF1,
    0xFE, 0x3F, 0xC7, 0xF8, 0xFF, 0x1F, 0xE3, 0xFC, 0x7F, 0x8F, 0xF1, 0xFF, 0xFF, 0xFF, 0xFF, 0xF1,
    0xE0, 0x3C, 0x03, 0x80, 0xF1, 0xE1, 0xFC, 0x78, 0x7F, 0x1E, 0x1F, 0xC7, 0x87, 0xF1, 0xE1, 0xFC,
    0x78, 0x7F, 0x1E, 0x1F, 0xC7, 0x87, 0xF1, 0xE1, 0xFC, 0x78, 0x7F, 0x1E, 0x1F, 0xC7, 0x8F, 0xF1,
    0xE3, 0xDF, 0xFF, 0xF7, 0xFF, 0xF8, 0xFE, 0xFC, 0xF3, 0xC7, 0x79, 0xE3, 0xBC, 0xF1, 0xDE, 0x78,
    0xEF, 0x3C, 0x77, 0x9E, 0x3B, 0xCF, 0x1D, 0xE7, 0x8E, 0xF3, 0xCF, 0x7F, 0xFF, 0x9F, 0xFF, 0xC7,
    0xCF, 0xC0, 0x3C, 0x03, 0xFE, 0x0F, 0xF8, 0x3F, 0xE0, 0x3C, 0x00, 0xF0, 0x03, 0xFF, 0x0F, 0xFE,
    0x3F, 0xFC, 0xF0, 0xF3, 0xC3, 0xCF, 0x0F, 0x3C, 0x3C, 0xFF, 0xF3, 0xFF, 0x8F, 0xFC, 0x3C, 0x01,
    0xE0, 0x0F, 0x00, 0x78, 0x0F, 0xFC, 0x7F, 0xE3, 0xFE, 0x07, 0x80, 0x3F, 0xE1, 0xFF, 0x8F, 0xFE,
    0x78, 0xF3, 0xC7, 0x9F, 0xFC, 0xFF, 0xC7, 0xFC, 0xF0, 0x7F, 0x1E, 0x1F, 0xF3, 0xC7, 0xFF, 0x79,
    0xF0, 0xFF, 0x3C, 0x1F, 0xE7, 0x01, 0x3F, 0xFF, 0x07, 0xFF, 0xE0, 0xFF, 0xFC, 0x1E, 0xF0, 0x03,
    0xCF, 0x03, 0x79, 0xE0, 0xFF, 0x3E, 0x3F, 0xE3, 0xFF, 0xBC, 0x3F, 0xE7, 0x83, 0xF8, 0xF1, 0xFC,
    0xF3, 0xFE, 0xF7, 0xFE, 0xF7, 0x8F, 0xFF, 0xF0, 0xFF, 0xF0, 0xFF, 0xF0, 0xF7, 0x0F, 0xF7, 0x8F,
    0xF7, 0xFE, 0xF3, 0xFE, 0xF1, 0xFC, 0x07, 0xC0, 0x07, 0xE0, 0x0F, 0xE0, 0x0F, 0xE0, 0x0F, 0xF0,
    0x0E, 0xF0, 0x1E, 0xF0, 0x1E, 0x78, 0x1E, 0x78, 0x3F, 0xF8, 0x3F, 0xFC, 0x3F, 0xBC, 0x7B, 0xBC,
    0x7B, 0xBE, 0x7B, 0x9E, 0xF3, 0x9E, 0x0F, 0x00, 0xF8, 0x1F, 0x81, 0xF8, 0x1F, 0xC3, 0xFC, 0x3D,
    0xC3, 0xFE, 0x7F, 0xE7, 0xFE, 0xF6, 0xFF, 0x6F, 0xF0, 0x7C, 0x0F, 0x07, 0xE0, 0xF0, 0x7E, 0x0F,
    0x0F, 0xE0, 0xF0, 0xFF, 0x0F, 0x0E, 0xF0, 0xF1, 0xEF, 0x0F, 0x1E, 0x78, 0xF1, 0xE7, 0x8F, 0xFF,
    0xF8, 0xFF, 0xFF, 0xCF, 0x3F, 0xFC, 0xF7, 0xBF, 0xCF, 0x7B, 0xDE, 0xF7, 0xBD, 0xEF, 0xFB, 0xDE,
    0xF0, 0xF0, 0x78, 0x7C, 0x3C, 0x7E, 0x1E, 0x3F, 0x0F, 0x1F, 0xC7, 0x9E, 0xE3, 0xFF, 0xF1, 0xFF,
    0xFC, 0xFF, 0xFE, 0x7B, 0xFF, 0xBD, 0xDF, 0xDF, 0xEF, 0xE0, 0x7F, 0xFE, 0x1F, 0xFF, 0x0F, 0xFF,
    0x03, 0xC7, 0x01, 0xE7, 0x80, 0x7B, 0x80, 0x1F, 0xC0, 0x3F, 0xF0, 0x7F, 0xFE, 0x3F, 0xFF, 0xBE,
    0xF7, 0xDE, 0x79, 0xEF, 0x3C, 0x77, 0x9E, 0x3B, 0xCF, 0x1D, 0xE7, 0x8E, 0x7F, 0xF9, 0xFF, 0xC3,
    0xFF, 0x07, 0x38, 0x1F, 0xE0, 0x7F, 0x07, 0xFF, 0x3F, 0xFE, 0xF7, 0xFF, 0x9E, 0xFE, 0x7B, 0xF9,
    0xEF, 0xF1, 0xFF, 0xF9, 0xE1, 0xFF, 0xF3, 0xC1, 0xFF, 0xC7, 0x83, 0xC7, 0x8F, 0x03, 0xDE, 0x1E,
    0x07, 0xBC, 0x3C, 0x07, 0xF0, 0x7F, 0xFF, 0xF0, 0xFF, 0xFF, 0xF9, 0xFF, 0xFF, 0xFB, 0xC7, 0x9C,
    0xF7, 0x9E, 0x38, 0xFF, 0x3C, 0x71, 0xFE, 0x78, 0xE3, 0xFC, 0xF1, 0xC7, 0xF9, 0xE3, 0x8F, 0xF1,
    0xFF, 0xEF, 0x1F, 0xFC, 0xF0, 0xFF, 0x8F, 0x0F, 0x78, 0xF0, 0x77, 0x0F, 0xFF, 0xF0, 0xFF, 0xFF,
    0xCF, 0xFF, 0xFE, 0xF3, 0xDD, 0xEF, 0x39, 0xCF, 0xF7, 0x9C, 0xFF, 0x79, 0xCF, 0x39, 0xCF, 0xE1,
    0xF0, 0x38, 0x00, 0x1F, 0xC7, 0xF9, 0xFF, 0x03, 0xC0, 0xF0, 0x3C, 0xFE, 0x3F, 0x0F, 0xE0, 0x7C,
    0x0F, 0x03, 0xC0, 0xF3, 0xFF, 0xFE, 0xFF, 0x38, 0x0E, 0x03, 0xC0, 0x70, 0x0C, 0x00, 0x7B, 0xCF,
    0xE1, 0xF0, 0x00, 0x00, 0x1F, 0xE7, 0xFD, 0xFF, 0x03, 0xC7, 0xF3, 0xF8, 0xFF, 0x03, 0xC0, 0x71,
    0xFD, 0xFF, 0x7F, 0xBC, 0x0F, 0xC1, 0xF0, 0x3C, 0x00, 0xF3, 0xC7, 0xF9, 0xE3, 0xFC, 0xF1, 0xFE,
    0x78, 0xFF, 0x3C, 0x7F, 0x9E, 0x3F, 0xCF, 0x1D, 0xE7, 0x9E, 0x7B, 0xCF, 0x3F, 0xFF, 0x0F, 0xFF,
    0x83, 0xFF, 0x00, 0x3C, 0x00, 0x1E, 0x00, 0x0F, 0x00, 0x07, 0x80, 0x03, 0xC0, 0x07, 0x80, 0x0F,
    0x07, 0x9E, 0x7F, 0x3C, 0xFE, 0x79, 0xFC, 0xF3, 0xF9, 0xE7, 0xF3, 0xCF, 0xE7, 0x9F, 0xCF, 0x7F,
    0x9E, 0xF7, 0xFF, 0xEF, 0xFF, 0x87, 0xFE, 0x01, 0xE0, 0x03, 0xC0, 0x07, 0x80, 0x0F, 0x00, 0x07,
    0xE0, 0x1F, 0xF8, 0x3F, 0xFC, 0x3C, 0x3C, 0x78, 0x1E, 0x78, 0x1E, 0x7F, 0xFE, 0x7F, 0xFE, 0x7F,
    0xFE, 0x78, 0x1E, 0x78, 0x1E, 0x78, 0x1E, 0x3C, 0x3C, 0x3F, 0xFC, 0x1F, 0xF8, 0x07, 0xE0, 0x1F,
    0xC3, 0xFE, 0x7F, 0xE7, 0x8F, 0x7E, 0xF7, 0xFF, 0x7F, 0xF7, 0x8F, 0x78, 0xF7, 0xFE, 0x3F, 0xE1,
    0xFC, 0xF0, 0x0F, 0x78, 0x1F, 0x78, 0x1F, 0x78, 0x3C, 0x3C, 0x3C, 0x3C, 0x3C, 0x3C, 0x78, 0x1E,
    0x78, 0x1E, 0x78, 0x1E, 0xF0, 0x0F, 0xF0, 0x0F, 0xF0, 0x0F, 0xE0, 0x07, 0xE0, 0x07, 0xE0, 0x07,
    0xC0, 0xF0, 0x7F, 0x87, 0xDE, 0x7E, 0xF3, 0xC7, 0x9E, 0x1C, 0xE0, 0xFF, 0x07, 0xF8, 0x1F, 0x80,
    0xFC, 0x07, 0xE0, 0x1E, 0x00, 0x1D, 0xC0, 0x1F, 0xE0, 0x0E, 0xE0, 0x00, 0x00, 0xF0, 0x0F, 0x78,
    0x1F, 0x78, 0x1F, 0x78, 0x3C, 0x3C, 0x3C, 0x3C, 0x3C, 0x3C, 0x78, 0x1E, 0x78, 0x1E, 0x78, 0x1E,
    0xF0, 0x0F, 0xF0, 0x0F, 0xF0, 0x0F, 0xE0, 0x07, 0xE0, 0x07, 0xE0, 0x07, 0xC0, 0x77, 0x03, 0xFC,
    0x0E, 0xE0, 0x00, 0x0F, 0x07, 0xF8, 0x7D, 0xE7, 0xEF, 0x3C, 0x79, 0xE1, 0xCE, 0x0F, 0xF0, 0x7F,
    0x81, 0xF8, 0x0F, 0xC0, 0x7E, 0x01, 0xE0, 0x07, 0xE0, 0x00, 0x00, 0xFF, 0xC0, 0x00, 0x0F, 0xFF,
    0x00, 0x00, 0x78, 0x78, 0x00, 0x07, 0x81, 0xEF, 0x07, 0x3C, 0x0F, 0x38, 0x79, 0xE0, 0x79, 0xE3,
    0xCF, 0x01, 0xCF, 0x1C, 0x78, 0x0E, 0x39, 0xE3, 0xC0, 0xF1, 0xEF, 0x1E, 0x07, 0x8F, 0x70, 0xF0,
    0x3C, 0x3F, 0x83, 0xC3, 0xC1, 0xF8, 0x1F, 0xFE, 0x0F, 0xC0, 0x7F, 0xE0, 0x3E, 0x00, 0xFC, 0x01,
    0xE0, 0x00, 0x00, 0x0F, 0x00, 0x00, 0x01, 0xF8, 0x00, 0x00, 0x1F, 0x80, 0x00, 0x00, 0xF8, 0x00,
    0x1F, 0xC7, 0x07, 0x9F, 0xF3, 0xC3, 0x9F, 0xF9, 0xE3, 0xCF, 0x1E, 0x71, 0xE7, 0x8F, 0x3C, 0xE3,
    0x87, 0x9E, 0xF1, 0xC3, 0xC7, 0x78, 0xF1, 0xE3, 0xF8, 0x78, 0xF1, 0xFC, 0x3F, 0xF0, 0x7C, 0x0F,
    0xF8, 0x3E, 0x03, 0xF8, 0x0F, 0x00, 0x00, 0x0F, 0x00, 0x00, 0x1F, 0x80, 0x00, 0x0F, 0x80, 0x00,
    0x0F, 0x80, 0x0F, 0xE0, 0x7F, 0xE3, 0xFF, 0x9F, 0x0F, 0x78, 0x3D, 0xE0, 0x07, 0x80, 0x1E, 0x00,
    0x78, 0x01, 0xE0, 0xF7, 0x83, 0xCF, 0xBF, 0x3F, 0xFC, 0x7F, 0xF0, 0x7B, 0xC0, 0x0F, 0x1F, 0x83,
    0xFE, 0x7F, 0xE7, 0x8F, 0x78, 0xF7, 0x00, 0xF0, 0x07, 0x00, 0x78, 0x07, 0xC0, 0x3F, 0x01, 0xF0,
    0x0F, 0x00, 0x70, 0x07, 0x00, 0x70, 0x00, 0xE0, 0x8C, 0x1D, 0xC1, 0xF8, 0x07, 0xC0, 0x7E, 0x07,
    0x7E, 0xE0, 0xFC, 0x03, 0xE0, 0x1F, 0x03, 0xB8, 0x31, 0x07, 0x00, 0x01, 0x01, 0xDF, 0xEF, 0xE6,
    0x00, 0x3F, 0x7F, 0xA0, 0x40, 0xFD, 0xB0, 0x6F, 0xA0, 0xFC, 0x7F, 0xE0, 0x40, 0x00, 0x78, 0x00,
    0x06, 0xC0, 0x00, 0x00, 0x00, 0x3C, 0x03, 0xC3, 0x60, 0x36, 0x09, 0x00, 0x90, 0x00, 0x00, 0x00,
    0x00, 0x00, 0x00, 0x00, 0x03, 0xC0, 0x03, 0xF6, 0x00, 0x36, 0x00, 0x00, 0x00, 0x00, 0x00, 0x00,
    0x00, 0x00, 0x70, 0x07, 0x86, 0xC0, 0x6C, 0x00, 0x00, 0x00, 0x03, 0xC0, 0x00, 0x36, 0x00, 0x00,
    0x20, 0x00, 0x06, 0x00, 0x10, 0x60, 0x01, 0x86, 0x08, 0x1C, 0x03, 0xC0, 0xC0, 0x70, 0x0C, 0x00,
    0x00, 0x00, 0x00, 0x00, 0x00, 0x0F, 0x00, 0x0E, 0x70, 0x00, 0xF0, 0x00, 0x00, 0x00, 0x00, 0x00,
    0x00, 0x00, 0x0C, 0x03, 0x01, 0xE0, 0x30, 0x38, 0x61, 0x80, 0x06, 0x18, 0x00, 0x60, 0x00, 0x04,
    0x00, 0x18, 0xC0, 0x39, 0x80, 0x7F, 0x00, 0x7C, 0x00, 0x00, 0x1E, 0x0F, 0xBC, 0x1F, 0x78, 0x7E,
    0xF0, 0xFD, 0xE3, 0xFB, 0xCF, 0xF7, 0x9F, 0xEF, 0x7B, 0xDE, 0xF7, 0xBF, 0xCF, 0x7F, 0x9E, 0xFE,
    0x3D, 0xF8, 0x7B, 0xF0, 0xFF, 0xC1, 0xFF, 0x83, 0xE0, 0x03, 0x80, 0x07, 0x00, 0x1E, 0x00, 0x38,
    0x31, 0x81, 0xDC, 0x0F, 0xE0, 0x3E, 0x00, 0x00, 0x78, 0xF3, 0xC7, 0x9E, 0x7C, 0xF7, 0xE7, 0xBF,
    0x3F, 0xF9, 0xFF, 0xCF, 0xDE, 0x7E, 0xF3, 0xE7, 0xFE, 0x3F, 0xF1, 0xF0, 0x07, 0x80, 0x3C, 0x01,
    0xC0, 0x0E, 0x00, 0x3C, 0x03, 0xFE, 0x0F, 0xF8, 0x3F, 0xE0, 0x3C, 0x00, 0xF0, 0x03, 0xFF, 0x0F,
    0xFE, 0x3F, 0xFC, 0xF0, 0xF3, 0xC3, 0xCF, 0x0F, 0x3C, 0x3C, 0xFF, 0xF3, 0xFF, 0x8F, 0xFC, 0x3C,
    0x01, 0xE0, 0x0F, 0x01, 0xFF, 0x8F, 0xFC, 0x7F, 0xC0, 0xF0, 0x07, 0xFC, 0x3F, 0xF1, 0xFF, 0xCF,
    0x1E, 0x78, 0xF3, 0xFF, 0x9F, 0xF8, 0xFF, 0x80, 0xFF, 0xCF, 0xFE, 0xFF, 0xEF, 0x0F, 0xF0, 0xFF,
    0x0F, 0xF7, 0xFF, 0x3F, 0xFF, 0xEF, 0xFE, 0xFF, 0xCF, 0x0E, 0xF0, 0x4F, 0x00, 0xF0, 0x0F, 0x00,
    0xFF, 0x8F, 0xFC, 0xFF, 0xEF, 0x1E, 0xF0, 0xFF, 0x0F, 0xF0, 0xFF, 0x2F, 0xF7, 0xEF, 0xFE, 0xFF,
    0xCF, 0xFE, 0xF0, 0x6F, 0x00, 0xF0, 0x0F, 0x00, 0x01, 0xE0, 0x3C, 0x07, 0xFF, 0xFF, 0xFF, 0xFF,
    0xFC, 0x07, 0x80, 0xF0, 0x1E, 0x03, 0xC0, 0x78, 0x0F, 0x01, 0xE0, 0x3C, 0x07, 0x80, 0xF0, 0x1E,
    0x03, 0xC0, 0x00, 0x07, 0x03, 0x81, 0xDF, 0xEF, 0xF7, 0xFB, 0xC1, 0xE0, 0xF0, 0x78, 0x3C, 0x1E,
    0x0F, 0x07, 0x83, 0xC0, 0x3F, 0xF9, 0xFF, 0xCF, 0xFE, 0x78, 0x03, 0xC0, 0x1E, 0x03, 0xFF, 0x1F,
    0xF8, 0xFF, 0xC1, 0xE0, 0x0F, 0x00, 0x78, 0x03, 0xC0, 0x1E, 0x00, 0xF0, 0x07, 0x80, 0x3F, 0xC7,
    0xF8, 0xFF, 0x1E, 0x03, 0xC0, 0xFF, 0x1F, 0xE1, 0xE0, 0x3C, 0x07, 0x80, 0xF0, 0x1E, 0x00, 0xFF,
    0xEF, 0xFE, 0xFF, 0xEF, 0x00, 0xF0, 0x0F, 0x00, 0xF7, 0x0F, 0xFC, 0xFF, 0xEF, 0x9F, 0xF0, 0xFF,
    0x0F, 0xF0, 0xFF, 0x0F, 0xF7, 0xFF, 0x7E, 0x07, 0xC0, 0xFF, 0x1F, 0xE3, 0xFC, 0x78, 0x0F, 0x01,
    0xFE, 0x3F, 0xE7, 0xFE, 0xF1, 0xDE, 0x3B, 0xC7, 0x78, 0xE0, 0x7C, 0x1F, 0x03, 0xC0, 0x70, 0x78,
    0x78, 0x7C, 0xF8, 0xF0, 0xF0, 0xF1, 0xE3, 0xC1, 0xF3, 0xC7, 0x81, 0xE7, 0x9E, 0x01, 0xEF, 0x3C,
    0x03, 0xDE, 0xF0, 0x03, 0xFF, 0xE0, 0x0F, 0xFF, 0xC0, 0x1F, 0xFF, 0x80, 0x79, 0xE7, 0x80, 0xF3,
    0xCF, 0x83, 0xC7, 0x8F, 0x07, 0x8F, 0x1F, 0xDE, 0x1E, 0x1F, 0xFC, 0x3C, 0x3F, 0x00, 0x00, 0x1E,
    0x00, 0x00, 0x3C, 0x00, 0x00, 0x78, 0x00, 0x00, 0xF0, 0xF9, 0xE7, 0xCF, 0x3C, 0xF0, 0xF7, 0xBC,
    0x1E, 0xF7, 0x81, 0xFF, 0xE0, 0x1F, 0xF8, 0x03, 0xFF, 0x00, 0xFF, 0xF0, 0x3F, 0xFF, 0x07, 0xBD,
    0xFD, 0xE7, 0x9F, 0xFC, 0xF3, 0xF0, 0x00, 0x1E, 0x00, 0x03, 0xC0, 0x00, 0x78, 0x00, 0x0F, 0x3F,
    0x87, 0xFC, 0xFF, 0xEF, 0x1E, 0xF1, 0xE0, 0x1E, 0x0F, 0xE0, 0xF8, 0x0F, 0xE0, 0x3E, 0x00, 0xFE,
    0x0F, 0xF1, 0xFF, 0xFE, 0x7F, 0xE3, 0xF8, 0x07, 0x00, 0x78, 0x03, 0x80, 0xF0, 0x06, 0x00, 0x3F,
    0x0F, 0xF1, 0xFF, 0x39, 0xE0, 0xFC, 0x1F, 0x03, 0xF0, 0x1E, 0xF3, 0xCF, 0xF9, 0xFF, 0x1F, 0xC0,
    0xE0, 0x1E, 0x00, 0xC0, 0x78, 0x0C, 0x00, 0xF0, 0x79, 0xE1, 0xF3, 0xC7, 0xC7, 0x8F, 0x0F, 0x3C,
    0x1E, 0xF8, 0x3F, 0xE0, 0x7F, 0x80, 0xFF, 0x81, 0xEF, 0x03, 0xCF, 0x07, 0x9F, 0x0F, 0x1F, 0x1E,
    0x1F, 0xFC, 0x3F, 0xF8, 0x3F, 0x00, 0x1E, 0x00, 0x3C, 0x00, 0x78, 0x00, 0xE0, 0xF1, 0xEF, 0x3C,
    0xF7, 0xCF, 0x78, 0xFF, 0x0F, 0xF0, 0xFF, 0x0F, 0xF0, 0xF7, 0x8F, 0x7F, 0xF3, 0xFF, 0x1F, 0x00,
    0xF0, 0x0F, 0x00, 0xF0, 0x0F, 0xF0, 0x7B, 0xC3, 0xEF, 0x0F, 0x3C, 0x3C, 0xFF, 0xE3, 0xFF, 0x8F,
    0xFC, 0x3F, 0xF0, 0xFF, 0xC3, 0xFF, 0x0F, 0xFE, 0x3F, 0xF8, 0xF0, 0xF3, 0xC3, 0xEF, 0x07, 0xBC,
    0x1F, 0xF0, 0xF7, 0x8F, 0xBC, 0x79, 0xFB, 0xCF, 0xFC, 0x7F, 0xE3, 0xFF, 0x1F, 0xF8, 0xFD, 0xE7,
    0xEF, 0x3C, 0x7D, 0xE1, 0xE0, 0xFF, 0x07, 0xFF, 0xC1, 0xE7, 0xF0, 0xF0, 0x3C, 0x7C, 0x0F, 0x1E,
    0x03, 0xCF, 0x00, 0xFF, 0xC0, 0x3F, 0xE0, 0x0F, 0xF8, 0x03, 0xCF, 0x00, 0xF3, 0xE0, 0x3C, 0x78,
    0x0F, 0x0F, 0x03, 0xC3, 0xE0, 0xF0, 0x78, 0x3C, 0x0F, 0xFE, 0x3F, 0xF9, 0xEF, 0xEF, 0x87, 0xBC,
    0x1F, 0xE0, 0x7F, 0x81, 0xFE, 0x07, 0xF8, 0x1E, 0xF0, 0x7B, 0xE1, 0xE7, 0x87, 0x8F, 0xF0, 0x3D,
    0xE0, 0x7B, 0xC0, 0xF7, 0x81, 0xEF, 0x03, 0xDE, 0x07, 0xBF, 0xFF, 0x7F, 0xFE, 0xFF, 0xFD, 0xE0,
    0x7B, 0xC0, 0xF7, 0x81, 0xEF, 0x03, 0xDE, 0x07, 0xFC, 0x0F, 0xF8, 0x1F, 0x00, 0x1E, 0x00, 0x3C,
    0x00, 0x78, 0x00, 0xF0, 0xF1, 0xE7, 0x8F, 0x3C, 0x79, 0xE3, 0xCF, 0xFE, 0x7F, 0xF3, 0xFF, 0x9E,
    0x3C, 0xF1, 0xE7, 0x8F, 0xFC, 0x7F, 0xE3, 0xF0, 0x07, 0x80, 0x3C, 0x01, 0xE0, 0x0E, 0xF0, 0x3F,
    0xFF, 0x03, 0xFF, 0xF0, 0x3F, 0xEF, 0x03, 0xC0, 0xF0, 0x3C, 0x0F, 0x03, 0xC0, 0xFF, 0xFC, 0x0F,
    0xFF, 0xC0, 0xFF, 0xFC, 0x0F, 0x03, 0xC0, 0xF0, 0x3C, 0x0F, 0x03, 0xC0, 0xF0, 0x3C, 0x0F, 0x03,
    0xC0, 0xF0, 0x3C, 0x0F, 0x03, 0xC0, 0xF1, 0xFF, 0xC7, 0xFF, 0x1F, 0xFC, 0x78, 0xFF, 0xE3, 0xFF,
    0x8F, 0xFE, 0x3C, 0x78, 0xF1, 0xE3, 0xC7, 0x8F, 0x1E, 0x3C, 0x78, 0xFF, 0xFC, 0x03, 0xFF, 0xF0,
    0x0F, 0xFF, 0xC0, 0x3C, 0x0F, 0x00, 0xF0, 0x3C, 0x03, 0xC0, 0xF0, 0x0F, 0x03, 0xFC, 0x3C, 0x0F,
    0xFC, 0xF0, 0x3F, 0xFB, 0xC0, 0xF9, 0xFF, 0x03, 0xC3, 0xFC, 0x0F, 0x0F, 0xF0, 0x3C, 0x3F, 0xC0,
    0xF1, 0xFF, 0x03, 0xFF, 0xBC, 0x0F, 0xFE, 0x00, 0x03, 0xE0, 0xFF, 0xE0, 0x3F, 0xF8, 0x0F, 0xFE,
    0x03, 0xC7, 0x80, 0xF1, 0xE0, 0x3C, 0x7F, 0x8F, 0x1F, 0xFB, 0xC7, 0xFE, 0xF1, 0xE3, 0xFC, 0x78,
    0xFF, 0x1E, 0x3F, 0xC7, 0x8F, 0x00, 0x07, 0x80, 0x01, 0xE0, 0x00, 0x60, 0x07, 0x00, 0x00, 0x7C,
    0x3C, 0x03, 0xF3, 0xFC, 0x0F, 0x1F, 0xF8, 0x78, 0x7D, 0xF1, 0xE3, 0xC3, 0xC7, 0x8F, 0x0F, 0x1E,
    0x3C, 0x3C, 0x78, 0xF0, 0xF1, 0xE3, 0xE7, 0xC7, 0x87, 0xBE, 0x1E, 0x1F, 0xF8, 0x3C, 0x3F, 0xC0,
    0xFF, 0xFF, 0xE1, 0xFF, 0xFF, 0x81, 0xFF, 0xFE, 0x1E, 0x00, 0x0F, 0x9E, 0x07, 0xEF, 0xE1, 0xE7,
    0xF8, 0x79, 0xEF, 0x1C, 0xF3, 0xCF, 0x3C, 0xF1, 0xE7, 0xBC, 0x79, 0xFE, 0x1F, 0xFF, 0xE3, 0xFF,
    0xF8, 0x3F, 0xFE, 0x07, 0xF0, 0x3F, 0xF0, 0xFF, 0xF1, 0xE1, 0xE7, 0x81, 0xEF, 0x03, 0xDE, 0x00,
    0x3C, 0x00, 0x78, 0x00, 0xF0, 0x01, 0xE0, 0x7B, 0xC0, 0xF3, 0xC3, 0xC7, 0xFF, 0x87, 0xFE, 0x03,
    0xF8, 0x01, 0xC0, 0x03, 0xC0, 0x03, 0x80, 0x1F, 0x00, 0x18, 0x00, 0x1F, 0xC3, 0xFE, 0x7F, 0xE7,
    0x8F, 0x78, 0xC7, 0x00, 0x70, 0x07, 0x8E, 0x78, 0xF7, 0xFE, 0x3F, 0xE1, 0xFC, 0x07, 0x00, 0x78,
    0x01, 0x80, 0x78, 0x06, 0x00, 0xFF, 0xFF, 0xFF, 0xF7, 0xFF, 0x81, 0xE0, 0x07, 0x80, 0x1E, 0x00,
    0x78, 0x01, 0xE0, 0x07, 0x80, 0x1E, 0x00, 0x78, 0x01, 0xE0, 0x07, 0x80, 0x1F, 0x00, 0x7C, 0x01,
    0xF0, 0x01, 0xC0, 0x07, 0x00, 0x1C, 0x00, 0x70, 0xFF, 0xFF, 0xFF, 0xFF, 0x8F, 0x01, 0xE0, 0x3C,
    0x07, 0x80, 0xF0, 0x1E, 0x03, 0xF0, 0x7E, 0x0F, 0xC0, 0x78, 0x0F, 0x01, 0xE0, 0x3C, 0xF8, 0x3E,
    0xF0, 0x79, 0xF1, 0xF1, 0xE3, 0xC1, 0xE7, 0x83, 0xDE, 0x03, 0xFC, 0x07, 0xF0, 0x07, 0xC0, 0x0F,
    0x80, 0x0F, 0x00, 0x1E, 0x00, 0x3C, 0x00, 0x78, 0x00, 0xF0, 0x01, 0xE0, 0xF0, 0xF7, 0x87, 0x9E,
    0x3C, 0xF1, 0xC3, 0x9E, 0x1E, 0xF0, 0xF7, 0x03, 0xF8, 0x1F, 0xC0, 0xFC, 0x03, 0xE0, 0x1E, 0x00,
    0xF0, 0x07, 0x80, 0x3C, 0x01, 0xE0, 0xF8, 0x3E, 0xF0, 0x79, 0xF1, 0xF1, 0xE3, 0xC1, 0xE7, 0x83,
    0xDE, 0x03, 0xFC, 0x07, 0xF0, 0x07, 0xC0, 0x0F, 0x80, 0x7F, 0xC0, 0xFF, 0x81, 0xFF, 0x00, 0x78,
    0x00, 0xF0, 0x01, 0xE0, 0xF0, 0xF7, 0x87, 0x9E, 0x3C, 0xF1, 0xC3, 0x9E, 0x1E, 0xF0, 0xF7, 0x03,
    0xF8, 0x1F, 0xC0, 0xFC, 0x03, 0xE0, 0x7F, 0x83, 0xFC, 0x07, 0x80, 0x3C, 0x01, 0xE0, 0x78, 0x3E,
    0x3C, 0x3C, 0x3E, 0x78, 0x1E, 0xF8, 0x1F, 0xF0, 0x0F, 0xE0, 0x07, 0xE0, 0x07, 0xC0, 0x07, 0xC0,
    0x0F, 0xE0, 0x0F, 0xF0, 0x1E, 0xF0, 0x3E, 0x78, 0x3C, 0x7F, 0x7C, 0x3F, 0xF8, 0x3F, 0x00, 0x0F,
    0x00, 0x0F, 0x00, 0x0F, 0x00, 0x0F, 0x78, 0xF3, 0xCF, 0x0F, 0x70, 0x7F, 0x81, 0xF8, 0x0F, 0xC0,
    0x7E, 0x03, 0xF0, 0x3F, 0xC1, 0xCF, 0xDE, 0x7F, 0xE1, 0xF0, 0x07, 0x80, 0x3C, 0x01, 0xE0, 0x0F,
    0xFF, 0xFB, 0xCF, 0xFF, 0xBC, 0xFF, 0xFB, 0xC0, 0x78, 0x3C, 0x07, 0x83, 0xC0, 0x78, 0x3C, 0x07,
    0x83, 0xC0, 0x78, 0x3C, 0x07, 0x83, 0xC0, 0x78, 0x3C, 0x07, 0x83, 0xC0, 0x78, 0x3C, 0x07, 0x83,
    0xC0, 0x7F, 0xFF, 0x07, 0xFF, 0xF0, 0x7F, 0xFF, 0x00, 0x00, 0xF0, 0x00, 0x0F, 0x00, 0x00, 0xF0,
    0x00, 0x0E, 0xFF, 0x79, 0xFE, 0xF3, 0xFD, 0xE1, 0xE3, 0xC3, 0xC7, 0x87, 0x8F, 0x0F, 0x1E, 0x1E,
    0x3C, 0x3C, 0x78, 0x7F, 0xF8, 0xFF, 0xF9, 0xFF, 0xF0, 0x01, 0xE0, 0x03, 0xC0, 0x07, 0x00, 0x0E,
    0xF0, 0x7B, 0xC1, 0xEF, 0x07, 0xBC, 0x1E, 0xF0, 0x7B, 0xC1, 0xEF, 0x07, 0xBE, 0x7E, 0x7F, 0xF8,
    0xFF, 0xE1, 0xF7, 0x80, 0x1E, 0x00, 0x78, 0x01, 0xF0, 0x07, 0xC0, 0x1F, 0x00, 0x1C, 0x00, 0x70,
    0x01, 0xC0, 0x07, 0xF1, 0xEF, 0x1E, 0xF1, 0xEF, 0x1E, 0xF1, 0xEF, 0xBE, 0xFF, 0xE7, 0xFE, 0x1F,
    0xE0, 0x1F, 0x01, 0xF0, 0x1F, 0x00, 0xF0, 0x0F, 0x00, 0xF0, 0x07, 0xF0, 0x7F, 0x83, 0xFC, 0x1F,
    0xE0, 0xFF, 0x07, 0xFB, 0xBF, 0xDD, 0xFF, 0xFF, 0x7F, 0xF9, 0xFF, 0xC7, 0xDE, 0x0E, 0xF0, 0x77,
    0x80, 0x3C, 0x01, 0xE0, 0x0F, 0xF1, 0xFE, 0x3F, 0xC7, 0xFE, 0xFF, 0xFF, 0xFF, 0xFF, 0xFB, 0xFF,
    0x1F, 0xE1, 0xFC, 0x3F, 0x80, 0xF0, 0xF0, 0x07, 0x80, 0x3C, 0x01, 0xE0, 0x0F, 0x00, 0x78, 0x03,
    0xFF, 0x1F, 0xFE, 0xFF, 0xF7, 0x87, 0xFC, 0x1F, 0xE0, 0xFF, 0x07, 0xF8, 0x3F, 0xC1, 0xFE, 0x0F,
    0xF0, 0x1E, 0x03, 0xC0, 0x78, 0x0F, 0xF9, 0xFF, 0xBF, 0xFF, 0x8F, 0xF1, 0xFE, 0x3F, 0xC7, 0xF8,
    0xFF, 0x1F, 0xE3, 0xFC, 0x7F, 0x8F, 0x01, 0xFC, 0x00, 0xFF, 0xC0, 0x7F, 0xF8, 0x3E, 0x1E, 0xEF,
    0x03, 0xBB, 0xC0, 0xFF, 0xFF, 0xFF, 0xFF, 0xFF, 0x7F, 0xFF, 0xC3, 0xC0, 0x00, 0xF0, 0x38, 0x3C,
    0x0F, 0x07, 0x87, 0x81, 0xFF, 0xE0, 0x3F, 0xF0, 0x03, 0xF0, 0x01, 0xF8, 0x0F, 0xFB, 0x9F, 0xF7,
    0x78, 0xFF, 0xF1, 0xEF, 0xFF, 0xDF, 0xFF, 0x87, 0x80, 0x0F, 0x1E, 0x0F, 0xFC, 0x1F, 0xF0, 0x1F,
    0xC0, 0x01, 0xFC, 0x00, 0xFF, 0xC0, 0x7F, 0xF8, 0x3E, 0x1E, 0xEF, 0x03, 0xBB, 0xC0, 0xFF, 0xFF,
    0xFF, 0xFF, 0xFF, 0x7F, 0xFF, 0xC3, 0xC0, 0x00, 0xF0, 0x38, 0x3C, 0x0F, 0x07, 0x87, 0x81, 0xFF,
    0xE0, 0x3F, 0xF0, 0x03, 0xF0, 0x00, 0x78, 0x00, 0x1E, 0x00, 0x07, 0x80, 0x01, 0xF8, 0x0F, 0xFB,
    0x9F, 0xF7, 0x78, 0xFF, 0xF1, 0xEF, 0xFF, 0xDF, 0xFF, 0x87, 0x80, 0x0F, 0x1E, 0x0F, 0xFC, 0x1F,
    0xF0, 0x1F, 0xC0, 0x0F, 0x00, 0x1E, 0x00, 0x0C, 0x00, 0x78, 0x00, 0xE0, 0xFF, 0xFF, 0xFF, 0xFF,
    0xFF, 0xFF, 0xFF, 0xFF, 0x01, 0xC6, 0x00, 0x07, 0x38, 0x00, 0x0F, 0xC0, 0x00, 0x1F, 0x00, 0x00,
    0x00, 0x01, 0xE1, 0xE1, 0xF7, 0xC7, 0x87, 0x8F, 0x1E, 0x3C, 0x3E, 0x78, 0xF0, 0x79, 0xE7, 0x80,
    0xF7, 0x9E, 0x03, 0xDE, 0xF0, 0x07, 0xFF, 0xC0, 0x3F, 0xFF, 0x00, 0xFF, 0xFC, 0x07, 0x9E, 0x78,
    0x1E, 0x79, 0xF0, 0xF1, 0xE3, 0xC3, 0xC7, 0x8F, 0x9E, 0x1E, 0x1E, 0xF8, 0x78, 0x7C, 0x07, 0x38,
    0x01, 0xCE, 0x00, 0x3F, 0x00, 0x07, 0x80, 0x00, 0x00, 0x3E, 0x79, 0xF7, 0x9E, 0x78, 0xF7, 0xBC,
    0x3D, 0xEF, 0x07, 0xFF, 0x80, 0xFF, 0xC0, 0x3F, 0xF0, 0x1F, 0xFE, 0x0F, 0xFF, 0xC3, 0xDE, 0xF1,
    0xE7, 0x9E, 0xF9, 0xE7, 0xC0, 0xF0, 0xFF, 0x8F, 0xBC, 0x79, 0xE7, 0xCF, 0x3C, 0x7B, 0xC3, 0xFE,
    0x1F, 0xF0, 0xFF, 0xE7, 0xFF, 0xBC, 0x3D, 0xE0, 0xFF, 0x07, 0xF8, 0x3F, 0xC1, 0xFE, 0x0F, 0x00,
    0xF0, 0x1F, 0x80, 0xF8, 0x03, 0x00, 0xF1, 0xEF, 0x3C, 0xF7, 0xCF, 0x78, 0xFF, 0x0F, 0xF0, 0xFF,
    0xCF, 0xFE, 0xF1, 0xEF, 0x0E, 0xF0, 0xEF, 0x1E, 0x03, 0xE0, 0x3C, 0x03, 0x80, 0x00, 0x0F, 0xFE,
    0x07, 0xFF, 0x07, 0xFF, 0x83, 0xC3, 0xC1, 0xE1, 0xE0, 0xF0, 0xF0, 0x78, 0x78, 0x3C, 0x3C, 0x1E,
    0x1E, 0x0F, 0x0F, 0x07, 0x87, 0x83, 0x83, 0xC3, 0xC1, 0xE3, 0xE0, 0xFB, 0xE0, 0x7D, 0xE0, 0x3E,
    0x00, 0x0F, 0x00, 0x07, 0x00, 0x07, 0x80, 0x03, 0xC0, 0x3F, 0xF0, 0xFF, 0xC3, 0xFF, 0x0F, 0x3C,
    0x3C, 0xF0, 0xF3, 0xC3, 0xCF, 0x0E, 0x3C, 0x78, 0xF3, 0xE3, 0xEF, 0x8F, 0xBC, 0x3E, 0x00, 0x78,
    0x01, 0xC0, 0x07, 0x00, 0x3C, 0xF0, 0x3F, 0xC0, 0xFF, 0x03, 0xFC, 0x0F, 0xF0, 0x3F, 0xC0, 0xFF,
    0xFF, 0xFF, 0xFF, 0xFF, 0xFF, 0xC0, 0xFF, 0x03, 0xFC, 0x0F, 0xF0, 0x3F, 0xC0, 0xFF, 0x03, 0xFC,
    0x0F, 0x00, 0x3C, 0x03, 0xE0, 0x0F, 0x80, 0x3C, 0xF1, 0xFE, 0x3F, 0xC7, 0xF8, 0xFF, 0xFF, 0xFF,
    0xFF, 0xFF, 0x8F, 0xF1, 0xFE, 0x3F, 0xC7, 0xF8, 0xF0, 0x1E, 0x0F, 0xC1, 0xF8, 0x3E, 0xF0, 0x3C,
    0xF0, 0x3C, 0xF0, 0x3C, 0xF0, 0x3C, 0xF0, 0x3C, 0xF0, 0x3C, 0xFF, 0xFC, 0xFF, 0xFC, 0xFF, 0xFC,
    0xF0, 0x3C, 0xF0, 0x3C, 0xF0, 0x3C, 0xF0, 0x3C, 0xF0, 0x3E, 0xF0, 0x3E, 0xF0, 0x3E, 0x00, 0x1E,
    0x00, 0x1C, 0x00, 0x3C, 0x00, 0x3C, 0xF1, 0xE7, 0x8F, 0x3C, 0x79, 0xE3, 0xCF, 0xFE, 0x7F, 0xF3,
    0xFF, 0x9E, 0x3C, 0xF1, 0xE7, 0x8F, 0xFC, 0x7F, 0xE3, 0xE0, 0x0F, 0x00, 0x78, 0x03, 0x80, 0x1C,
    0xF0, 0x7F, 0x83, 0xFC, 0x1F, 0xE0, 0xFF, 0x07, 0xF8, 0x3F, 0xC1, 0xFF, 0x3F, 0x7F, 0xF9, 0xFF,
    0xC7, 0xDE, 0x00, 0xF0, 0x07, 0x80, 0x3C, 0x07, 0xE0, 0x3F, 0x01, 0xC0, 0x0E, 0x00, 0x70, 0x03,
    0x80, 0xF1, 0xFE, 0x3F, 0xC7, 0xF8, 0xFF, 0x1F, 0xF7, 0xFF, 0xFB, 0xFF, 0x1F, 0xE0, 0x3C, 0x1F,
    0x83, 0xF0, 0x70, 0x0E, 0x01, 0xC0, 0x38, 0xFC, 0x0F, 0x9F, 0x83, 0xF3, 0xF0, 0x7E, 0x7F, 0x0F,
    0xCF, 0xE3, 0xF9, 0xFC, 0x7F, 0x3F, 0xCF, 0xE7, 0xFB, 0xDC, 0xFF, 0x7B, 0x9E, 0xEF, 0x73, 0xDF,
    0xCE, 0x7B, 0xF9, 0xCF, 0x3F, 0x39, 0xE7, 0xC7, 0xFC, 0x78, 0xFF, 0x8F, 0x1F, 0x00, 0x01, 0xC0,
    0x00, 0x38, 0x00, 0x0F, 0x00, 0x01, 0xC0, 0xF8, 0x7E, 0x7E, 0x3F, 0x3F, 0x1F, 0x9F, 0x9F, 0xCF,
    0xEF, 0xE7, 0xF7, 0xF3, 0xFB, 0xF9, 0xFF, 0xFC, 0xF7, 0xDE, 0x7B, 0xEF, 0xFD, 0xF7, 0xFE, 0x73,
    0xE0, 0x00, 0xF0, 0x00, 0x78, 0x00, 0x38, 0x00, 0x1C, 0xFF, 0xFF, 0xFF, 0xFF, 0xFF, 0xFF, 0xFF,
    0xFF, 0x0C, 0x60, 0x0E, 0x60, 0x0F, 0xE0, 0x07, 0xC0, 0x00, 0x00, 0x07, 0xC0, 0x07, 0xE0, 0x0F,
    0xE0, 0x0F, 0xE0, 0x0F, 0xF0, 0x0E, 0xF0, 0x1E, 0xF0, 0x1E, 0x78, 0x1E, 0x78, 0x3C, 0x78, 0x3F,
    0xFC, 0x3F, 0xFC, 0x7F, 0xFC, 0x78, 0x3E, 0x78, 0x1E, 0xF0, 0x1E, 0x39, 0xC7, 0x38, 0x7E, 0x07,
    0x80, 0x00, 0x3F, 0x0F, 0xF3, 0xFF, 0x71, 0xE0, 0x3C, 0xFF, 0xBF, 0xFF, 0x9F, 0xE3, 0xFF, 0xFB,
    0xFF, 0x3E, 0xE0, 0x0E, 0x60, 0x0E, 0xF0, 0x0E, 0xF0, 0x00, 0x00, 0x07, 0xC0, 0x07, 0xE0, 0x0F,
    0xE0, 0x0F, 0xE0, 0x0F, 0xF0, 0x0E, 0xF0, 0x1E, 0xF0, 0x1E, 0x78, 0x1E, 0x78, 0x3C, 0x78, 0x3F,
    0xFC, 0x3F, 0xFC, 0x7F, 0xFC, 0x78, 0x3E, 0x78, 0x1E, 0xF0, 0x1E, 0x19, 0x87, 0xF8, 0xE7, 0x00,
    0x01, 0xF8, 0x7F, 0x9F, 0xFB, 0x8F, 0x01, 0xE7, 0xFD, 0xFF, 0xFC, 0xFF, 0x1F, 0xFF, 0xDF, 0xF9,
    0xF7, 0x03, 0xFF, 0xF8, 0x1F, 0xFF, 0xC0, 0xFF, 0xFC, 0x0F, 0x78, 0x00, 0x7B, 0xC0, 0x07, 0x9E,
    0x00, 0x3C, 0xF0, 0x01, 0xE7, 0xFE, 0x1E, 0x3F, 0xF0, 0xF1, 0xFF, 0x8F, 0xFF, 0x00, 0x7F, 0xF8,
    0x03, 0xFF, 0xC0, 0x3C, 0x1F, 0xF9, 0xE0, 0xFF, 0xFF, 0x07, 0xFF, 0x1F, 0xBF, 0x07, 0xFF, 0xF1,
    0xFF, 0xFF, 0x38, 0xF1, 0xE1, 0xFF, 0xFC, 0x7F, 0xFF, 0x9F, 0xFF, 0xFF, 0xCF, 0x00, 0xF1, 0xE1,
    0xDF, 0xFF, 0xF9, 0xFF, 0xFE, 0x1F, 0x9F, 0x80, 0x31, 0x87, 0x70, 0xFE, 0x0F, 0x80, 0x01, 0xFF,
    0xFF, 0xFF, 0xFF, 0xF0, 0x1E, 0x03, 0xC0, 0x78, 0x0F, 0xFD, 0xFF, 0xBF, 0xF7, 0x80, 0xF0, 0x1E,
    0x03, 0xFF, 0xFF, 0xFF, 0xFE, 0x18, 0xC1, 0x9C, 0x1F, 0xC0, 0xF8, 0x00, 0x01, 0xF8, 0x3F, 0xC7,
    0xFE, 0x78, 0xF7, 0xFF, 0x7F, 0xFF, 0xFF, 0x70, 0x07, 0x8E, 0x7F, 0xE3, 0xFE, 0x1F, 0xC0, 0x1F,
    0xC0, 0xFF, 0x87, 0xFF, 0x3E, 0x3E, 0xF0, 0x78, 0x00, 0xFF, 0xFF, 0xFF, 0xFF, 0xFF, 0xFF, 0x80,
    0xFF, 0x03, 0xFC, 0x1E, 0xF8, 0xF9, 0xFF, 0xC3, 0xFE, 0x07, 0xF0, 0x1F, 0x83, 0xFC, 0x7F, 0xE7,
    0x0F, 0x00, 0xFF, 0xFF, 0xFF, 0xF7, 0xFF, 0x78, 0xF7, 0xFE, 0x3F, 0xC1, 0xF8, 0x18, 0xC0, 0x77,
    0x81, 0xDC, 0x00, 0x00, 0x1F, 0xC0, 0xFF, 0x87, 0xFF, 0x3E, 0x3E, 0xF0, 0x78, 0x00, 0xFF, 0xFF,
    0xFF, 0xFF, 0xFF, 0xFF, 0x80, 0xFF, 0x03, 0xFC, 0x1E, 0xF8, 0xF9, 0xFF, 0xC3, 0xFE, 0x07, 0xF0,
    0x19, 0xC3, 0xDC, 0x3D, 0xC0, 0x00, 0x1F, 0x83, 0xFC, 0x7F, 0xE7, 0x0F, 0x00, 0xFF, 0xFF, 0xFF,
    0xF7, 0xFF, 0x78, 0xF7, 0xFE, 0x3F, 0xC1, 0xF8, 0x00, 0xCC, 0x00, 0x07, 0xB8, 0x00, 0x1C, 0xE0,
    0x00, 0x00, 0x00, 0x78, 0x78, 0x7D, 0xF1, 0xE1, 0xE3, 0xC7, 0x8F, 0x0F, 0x9E, 0x3C, 0x1E, 0x79,
    0xE0, 0x3D, 0xE7, 0x80, 0xF7, 0xBC, 0x01, 0xFF, 0xF0, 0x0F, 0xFF, 0xC0, 0x3F, 0xFF, 0x01, 0xE7,
    0x9E, 0x07, 0x9E, 0x7C, 0x3C, 0x78, 0xF0, 0xF1, 0xE3, 0xE7, 0x87, 0x87, 0xBE, 0x1E, 0x1F, 0x03,
    0x30, 0x01, 0xFE, 0x00, 0x73, 0x80, 0x00, 0x00, 0xF9, 0xE7, 0xDE, 0x79, 0xE3, 0xDE, 0xF0, 0xF7,
    0xBC, 0x1F, 0xFE, 0x03, 0xFF, 0x00, 0xFF, 0xC0, 0x7F, 0xF8, 0x3F, 0xFF, 0x0F, 0x7B, 0xC7, 0x9E,
    0x7B, 0xE7, 0x9F, 0x39, 0x83, 0xBC, 0x3B, 0xC0, 0x00, 0x3F, 0x87, 0xFC, 0xFF, 0xEF, 0x1E, 0xF1,
    0xE0, 0x1E, 0x0F, 0xE0, 0xF8, 0x0F, 0xE0, 0x3E, 0x00, 0xFE, 0x0F, 0xF1, 0xFF, 0xFE, 0x7F, 0xE3,
    0xF8, 0x31, 0x8F, 0x70, 0xEE, 0x00, 0x03, 0xF0, 0xFF, 0x1F, 0xF3, 0x9E, 0x0F, 0xC1, 0xF0, 0x3F,
    0x01, 0xEF, 0x3C, 0xFF, 0x9F, 0xF1, 0xFC, 0xFF, 0xEF, 0xFE, 0x7F, 0xE0, 0x3C, 0x07, 0x80, 0xF0,
    0x1F, 0x01, 0xFC, 0x1F, 0xE0, 0x1E, 0x00, 0xFE, 0x0F, 0xF1, 0xFF, 0xFE, 0x7F, 0xE3, 0xF8, 0xFF,
    0xEF, 0xFE, 0x7F, 0xE0, 0x3C, 0x07, 0x80, 0xF0, 0x1F, 0x01, 0xFC, 0x1F, 0xE0, 0x1E, 0x00, 0xFE,
    0x0F, 0xF1, 0xFF, 0xFE, 0x7F, 0xE3, 0xF8, 0x1F, 0xC0, 0x7F, 0x01, 0xFC, 0x00, 0x00, 0x00, 0x03,
    0xC1, 0xFF, 0x07, 0xFC, 0x3F, 0xF0, 0xFF, 0xC7, 0xFF, 0x3F, 0xFC, 0xFF, 0xF7, 0xBF, 0xDE, 0xFF,
    0xF3, 0xFF, 0xCF, 0xFE, 0x3F, 0xF0, 0xFF, 0xC3, 0xFE, 0x0F, 0xF8, 0x3C, 0x3F, 0x87, 0xF0, 0xFE,
    0x00, 0x00, 0x01, 0xE3, 0xFC, 0x7F, 0x9F, 0xF7, 0xFE, 0xFF, 0xFF, 0xFF, 0xFF, 0xDF, 0xFB, 0xFE,
    0x7F, 0x8F, 0xF1, 0xE0, 0x1C, 0xC0, 0x77, 0x81, 0xDE, 0x00, 0x00, 0xF0, 0x7F, 0xC1, 0xFF, 0x0F,
    0xFC, 0x3F, 0xF1, 0xFF, 0xCF, 0xFF, 0x3F, 0xFD, 0xEF, 0xF7, 0xBF, 0xFC, 0xFF, 0xF3, 0xFF, 0x8F,
    0xFC, 0x3F, 0xF0, 0xFF, 0x83, 0xFE, 0x0F, 0x31, 0x8F, 0x78, 0xEE, 0x00, 0x0F, 0x1F, 0xE3, 0xFC,
    0xFF, 0xBF, 0xF7, 0xFF, 0xFF, 0xFF, 0xFE, 0xFF, 0xDF, 0xF3, 0xFC, 0x7F, 0x8F, 0x06, 0x60, 0x0F,
    0xF0, 0x0E, 0x70, 0x00, 0x00, 0x07, 0xE0, 0x1F, 0xF8, 0x3F, 0xFC, 0x3C, 0x3C, 0x78, 0x1E, 0x78,
    0x1E, 0x78, 0x1E, 0x78, 0x0E, 0x78, 0x0E, 0x78, 0x1E, 0x78, 0x1E, 0x78, 0x1E, 0x3C, 0x3C, 0x3F,
    0xFC, 0x1F, 0xF8, 0x07, 0xE0, 0x18, 0xC3, 0xDC, 0x3D, 0xC0, 0x00, 0x1F, 0xC3, 0xFE, 0x7F, 0xE7,
    0x8F, 0x78, 0xF7, 0x0F, 0x70, 0xF7, 0x8F, 0x78, 0xF7, 0xFE, 0x3F, 0xE1, 0xFC, 0x07, 0xE0, 0x1F,
    0xF8, 0x3F, 0xFC, 0x3C, 0x3C, 0x78, 0x1E, 0x78, 0x1E, 0x7F, 0xFE, 0x7F, 0xFE, 0x7F, 0xFE, 0x78,
    0x1E, 0x78, 0x1E, 0x78, 0x1E, 0x3C, 0x3C, 0x3F, 0xFC, 0x1F, 0xF8, 0x07, 0xE0, 0x1F, 0xC3, 0xFE,
    0x7F, 0xE7, 0x8F, 0x70, 0xF7, 0xFF, 0x7F, 0xF7, 0x8F, 0x78, 0xF7, 0xFE, 0x3F, 0xE1, 0xFC, 0x06,
    0x60, 0x0F, 0xF0, 0x0E, 0x70, 0x00, 0x00, 0x07, 0xE0, 0x1F, 0xF8, 0x3F, 0xFC, 0x3C, 0x3C, 0x78,
    0x1E, 0x78, 0x1E, 0x7F, 0xFE, 0x7F, 0xFE, 0x7F, 0xFE, 0x78, 0x1E, 0x78, 0x1E, 0x78, 0x1E, 0x3C,
    0x3C, 0x3F, 0xFC, 0x1F, 0xF8, 0x07, 0xE0, 0x18, 0xC3, 0xDC, 0x3D, 0xC0, 0x00, 0x1F, 0xC3, 0xFE,
    0x7F, 0xE7, 0x8F, 0x70, 0xF7, 0xFF, 0x7F, 0xF7, 0x8F, 0x78, 0xF7, 0xFE, 0x3F, 0xE1, 0xFC, 0x0C,
    0x60, 0x3D, 0xC0, 0x3B, 0x80, 0x00, 0x00, 0xFE, 0x07, 0xFE, 0x0F, 0xFE, 0x3C, 0x3E, 0x78, 0x3C,
    0xE0, 0x3C, 0x0F, 0xF8, 0x3F, 0xF0, 0x7F, 0xE0, 0x03, 0xDC, 0x07, 0xBC, 0x1E, 0x78, 0x7C, 0x7F,
    0xF0, 0x7F, 0xC0, 0x7F, 0x00, 0x39, 0x83, 0xBC, 0x3B, 0xC0, 0x00, 0x1F, 0x87, 0xFC, 0x7F, 0xE7,
    0x0E, 0x07, 0xF0, 0xFF, 0x0F, 0xF3, 0x0F, 0x71, 0xE7, 0xFE, 0x3F, 0xC1, 0xF8, 0x0F, 0xC0, 0x3F,
    0x80, 0xFE, 0x00, 0x00, 0x00, 0x03, 0xE0, 0xF7, 0x83, 0xDF, 0x1E, 0x3C, 0x78, 0xF3, 0xC1, 0xEF,
    0x07, 0xBC, 0x0F, 0xE0, 0x3F, 0x80, 0x7C, 0x01, 0xF0, 0x07, 0xC0, 0x1E, 0x03, 0xF8, 0x0F, 0xC0,
    0x3E, 0x00, 0x1F, 0x80, 0xFE, 0x07, 0xF0, 0x00, 0x00, 0x00, 0x78, 0x7B, 0xC3, 0xCF, 0x1E, 0x79,
    0xE1, 0xCF, 0x0F, 0x78, 0x7B, 0x81, 0xFC, 0x0F, 0xC0, 0x7E, 0x01, 0xF0, 0x0F, 0x00, 0x78, 0x0F,
    0xC0, 0xFC, 0x07, 0xC0, 0x00, 0x0C, 0xE0, 0x7B, 0x81, 0xEE, 0x00, 0x00, 0xF8, 0x3D, 0xE0, 0xF7,
    0xC7, 0x8F, 0x1E, 0x3C, 0xF0, 0x7B, 0xC1, 0xEF, 0x03, 0xF8, 0x0F, 0xE0, 0x1F, 0x00, 0x7C, 0x01,
    0xF0, 0x07, 0x80, 0xFE, 0x03, 0xF0, 0x0F, 0x80, 0x19, 0xC1, 0xEE, 0x0F, 0x70, 0x00, 0x0F, 0x0F,
    0x78, 0x79, 0xE3, 0xCF, 0x3C, 0x39, 0xE1, 0xEF, 0x0F, 0x70, 0x3F, 0x81, 0xF8, 0x0F, 0xC0, 0x3E,
    0x01, 0xE0, 0x0F, 0x01, 0xF8, 0x1F, 0x80, 0xF8, 0x00, 0x0F, 0xF0, 0x3B, 0x81, 0xDC, 0x00, 0x00,
    0xF8, 0x3D, 0xE0, 0xF7, 0xC7, 0x8F, 0x1E, 0x3C, 0xF0, 0x7B, 0xC1, 0xEF, 0x03, 0xF8, 0x0F, 0xE0,
    0x1F, 0x00, 0x7C, 0x01, 0xF0, 0x07, 0x80, 0xFE, 0x03, 0xF0, 0x0F, 0x80, 0x1F, 0xE0, 0xEE, 0x0E,
    0xE0, 0x00, 0x0F, 0x0F, 0x78, 0x79, 0xE3, 0xCF, 0x3C, 0x39, 0xE1, 0xEF, 0x0F, 0x70, 0x3F, 0x81,
    0xF8, 0x0F, 0xC0, 0x3E, 0x01, 0xE0, 0x0F, 0x01, 0xF8, 0x1F, 0x80, 0xF8, 0x00, 0x19, 0xC1, 0xEE,
    0x0F, 0x70, 0x00, 0x0F, 0x07, 0xF8, 0x3F, 0xC1, 0xFE, 0x0F, 0xF0, 0x7F, 0x83, 0xFC, 0x1F, 0xF3,
    0xF7, 0xFF, 0x9F, 0xFC, 0x7D, 0xE0, 0x0F, 0x00, 0x78, 0x03, 0xC0, 0x1E, 0x00, 0xF0, 0x33, 0x8F,
    0x71, 0xEE, 0x00, 0x0F, 0x1F, 0xE3, 0xFC, 0x7F, 0x8F, 0xF1, 0xFF, 0x7F, 0xFF, 0xBF, 0xF1, 0xFE,
    0x03, 0xC0, 0x78, 0x0F, 0xFF, 0xFF, 0xFF, 0xFF, 0xF8, 0x0F, 0x01, 0xE0, 0x3C, 0x07, 0x80, 0xF0,
    0x1E, 0x03, 0xC0, 0x78, 0x0F, 0x01, 0xF0, 0x3E, 0x07, 0xC0, 0x38, 0x07, 0x00, 0xE0, 0x1C, 0x00,
    0xFF, 0x7F, 0xBF, 0xDE, 0x0F, 0x07, 0x83, 0xC1, 0xE0, 0xF0, 0x7C, 0x3E, 0x1F, 0x07, 0x83, 0xC1,
    0xE0, 0x70, 0x06, 0x70, 0x07, 0xB8, 0x03, 0xDC, 0x00, 0x00, 0x0F, 0x00, 0x7F, 0x80, 0x3F, 0xC0,
    0x1F, 0xE0, 0x0F, 0xF0, 0x07, 0xF8, 0x03, 0xFF, 0xF1, 0xFF, 0xFC, 0xFF, 0xFF, 0x7F, 0x87, 0xBF,
    0xC3, 0xDF, 0xE1, 0xEF, 0xF0, 0xF7, 0xFF, 0xFB, 0xFF, 0xF9, 0xFF, 0xF8, 0xF0, 0x0C, 0x60, 0x3D,
    0xC0, 0x7B, 0x80, 0x00, 0x0F, 0x01, 0xFE, 0x03, 0xFC, 0x07, 0xF8, 0x0F, 0xFF, 0x9F, 0xFF, 0xBF,
    0xFF, 0xFF, 0x8F, 0xFF, 0x1F, 0xFF, 0xFF, 0xFF, 0xF7, 0xFF, 0xCF, 0x3F, 0xF9, 0xFF, 0xCF, 0xFC,
    0x78, 0x03, 0xC0, 0x1E, 0x03, 0xFE, 0x1F, 0xF0, 0xFF, 0x81, 0xE0, 0x0F, 0x00, 0x78, 0x03, 0xC0,
    0x1F, 0x00, 0xF8, 0x07, 0xC0, 0x0E, 0x01, 0xF0, 0x1F, 0x80, 0xF8, 0x00, 0x3F, 0xC7, 0xF8, 0xFF,
    0x1E, 0x03, 0xC0, 0xFF, 0x1F, 0xE1, 0xE0, 0x3C, 0x07, 0xC0, 0xF8, 0x1F, 0x00, 0xE0, 0x7C, 0x1F,
    0x83, 0xE0, 0x78, 0x3E, 0x3C, 0x3C, 0x3E, 0x78, 0x1E, 0xF8, 0x1F, 0xF0, 0x0F, 0xE0, 0x07, 0xE0,
    0x07, 0xC0, 0x07, 0xC0, 0x0F, 0xE0, 0x0F, 0xF0, 0x1E, 0xF0, 0x3E, 0x78, 0x3C, 0x7F, 0x7C, 0x3F,
    0xF8, 0x3F, 0x00, 0x07, 0x00, 0x3F, 0x00, 0x3E, 0x00, 0x3E, 0xF1, 0xEF, 0x79, 0xEF, 0x1F, 0xC1,
    0xF8, 0x3E, 0x07, 0xC0, 0xFC, 0x3F, 0x8F, 0x79, 0xE7, 0xF8, 0xF0, 0x1E, 0x0F, 0xC1, 0xF8, 0x3E,
    0x78, 0x3E, 0x78, 0x78, 0xF9, 0xE0, 0xF7, 0xC1, 0xFF, 0x01, 0xFC, 0x01, 0xF8, 0x3F, 0xFE, 0x7F,
    0xFC, 0x1F, 0xC0, 0x3F, 0xC0, 0xF7, 0x83, 0xE7, 0x87, 0x8F, 0x9F, 0x0F, 0x7C, 0x1F, 0x78, 0xF7,
    0x9E, 0x3F, 0xC3, 0xFC, 0x1F, 0x87, 0xFE, 0x7F, 0xE1, 0xF8, 0x3F, 0xC7, 0x9E, 0x79, 0xEF, 0x0F,
    0x7C, 0x3C, 0xF0, 0xF3, 0xE3, 0xC7, 0xDE, 0x0F, 0x78, 0xFF, 0xE3, 0xFF, 0x1E, 0xF8, 0x79, 0xE1,
    0xE7, 0xC7, 0x0F, 0x3C, 0x1E, 0xF0, 0x7C, 0x7F, 0x87, 0xFC, 0x7F, 0xC0, 0x3E, 0x01, 0xE0, 0x1E,
    0x01, 0xE0, 0x1E, 0x01, 0xE0, 0x1E, 0xFF, 0xFF, 0xFF, 0xFF, 0xF0, 0x7C, 0x3F, 0x1F, 0xC1, 0xE0,
    0xF0, 0x78, 0x3C, 0x1E, 0x0F, 0x0F, 0xBF, 0xDE, 0xEE, 0x70, 0x00, 0xFF, 0xFF, 0xFF, 0xFF, 0xE0,
    0x3C, 0x03, 0xC0, 0x3C, 0x03, 0xC0, 0x3C, 0x03, 0xC0, 0x3C, 0x03, 0xC0, 0x3C, 0x03, 0xC0, 0xFF,
    0xCF, 0xFE, 0xFF, 0xF0, 0x0F, 0x00, 0xF0, 0x0F, 0xF0, 0xFF, 0x0F, 0xF0, 0xFF, 0x0F, 0xF0, 0xFF,
    0x0F, 0xF0, 0xF0, 0x7D, 0xFF, 0xCF, 0x3C, 0xF3, 0xCF, 0x3C, 0xF3, 0xCF, 0x3C, 0xFF, 0xFE, 0x7E,
    0x3C, 0x38, 0x78, 0x78, 0x78, 0x78, 0x78, 0x3C, 0x3C, 0x3C, 0x7F, 0xF3, 0xFF, 0xEF, 0xFF, 0x8E,
    0x1E, 0x78, 0x79, 0xE1, 0xE7, 0x87, 0x9E, 0x1E, 0x78, 0x79, 0xE1, 0xE7, 0x87, 0x9E, 0x1E, 0x78,
    0x78, 0x73, 0xE3, 0x9F, 0x9C, 0xFE, 0xE0, 0xF7, 0x07, 0xB8, 0x3D, 0xC1, 0xEF, 0x0F, 0x78, 0x7B,
    0xC7, 0xCF, 0xFC, 0x7F, 0xE0, 0xFC, 0x00, 0x7D, 0xFF, 0xCF, 0x3C, 0xF3, 0xC0, 0x7F, 0x8F, 0xF9,
    0xFF, 0x80, 0xF0, 0x1E, 0x03, 0xC0, 0x78, 0x0F, 0x01, 0xE0, 0x3C, 0x07, 0x80, 0xF0, 0x1E, 0x03,
    0xC0, 0x78, 0x0F, 0x01, 0xE0, 0x7F, 0x1F, 0xF3, 0xFF, 0x01, 0xE0, 0x3C, 0x03, 0xC0, 0x78, 0x0F,
    0x03, 0xC0, 0x7B, 0xFF, 0x7F, 0xCF, 0xF0, 0x30, 0x1E, 0x03, 0xC0, 0x78, 0x0F, 0xFF, 0xFF, 0xFF,
    0xF8, 0x0F, 0x03, 0xC0, 0x78, 0x0F, 0x03, 0xC0, 0x78, 0x0F, 0x03, 0xC0, 0x78, 0x1F, 0x00, 0x7F,
    0xF1, 0xFF, 0xE7, 0xFF, 0x8F, 0x0F, 0x3C, 0x3C, 0xF0, 0xF3, 0xC3, 0xCF, 0x0F, 0x3C, 0x3C, 0xF0,
    0xF3, 0xFF, 0xCF, 0xFF, 0x3F, 0xFC, 0xF3, 0xF0, 0xFF, 0xF1, 0xFF, 0xF3, 0xF1, 0xE3, 0xC3, 0xC7,
    0x87, 0x8F, 0x0F, 0x1E, 0x1E, 0x38, 0x3C, 0xF0, 0x79, 0xEF, 0xE3, 0xDF, 0xC7, 0xBF, 0x00, 0x7D,
    0xF7, 0xCF, 0x3C, 0xF3, 0xCF, 0x3C, 0xF3, 0xCF, 0x3C, 0xF3, 0xCF, 0x3C, 0x7C, 0x7E, 0x7E, 0x1E,
    0x0F, 0x0F, 0x0F, 0x0F, 0x0F, 0x0F, 0x7F, 0xFF, 0xFF, 0x7F, 0xE1, 0xFF, 0xC7, 0xFF, 0x8E, 0x1E,
    0x78, 0x3D, 0xE0, 0xF7, 0x83, 0xDE, 0x0F, 0x78, 0x79, 0xF1, 0xE3, 0xFF, 0x8F, 0xFC, 0x0F, 0xE0,
    0x00, 0x03, 0xC3, 0xDE, 0x1E, 0xF0, 0xF3, 0x87, 0x9E, 0x38, 0xF3, 0xC7, 0x9E, 0x3C, 0xF0, 0xEF,
    0x87, 0xF8, 0xFF, 0x8F, 0xF8, 0x7E, 0x01, 0x00, 0x00, 0x1F, 0xC1, 0xFF, 0x1F, 0xFC, 0xF1, 0xEF,
    0x0F, 0x3C, 0x3D, 0xF1, 0xEF, 0x8F, 0x1C, 0x78, 0x03, 0xC0, 0x1E, 0x00, 0xF0, 0x07, 0x80, 0x3C,
    0x01, 0xE0, 0x0F, 0x00, 0x78, 0x1F, 0xC3, 0xFF, 0x1F, 0xFC, 0xF1, 0xEF, 0x0F, 0x3C, 0x3D, 0xF1,
    0xEF, 0x8F, 0x1C, 0xF0, 0x0F, 0x9F, 0xFC, 0xFF, 0xC7, 0xF8, 0x00, 0xF0, 0xF7, 0x8F, 0x78, 0xF7,
    0xCE, 0x3D, 0xE3, 0xDE, 0x1F, 0xC1, 0xFC, 0x1F, 0x80, 0xF0, 0x0F, 0x00, 0xF0, 0x0F, 0x00, 0x78,
    0x07, 0x80, 0x78, 0x07, 0x80, 0xF8, 0xF7, 0xCF, 0x3C, 0xF3, 0xEF, 0x1F, 0xE1, 0xFE, 0x0F, 0xC0,
    0x78, 0x07, 0xC0, 0x3C, 0x7F, 0xEF, 0xFE, 0xFF, 0xE0, 0x7F, 0xF9, 0xFF, 0xE7, 0xFF, 0x80, 0x1E,
    0x00, 0x78, 0x03, 0xC7, 0x8F, 0x1E, 0x3C, 0x79, 0xE1, 0xE7, 0x87, 0x9E, 0x1E, 0x78, 0x7B, 0xC1,
    0xE0, 0x07, 0x80, 0x1E, 0x00, 0x78, 0x00, 0x7F, 0x9F, 0xF7, 0xFC, 0x0F, 0x03, 0xC0, 0xF0, 0x3C,
    0x0F, 0x03, 0xC0, 0xF0, 0x3C, 0x0F, 0x03, 0xC0, 0xF7, 0x9F, 0xEF, 0x3F, 0xDE, 0x7F, 0xBC, 0xFF,
    0x79, 0xFF, 0xE3, 0xFF, 0xC7, 0x7E, 0x1E, 0xF0, 0x3C, 0xF0, 0xF9, 0xFF, 0xE1, 0xFF, 0x81, 0xFE,
    0x00, 0x7F, 0xF1, 0xFF, 0xE7, 0xFF, 0xC7, 0x8F, 0x1E, 0x3C, 0x78, 0xF1, 0xE3, 0xC7, 0x8F, 0x1C,
    0x3C, 0xF0, 0xF7, 0xC3, 0xDF, 0x0F, 0xF8, 0x3C, 0x47, 0xFE, 0xFF, 0x00, 0x38, 0xE7, 0x9E, 0x7B,
    0xEF, 0x80, 0x00, 0x00, 0x1C, 0xFB, 0xEF, 0x8C, 0x00, 0x07, 0xF9, 0xFF, 0xFF, 0xEF, 0xBD, 0xF0,
    0x3F, 0x03, 0xF0, 0x3F, 0x01, 0xE0, 0x3C, 0x00, 0x00, 0xE0, 0x3E, 0x07, 0xC0, 0x78, 0x06, 0x00,
    0x00, 0x0F, 0xC7, 0xE1, 0xF8, 0x78, 0x1E, 0x07, 0xF8, 0xFE, 0xFF, 0xBF, 0xC7, 0x80, 0x00, 0xFF,
    0xFF, 0xFF, 0x00, 0x31, 0xCF, 0x3E, 0xFB, 0xC0, 0x00, 0x31, 0xEF, 0x9E, 0x30, 0x00, 0x03, 0xCF,
    0x1E, 0x79, 0xE7, 0x9E, 0x78, 0xE3, 0x8F, 0x3C, 0xF3, 0xC0, 0x20, 0x38, 0x7F, 0x1F, 0xFF, 0xFF,
    0xBF, 0xE7, 0xE1, 0xE0, 0x78, 0x1E, 0x07, 0x81, 0xE0, 0x78, 0x1E, 0x07, 0x80, 0x00, 0x00, 0x0F,
    0x77, 0xF7, 0x7F, 0xFF, 0x7F, 0xF7, 0xFF, 0x7D, 0xC7, 0x80, 0x78, 0x07, 0x80, 0x78, 0x03, 0x80,
    0x38, 0x03, 0x80, 0x38, 0x00, 0x00, 0x04, 0x07, 0x03, 0xE1, 0xF8, 0xF8, 0x3C, 0x0F, 0xC1, 0xF8,
    0x3E, 0x1F, 0x0F, 0x03, 0xC0, 0xFF, 0x9F, 0xF7, 0xFC, 0x00, 0x00, 0x0F, 0xC7, 0xF9, 0xFE, 0xF3,
    0xFC, 0xFF, 0x3F, 0xCF, 0xF3, 0xFF, 0xF7, 0xF8, 0xFC, 0x40, 0x07, 0xFC, 0x7F, 0xC7, 0xFC, 0x0F,
    0xC0, 0x1C, 0x01, 0xC0, 0x1C, 0x01, 0xC0, 0x1E, 0x01, 0xE0, 0x1E, 0x01, 0xE0, 0x0E, 0x00, 0xE0,
    0x08, 0x20, 0x4F, 0x0F, 0xF0, 0xFF, 0x1E, 0x79, 0xE7, 0x9E, 0x39, 0xC3, 0xFC, 0x3F, 0xC3, 0xF8,
    0x1F, 0x81, 0xF8, 0x1F, 0x00, 0xF0, 0x0F, 0x00, 0x80, 0x03, 0x00, 0xF0, 0x0F, 0x00, 0xF8, 0x1F,
    0x81, 0xF8, 0x1F, 0x83, 0xFC, 0x3F, 0xC3, 0x9C, 0x79, 0xE7, 0x9E, 0xF1, 0xEF, 0x0F, 0xF0, 0xF2,
    0x04, 0x08, 0x0F, 0xC7, 0xF3, 0xFE, 0xF7, 0xBD, 0xEF, 0xFB, 0xFE, 0x7F, 0x87, 0xF0, 0x3C, 0x0F,
    0x03, 0xC0, 0xF0, 0x1C, 0x00, 0x08, 0x00, 0x78, 0x00, 0xF3, 0x80, 0xE7, 0x01, 0xFE, 0x03, 0xFC,
    0x07, 0xF8, 0x0F, 0xF0, 0x3C, 0xFD, 0xF9, 0xFF, 0xE1, 0xFF, 0x81, 0xFE, 0x00, 0x7E, 0xFC, 0x00,
    0x07, 0x03, 0xE0, 0xFC, 0x3F, 0x1F, 0xE7, 0x3B, 0xCE, 0xF3, 0xBF, 0xE7, 0xF8, 0xFC, 0x00, 0x00,
    0x31, 0xEF, 0x9E, 0x30, 0x00, 0x03, 0xCF, 0x1E, 0x79, 0xE7, 0x9E, 0x78, 0xE3, 0x8F, 0x3C, 0xF3,
    0xC0, 0x20, 0x38, 0x7F, 0x1F, 0xFF, 0xFF, 0xBF, 0xE7, 0xE1, 0xE0, 0x78, 0x1E, 0x07, 0x81, 0xE0,
    0x78, 0x1E, 0x07, 0x80, 0x00, 0x00, 0x0F, 0x77, 0xF7, 0x7F, 0xFF, 0x7F, 0xF7, 0xFF, 0x7D, 0xC7,
    0x80, 0x78, 0x07, 0x80, 0x78, 0x03, 0x80, 0x38, 0x03, 0x80, 0x38, 0x00, 0x00, 0x01, 0xC7, 0x3C,
    0x7F, 0xC7, 0xFC, 0x7F, 0xE7, 0xFE, 0x7F, 0xE3, 0xFC, 0x38, 0x03, 0xC0, 0x3C, 0x03, 0xC0, 0x3C,
    0x03, 0xC0, 0x3C, 0x00, 0x00, 0x00, 0x00, 0xE0, 0x1F, 0x00, 0xF0, 0x1F, 0x81, 0xFC, 0x3F, 0xC7,
    0x9E, 0x79, 0xE7, 0x0E, 0xF6, 0xFF, 0x6F, 0xFF, 0xE7, 0xFE, 0x7F, 0xC0, 0x04, 0x0F, 0xC7, 0xF1,
    0xFC, 0x70, 0x1C, 0x07, 0xF9, 0xFE, 0x3F, 0xC7, 0xC3, 0xE1, 0xF0, 0x7C, 0x3E, 0x0F, 0x00, 0xC0,
    0x20, 0x4F, 0x0F, 0xF0, 0xFF, 0x1E, 0x79, 0xE7, 0x9E, 0x39, 0xC3, 0xFC, 0x3F, 0xC3, 0xF8, 0x1F,
    0x81, 0xF8, 0x1F, 0x00, 0xF0, 0x0F, 0x00, 0x80, 0x03, 0x00, 0xF0, 0x0F, 0x00, 0xF8, 0x1F, 0x81,
    0xF8, 0x1F, 0x83, 0xFC, 0x3F, 0xC3, 0x9C, 0x79, 0xE7, 0x9E, 0xF1, 0xEF, 0x0F, 0xF0, 0xF2, 0x04,
    0x08, 0x0F, 0xC7, 0xF3, 0xFE, 0xF7, 0xBD, 0xEF, 0xFB, 0xFE, 0x7F, 0x87, 0xF0, 0x3C, 0x0F, 0x03,
    0xC0, 0xF0, 0x1C, 0x07, 0xC0, 0x07, 0xE0, 0x0F, 0xE0, 0x0F, 0xE0, 0x0F, 0xF0, 0x0E, 0xF0, 0x1E,
    0xF0, 0x1E, 0x78, 0x1E, 0x78, 0x3C, 0x78, 0x3F, 0xFC, 0x3F, 0xFC, 0x7F, 0xFC, 0x78, 0x3E, 0x78,
    0x1E, 0xF0, 0x1E, 0x00, 0x00, 0x03, 0x80, 0x03, 0xC0, 0x03, 0x80, 0x1F, 0x87, 0xF9, 0xFF, 0xB8,
    0xF0, 0x1E, 0x7F, 0xDF, 0xFF, 0xCF, 0xF1, 0xFF, 0xFD, 0xFF, 0x9F, 0x70, 0x00, 0x1E, 0x03, 0xC0,
    0x78, 0x07, 0x80, 0x07, 0xC0, 0x01, 0xC0, 0x01, 0x80, 0x00, 0x00, 0x07, 0xC0, 0x07, 0xE0, 0x0F,
    0xE0, 0x0F, 0xE0, 0x0F, 0xF0, 0x0E, 0xF0, 0x1E, 0xF0, 0x1E, 0x78, 0x1E, 0x78, 0x3C, 0x78, 0x3F,
    0xFC, 0x3F, 0xFC, 0x7F, 0xFC, 0x78, 0x3E, 0x78, 0x1E, 0xF0, 0x1E, 0x0F, 0x01, 0xE0, 0x1C, 0x03,
    0x00, 0x00, 0x3F, 0x0F, 0xF3, 0xFF, 0x71, 0xE0, 0x3C, 0xFF, 0xBF, 0xFF, 0x9F, 0xE3, 0xFF, 0xFB,
    0xFF, 0x3E, 0xE0, 0x00, 0x38, 0x00, 0x38, 0x00, 0x70, 0x01, 0x80, 0x07, 0xC0, 0x07, 0xE0, 0x0E,
    0xF0, 0x00, 0x00, 0x07, 0xC0, 0x07, 0xE0, 0x0F, 0xE0, 0x0F, 0xE0, 0x0F, 0xF0, 0x0E, 0xF0, 0x1E,
    0xF0, 0x1E, 0x78, 0x1E, 0x78, 0x3C, 0x78, 0x3F, 0xFC, 0x3F, 0xFC, 0x7F, 0xFC, 0x78, 0x3E, 0x78,
    0x1E, 0xF0, 0x1E, 0x00, 0xE0, 0x0E, 0x01, 0xC0, 0x60, 0x0F, 0x01, 0xF8, 0x39, 0xC0, 0x00, 0x1F,
    0x83, 0xFC, 0x7F, 0xE7, 0x1E, 0x01, 0xE3, 0xFE, 0x7F, 0xEF, 0x9E, 0xF1, 0xEF, 0xFE, 0x7F, 0xE3,
    0xEE, 0x00, 0xE0, 0x00, 0x70, 0x00, 0x70, 0x01, 0x80, 0x07, 0xC0, 0x07, 0xE0, 0x0E, 0xF0, 0x00,
    0x00, 0x07, 0xC0, 0x07, 0xE0, 0x0F, 0xE0, 0x0F, 0xE0, 0x0F, 0xF0, 0x0E, 0xF0, 0x1E, 0xF0, 0x1E,
    0x78, 0x1E, 0x78, 0x3C, 0x78, 0x3F, 0xFC, 0x3F, 0xFC, 0x7F, 0xFC, 0x78, 0x3E, 0x78, 0x1E, 0xF0,
    0x1E, 0x01, 0x80, 0x38, 0x03, 0x03, 0x00, 0xF0, 0x3F, 0x0E, 0x70, 0x00, 0x1F, 0x87, 0xF9, 0xFF,
    0xB8, 0xF0, 0x1E, 0x7F, 0xDF, 0xFF, 0xCF, 0xF1, 0xFF, 0xFD, 0xFF, 0x9F, 0x70, 0x00, 0xF0, 0x00,
    0x70, 0x00, 0x60, 0x03, 0x80, 0x07, 0xC0, 0x0F, 0xE0, 0x0E, 0x70, 0x00, 0x00, 0x07, 0xC0, 0x07,
    0xE0, 0x0F, 0xE0, 0x0F, 0xE0, 0x0F, 0xF0, 0x0E, 0xF0, 0x1E, 0xF0, 0x1E, 0x78, 0x1E, 0x78, 0x3C,
    0x78, 0x3F, 0xFC, 0x3F, 0xFC, 0x7F, 0xFC, 0x78, 0x3E, 0x78, 0x1E, 0xF0, 0x1E, 0x03, 0xC0, 0x38,
    0x07, 0x07, 0x81, 0xF8, 0x7F, 0x8E, 0x70, 0x00, 0x1F, 0x87, 0xF9, 0xFF, 0xB8, 0xF0, 0x1E, 0x7F,
    0xDF, 0xFF, 0xCF, 0xF1, 0xFF, 0xFD, 0xFF, 0x9F, 0x70, 0x07, 0x70, 0x0F, 0xE0, 0x0D, 0xE0, 0x00,
    0x00, 0x03, 0xC0, 0x07, 0xE0, 0x0E, 0xF0, 0x00, 0x00, 0x07, 0xC0, 0x07, 0xE0, 0x0F, 0xE0, 0x0F,
    0xE0, 0x0F, 0xF0, 0x0E, 0xF0, 0x1E, 0xF0, 0x1E, 0x78, 0x1E, 0x78, 0x3C, 0x78, 0x3F, 0xFC, 0x3F,
    0xFC, 0x7F, 0xFC, 0x78, 0x3E, 0x78, 0x1E, 0xF0, 0x1E, 0x1C, 0xC7, 0xF8, 0xFE, 0x00, 0x00, 0xF0,
    0x3F, 0x0E, 0x70, 0x00, 0x1F, 0x87, 0xF9, 0xFF, 0xB8, 0xF0, 0x1E, 0x7F, 0xDF, 0xFF, 0xCF, 0xF1,
    0xFF, 0xFD, 0xFF, 0x9F, 0x70, 0x03, 0xC0, 0x07, 0xE0, 0x0E, 0xF0, 0x00, 0x00, 0x07, 0xC0, 0x07,
    0xE0, 0x0F, 0xE0, 0x0F, 0xE0, 0x0F, 0xF0, 0x0E, 0xF0, 0x1E, 0xF0, 0x1E, 0x78, 0x1E, 0x78, 0x3C,
    0x78, 0x3F, 0xFC, 0x3F, 0xFC, 0x7F, 0xFC, 0x78, 0x3E, 0x78, 0x1E, 0xF0, 0x1E, 0x00, 0x00, 0x03,
    0x80, 0x03, 0xC0, 0x03, 0x80, 0x0F, 0x03, 0xF0, 0xE7, 0x00, 0x01, 0xF8, 0x7F, 0x9F, 0xFB, 0x8F,
    0x01, 0xE7, 0xFD, 0xFF, 0xFC, 0xFF, 0x1F, 0xFF, 0xDF, 0xF9, 0xF7, 0x00, 0x01, 0xE0, 0x3C, 0x07,
    0x80, 0x01, 0xE0, 0x01, 0xC0, 0x01, 0x80, 0x0C, 0x70, 0x0E, 0x60, 0x0F, 0xE0, 0x07, 0xC0, 0x00,
    0x00, 0x07, 0xC0, 0x07, 0xE0, 0x0F, 0xE0, 0x0F, 0xE0, 0x0F, 0xF0, 0x0E, 0xF0, 0x1E, 0xF0, 0x1E,
    0x78, 0x1E, 0x78, 0x3C, 0x78, 0x3F, 0xFC, 0x3F, 0xFC, 0x7F, 0xFC, 0x78, 0x3E, 0x78, 0x1E, 0xF0,
    0x1E, 0x03, 0x80, 0xE0, 0x18, 0x1C, 0xE3, 0x9C, 0x3F, 0x03, 0xC0, 0x00, 0x1F, 0x87, 0xF9, 0xFF,
    0xB8, 0xF0, 0x1E, 0x7F, 0xDF, 0xFF, 0xCF, 0xF1, 0xFF, 0xFD, 0xFF, 0x9F, 0x70, 0x07, 0x00, 0x03,
    0x80, 0x03, 0x80, 0x0C, 0x60, 0x0E, 0x60, 0x0F, 0xE0, 0x07, 0xC0, 0x00, 0x00, 0x07, 0xC0, 0x07,
    0xE0, 0x0F, 0xE0, 0x0F, 0xE0, 0x0F, 0xF0, 0x0E, 0xF0, 0x1E, 0xF0, 0x1E, 0x78, 0x1E, 0x78, 0x3C,
    0x78, 0x3F, 0xFC, 0x3F, 0xFC, 0x7F, 0xFC, 0x78, 0x3E, 0x78, 0x1E, 0xF0, 0x1E, 0x1C, 0x01, 0xC0,
    0x18, 0x1C, 0xE3, 0x9C, 0x3F, 0x03, 0xC0, 0x00, 0x1F, 0x87, 0xF9, 0xFF, 0xB8, 0xF0, 0x1E, 0x7F,
    0xDF, 0xFF, 0xCF, 0xF1, 0xFF, 0xFD, 0xFF, 0x9F, 0x70, 0x03, 0xC0, 0x03, 0xC0, 0x01, 0x80, 0x0C,
    0x60, 0x0E, 0x70, 0x0F, 0xE0, 0x07, 0xC0, 0x00, 0x00, 0x07, 0xC0, 0x07, 0xE0, 0x0F, 0xE0, 0x0F,
    0xE0, 0x0F, 0xF0, 0x0E, 0xF0, 0x1E, 0xF0, 0x1E, 0x78, 0x1E, 0x78, 0x3C, 0x78, 0x3F, 0xFC, 0x3F,
    0xFC, 0x7F, 0xFC, 0x78, 0x3E, 0x78, 0x1E, 0xF0, 0x1E, 0x0F, 0x00, 0xE0, 0x18, 0x1C, 0xE3, 0x9C,
    0x3F, 0x03, 0xC0, 0x00, 0x1F, 0x87, 0xF9, 0xFF, 0xB8, 0xF0, 0x1E, 0x7F, 0xDF, 0xFF, 0xCF, 0xF1,
    0xFF, 0xFD, 0xFF, 0x9F, 0x70, 0x07, 0xF0, 0x0F, 0xE0, 0x0C, 0xE0, 0x0C, 0x60, 0x0E, 0x60, 0x0F,
    0xE0, 0x07, 0xC0, 0x00, 0x00, 0x07, 0xC0, 0x07, 0xE0, 0x0F, 0xE0, 0x0F, 0xE0, 0x0F, 0xF0, 0x0E,
    0xF0, 0x1E, 0xF0, 0x1E, 0x78, 0x1E, 0x78, 0x3C, 0x78, 0x3F, 0xFC, 0x3F, 0xFC, 0x7F, 0xFC, 0x78,
    0x3E, 0x78, 0x1E, 0xF0, 0x1E, 0x1F, 0xC7, 0xF8, 0xEE, 0x1C, 0xE3, 0x9C, 0x3F, 0x03, 0xC0, 0x00,
    0x1F, 0x87, 0xF9, 0xFF, 0xB8, 0xF0, 0x1E, 0x7F, 0xDF, 0xFF, 0xCF, 0xF1, 0xFF, 0xFD, 0xFF, 0x9F,
    0x70, 0x0C, 0x60, 0x0E, 0x60, 0x0F, 0xE0, 0x07, 0xC0, 0x00, 0x00, 0x07, 0xC0, 0x07, 0xE0, 0x0F,
    0xE0, 0x0F, 0xE0, 0x0F, 0xF0, 0x0E, 0xF0, 0x1E, 0xF0, 0x1E, 0x78, 0x1E, 0x78, 0x3C, 0x78, 0x3F,
    0xFC, 0x3F, 0xFC, 0x7F, 0xFC, 0x78, 0x3E, 0x78, 0x1E, 0xF0, 0x1E, 0x00, 0x00, 0x03, 0x80, 0x03,
    0xC0, 0x03, 0x80, 0x39, 0xC7, 0x38, 0x7E, 0x07, 0x80, 0x00, 0x3F, 0x0F, 0xF3, 0xFF, 0x71, 0xE0,
    0x3C, 0xFF, 0xBF, 0xFF, 0x9F, 0xE3, 0xFF, 0xFB, 0xFF, 0x3E, 0xE0, 0x00, 0x3C, 0x07, 0x80, 0xF0,
    0xFF, 0xFF, 0xFF, 0xFF, 0xF8, 0x0F, 0x01, 0xE0, 0x3C, 0x07, 0xFE, 0xFF, 0xDF, 0xFB, 0xC0, 0x78,
    0x0F, 0x01, 0xFF, 0xFF, 0xFF, 0xFF, 0x00, 0x01, 0xC0, 0x78, 0x07, 0x00, 0x1F, 0x83, 0xFC, 0x7F,
    0xE7, 0x8F, 0x7F, 0xF7, 0xFF, 0xFF, 0xF7, 0x00, 0x78, 0xE7, 0xFE, 0x3F, 0xE1, 0xFC, 0x00, 0x00,
    0x70, 0x0F, 0x00, 0x70, 0x1E, 0x03, 0xE0, 0x18, 0x07, 0x00, 0x01, 0xFF, 0xFF, 0xFF, 0xFF, 0xF0,
    0x1E, 0x03, 0xC0, 0x78, 0x0F, 0xFD, 0xFF, 0xBF, 0xF7, 0x80, 0xF0, 0x1E, 0x03, 0xFF, 0xFF, 0xFF,
    0xFE, 0x0F, 0x00, 0xF0, 0x07, 0x00, 0x60, 0x00, 0x01, 0xF8, 0x3F, 0xC7, 0xFE, 0x78, 0xF7, 0xFF,
    0x7F, 0xFF, 0xFF, 0x70, 0x07, 0x8E, 0x7F, 0xE3, 0xFE, 0x1F, 0xC0, 0x1D, 0x87, 0xF0, 0xDE, 0x00,
    0x00, 0x01, 0xFF, 0xFF, 0xFF, 0xFF, 0xF0, 0x1E, 0x03, 0xC0, 0x78, 0x0F, 0xFD, 0xFF, 0xBF, 0xF7,
    0x80, 0xF0, 0x1E, 0x03, 0xFF, 0xFF, 0xFF, 0xFE, 0x1E, 0xC1, 0xFC, 0x3F, 0x80, 0x00, 0x00, 0x01,
    0xF8, 0x3F, 0xC7, 0xFE, 0x78, 0xF7, 0xFF, 0x7F, 0xFF, 0xFF, 0x70, 0x07, 0x8E, 0x7F, 0xE3, 0xFE,
    0x1F, 0xC0, 0x00, 0xE0, 0x38, 0x07, 0x07, 0x01, 0xF0, 0x7F, 0x1E, 0xF0, 0x00, 0xFF, 0xFF, 0xFF,
    0xFF, 0xF8, 0x0F, 0x01, 0xE0, 0x3C, 0x07, 0xFE, 0xFF, 0xDF, 0xFB, 0xC0, 0x78, 0x0F, 0x01, 0xFF,
    0xFF, 0xFF, 0xFF, 0x00, 0x70, 0x0E, 0x00, 0xC0, 0x60, 0x0F, 0x81, 0xF8, 0x3D, 0xC0, 0x00, 0x1F,
    0x83, 0xFC, 0x7F, 0xE7, 0x8F, 0x7F, 0xF7, 0xFF, 0xFF, 0xF7, 0x00, 0x78, 0xE7, 0xFE, 0x3F, 0xE1,
    0xFC, 0x03, 0x80, 0x70, 0x07, 0x07, 0x01, 0xF0, 0x7F, 0x1E, 0xF0, 0x00, 0xFF, 0xFF, 0xFF, 0xFF,
    0xF8, 0x0F, 0x01, 0xE0, 0x3C, 0x07, 0xFE, 0xFF, 0xDF, 0xFB, 0xC0, 0x78, 0x0F, 0x01, 0xFF, 0xFF,
    0xFF, 0xFF, 0x01, 0xC0, 0x1C, 0x00, 0xE0, 0x60, 0x0F, 0x81, 0xF8, 0x3D, 0xC0, 0x00, 0x1F, 0x83,
    0xFC, 0x7F, 0xE7, 0x8F, 0x7F, 0xF7, 0xFF, 0xFF, 0xF7, 0x00, 0x78, 0xE7, 0xFE, 0x3F, 0xE1, 0xFC,
    0x03, 0xC0, 0x78, 0x06, 0x07, 0x01, 0xF0, 0x7F, 0x1E, 0xF0, 0x00, 0xFF, 0xFF, 0xFF, 0xFF, 0xF8,
    0x0F, 0x01, 0xE0, 0x3C, 0x07, 0xFE, 0xFF, 0xDF, 0xFB, 0xC0, 0x78, 0x0F, 0x01, 0xFF, 0xFF, 0xFF,
    0xFF, 0x01, 0xC0, 0x1C, 0x00, 0xC0, 0x70, 0x0F, 0x81, 0xFC, 0x39, 0xC0, 0x00, 0x1F, 0x83, 0xFC,
    0x7F, 0xE7, 0x8F, 0x7F, 0xF7, 0xFF, 0xFF, 0xF7, 0x00, 0x78, 0xE7, 0xFE, 0x3F, 0xE1, 0xFC, 0x1D,
    0x87, 0xF0, 0xDE, 0x00, 0x01, 0xF0, 0x7F, 0x1E, 0xF0, 0x00, 0xFF, 0xFF, 0xFF, 0xFF, 0xF8, 0x0F,
    0x01, 0xE0, 0x3C, 0x07, 0xFE, 0xFF, 0xDF, 0xFB, 0xC0, 0x78, 0x0F, 0x01, 0xFF, 0xFF, 0xFF, 0xFF,
    0x0C, 0xC1, 0xFC, 0x3F, 0x80, 0x00, 0x0F, 0x01, 0xF8, 0x3D, 0xC0, 0x00, 0x1F, 0x83, 0xFC, 0x7F,
    0xE7, 0x8F, 0x7F, 0xF7, 0xFF, 0xFF, 0xF7, 0x00, 0x78, 0xE7, 0xFE, 0x3F, 0xE1, 0xFC, 0x1F, 0x07,
    0xF1, 0xEF, 0x00, 0x0F, 0xFF, 0xFF, 0xFF, 0xFF, 0x80, 0xF0, 0x1E, 0x03, 0xC0, 0x7F, 0xEF, 0xFD,
    0xFF, 0xBC, 0x07, 0x80, 0xF0, 0x1F, 0xFF, 0xFF, 0xFF, 0xF0, 0x00, 0x1C, 0x07, 0x80, 0x70, 0x0F,
    0x01, 0xF8, 0x3D, 0xC0, 0x00, 0x1F, 0x83, 0xFC, 0x7F, 0xE7, 0x8F, 0x7F, 0xF7, 0xFF, 0xFF, 0xF7,
    0x00, 0x78, 0xE7, 0xFE, 0x3F, 0xE1, 0xFC, 0x00, 0x00, 0x70, 0x0F, 0x00, 0x70, 0x7B, 0xCE, 0x60,
    0x3D, 0xEF, 0x7B, 0xDE, 0xF7, 0xBD, 0xEF, 0x7B, 0xDE, 0xF7, 0x80, 0x7F, 0xCE, 0x60, 0x3D, 0xEF,
    0x7B, 0xDE, 0xF7, 0xBD, 0xEF, 0x78, 0xFF, 0xFF, 0xFF, 0xFF, 0xFF, 0xFF, 0xFF, 0xFF, 0x0F, 0xFF,
    0xFF, 0xF0, 0xFF, 0xFF, 0xFF, 0xFF, 0xFF, 0xFF, 0x0F, 0xFF, 0x07, 0xE0, 0x1F, 0xF8, 0x3F, 0xFC,
    0x3C, 0x3C, 0x78, 0x1E, 0x78, 0x1E, 0x78, 0x1E, 0x78, 0x0E, 0x78, 0x0E, 0x78, 0x1E, 0x78, 0x1E,
    0x78, 0x1E, 0x3C, 0x3C, 0x3F, 0xFC, 0x1F, 0xF8, 0x07, 0xE0, 0x00, 0x00, 0x03, 0xC0, 0x03, 0xC0,
    0x03, 0xC0, 0x1F, 0xC3, 0xFE, 0x7F, 0xE7, 0x8F, 0x78, 0xF7, 0x0F, 0x70, 0xF7, 0x8F, 0x78, 0xF7,
    0xFE, 0x3F, 0xE1, 0xFC, 0x00, 0x00, 0x70, 0x0F, 0x00, 0x70, 0x03, 0xC0, 0x03, 0xC0, 0x01, 0xC0,
    0x01, 0x80, 0x00, 0x00, 0x07, 0xE0, 0x1F, 0xF8, 0x3F, 0xFC, 0x3C, 0x3C, 0x78, 0x1E, 0x78, 0x1E,
    0x78, 0x1E, 0x78, 0x0E, 0x78, 0x0E, 0x78, 0x1E, 0x78, 0x1E, 0x78, 0x1E, 0x3C, 0x3C, 0x3F, 0xFC,
    0x1F, 0xF8, 0x07, 0xE0, 0x0F, 0x00, 0xF8, 0x03, 0x00, 0x70, 0x00, 0x01, 0xFC, 0x3F, 0xE7, 0xFE,
    0x78, 0xF7, 0x8F, 0x70, 0xF7, 0x0F, 0x78, 0xF7, 0x8F, 0x7F, 0xE3, 0xFE, 0x1F, 0xC0, 0x00, 0x18,
    0x00, 0x38, 0x00, 0x70, 0x01, 0x80, 0x03, 0xC0, 0x07, 0xE0, 0x0E, 0x70, 0x00, 0x00, 0x07, 0xE0,
    0x1F, 0xF8, 0x3F, 0xFC, 0x3C, 0x3C, 0x78, 0x1E, 0x78, 0x1E, 0x78, 0x1E, 0x78, 0x0E, 0x78, 0x0E,
    0x78, 0x1E, 0x78, 0x1E, 0x78, 0x1E, 0x3C, 0x3C, 0x3F, 0xFC, 0x1F, 0xF8, 0x07, 0xE0, 0x00, 0x70,
    0x0E, 0x00, 0xE0, 0x60, 0x0F, 0x81, 0xFC, 0x3D, 0xE0, 0x00, 0x1F, 0xC3, 0xFE, 0x7F, 0xE7, 0x8F,
    0x78, 0xF7, 0x0F, 0x70, 0xF7, 0x8F, 0x78, 0xF7, 0xFE, 0x3F, 0xE1, 0xFC, 0x00, 0x60, 0x00, 0x70,
    0x00, 0x38, 0x01, 0x80, 0x03, 0xC0, 0x07, 0xE0, 0x0E, 0x70, 0x00, 0x00, 0x07, 0xE0, 0x1F, 0xF8,
    0x3F, 0xFC, 0x3C, 0x3C, 0x78, 0x1E, 0x78, 0x1E, 0x78, 0x1E, 0x78, 0x0E, 0x78, 0x0E, 0x78, 0x1E,
    0x78, 0x1E, 0x78, 0x1E, 0x3C, 0x3C, 0x3F, 0xFC, 0x1F, 0xF8, 0x07, 0xE0, 0x01, 0xC0, 0x1C, 0x00,
    0xE0, 0x60, 0x0F, 0x81, 0xFC, 0x3D, 0xE0, 0x00, 0x1F, 0xC3, 0xFE, 0x7F, 0xE7, 0x8F, 0x78, 0xF7,
    0x0F, 0x70, 0xF7, 0x8F, 0x78, 0xF7, 0xFE, 0x3F, 0xE1, 0xFC, 0x00, 0xF0, 0x00, 0x70, 0x00, 0x70,
    0x03, 0xC0, 0x07, 0xE0, 0x0F, 0xF0, 0x0E, 0x70, 0x00, 0x00, 0x07, 0xE0, 0x1F, 0xF8, 0x3F, 0xFC,
    0x3C, 0x3C, 0x78, 0x1E, 0x78, 0x1E, 0x78, 0x1E, 0x78, 0x0E, 0x78, 0x0E, 0x78, 0x1E, 0x78, 0x1E,
    0x78, 0x1E, 0x3C, 0x3C, 0x3F, 0xFC, 0x1F, 0xF8, 0x07, 0xE0, 0x01, 0xC0, 0x1E, 0x00, 0xC0, 0x70,
    0x0F, 0x81, 0xFC, 0x3D, 0xE0, 0x00, 0x1F, 0xC3, 0xFE, 0x7F, 0xE7, 0x8F, 0x78, 0xF7, 0x0F, 0x70,
    0xF7, 0x8F, 0x78, 0xF7, 0xFE, 0x3F, 0xE1, 0xFC, 0x07, 0x30, 0x07, 0xF0, 0x0F, 0xE0, 0x00, 0x00,
    0x03, 0xC0, 0x07, 0xE0, 0x0E, 0x70, 0x00, 0x00, 0x07, 0xE0, 0x1F, 0xF8, 0x3F, 0xFC, 0x3C, 0x3C,
    0x78, 0x1E, 0x78, 0x1E, 0x78, 0x1E, 0x78, 0x0E, 0x78, 0x0E, 0x78, 0x1E, 0x78, 0x1E, 0x78, 0x1E,
    0x3C, 0x3C, 0x3F, 0xFC, 0x1F, 0xF8, 0x07, 0xE0, 0x0C, 0xC1, 0xFC, 0x1B, 0xC0, 0x00, 0x0F, 0x81,
    0xFC, 0x3D, 0xE0, 0x00, 0x1F, 0xC3, 0xFE, 0x7F, 0xE7, 0x8F, 0x78, 0xF7, 0x0F, 0x70, 0xF7, 0x8F,
    0x78, 0xF7, 0xFE, 0x3F, 0xE1, 0xFC, 0x03, 0xC0, 0x07, 0xE0, 0x0E, 0x70, 0x00, 0x00, 0x07, 0xE0,
    0x1F, 0xF8, 0x3F, 0xFC, 0x3C, 0x3C, 0x78, 0x1E, 0x78, 0x1E, 0x78, 0x1E, 0x78, 0x0E, 0x78, 0x0E,
    0x78, 0x1E, 0x78, 0x1E, 0x78, 0x1E, 0x3C, 0x3C, 0x3F, 0xFC, 0x1F, 0xF8, 0x07, 0xE0, 0x00, 0x00,
    0x03, 0xC0, 0x03, 0xC0, 0x03, 0xC0, 0x0F, 0x81, 0xFC, 0x3D, 0xE0, 0x00, 0x1F, 0xC3, 0xFE, 0x7F,
    0xE7, 0x8F, 0x78, 0xF7, 0x0F, 0x70, 0xF7, 0x8F, 0x78, 0xF7, 0xFE, 0x3F, 0xE1, 0xFC, 0x00, 0x00,
    0x70, 0x0F, 0x00, 0x70, 0x00, 0xE0, 0x01, 0xE0, 0x01, 0xCF, 0x00, 0x0F, 0x07, 0xFE, 0x1F, 0xFE,
    0x3F, 0xFC, 0x3C, 0x3C, 0x78, 0x1E, 0x78, 0x1E, 0x78, 0x1E, 0x78, 0x0E, 0x78, 0x0E, 0x78, 0x1E,
    0x78, 0x1E, 0x78, 0x1E, 0x3C, 0x3C, 0x3F, 0xFC, 0x1F, 0xF8, 0x07, 0xE0, 0x03, 0xC0, 0x1D, 0xC1,
    0xCE, 0x00, 0x71, 0xFF, 0x9F, 0xF9, 0xFF, 0x8F, 0x1E, 0x78, 0xF3, 0x87, 0x9C, 0x3C, 0xF1, 0xE7,
    0x8F, 0x3F, 0xF0, 0xFF, 0x83, 0xF8, 0x07, 0x00, 0x03, 0x80, 0x03, 0x8F, 0x00, 0x0F, 0x07, 0xFE,
    0x1F, 0xFE, 0x3F, 0xFC, 0x3C, 0x3C, 0x78, 0x1E, 0x78, 0x1E, 0x78, 0x1E, 0x78, 0x0E, 0x78, 0x0E,
    0x78, 0x1E, 0x78, 0x1E, 0x78, 0x1E, 0x3C, 0x3C, 0x3F, 0xFC, 0x1F, 0xF8, 0x07, 0xE0, 0x1E, 0x00,
    0x71, 0xC1, 0xCE, 0x00, 0x71, 0xFF, 0x9F, 0xF9, 0xFF, 0x8F, 0x1E, 0x78, 0xF3, 0x87, 0x9C, 0x3C,
    0xF1, 0xE7, 0x8F, 0x3F, 0xF0, 0xFF, 0x83, 0xF8, 0x03, 0xC0, 0x03, 0xC0, 0x01, 0xC0, 0x01, 0x8F,
    0x00, 0x0F, 0x07, 0xFE, 0x1F, 0xFE, 0x3F, 0xFC, 0x3C, 0x3C, 0x78, 0x1E, 0x78, 0x1E, 0x78, 0x1E,
    0x78, 0x0E, 0x78, 0x0E, 0x78, 0x1E, 0x78, 0x1E, 0x78, 0x1E, 0x3C, 0x3C, 0x3F, 0xFC, 0x1F, 0xF8,
    0x07, 0xE0, 0x0F, 0x00, 0x7C, 0x00, 0xCE, 0x0E, 0x70, 0x03, 0x8F, 0xFC, 0xFF, 0xCF, 0xFC, 0x78,
    0xF3, 0xC7, 0x9C, 0x3C, 0xE1, 0xE7, 0x8F, 0x3C, 0x79, 0xFF, 0x87, 0xFC, 0x1F, 0xC0, 0x07, 0x70,
    0x0F, 0xF0, 0x0F, 0xE0, 0x00, 0x0F, 0x00, 0x0F, 0x07, 0xFE, 0x1F, 0xFE, 0x3F, 0xFC, 0x3C, 0x3C,
    0x78, 0x1E, 0x78, 0x1E, 0x78, 0x1E, 0x78, 0x0E, 0x78, 0x0E, 0x78, 0x1E, 0x78, 0x1E, 0x78, 0x1E,
    0x3C, 0x3C, 0x3F, 0xFC, 0x1F, 0xF8, 0x07, 0xE0, 0x0C, 0x80, 0xFC, 0x06, 0xEE, 0x10, 0x70, 0x03,
    0x8F, 0xFC, 0xFF, 0xCF, 0xFC, 0x78, 0xF3, 0xC7, 0x9C, 0x3C, 0xE1, 0xE7, 0x8F, 0x3C, 0x79, 0xFF,
    0x87, 0xFC, 0x1F, 0xC0, 0x00, 0x0F, 0x00, 0x0F, 0x07, 0xFE, 0x1F, 0xFE, 0x3F, 0xFC, 0x3C, 0x3C,
    0x78, 0x1E, 0x78, 0x1E, 0x78, 0x1E, 0x78, 0x0E, 0x78, 0x0E, 0x78, 0x1E, 0x78, 0x1E, 0x78, 0x1E,
    0x3C, 0x3C, 0x3F, 0xFC, 0x1F, 0xF8, 0x07, 0xE0, 0x00, 0x00, 0x03, 0xC0, 0x03, 0xC0, 0x03, 0xC0,
    0x00, 0x38, 0x01, 0xC0, 0x0E, 0x3F, 0xF3, 0xFF, 0x3F, 0xF1, 0xE3, 0xCF, 0x1E, 0x70, 0xF3, 0x87,
    0x9E, 0x3C, 0xF1, 0xE7, 0xFE, 0x1F, 0xF0, 0x7F, 0x00, 0x00, 0x07, 0x00, 0x78, 0x01, 0xC0, 0xF0,
    0x7F, 0x83, 0xFC, 0x1F, 0xE0, 0xFF, 0x07, 0xF8, 0x3F, 0xC1, 0xFE, 0x0F, 0xF0, 0x7F, 0x83, 0xFC,
    0x1F, 0xE0, 0xFF, 0x8F, 0xBF, 0xF8, 0xFF, 0xC3, 0xF8, 0x00, 0x00, 0x38, 0x01, 0xE0, 0x0E, 0x00,
    0xF1, 0xFE, 0x3F, 0xC7, 0xF8, 0xFF, 0x1F, 0xE3, 0xFC, 0x7F, 0x8F, 0xF1, 0xFF, 0xFD, 0xFF, 0x9F,
    0xF0, 0x00, 0x1C, 0x03, 0xC0, 0x70, 0x0F, 0x00, 0x7C, 0x00, 0xE0, 0x06, 0x00, 0x00, 0x78, 0x3F,
    0xC1, 0xFE, 0x0F, 0xF0, 0x7F, 0x83, 0xFC, 0x1F, 0xE0, 0xFF, 0x07, 0xF8, 0x3F, 0xC1, 0xFE, 0x0F,
    0xF0, 0x7F, 0xC7, 0xDF, 0xFC, 0x7F, 0xE1, 0xFC, 0x00, 0x1E, 0x03, 0xE0, 0x18, 0x07, 0x00, 0x01,
    0xE3, 0xFC, 0x7F, 0x8F, 0xF1, 0xFE, 0x3F, 0xC7, 0xF8, 0xFF, 0x1F, 0xE3, 0xFF, 0xFB, 0xFF, 0x3F,
    0xE0, 0x03, 0xC0, 0x07, 0x00, 0x1C, 0x38, 0x00, 0x7F, 0x07, 0xFE, 0x0F, 0xFC, 0x1E, 0x78, 0x3C,
    0xF0, 0x79, 0xE0, 0xF3, 0xC1, 0xE7, 0x83, 0xCF, 0x07, 0x9E, 0x0F, 0x3C, 0x1E, 0x78, 0x3C, 0xF8,
    0xF8, 0xFF, 0xE0, 0xFF, 0xC0, 0xFE, 0x00, 0x07, 0x80, 0x39, 0xC3, 0x8E, 0x00, 0x7F, 0x1F, 0xF8,
    0xFB, 0xC7, 0x9E, 0x3C, 0xF1, 0xE7, 0x8F, 0x3C, 0x79, 0xE3, 0xCF, 0x1E, 0x7F, 0xF1, 0xFF, 0x87,
    0xFC, 0x1E, 0x00, 0x1C, 0x00, 0x1C, 0x38, 0x00, 0x7F, 0x07, 0xFE, 0x0F, 0xFC, 0x1E, 0x78, 0x3C,
    0xF0, 0x79, 0xE0, 0xF3, 0xC1, 0xE7, 0x83, 0xCF, 0x07, 0x9E, 0x0F, 0x3C, 0x1E, 0x78, 0x3C, 0xF8,
    0xF8, 0xFF, 0xE0, 0xFF, 0xC0, 0xFE, 0x00, 0x3C, 0x00, 0xE1, 0xC3, 0x8E, 0x00, 0x7F, 0x1F, 0xF8,
    0xFB, 0xC7, 0x9E, 0x3C, 0xF1, 0xE7, 0x8F, 0x3C, 0x79, 0xE3, 0xCF, 0x1E, 0x7F, 0xF1, 0xFF, 0x87,
    0xFC, 0x0F, 0x00, 0x1F, 0x00, 0x0E, 0x00, 0x18, 0x70, 0x00, 0xFE, 0x0F, 0xFC, 0x1F, 0xF8, 0x3C,
    0xF0, 0x79, 0xE0, 0xF3, 0xC1, 0xE7, 0x83, 0xCF, 0x07, 0x9E, 0x0F, 0x3C, 0x1E, 0x78, 0x3C, 0xF0,
    0x79, 0xF1, 0xF1, 0xFF, 0xC1, 0xFF, 0x81, 0xFC, 0x00, 0x1E, 0x00, 0xF8, 0x01, 0x8E, 0x1C, 0x70,
    0x03, 0xF8, 0xFF, 0xC7, 0xDE, 0x3C, 0xF1, 0xE7, 0x8F, 0x3C, 0x79, 0xE3, 0xCF, 0x1E, 0x78, 0xF3,
    0xFF, 0x8F, 0xFC, 0x3F, 0xE0, 0x0E, 0xC0, 0x3F, 0x80, 0x6F, 0x00, 0x00, 0x70, 0x00, 0xFE, 0x0F,
    0xFC, 0x1F, 0xF8, 0x3C, 0xF0, 0x79, 0xE0, 0xF3, 0xC1, 0xE7, 0x83, 0xCF, 0x07, 0x9E, 0x0F, 0x3C,
    0x1E, 0x78, 0x3C, 0xF0, 0x79, 0xF1, 0xF1, 0xFF, 0xC1, 0xFF, 0x81, 0xFC, 0x00, 0x1D, 0x81, 0xFC,
    0x0D, 0xEE, 0x00, 0x70, 0x03, 0xF8, 0xFF, 0xC7, 0xDE, 0x3C, 0xF1, 0xE7, 0x8F, 0x3C, 0x79, 0xE3,
    0xCF, 0x1E, 0x78, 0xF3, 0xFF, 0x8F, 0xFC, 0x3F, 0xE0, 0x00, 0x0E, 0x00, 0x1F, 0xC1, 0xFF, 0x83,
    0xFF, 0x07, 0x9E, 0x0F, 0x3C, 0x1E, 0x78, 0x3C, 0xF0, 0x79, 0xE0, 0xF3, 0xC1, 0xE7, 0x83, 0xCF,
    0x07, 0x9E, 0x0F, 0x3E, 0x3E, 0x3F, 0xF8, 0x3F, 0xF0, 0x3F, 0x80, 0x00, 0x00, 0x38, 0x00, 0x78,
    0x00, 0xE0, 0x00, 0x00, 0x38, 0x01, 0xC0, 0x0F, 0xE3, 0xFF, 0x1F, 0x78, 0xF3, 0xC7, 0x9E, 0x3C,
    0xF1, 0xE7, 0x8F, 0x3C, 0x79, 0xE3, 0xCF, 0xFE, 0x3F, 0xF0, 0xFF, 0x80, 0x00, 0x0E, 0x00, 0x78,
    0x03, 0x80, 0x0F, 0x00, 0x0E, 0x00, 0x0E, 0x00, 0x00, 0x0F, 0x83, 0xEF, 0x07, 0x9F, 0x1F, 0x1E,
    0x3C, 0x1E, 0x78, 0x3D, 0xE0, 0x3F, 0xC0, 0x7F, 0x00, 0x7C, 0x00, 0xF8, 0x00, 0xF0, 0x01, 0xE0,
    0x03, 0xC0, 0x07, 0x80, 0x0F, 0x00, 0x1E, 0x00, 0x1E, 0x00, 0x70, 0x03, 0xC0, 0x00, 0x0F, 0x0F,
    0x78, 0x79, 0xE3, 0xCF, 0x3C, 0x39, 0xE1, 0xEF, 0x0F, 0x70, 0x3F, 0x81, 0xF8, 0x0F, 0xC0, 0x3E,
    0x01, 0xE0, 0x0F, 0x01, 0xF8, 0x1F, 0x80, 0xF8, 0x00, 0xF8, 0x3E, 0xF0, 0x79, 0xF1, 0xF1, 0xE3,
    0xC1, 0xE7, 0x83, 0xDE, 0x03, 0xFC, 0x07, 0xF0, 0x07, 0xC0, 0x0F, 0x80, 0x0F, 0x00, 0x1E, 0x00,
    0x3C, 0x00, 0x78, 0x00, 0xF0, 0x01, 0xE0, 0x00, 0x00, 0x07, 0x00, 0x0F, 0x00, 0x1C, 0x00, 0xF0,
    0xF7, 0x87, 0x9E, 0x3C, 0xF3, 0xC3, 0x9E, 0x1E, 0xF0, 0xF7, 0x03, 0xF8, 0x1F, 0x80, 0xFC, 0x03,
    0xE0, 0x1E, 0x00, 0xF0, 0x1F, 0xF1, 0xFB, 0xCF, 0x9C, 0x07, 0x80, 0x0F, 0x80, 0x07, 0x00, 0x0C,
    0x00, 0x00, 0x1F, 0x07, 0xDE, 0x0F, 0x3E, 0x3E, 0x3C, 0x78, 0x3C, 0xF0, 0x7B, 0xC0, 0x7F, 0x80,
    0xFE, 0x00, 0xF8, 0x01, 0xF0, 0x01, 0xE0, 0x03, 0xC0, 0x07, 0x80, 0x0F, 0x00, 0x1E, 0x00, 0x3C,
    0x00, 0x0F, 0x00, 0x78, 0x01, 0xC0, 0x0E, 0x00, 0x00, 0x78, 0x7B, 0xC3, 0xCF, 0x1E, 0x79, 0xE1,
    0xCF, 0x0F, 0x78, 0x7B, 0x81, 0xFC, 0x0F, 0xC0, 0x7E, 0x01, 0xF0, 0x0F, 0x00, 0x78, 0x0F, 0xC0,
    0xFC, 0x07, 0xC0, 0x00, 0x07, 0x60, 0x1F, 0xC0, 0x37, 0x80, 0x00, 0x00, 0x00, 0x1F, 0x07, 0xDE,
    0x0F, 0x3E, 0x3E, 0x3C, 0x78, 0x3C, 0xF0, 0x7B, 0xC0, 0x7F, 0x80, 0xFE, 0x00, 0xF8, 0x01, 0xF0,
    0x01, 0xE0, 0x03, 0xC0, 0x07, 0x80, 0x0F, 0x00, 0x1E, 0x00, 0x3C, 0x00, 0x1E, 0xC0, 0xFE, 0x0F,
    0xE0, 0x00, 0x00, 0x00, 0x78, 0x7B, 0xC3, 0xCF, 0x1E, 0x79, 0xE1, 0xCF, 0x0F, 0x78, 0x7B, 0x81,
    0xFC, 0x0F, 0xC0, 0x7E, 0x01, 0xF0, 0x0F, 0x00, 0x78, 0x0F, 0xC0, 0xFC, 0x07, 0xC0, 0x00, 0xFF,
    0xFF, 0xFF, 0xFF, 0x49, 0xE3, 0x1E, 0x78, 0xC3, 0x0C, 0x30, 0xC3, 0x0C, 0x30, 0xC3, 0x0C, 0x10,
    0x6F, 0xF6, 0xD3, 0x0C, 0x30, 0xC3, 0x0C, 0x30, 0xC3, 0x0C, 0x30, 0x21, 0x8F, 0xDB, 0x2C, 0x30,
    0xC3, 0x0C, 0x30, 0xC3, 0x0C, 0x30, 0xC3, 0xFF, 0xFF, 0xFF, 0xFF, 0xFF, 0xFF, 0xFF, 0xFF, 0xFF,
    0xFF, 0xFE, 0xFF, 0xFF, 0xFF, 0xFF, 0x80, 0xFF, 0xFF, 0xFF, 0xFF, 0xFF, 0xFF, 0xFF, 0xFE, 0xFF,
    0xFF, 0xFF, 0xFF, 0xFF, 0xFF, 0xFF, 0xFE, 0xFF, 0xFF, 0xFF, 0xFF, 0xFF, 0xFF, 0xFF, 0xFF, 0xFF,
    0xFF, 0xFF, 0xFF, 0xFF, 0xFF, 0xFF, 0xFF, 0xFF, 0xFF, 0xFF, 0xFF, 0xFF, 0xFF, 0xFF, 0xFF, 0xFF,
    0xFF, 0xFF, 0xFF, 0xF0, 0x03, 0xFF, 0xFF, 0xC0, 0x39, 0xCE, 0xF7, 0x3B, 0xC0, 0x7B, 0xDC, 0xE7,
    0x7B, 0x80, 0x73, 0xBD, 0xEE, 0x73, 0x80, 0x73, 0x9E, 0xF3, 0x9C, 0xE0, 0x39, 0xCE, 0x73, 0xB9,
    0xEE, 0x73, 0x9D, 0xEF, 0x78, 0x7B, 0x9E, 0xE7, 0x79, 0xDE, 0x77, 0x3D, 0xCE, 0x70, 0x77, 0xBB,
    0xFD, 0xDE, 0xEE, 0x77, 0x3B, 0x98, 0x77, 0x9D, 0xE7, 0xB9, 0xEE, 0x3B, 0x8E, 0x73, 0x9C, 0x1E,
    0x07, 0x81, 0xE3, 0xFF, 0xFF, 0xFF, 0xF1, 0xE0, 0x78, 0x1E, 0x07, 0x80, 0xE0, 0x30, 0x1E, 0x07,
    0x81, 0xE3, 0xFF, 0xFF, 0xFF, 0xF1, 0xE0, 0x78, 0xFF, 0xFF, 0xFF, 0xFC, 0x78, 0x1E, 0x07, 0x80,
    0xE0, 0x30, 0x3C, 0x7E, 0xFE, 0xFF, 0xFE, 0x7E, 0x3C, 0x01, 0xC3, 0xC7, 0xEF, 0xDE, 0x38, 0x00,
    0x77, 0xFE, 0xE0, 0x70, 0xEF, 0x9E, 0xF9, 0xE7, 0x0E, 0x70, 0xE1, 0xDF, 0x3C, 0x7B, 0xE7, 0x8F,
    0x38, 0x70, 0xE0, 0x77, 0xFE, 0xE0, 0x3E, 0x07, 0x00, 0x0F, 0xC1, 0xC0, 0x01, 0xFC, 0x38, 0x00,
    0x33, 0x8E, 0x00, 0x06, 0x73, 0x80, 0x00, 0xEE, 0x70, 0x00, 0x1F, 0x9C, 0x00, 0x01, 0xF7, 0x00,
    0x00, 0x00, 0xE7, 0x8F, 0x80, 0x39, 0xF9, 0xF8, 0x0E, 0x7F, 0x7F, 0x01, 0xCE, 0x7E, 0xE0, 0x71,
    0xCF, 0xDC, 0x1C, 0x3F, 0xBF, 0x83, 0x83, 0xF3, 0xF0, 0xE0, 0x3C, 0x7C, 0x3E, 0x07, 0x00, 0x00,
    0x1F, 0x83, 0x80, 0x00, 0x07, 0xF0, 0xE0, 0x00, 0x01, 0x9C, 0x70, 0x00, 0x00, 0x67, 0x38, 0x00,
    0x00, 0x1D, 0xCE, 0x00, 0x00, 0x07, 0xE7, 0x00, 0x00, 0x00, 0xFB, 0x80, 0x00, 0x00, 0x00, 0xE7,
    0x8F, 0x8F, 0x80, 0x73, 0xF3, 0xF7, 0xF0, 0x39, 0xFD, 0xFD, 0xFC, 0x0E, 0x73, 0xF7, 0x77, 0x07,
    0x1C, 0xFD, 0xDD, 0xC3, 0x87, 0xF7, 0xF7, 0xF0, 0xE0, 0xFC, 0xFD, 0xFC, 0x70, 0x1E, 0x3E, 0x3E,
    0xFF, 0xEE, 0xEE, 0xF3, 0xBC, 0xEE, 0x3B, 0x8E, 0xE3, 0xB8, 0xC0, 0xF3, 0x8F, 0xE7, 0x1F, 0x8E,
    0x3F, 0x1C, 0xFE, 0x39, 0xDC, 0x63, 0x80, 0xEE, 0xF7, 0x77, 0xE3, 0xB8, 0xEF, 0x39, 0xCE, 0x73,
    0x9C, 0x70, 0xE3, 0x9F, 0xC7, 0x3F, 0xCE, 0x3B, 0x9C, 0x77, 0x38, 0xEE, 0x39, 0xC0, 0x1C, 0x0F,
    0x83, 0xF1, 0xDE, 0xE3, 0x80, 0x0F, 0x0F, 0x0F, 0x87, 0x87, 0x83, 0xC0, 0xF0, 0x7C, 0x1E, 0x07,
    0x80, 0x78, 0x1E, 0x0F, 0x03, 0xC0, 0xF0, 0x78, 0x78, 0x78, 0x3C, 0x3C, 0x00, 0x03, 0x80, 0x3F,
    0x40, 0xFF, 0xC0, 0xF7, 0x80, 0xFE, 0x0F, 0xFF, 0xBD, 0xFF, 0x3F, 0xFE, 0x1F, 0xF0, 0x7D, 0xE0,
    0xFF, 0xC0, 0xFD, 0x00, 0x38, 0x00, 0x78, 0xF7, 0x0F, 0x70, 0xF7, 0x0E, 0x70, 0xE7, 0x0E, 0x70,
    0xE7, 0x0E, 0x70, 0xE7, 0x0E, 0x70, 0xE0, 0x00, 0x70, 0xEF, 0x9F, 0xF9, 0xF7, 0x0E, 0x1F, 0x8F,
    0xF9, 0xFF, 0xB8, 0xF7, 0x1E, 0x3B, 0xC7, 0xF0, 0x7E, 0x0F, 0x01, 0xC0, 0x38, 0x00, 0x00, 0xE0,
    0x3C, 0x07, 0x80, 0x70, 0xFF, 0xDF, 0xFF, 0xFF, 0x80, 0x00, 0x00, 0x1C, 0x00, 0xE7, 0xFF, 0xF8,
    0xFF, 0xFC, 0x0F, 0xFC, 0x00, 0x03, 0xF0, 0x07, 0xFF, 0x87, 0xFF, 0xFB, 0xF8, 0x7E, 0x60, 0x01,
    0x80, 0x01, 0x00, 0xE0, 0x78, 0x1C, 0x0F, 0x03, 0x81, 0xE0, 0xF8, 0x3E, 0x1F, 0xC7, 0x79, 0xCC,
    0x07, 0x80, 0x3F, 0x00, 0xFC, 0x03, 0xF0, 0x0F, 0xC0, 0x1E, 0x00, 0x00, 0x1F, 0x3E, 0x7C, 0xFB,
    0xFF, 0xF7, 0xCF, 0x9F, 0x3E, 0x3C, 0xF0, 0xFF, 0xFF, 0xC0, 0x00, 0x1C, 0x00, 0xE0, 0x07, 0x00,
    0x1C, 0x00, 0xE0, 0x07, 0x00, 0x1C, 0x00, 0xE0, 0x07, 0x00, 0x1C, 0x00, 0xE0, 0x07, 0x00, 0x1C,
    0x00, 0xE0, 0x07, 0x00, 0x1C, 0x00, 0xFF, 0xFF, 0xFC, 0xF3, 0xCF, 0x3C, 0xF3, 0xFF, 0xFF, 0xF3,
    0xCF, 0x3C, 0xF3, 0xFF, 0xFF, 0xFB, 0xEF, 0x8E, 0x38, 0xE3, 0x8E, 0x3B, 0xEF, 0xBE, 0x38, 0xE3,
    0x8E, 0x3B, 0xEF, 0xBE, 0x1F, 0x83, 0xF8, 0xFF, 0x8F, 0xF9, 0xFF, 0xBF, 0xF3, 0x8F, 0x78, 0xF7,
    0x1E, 0xF1, 0xE0, 0x7C, 0x07, 0x81, 0xF0, 0x1F, 0x07, 0xC0, 0x7C, 0x0F, 0x01, 0xF0, 0x1C, 0x03,
    0xC0, 0x38, 0x07, 0x80, 0x00, 0x00, 0x00, 0xE0, 0x1E, 0x03, 0xC0, 0x3C, 0x07, 0x80, 0x78, 0x07,
    0x00, 0xF0, 0x1F, 0x87, 0xBF, 0xE3, 0xDF, 0xF9, 0xEE, 0x3C, 0xF7, 0x1E, 0x78, 0x1F, 0x3C, 0x1F,
    0x1E, 0x1F, 0x0F, 0x0F, 0x07, 0x87, 0x03, 0xC3, 0x81, 0xE0, 0x00, 0x00, 0xE0, 0x38, 0xF0, 0x3C,
    0x78, 0x1E, 0x1C, 0x07, 0x78, 0x7E, 0x38, 0xFF, 0x9C, 0x7F, 0xEE, 0x38, 0xF7, 0x1C, 0x7B, 0x80,
    0x7D, 0xC0, 0x7C, 0xE0, 0x7C, 0x70, 0x3C, 0x38, 0x1C, 0x1C, 0x0E, 0x00, 0x00, 0x07, 0x03, 0x87,
    0xC3, 0xC3, 0xE1, 0xE0, 0xE0, 0x70, 0xFF, 0xFF, 0xDF, 0xE0, 0x70, 0x38, 0x3C, 0x1E, 0x0F, 0x07,
    0x03, 0x81, 0xC0, 0xE0, 0x70, 0x38, 0x1C, 0x0E, 0xFF, 0x9F, 0xFB, 0xFF, 0x77, 0xFE, 0xFF, 0xDF,
    0xFB, 0xFF, 0x7E, 0xEF, 0xDD, 0xF3, 0x80, 0x70, 0x0E, 0x01, 0xC0, 0x38, 0x07, 0x00, 0x3F, 0xCF,
    0xFB, 0xF7, 0x7E, 0xEF, 0xDD, 0xFB, 0xBF, 0x73, 0xFE, 0x3F, 0xC0, 0xFF, 0x9F, 0xFB, 0xDF, 0x7B,
    0xEF, 0x7F, 0xEF, 0xBD, 0xF7, 0xFE, 0xFF, 0x80, 0x1C, 0x26, 0x9F, 0xEF, 0xF3, 0xE3, 0xFD, 0xFE,
    0x9B, 0x1C, 0x00, 0x77, 0xFE, 0xE0, 0x00, 0x00, 0x00, 0x1C, 0xF7, 0x9C, 0xE7, 0x07, 0xF0, 0x07,
    0xFF, 0x87, 0xFF, 0xF3, 0xF0, 0x7E, 0x60, 0x01, 0x80, 0x00, 0x00, 0x00, 0x00, 0x00, 0x00, 0x00,
    0x00, 0x00, 0x00, 0x00, 0x00, 0x00, 0x00, 0x00, 0x00, 0x00, 0x00, 0x00, 0x00, 0x00, 0x00, 0x00,
    0x00, 0x00, 0x00, 0x00, 0x00, 0x06, 0x00, 0x1B, 0xF8, 0x7E, 0x7F, 0xFF, 0x87, 0xFF, 0x80, 0x7F,
    0x00, 0x0C, 0x13, 0x47, 0xF9, 0xFE, 0x3E, 0x1F, 0xE7, 0xF9, 0x36, 0x0C, 0x00, 0x00, 0xC1, 0x36,
    0x7F, 0x9F, 0xE3, 0xE1, 0xFE, 0x7F, 0x9B, 0x60, 0xC0, 0x00, 0x1C, 0x00, 0x73, 0xC0, 0xE7, 0xC3,
    0x8F, 0x8E, 0x1E, 0x1C, 0x00, 0x70, 0x01, 0xC0, 0x03, 0x80, 0x0E, 0x00, 0x38, 0x78, 0x70, 0xF1,
    0xC1, 0xE7, 0x03, 0xCE, 0x00, 0x38, 0x00, 0x3C, 0x03, 0xFC, 0x2F, 0xFF, 0x99, 0xFF, 0x01, 0xF8,
    0x07, 0xF0, 0x07, 0xFF, 0x87, 0xFF, 0xFB, 0xF8, 0x7E, 0x60, 0x01, 0x80, 0x0E, 0x0F, 0xF9, 0xFF,
    0x1F, 0xCF, 0xFF, 0xFF, 0xFF, 0xFB, 0xFE, 0x7F, 0xCF, 0xF8, 0x38, 0x00, 0xF3, 0x8E, 0x7F, 0x9C,
    0x73, 0xF8, 0xE3, 0x9D, 0xC7, 0x3C, 0xEE, 0x39, 0xC7, 0x71, 0x8E, 0x38, 0x3F, 0x1F, 0xE7, 0x39,
    0xCF, 0x73, 0xDC, 0xF7, 0x39, 0xFE, 0x3F, 0x00, 0xDD, 0x7F, 0xFF, 0xFC, 0x1E, 0x0F, 0x0F, 0x8F,
    0xC7, 0x67, 0x33, 0xFF, 0xFF, 0x0E, 0x00, 0x7F, 0x7F, 0xE0, 0xFE, 0xFF, 0x27, 0xE7, 0xFF, 0x7E,
    0x3F, 0x3F, 0xDC, 0xEF, 0xE7, 0xFB, 0x9D, 0xCE, 0xFF, 0x3F, 0x00, 0xFF, 0x7F, 0x81, 0xC1, 0xC0,
    0xE0, 0xE0, 0xF0, 0x70, 0x78, 0x00, 0x3F, 0x1F, 0xE7, 0x39, 0xEE, 0x3F, 0x1F, 0xE7, 0x39, 0xFE,
    0x3F, 0x00, 0x3F, 0x3F, 0xDC, 0xEE, 0x77, 0xF9, 0xFD, 0xCE, 0xFE, 0x3E, 0x00, 0x18, 0x18, 0xFF,
    0xFF, 0x18, 0x18, 0xFF, 0xFF, 0xFF, 0xFF, 0x00, 0xFF, 0xFF, 0x73, 0x9D, 0xCE, 0x73, 0x9C, 0x73,
    0x9C, 0x73, 0x9C, 0x73, 0x9C, 0xE7, 0x7B, 0x9C, 0xFE, 0xFF, 0xE7, 0xE7, 0xE7, 0xE7, 0xE7, 0x3F,
    0x1F, 0xE7, 0x39, 0xCF, 0x73, 0xDC, 0xF7, 0x39, 0xFE, 0x3F, 0x00, 0x7F, 0xFF, 0x73, 0x9C, 0xE7,
    0x38, 0x3F, 0x3F, 0x9D, 0xE0, 0xF0, 0xF0, 0xF0, 0xF0, 0xFF, 0x7F, 0x80, 0x3F, 0x3F, 0x9C, 0xE0,
    0xF1, 0xF0, 0xFD, 0xCE, 0xFF, 0x3F, 0x00, 0x1E, 0x0F, 0x0F, 0x8F, 0xC7, 0x67, 0x33, 0xFF, 0xFF,
    0x0E, 0x00, 0x7F, 0x7F, 0xE0, 0xFE, 0xFF, 0x27, 0xE7, 0xFF, 0x7E, 0x3F, 0x3F, 0xDC, 0xEF, 0xE7,
    0xFB, 0x9D, 0xCE, 0xFF, 0x3F, 0x00, 0xFF, 0x7F, 0x81, 0xC1, 0xC0, 0xE0, 0xE0, 0xF0, 0x70, 0x78,
    0x00, 0x3F, 0x1F, 0xE7, 0x39, 0xEE, 0x3F, 0x1F, 0xE7, 0x39, 0xFE, 0x3F, 0x00, 0x3F, 0x3F, 0xDC,
    0xEE, 0x77, 0xF9, 0xFD, 0xCE, 0xFE, 0x3E, 0x00, 0x18, 0x18, 0xFF, 0xFF, 0x18, 0x18, 0xFF, 0xFF,
    0xFF, 0xFF, 0x00, 0xFF, 0xFF, 0x73, 0x9D, 0xCE, 0x73, 0x9C, 0x73, 0x9C, 0x73, 0x9C, 0x73, 0x9C,
    0xE7, 0x7B, 0x9C, 0x3E, 0x7F, 0x3F, 0x7F, 0xFF, 0xFF, 0x7F, 0x3E, 0x3F, 0x9F, 0xCF, 0xF7, 0x23,
    0xF8, 0xFC, 0x3E, 0x3F, 0x9D, 0xEE, 0x77, 0x7B, 0xF8, 0xF8, 0x77, 0x3F, 0x8F, 0x87, 0xC3, 0xE3,
    0xBB, 0xDE, 0x3C, 0xFE, 0x6F, 0xFF, 0xFF, 0xE7, 0xFF, 0x7E, 0xE0, 0xE0, 0xFE, 0xFF, 0xE7, 0xE7,
    0xE7, 0xE7, 0xE7, 0xE0, 0xE0, 0xEE, 0xFE, 0xFC, 0xFC, 0xFC, 0xFE, 0xEF, 0xFF, 0xFF, 0xFF, 0xE0,
    0xFD, 0xEF, 0xFF, 0xEE, 0x7E, 0xE7, 0xEE, 0x7E, 0xE7, 0xEE, 0x70, 0xFE, 0xFF, 0xE7, 0xE7, 0xE7,
    0xE7, 0xE7, 0xFE, 0xFF, 0xE7, 0xE7, 0xE7, 0xFF, 0xFE, 0xE0, 0xE0, 0x7E, 0x7E, 0x78, 0x7F, 0x2F,
    0x7F, 0x7E, 0x71, 0xCF, 0xBE, 0x71, 0xC7, 0x1E, 0x38, 0x1E, 0x01, 0xFE, 0x07, 0xFC, 0x3E, 0xF0,
    0xF1, 0xC3, 0x80, 0x0E, 0x7F, 0xF9, 0xFF, 0xF7, 0xFF, 0xFE, 0x07, 0xFF, 0x9F, 0xFE, 0x1F, 0xF8,
    0x1E, 0x00, 0x7F, 0xC1, 0xFF, 0x07, 0xFC, 0x00, 0x58, 0x01, 0xB0, 0x1F, 0xC0, 0xFF, 0xC3, 0xFF,
    0xC7, 0xB7, 0x9E, 0x5F, 0xBD, 0xB0, 0x7B, 0x60, 0xF6, 0x81, 0xEB, 0x03, 0xF6, 0x07, 0xE9, 0xEF,
    0xB3, 0xCF, 0xFF, 0x1F, 0xFE, 0x1F, 0xF8, 0x1F, 0xC0, 0x6C, 0x00, 0xD0, 0x00, 0x0F, 0xE0, 0x3F,
    0xF0, 0xFF, 0xE1, 0xE1, 0xE7, 0x83, 0xCF, 0x03, 0x9E, 0x00, 0x39, 0xFC, 0x73, 0xF8, 0xF7, 0xF1,
    0xEF, 0x03, 0xDC, 0xE3, 0xFB, 0xC7, 0xFF, 0x87, 0xFE, 0x07, 0xF0, 0x1F, 0xF8, 0xFF, 0xC7, 0xFE,
    0x38, 0x01, 0xC0, 0x0E, 0x00, 0x70, 0x03, 0xFE, 0x1F, 0xF8, 0xFF, 0xC7, 0x00, 0x38, 0x01, 0xC0,
    0x7F, 0xC1, 0xFC, 0x03, 0x80, 0x0F, 0xC0, 0xFF, 0x07, 0xFC, 0x78, 0xF3, 0xC7, 0x1E, 0x01, 0xFF,
    0x0F, 0xF8, 0x3C, 0x03, 0xFE, 0x1F, 0xF0, 0x78, 0x03, 0xC7, 0xBF, 0xFD, 0xFF, 0xCF, 0xFE, 0x00,
    0x70, 0x00, 0x70, 0x3F, 0xFF, 0x9F, 0xFF, 0xEF, 0xFF, 0xF7, 0x9E, 0x3F, 0xCF, 0x1F, 0xE7, 0x8F,
    0xF3, 0xC7, 0xFB, 0xE3, 0xFD, 0xF1, 0xFE, 0xF8, 0xFF, 0xFC, 0x7F, 0xFE, 0x3C, 0x70, 0x00, 0x38,
    0x00, 0x7C, 0x1E, 0x7C, 0x1E, 0x7E, 0x1E, 0x7E, 0x1E, 0x7F, 0x1E, 0x7F, 0x9E, 0xFF, 0xFF, 0xFF,
    0xFF, 0x7B, 0xDE, 0xFF, 0xFF, 0xFF, 0xFF, 0x78, 0xFE, 0x78, 0x7E, 0x78, 0x7E, 0x78, 0x3E, 0x78,
    0x1E, 0xFF, 0x80, 0x0F, 0xFE, 0x3C, 0xFF, 0xE3, 0xCF, 0x1F, 0x3C, 0xF0, 0xFF, 0xFF, 0x0F, 0xFF,
    0xF0, 0xFF, 0xFF, 0x1F, 0x3C, 0xFF, 0xE3, 0xCF, 0xFE, 0x3C, 0xFF, 0x83, 0xCF, 0x00, 0x3C, 0xF0,
    0x03, 0xCF, 0x00, 0x3F, 0xF0, 0x03, 0xFF, 0x00, 0x1F, 0xFF, 0xC0, 0x01, 0xFF, 0xC0, 0x03, 0xFF,
    0x80, 0x07, 0x87, 0x80, 0x0F, 0x0F, 0x3F, 0x9E, 0x1E, 0xFF, 0xBC, 0x3D, 0xFF, 0x78, 0xFB, 0x8E,
    0xFF, 0xE7, 0xC1, 0xFF, 0x8F, 0xF3, 0xFF, 0x0F, 0xF7, 0x9E, 0x01, 0xFF, 0x1E, 0xF1, 0xFE, 0x3C,
    0xFF, 0xFC, 0x3D, 0xFF, 0x78, 0x79, 0xFC, 0x70, 0x78, 0x3B, 0x83, 0xC3, 0xDE, 0x3E, 0x1E, 0xF1,
    0xF8, 0xEF, 0xFF, 0xFF, 0xFF, 0xFF, 0xFC, 0xF7, 0xF3, 0xC7, 0xBF, 0x9C, 0xFF, 0xFF, 0xFF, 0xFF,
    0xFF, 0xC7, 0xF3, 0xF8, 0x3F, 0x9F, 0x81, 0xF8, 0xFC, 0x07, 0xC3, 0xE0, 0x3E, 0x1F, 0x01, 0xE0,
    0xF0, 0xFF, 0xE7, 0xFF, 0xFB, 0xFF, 0xFD, 0xFE, 0x0F, 0xFF, 0x77, 0xFF, 0xBB, 0xFF, 0xDD, 0xFF,
    0xEE, 0xFF, 0xF7, 0x07, 0xFB, 0xFF, 0xFD, 0xFF, 0xDE, 0xFF, 0xE0, 0x00, 0xF0, 0x1F, 0xE0, 0x7F,
    0x80, 0x3C, 0x1F, 0xF0, 0xFF, 0xC7, 0xFF, 0x1E, 0x3C, 0x78, 0xF3, 0xC3, 0xCF, 0x0F, 0x1E, 0x3C,
    0x78, 0xF1, 0xFF, 0xC3, 0xFF, 0x07, 0xFC, 0x00, 0x01, 0xFF, 0xC7, 0xFF, 0x1F, 0xFC, 0x03, 0xF8,
    0x3F, 0xE1, 0xFF, 0x87, 0x84, 0x1E, 0x01, 0xFF, 0x8F, 0xFE, 0x0F, 0x00, 0x3C, 0x01, 0xFF, 0x0F,
    0xFC, 0x07, 0x80, 0x1E, 0x10, 0x7F, 0xE0, 0xFF, 0x80, 0xFE, 0x3C, 0x1F, 0x1E, 0x0F, 0x0F, 0x0F,
    0x87, 0x8F, 0x83, 0xCF, 0x81, 0xEF, 0x83, 0xFF, 0xF9, 0xFF, 0xFC, 0xFF, 0xFE, 0x1F, 0xF8, 0x0F,
    0xFC, 0x07, 0xCF, 0x03, 0xC7, 0xC1, 0xE1, 0xF0, 0xF0, 0x78, 0x78, 0x1E, 0xFF, 0xFF, 0xFF, 0xF7,
    0xFF, 0x81, 0xE0, 0x07, 0x80, 0x1F, 0x80, 0x7E, 0x07, 0xE0, 0x1F, 0xE0, 0x1F, 0x80, 0xF8, 0x07,
    0xE0, 0x1F, 0x80, 0x1E, 0x00, 0x78, 0x01, 0xE0, 0x07, 0x80, 0x00, 0x00, 0x1E, 0x00, 0x00, 0x00,
    0xFF, 0x80, 0x00, 0x0F, 0xFF, 0x80, 0x00, 0x3F, 0xFF, 0x00, 0x00, 0x5E, 0x3E, 0x00, 0x00, 0x78,
    0x78, 0x7E, 0x01, 0xE1, 0xE3, 0xFC, 0x07, 0x83, 0xDF, 0xF8, 0x1E, 0x0F, 0x79, 0xF0, 0x78, 0x3F,
    0xC3, 0xCF, 0xE0, 0xFF, 0x0F, 0x7F, 0x87, 0xBC, 0x3D, 0xFE, 0x1E, 0xF0, 0xFE, 0x78, 0x7B, 0xE7,
    0xDF, 0xFF, 0xCF, 0xFE, 0x7F, 0xFF, 0x3F, 0xF8, 0xF9, 0xF0, 0xF7, 0xC0, 0x00, 0x03, 0xC0, 0x00,
    0x00, 0x0F, 0x00, 0x00, 0x00, 0x3C, 0x00, 0x00, 0x00, 0xF0, 0x00, 0x3F, 0xE0, 0x7F, 0xE0, 0xFF,
    0xE1, 0xE3, 0xCF, 0xFF, 0xEF, 0xFF, 0xCF, 0x1E, 0x7F, 0xFF, 0x7F, 0xFE, 0x79, 0xF0, 0xFF, 0xC1,
    0xFF, 0x83, 0xFC, 0x07, 0x80, 0x0F, 0x00, 0x1E, 0x00, 0x01, 0x80, 0x03, 0x00, 0x3F, 0xC0, 0xFF,
    0xC3, 0xFF, 0xC7, 0xFF, 0x9E, 0x67, 0xBC, 0xCE, 0x79, 0x80, 0xF3, 0xFD, 0xE7, 0xFB, 0xCF, 0xF7,
    0x99, 0xEF, 0x33, 0xCF, 0x6F, 0x1F, 0xFE, 0x1F, 0xF8, 0x1F, 0xE0, 0x06, 0x00, 0x0C, 0x00, 0x07,
    0xC0, 0x07, 0xE0, 0x0F, 0xE0, 0x0F, 0xE0, 0x0F, 0xF0, 0x1E, 0xF0, 0x1E, 0xF0, 0xFF, 0xFE, 0xFF,
    0xFE, 0x3C, 0x78, 0xFF, 0xFE, 0xFF, 0xFE, 0x78, 0x3C, 0x78, 0x3E, 0x78, 0x1E, 0xF0, 0x1E, 0x1F,
    0xC1, 0xFF, 0x0F, 0xFC, 0x71, 0xE0, 0x0F, 0x7F, 0xFF, 0xFF, 0xEF, 0xFF, 0xFF, 0xFF, 0xFF, 0xDF,
    0xFE, 0xF0, 0xE7, 0x8F, 0x3F, 0xF8, 0xFF, 0xC3, 0xF8, 0x01, 0x80, 0x03, 0x00, 0x3F, 0xC0, 0xFF,
    0xC3, 0xFF, 0xC7, 0xFF, 0x9E, 0x67, 0xBC, 0xCF, 0x79, 0x80, 0xF3, 0x01, 0xE6, 0x03, 0xCC, 0x07,
    0x99, 0xEF, 0x33, 0xCF, 0x6F, 0x1F, 0xFE, 0x1F, 0xF8, 0x1F, 0xE0, 0x06, 0x00, 0x0C, 0x00, 0xFF,
    0xFF, 0xFF, 0xF7, 0xFF, 0x80, 0x00, 0xFF, 0xFF, 0xFF, 0xF7, 0xFF, 0x81, 0xE0, 0x07, 0x80, 0x1E,
    0x00, 0x78, 0x01, 0xE0, 0x07, 0x80, 0x1E, 0x00, 0x78, 0x01, 0xE0, 0x7F, 0xE7, 0xFE, 0x7F, 0x80,
    0x78, 0x7F, 0xEF, 0xFE, 0x07, 0x87, 0xF8, 0x7F, 0x07, 0xE0, 0x7C, 0x03, 0xE0, 0x1F, 0x00, 0xF0,
    0x07, 0x80, 0x3C, 0x78, 0x07, 0xF0, 0x7F, 0x0F, 0xF0, 0xFC, 0x0F, 0xF0, 0x7F, 0x0F, 0xE0, 0xF8,
    0xFF, 0x8F, 0x78, 0xE7, 0x9E, 0x7B, 0xE7, 0xFC, 0x7F, 0x87, 0xF0, 0x07, 0x80, 0x1E, 0x00, 0x78,
    0x07, 0xF8, 0x3F, 0xF1, 0xFF, 0xE7, 0xFF, 0xBD, 0xEF, 0xF7, 0xBF, 0xDE, 0xFF, 0x7B, 0xFD, 0xEF,
    0x1F, 0xF0, 0x3F, 0xF8, 0x7F, 0xF0, 0xF0, 0xF1, 0xE1, 0xE3, 0xC3, 0xC7, 0x87, 0xBF, 0xFE, 0x7F,
    0xFC, 0xFF, 0xE0, 0x78, 0x03, 0xFE, 0x07, 0xFC, 0x0F, 0xF8, 0x07, 0x80, 0x0F, 0x00, 0x0F, 0xC0,
    0x3F, 0x01, 0xFE, 0x0F, 0xFC, 0x7F, 0xF9, 0xFF, 0xEF, 0xFF, 0xBF, 0xFF, 0xFF, 0xFF, 0xC0, 0x0F,
    0x00, 0x1C, 0x00, 0x78, 0x03, 0xFF, 0xFF, 0xFF, 0xFF, 0xFF, 0x1B, 0x01, 0xB0, 0xFF, 0xCF, 0xFE,
    0xFF, 0xEF, 0x0F, 0xF0, 0xFF, 0x1E, 0xFF, 0xEF, 0xFC, 0xFF, 0xEF, 0x1F, 0xF0, 0xFF, 0x0F, 0xF0,
    0xFF, 0xFF, 0xFF, 0xEF, 0xFC, 0x1B, 0x01, 0xB0, 0x1F, 0x0F, 0xE7, 0xF9, 0xC0, 0x60, 0x1C, 0x07,
    0xB1, 0xFE, 0x3F, 0x83, 0x87, 0xFD, 0xFF, 0x7F, 0xC0, 0x01, 0x00, 0x03, 0x80, 0x07, 0x80, 0x0F,
    0x00, 0x1E, 0x00, 0x3C, 0x00, 0x7F, 0xFF, 0xFF, 0xFF, 0xFF, 0xFF, 0x78, 0x00, 0x3C, 0x00, 0x1E,
    0x00, 0x0F, 0x00, 0x07, 0x80, 0x03, 0x80, 0x01, 0x00, 0x00, 0x00, 0x06, 0x00, 0x1E, 0x00, 0x7E,
    0x01, 0xFE, 0x03, 0xFE, 0x0F, 0xFE, 0x3D, 0xDE, 0xF3, 0x9F, 0xC7, 0x18, 0x0E, 0x00, 0x1C, 0x00,
    0x38, 0x00, 0x70, 0x00, 0xE0, 0x01, 0xC0, 0x03, 0x80, 0x00, 0x80, 0x01, 0xC0, 0x01, 0xE0, 0x00,
    0xF0, 0x00, 0x78, 0x00, 0x3C, 0xFF, 0xFE, 0xFF, 0xFF, 0xFF, 0xFF, 0x00, 0x1E, 0x00, 0x7C, 0x00,
    0xF8, 0x01, 0xF0, 0x01, 0xE0, 0x01, 0xC0, 0x00, 0x80, 0x03, 0x80, 0x07, 0x00, 0x0E, 0x00, 0x1C,
    0x00, 0x38, 0x00, 0x70, 0x00, 0xE0, 0x71, 0xC6, 0xF3, 0x9E, 0xF7, 0x78, 0xFF, 0xE0, 0xFF, 0x81,
    0xFE, 0x01, 0xF8, 0x01, 0xE0, 0x01, 0x80, 0x00, 0x00, 0x00, 0x00, 0x00, 0x03, 0x00, 0xC0, 0x07,
    0x81, 0xE0, 0x0F, 0x00, 0xF0, 0x1E, 0x00, 0x78, 0x3C, 0x00, 0x3C, 0x7F, 0xFF, 0xFE, 0xFF, 0xFF,
    0xFF, 0xFF, 0xFF, 0xFF, 0x78, 0x00, 0x1E, 0x3C, 0x00, 0x7C, 0x1E, 0x00, 0xF8, 0x0F, 0x01, 0xF0,
    0x07, 0x81, 0xE0, 0x03, 0x00, 0xC0, 0x02, 0x00, 0x1C, 0x00, 0xF8, 0x07, 0xF0, 0x3F, 0xE1, 0xFF,
    0xCF, 0xF7, 0xBD, 0xEF, 0x67, 0x98, 0x1E, 0x00, 0x78, 0x01, 0xE0, 0x07, 0x80, 0x1E, 0x00, 0x78,
    0x01, 0xE0, 0xE7, 0x9B, 0xDE, 0xF7, 0xF7, 0x8F, 0xFC, 0x1F, 0xE0, 0x3F, 0x00, 0x78, 0x00, 0xC0,
    0x00, 0x00, 0x7F, 0xE7, 0xFF, 0x3F, 0xF9, 0xF8, 0x0F, 0xE0, 0x7F, 0x83, 0xBE, 0x1C, 0xF8, 0xE3,
    0xE7, 0x0F, 0xB8, 0x3C, 0x00, 0xC0, 0x00, 0x00, 0x3F, 0xE7, 0xFF, 0x7F, 0xF0, 0x1F, 0x03, 0xF0,
    0x7F, 0x0F, 0x71, 0xE7, 0x3C, 0x77, 0x87, 0xF0, 0x76, 0x00, 0x00, 0x00, 0x60, 0x06, 0x07, 0xF0,
    0x77, 0x87, 0x3C, 0x71, 0xE7, 0x0F, 0x70, 0x7F, 0x03, 0xF3, 0x9F, 0x7F, 0xF7, 0xFF, 0x00, 0x27,
    0x03, 0xB8, 0x3D, 0xC3, 0xCE, 0x3C, 0x73, 0xC3, 0xBC, 0x1F, 0xC0, 0xFC, 0x07, 0xCF, 0x3F, 0xF9,
    0xFF, 0xC0, 0x00, 0x03, 0xC0, 0x08, 0x1F, 0x00, 0xE0, 0xFC, 0x0F, 0x00, 0xE0, 0xF0, 0x07, 0x8F,
    0x00, 0x3C, 0xF0, 0x01, 0xCF, 0x7F, 0xFE, 0xFF, 0xFF, 0xE7, 0xFF, 0xFE, 0x1E, 0x00, 0x00, 0x7C,
    0x00, 0x01, 0xF0, 0x00, 0x07, 0xC0, 0x00, 0x1E, 0x00, 0x00, 0x70, 0x00, 0x00, 0x00, 0x00, 0x1E,
    0x00, 0x00, 0xF8, 0x10, 0x07, 0xE0, 0xE0, 0x1C, 0x03, 0xC0, 0x70, 0x07, 0x81, 0xC0, 0x0F, 0x07,
    0x00, 0x1E, 0x1F, 0xFF, 0xBC, 0x3F, 0xFF, 0xF8, 0x7F, 0xFF, 0xE0, 0x00, 0x0F, 0x00, 0x00, 0x78,
    0x00, 0x03, 0xC0, 0x00, 0x1E, 0x00, 0x00, 0xF0, 0x00, 0x01, 0x80, 0x00, 0x00, 0x00, 0x08, 0x00,
    0x0C, 0x00, 0x0E, 0x00, 0x0F, 0xFF, 0xFF, 0xFF, 0xFF, 0xFF, 0xFD, 0xE0, 0x0E, 0x70, 0x07, 0x18,
    0x03, 0x84, 0x01, 0xC0, 0x00, 0xE0, 0x00, 0x70, 0x00, 0x38, 0x00, 0x1C, 0x00, 0x0E, 0x00, 0x07,
    0x00, 0x08, 0x00, 0x03, 0x00, 0x00, 0xE3, 0xFF, 0xFC, 0xFF, 0xFF, 0xBF, 0xFF, 0xEE, 0x00, 0xF3,
    0x80, 0x38, 0xE0, 0x0C, 0x38, 0x02, 0x0E, 0x00, 0x03, 0x80, 0x00, 0xE0, 0x00, 0x38, 0x00, 0x0E,
    0x00, 0x03, 0x80, 0x00, 0xE0, 0x00, 0x38, 0x00, 0x0E, 0x00, 0x03, 0x80, 0x00, 0xE0, 0x08, 0x38,
    0x03, 0x0E, 0x00, 0xE3, 0xFF, 0xFC, 0xFF, 0xFF, 0xBF, 0xFF, 0xE0, 0x00, 0xF0, 0x00, 0x38, 0x00,
    0x0C, 0x00, 0x02, 0x00, 0xFF, 0xE1, 0xFF, 0xC3, 0xFF, 0x80, 0x07, 0x00, 0x0E, 0x00, 0x1C, 0x00,
    0x38, 0x00, 0x70, 0x00, 0xE0, 0x01, 0xC0, 0x03, 0x80, 0x3F, 0xF0, 0x3F, 0xC0, 0x3F, 0x00, 0x3C,
    0x00, 0x30, 0x00, 0x00, 0x00, 0x03, 0x80, 0x01, 0xC0, 0x00, 0xE0, 0x00, 0x70, 0x80, 0x38, 0xC0,
    0x1C, 0xE0, 0x0E, 0xFF, 0xFF, 0xFF, 0xFF, 0xFF, 0xFF, 0xDE, 0x00, 0x07, 0x00, 0x01, 0x80, 0x00,
    0x40, 0x00, 0x00, 0x80, 0x01, 0x80, 0x03, 0x80, 0x0F, 0x80, 0x1F, 0xF0, 0x1F, 0xF8, 0x0F, 0xFC,
    0x07, 0x9E, 0x03, 0x8E, 0x01, 0x8F, 0x00, 0x07, 0xE0, 0x07, 0xE0, 0x07, 0xF0, 0x0F, 0x70, 0x0E,
    0x78, 0x1E, 0x3F, 0xFC, 0x1F, 0xF8, 0x0F, 0xE0, 0x01, 0x00, 0x01, 0x80, 0x01, 0xC0, 0x01, 0xE0,
    0x0F, 0xF0, 0x1F, 0xF8, 0x3F, 0xF0, 0x79, 0xE0, 0x71, 0xC0, 0xF1, 0x80, 0xE0, 0x00, 0xE0, 0x07,
    0xE0, 0x07, 0xF0, 0x0F, 0x70, 0x0E, 0x78, 0x1E, 0x3F, 0xFC, 0x1F, 0xF8, 0x0F, 0xE0, 0x01, 0x00,
    0x03, 0x80, 0x07, 0x80, 0x0F, 0x00, 0x1F, 0xFE, 0x3F, 0xFF, 0x7F, 0xFF, 0xF0, 0x00, 0xFF, 0xFE,
    0x7F, 0xFF, 0x3F, 0xFF, 0x1F, 0x00, 0x0F, 0x80, 0x07, 0x80, 0x03, 0x80, 0x00, 0x00, 0x00, 0x80,
    0x01, 0xC0, 0x01, 0xE0, 0x00, 0xF0, 0xFF, 0xF8, 0xFF, 0xFC, 0xFF, 0xFE, 0x00, 0x0F, 0xFF, 0xFF,
    0xFF, 0xFE, 0xFF, 0xFC, 0x00, 0xF8, 0x01, 0xF0, 0x01, 0xE0, 0x01, 0xC0, 0x00, 0x00, 0x01, 0x00,
    0x80, 0x03, 0x81, 0xC0, 0x07, 0x81, 0xE0, 0x0F, 0x00, 0xF0, 0x1F, 0xFF, 0xF8, 0x3F, 0xFF, 0xFC,
    0x7F, 0xFF, 0xFE, 0xF0, 0x00, 0x0F, 0xFF, 0xFF, 0xFF, 0x7F, 0xFF, 0xFE, 0x3F, 0xFF, 0xFC, 0x1F,
    0x00, 0xF8, 0x0F, 0x01, 0xF0, 0x07, 0x81, 0xE0, 0x03, 0x81, 0xC0, 0x01, 0x00, 0x00, 0x00, 0x00,
    0xC0, 0x3C, 0x0F, 0xC3, 0xFC, 0xFF, 0xC3, 0x80, 0x70, 0x3F, 0x87, 0xF0, 0xFE, 0x1F, 0xC3, 0xF8,
    0x7F, 0x03, 0x80, 0x70, 0x0E, 0x00, 0x0E, 0x01, 0xC0, 0x38, 0x1F, 0xC3, 0xF8, 0x7F, 0x0F, 0xE1,
    0xFC, 0x3F, 0x81, 0xC0, 0x38, 0x3F, 0xF3, 0xFC, 0x3F, 0x03, 0xC0, 0x30, 0x00, 0x00, 0x70, 0x40,
    0x0E, 0x18, 0x01, 0xC7, 0x00, 0x39, 0xFF, 0xF7, 0x7F, 0xFE, 0xEF, 0xFF, 0xDC, 0xF0, 0x03, 0x8E,
    0x00, 0x70, 0xC0, 0x0E, 0x08, 0x00, 0x00, 0x20, 0xE0, 0x06, 0x1C, 0x00, 0xE3, 0xBF, 0xFE, 0x77,
    0xFF, 0xEE, 0xFF, 0xFD, 0xC0, 0x0F, 0x38, 0x01, 0xC7, 0x00, 0x30, 0xE0, 0x04, 0x1C, 0x00, 0x60,
    0x00, 0x07, 0x80, 0x00, 0x7E, 0x00, 0x07, 0xF8, 0x00, 0x79, 0xE0, 0x07, 0x87, 0x80, 0x78, 0x1E,
    0x07, 0x80, 0x78, 0x7F, 0x07, 0xE3, 0xF8, 0x3F, 0x81, 0xC1, 0xC0, 0x0E, 0x0E, 0x00, 0x70, 0x70,
    0x03, 0x83, 0x80, 0x1F, 0xFC, 0x00, 0xFF, 0xE0, 0x00, 0x60, 0x00, 0x07, 0x80, 0x00, 0x7E, 0x00,
    0x07, 0xF8, 0x00, 0x79, 0xE0, 0x07, 0x87, 0x80, 0x78, 0x1E, 0x07, 0x80, 0x78, 0x7F, 0x07, 0xE3,
    0xF8, 0x3F, 0x81, 0xC1, 0xC0, 0x0E, 0x0E, 0x00, 0x7F, 0xF0, 0x03, 0xFF, 0x80, 0x00, 0x00, 0x00,
    0xFF, 0xE0, 0x07, 0xFF, 0x00, 0x38, 0x38, 0x01, 0xFF, 0xC0, 0x0F, 0xFE, 0x00, 0x00, 0x03, 0xF8,
    0x3F, 0xC3, 0x3C, 0x01, 0xE1, 0xFE, 0x3F, 0xE7, 0xFF, 0x70, 0xFF, 0x0F, 0xF0, 0xFF, 0x0E, 0x71,
    0xE7, 0xFE, 0x3F, 0xC1, 0xF8, 0x00, 0x00, 0xFD, 0xCF, 0xFC, 0xFF, 0xC7, 0x9F, 0x79, 0xFB, 0xDD,
    0xDF, 0xCE, 0xFC, 0xF7, 0xCF, 0x9F, 0xF8, 0xFF, 0xCD, 0xF8, 0x00, 0x00, 0x07, 0xC0, 0x0F, 0xC0,
    0x1F, 0x80, 0x7F, 0x00, 0xFF, 0x01, 0xDE, 0x07, 0xBC, 0x0F, 0x3C, 0x1E, 0x78, 0x78, 0xF0, 0xF0,
    0xF1, 0xE1, 0xE7, 0x83, 0xCF, 0xFF, 0xDF, 0xFF, 0xFF, 0xFF, 0x7F, 0xEF, 0xFF, 0xFF, 0xFF, 0x0F,
    0xF0, 0xFF, 0x0F, 0xF0, 0xFF, 0x0F, 0xF0, 0xFF, 0x0F, 0xF0, 0xFF, 0x0F, 0xF0, 0xFF, 0x0F, 0xF0,
    0xFF, 0x0F, 0xF0, 0xFF, 0x0F, 0xE0, 0x70, 0xFF, 0xFF, 0xFF, 0xDF, 0xFC, 0x78, 0x01, 0xE0, 0x0F,
    0x80, 0x3E, 0x00, 0xF0, 0x03, 0xC0, 0x1E, 0x01, 0xE0, 0x1E, 0x01, 0xF0, 0x0F, 0x00, 0xF0, 0x0F,
    0xFF, 0xFF, 0xFF, 0xFF, 0xC0, 0x7F, 0xE7, 0xFF, 0x7F, 0xF0, 0x00, 0x70, 0x0F, 0x00, 0xE0, 0x0E,
    0x00, 0xE0, 0x1C, 0x01, 0xC7, 0x1C, 0xF9, 0xCF, 0xB8, 0x1F, 0x81, 0xF8, 0x1F, 0x00, 0xF0, 0x0F,
    0x00, 0x1F, 0x0F, 0xC3, 0xFD, 0xFE, 0x7F, 0xFF, 0xE7, 0x9F, 0xCF, 0xF0, 0xF8, 0xF7, 0x9F, 0xCF,
    0x7F, 0xFF, 0xE3, 0xFD, 0xFE, 0x1F, 0x0F, 0xC0, 0x0F, 0x8F, 0xC7, 0xE3, 0xC1, 0xC0, 0xE0, 0x70,
    0x38, 0x1C, 0x0E, 0x07, 0x03, 0x81, 0xC0, 0xE0, 0x70, 0x38, 0x1C, 0x0E, 0x07, 0x1F, 0x8F, 0xC7,
    0xC0, 0x77, 0xFE, 0xE0, 0x00, 0x00, 0x77, 0xFE, 0xE0, 0x38, 0x67, 0xE7, 0x7F, 0xFF, 0x7E, 0xE3,
    0xE3, 0x87, 0x7E, 0x77, 0xFF, 0xF7, 0xEE, 0x3E, 0x03, 0x80, 0xE3, 0xFF, 0xFF, 0xFF, 0xFC, 0x1C,
    0x07, 0x07, 0xFF, 0xFF, 0xFF, 0xF8, 0xE0, 0x3C, 0x00, 0x00, 0x70, 0x7F, 0x3F, 0xF7, 0xF8, 0xFC,
    0x07, 0xFC, 0x3F, 0xF0, 0x3F, 0x00, 0x77, 0xFE, 0xFF, 0xFF, 0xFF, 0x60, 0x0F, 0xE0, 0x7F, 0xC1,
    0xFF, 0x03, 0xF3, 0xFF, 0x7F, 0xCF, 0xC0, 0x60, 0x07, 0xFE, 0xFF, 0xFF, 0xFF, 0x00, 0x3F, 0xE0,
    0x00, 0x07, 0xFF, 0xC0, 0x00, 0xFF, 0xFF, 0x80, 0x0F, 0xC0, 0x7E, 0x00, 0xF8, 0x00, 0xF8, 0x0F,
    0x00, 0x01, 0xE0, 0xF0, 0x00, 0x07, 0x87, 0x00, 0x00, 0x1C, 0x78, 0x07, 0x00, 0xF3, 0x80, 0x38,
    0x03, 0x9C, 0x01, 0xC0, 0x1D, 0xC0, 0x0E, 0x00, 0x7E, 0x00, 0x70, 0x03, 0xF0, 0x03, 0x80, 0x1F,
    0x87, 0xFF, 0xF0, 0xFC, 0x3F, 0xFF, 0x87, 0xE1, 0xFF, 0xFC, 0x3F, 0x00, 0x38, 0x01, 0xF8, 0x01,
    0xC0, 0x0E, 0xE0, 0x0E, 0x00, 0xE7, 0x00, 0x70, 0x07, 0x3C, 0x03, 0x80, 0x78, 0xE0, 0x00, 0x03,
    0x87, 0x80, 0x00, 0x3C, 0x1E, 0x00, 0x03, 0xC0, 0x7C, 0x00, 0x7C, 0x01, 0xF8, 0x0F, 0xC0, 0x07,
    0xFF, 0xFC, 0x00, 0x0F, 0xFF, 0x80, 0x00, 0x1F, 0xF0, 0x00, 0x00, 0x3F, 0xE0, 0x00, 0x07, 0xFF,
    0xC0, 0x00, 0xFF, 0xFF, 0x80, 0x0F, 0xC0, 0x7E, 0x00, 0xF8, 0x00, 0xF8, 0x0F, 0x00, 0x01, 0xE0,
    0xF0, 0x00, 0x07, 0x87, 0x00, 0x00, 0x1C, 0x78, 0x00, 0x00, 0xF3, 0x80, 0x00, 0x03, 0x9C, 0x00,
    0x00, 0x1D, 0xC0, 0x00, 0x00, 0x7E, 0x00, 0x00, 0x03, 0xF0, 0x3F, 0xF8, 0x1F, 0x81, 0xFF, 0xC0,
    0xFC, 0x0F, 0xFE, 0x07, 0xE0, 0x00, 0x00, 0x3F, 0x00, 0x00, 0x01, 0xF8, 0x00, 0x00, 0x0E, 0xE0,
    0x00, 0x00, 0xE7, 0x00, 0x00, 0x07, 0x3C, 0x00, 0x00, 0x78, 0xE0, 0x00, 0x03, 0x87, 0x80, 0x00,
    0x3C, 0x1E, 0x00, 0x03, 0xC0, 0x7C, 0x00, 0x7C, 0x01, 0xF8, 0x0F, 0xC0, 0x07, 0xFF, 0xFC, 0x00,
    0x0F, 0xFF, 0x80, 0x00, 0x1F, 0xF0, 0x00, 0x00, 0x3F, 0xE0, 0x00, 0x07, 0xFF, 0xC0, 0x00, 0xFF,
    0xFF, 0x80, 0x0F, 0xC0, 0x7E, 0x00, 0xF8, 0x00, 0xF8, 0x0F, 0x00, 0x01, 0xE0, 0xF0, 0x00, 0x07,
    0x87, 0x00, 0x00, 0x1C, 0x78, 0x00, 0x00, 0xF3, 0x80, 0x00, 0x03, 0x9C, 0x0C, 0x18, 0x1D, 0xC0,
    0xF1, 0xE0, 0x7E, 0x03, 0xFE, 0x03, 0xF0, 0x0F, 0xE0, 0x1F, 0x80, 0x3E, 0x00, 0xFC, 0x01, 0xF0,
    0x07, 0xE0, 0x1F, 0xC0, 0x3F, 0x01, 0xEF, 0x01, 0xF8, 0x1E, 0x3C, 0x0E, 0xE0, 0x60, 0xC0, 0xE7,
    0x00, 0x00, 0x07, 0x3C, 0x00, 0x00, 0x78, 0xE0, 0x00, 0x03, 0x87, 0x80, 0x00, 0x3C, 0x1E, 0x00,
    0x03, 0xC0, 0x7C, 0x00, 0x7C, 0x01, 0xF8, 0x0F, 0xC0, 0x07, 0xFF, 0xFC, 0x00, 0x0F, 0xFF, 0x80,
    0x00, 0x1F, 0xF0, 0x00, 0x00, 0x3F, 0xE0, 0x00, 0x07, 0xFF, 0xC0, 0x00, 0xFF, 0xFF, 0x80, 0x0F,
    0xC0, 0x7E, 0x00, 0xF8, 0x00, 0xF8, 0x0F, 0x00, 0x01, 0xE0, 0xF0, 0x00, 0x07, 0x87, 0x00, 0x00,
    0x1C, 0x78, 0x00, 0x20, 0xF3, 0x80, 0x03, 0x83, 0x9C, 0x00, 0x3C, 0x1D, 0xC0, 0x03, 0xE0, 0x7E,
    0x00, 0x3E, 0x03, 0xF0, 0x01, 0xE0, 0x1F, 0x80, 0x1E, 0x00, 0xFC, 0x01, 0xE0, 0x07, 0xE0, 0x1E,
    0x00, 0x3F, 0x01, 0xF0, 0x01, 0xF8, 0x1F, 0x00, 0x0E, 0xE0, 0xF0, 0x00, 0xE7, 0x07, 0x00, 0x07,
    0x3C, 0x10, 0x00, 0x78, 0xE0, 0x00, 0x03, 0x87, 0x80, 0x00, 0x3C, 0x1E, 0x00, 0x03, 0xC0, 0x7C,
    0x00, 0x7C, 0x01, 0xF8, 0x0F, 0xC0, 0x07, 0xFF, 0xFC, 0x00, 0x0F, 0xFF, 0x80, 0x00, 0x1F, 0xF0,
    0x00, 0x00, 0x00, 0x00, 0x00, 0x07, 0x9C, 0x00, 0x3C, 0xE0, 0x00, 0xEF, 0x00, 0x07, 0xF8, 0x00,
    0x3F, 0xE0, 0x03, 0xEF, 0xFF, 0xFE, 0x7F, 0xFF, 0xF1, 0xFF, 0xFE, 0x01, 0xFF, 0x80, 0x00, 0x00,
    0x00, 0x1D, 0x80, 0x00, 0xFC, 0x00, 0x03, 0xE0, 0x00, 0x0E, 0x00, 0x00, 0x70, 0x00, 0x00, 0x00,
    0x00, 0x00, 0x00, 0x00, 0x1C, 0x00, 0x00, 0x07, 0x00, 0x01, 0x83, 0xC0, 0x00, 0xF0, 0xF0, 0x00,
    0x7C, 0x3E, 0x00, 0x7F, 0x07, 0xFF, 0xFF, 0xF9, 0xFF, 0xFF, 0xFF, 0x3F, 0xFF, 0x8F, 0xC1, 0xFE,
    0x00, 0x00, 0x00, 0x00, 0x00, 0x07, 0xE0, 0x00, 0x01, 0xF8, 0x00, 0x00, 0x3E, 0x00, 0x00, 0x07,
    0x00, 0x00, 0x01, 0xC0, 0x00, 0x00, 0x00, 0x00, 0x00, 0x3C, 0x78, 0xF0, 0xE1, 0xE3, 0xC7, 0xFE,
    0xFD, 0xF0, 0x00, 0x0F, 0xDF, 0x9F, 0x1C, 0x38, 0x00, 0x00, 0x03, 0xC0, 0x70, 0x0E, 0x03, 0xE1,
    0xFF, 0xBF, 0xFF, 0xBE, 0x00, 0x00, 0x01, 0xF8, 0x3F, 0x03, 0xC0, 0x70, 0x0E, 0x00, 0x00, 0x00,
    0xC0, 0x00, 0x06, 0x00, 0x00, 0x3E, 0x00, 0x01, 0xF8, 0x00, 0x0F, 0xC0, 0x00, 0xFC, 0x00, 0x01,
    0x80, 0x00, 0x00, 0x1E, 0x70, 0x00, 0xF3, 0x80, 0x03, 0xBC, 0x00, 0x1F, 0xE0, 0x00, 0xFF, 0x80,
    0x0F, 0xBF, 0xFF, 0xF9, 0xFF, 0xFF, 0xC7, 0xFF, 0xF8, 0x07, 0xFE, 0x00, 0x00, 0x40, 0x00, 0x00,
    0x18, 0x00, 0x00, 0x07, 0xC0, 0x00, 0x01, 0xF0, 0x00, 0x00, 0xFC, 0x00, 0x00, 0x3F, 0x00, 0x00,
    0x07, 0x00, 0x00, 0x00, 0x00, 0x00, 0x70, 0x00, 0x00, 0x1C, 0x00, 0x06, 0x0F, 0x00, 0x03, 0xC3,
    0xC0, 0x01, 0xF0, 0xF8, 0x01, 0xFC, 0x1F, 0xFF, 0xFF, 0xE7, 0xFF, 0xFF, 0xFC, 0xFF, 0xFE, 0x3F,
    0x07, 0xF8, 0x00, 0x00, 0x61, 0x87, 0xDF, 0xFF, 0xF7, 0x00, 0x39, 0xE3, 0xCF, 0x3C, 0xF3, 0xFF,
    0xFB, 0xC0, 0x00, 0x10, 0x03, 0x00, 0x7C, 0x0F, 0x83, 0xF0, 0x7E, 0x07, 0x00, 0x00, 0x00, 0x03,
    0xC0, 0x70, 0x0E, 0x03, 0xE1, 0xFF, 0xBF, 0xFF, 0xBE, 0x00, 0x00, 0x7C, 0x01, 0xFF, 0x01, 0xFF,
    0xE3, 0xFF, 0xE0, 0x1F, 0xC0, 0xFF, 0x87, 0xF8, 0x1F, 0x80, 0x7C, 0x00, 0xF0, 0x03, 0xCF, 0x87,
    0x9F, 0x0F, 0x1C, 0x1E, 0x38, 0x3C, 0x00, 0x7E, 0x06, 0x7F, 0xFC, 0x7F, 0xF8, 0x7F, 0xF0, 0x0E,
    0x00, 0x7C, 0x00, 0x3F, 0xE0, 0x07, 0xFF, 0x81, 0xFF, 0xF0, 0x01, 0xFC, 0x01, 0xFF, 0x01, 0xFF,
    0x80, 0xFC, 0xF0, 0x7C, 0x3F, 0x9E, 0x07, 0xFF, 0x3E, 0xFF, 0xCF, 0x80, 0xF1, 0xC0, 0x3C, 0x70,
    0x0F, 0x00, 0x03, 0xF0, 0x30, 0x7F, 0xFC, 0x0F, 0xFF, 0x01, 0xFF, 0xC0, 0x07, 0x00, 0x00, 0x03,
    0xF8, 0x1F, 0xF0, 0xFF, 0xF0, 0x3F, 0x80, 0xFC, 0x3F, 0xFF, 0xF8, 0xFF, 0x07, 0xE0, 0x00, 0x00,
    0x00, 0x01, 0xF8, 0x0F, 0xC0, 0x3E, 0x00, 0xE0, 0x07, 0x00, 0x00, 0x00, 0x00, 0x00, 0x7F, 0x00,
    0x7F, 0xC0, 0x7F, 0xF8, 0x03, 0xF8, 0x01, 0xF8, 0x0F, 0xF8, 0xFF, 0xFE, 0xFF, 0x7F, 0xFC, 0x3E,
    0x00, 0x00, 0x00, 0x00, 0x1F, 0x80, 0x1F, 0x80, 0x0F, 0x00, 0x0E, 0x00, 0x0E, 0x00, 0x00, 0x00,
    0x10, 0x0E, 0x03, 0xF0, 0xFC, 0x3F, 0x0F, 0x81, 0x80, 0x00, 0x02, 0x03, 0xC0, 0xF8, 0x1E, 0x03,
    0xC0, 0xF0, 0x3D, 0x8F, 0x7F, 0xDF, 0xF7, 0xF8, 0x00, 0x10, 0x00, 0xE0, 0x03, 0xF0, 0x0F, 0xC0,
    0x3F, 0x00, 0xF8, 0x01, 0x80, 0x00, 0x00, 0x02, 0x00, 0x3C, 0x00, 0xF8, 0x01, 0xE0, 0x07, 0xC0,
    0x0F, 0x00, 0x3C, 0x18, 0xF8, 0x7F, 0xFD, 0xFF, 0xF7, 0xFF, 0xC0, 0x00, 0x06, 0x07, 0x81, 0x83,
    0xF1, 0xF8, 0xFC, 0x00, 0x00, 0x06, 0x07, 0x83, 0xC0, 0xE0, 0x78, 0x3C, 0x1C, 0x1E, 0x1F, 0x3F,
    0x3F, 0x1F, 0x06, 0x00, 0x06, 0x00, 0x70, 0x03, 0x80, 0x37, 0x03, 0xF8, 0x0D, 0x80, 0x00, 0x00,
    0x00, 0x06, 0x00, 0x78, 0x03, 0xC0, 0x0E, 0x00, 0x78, 0x03, 0xF8, 0x1F, 0xC1, 0xFE, 0x1F, 0x03,
    0xF0, 0x3F, 0x01, 0xF0, 0x06, 0x00, 0x00, 0x08, 0x06, 0x03, 0xE1, 0xF1, 0xF8, 0xFC, 0x38, 0x00,
    0x00, 0x03, 0x03, 0xC1, 0xE0, 0x70, 0x3C, 0x1E, 0x0E, 0x0F, 0x0F, 0x9F, 0x9F, 0x8F, 0x83, 0x00,
    0x08, 0x00, 0xC0, 0x07, 0xC0, 0x3F, 0x01, 0xF8, 0x1F, 0x80, 0x30, 0x00, 0x00, 0x00, 0x00, 0x30,
    0x03, 0xC0, 0x1E, 0x00, 0x70, 0x03, 0xC0, 0x1F, 0xC0, 0xFE, 0x0F, 0xF0, 0xF8, 0x1F, 0x81, 0xF8,
    0x0F, 0x80, 0x30, 0x00, 0x00, 0x00, 0xC0, 0x00, 0x3E, 0x00, 0x0F, 0xE0, 0x01, 0xFC, 0x00, 0x3F,
    0x00, 0x03, 0xC0, 0x00, 0x3E, 0x07, 0x01, 0xF0, 0x70, 0x0F, 0x8F, 0x00, 0x78, 0xF0, 0x03, 0xCF,
    0x80, 0x3C, 0x7F, 0xFF, 0xC7, 0xFF, 0xF8, 0x3F, 0xFF, 0x00, 0x7F, 0x80, 0x00, 0x00, 0xC0, 0x00,
    0x0F, 0x80, 0x00, 0xFE, 0x00, 0x07, 0xF0, 0x00, 0x3F, 0x00, 0x01, 0xF0, 0x00, 0x03, 0xC0, 0x1C,
    0x0F, 0x80, 0x70, 0x1F, 0x03, 0xC0, 0x3E, 0x0F, 0x00, 0x7C, 0x3E, 0x00, 0xF8, 0x7F, 0xFF, 0xF9,
    0xFF, 0xFF, 0xF3, 0xFF, 0xF7, 0xC1, 0xFF, 0x00, 0x01, 0x81, 0xE1, 0xFD, 0xFE, 0xFC, 0x3E, 0x0F,
    0xC1, 0xF8, 0x3E, 0x07, 0xC0, 0xF0, 0x3C, 0xFF, 0x3F, 0xCF, 0xE0, 0x00, 0x01, 0x80, 0x3C, 0x07,
    0xF0, 0xFF, 0x0F, 0xE0, 0x7C, 0x03, 0xE0, 0x0F, 0x80, 0x3E, 0x00, 0xF8, 0x03, 0xC0, 0x1F, 0x8F,
    0xFF, 0x7F, 0xFF, 0xFB, 0xC0, 0x00, 0x00, 0x00, 0x00, 0x00, 0x38, 0x00, 0x07, 0x80, 0x01, 0xF8,
    0x00, 0x7E, 0xC0, 0x07, 0xBE, 0x00, 0x2F, 0xE0, 0x01, 0xFC, 0x00, 0x3F, 0x00, 0x03, 0xC0, 0x00,
    0x3E, 0x07, 0x01, 0xF0, 0x70, 0x0F, 0x8F, 0x00, 0x78, 0xF0, 0x03, 0xCF, 0x80, 0x3C, 0x7F, 0xFF,
    0xC7, 0xFF, 0xF8, 0x3F, 0xFF, 0x00, 0x7F, 0x80, 0x00, 0x00, 0x00, 0x00, 0x0E, 0x00, 0x00, 0xF8,
    0x00, 0x07, 0xC0, 0x00, 0x7C, 0xC0, 0x01, 0xCF, 0x80, 0x02, 0xFE, 0x00, 0x07, 0xF0, 0x00, 0x3F,
    0x00, 0x01, 0xF0, 0x00, 0x03, 0xC0, 0x1C, 0x0F, 0x80, 0x70, 0x1F, 0x03, 0xC0, 0x3E, 0x0F, 0x00,
    0x7C, 0x3E, 0x00, 0xF8, 0x7F, 0xFF, 0xF9, 0xFF, 0xFF, 0xF3, 0xFF, 0xF7, 0xC1, 0xFF, 0x00, 0x00,
    0x00, 0x70, 0x3E, 0x1F, 0x87, 0xCC, 0xE7, 0x93, 0xF9, 0xFE, 0x7E, 0x0F, 0x81, 0xF8, 0x1F, 0x81,
    0xF0, 0x1F, 0x01, 0xE0, 0x3C, 0x7F, 0x8F, 0xF1, 0xFC, 0x00, 0x00, 0x00, 0x00, 0x0E, 0x00, 0xF8,
    0x0F, 0xC0, 0x7C, 0xC1, 0xCF, 0x04, 0xFE, 0x0F, 0xF0, 0x7F, 0x01, 0xF0, 0x07, 0xC0, 0x0F, 0x80,
    0x1F, 0x00, 0x3E, 0x00, 0x78, 0x01, 0xF8, 0x7F, 0xF9, 0xFF, 0xF7, 0xF7, 0x80, 0x00, 0x00, 0x08,
    0x00, 0x78, 0x00, 0xF3, 0x80, 0xE7, 0x01, 0xFE, 0x03, 0xFC, 0x07, 0xF8, 0x0F, 0xF0, 0x3C, 0xFD,
    0xF9, 0xFF, 0xE1, 0xFF, 0x81, 0xFE, 0x00, 0x00, 0x00, 0x00, 0x07, 0x80, 0x00, 0xF0, 0x38, 0x0E,
    0x07, 0x01, 0xE1, 0xE0, 0x3F, 0xBC, 0x07, 0xFF, 0x80, 0xFF, 0xF0, 0x3C, 0x0F, 0xDF, 0x81, 0xFF,
    0xE0, 0x1F, 0xFC, 0x01, 0xFE, 0x00, 0x00, 0x07, 0x03, 0xE0, 0xFC, 0x3F, 0x1F, 0xE7, 0x3B, 0xCE,
    0xF3, 0xBF, 0xE7, 0xF8, 0xFC, 0x00, 0x00, 0x06, 0x00, 0xFE, 0x07, 0xF8, 0x1F, 0xF0, 0xF3, 0xC3,
    0xC7, 0x8F, 0x1F, 0xFC, 0x3F, 0x70, 0x7C, 0x00, 0x00, 0x39, 0xE3, 0xCF, 0x3C, 0xF3, 0xFF, 0xFB,
    0xC3, 0x1C, 0x71, 0xC0, 0x30, 0x03, 0xC0, 0x3E, 0x3D, 0xF3, 0xFF, 0xBF, 0x9F, 0xE0, 0xFE, 0x03,
    0xF0, 0x1F, 0x00, 0x78, 0x01, 0x00, 0x03, 0x00, 0x03, 0x80, 0x07, 0xC0, 0x07, 0xF0, 0x0F, 0xF8,
    0x0E, 0xFC, 0x0E, 0xFE, 0x0E, 0xFE, 0x0F, 0xEF, 0xFF, 0xFF, 0xFF, 0xFE, 0xFF, 0xFC, 0x10, 0x30,
    0x01, 0xE0, 0x03, 0xF0, 0x07, 0xF8, 0x07, 0xF8, 0x0F, 0x78, 0x0F, 0x70, 0x0E, 0xF0, 0xFF, 0xFF,
    0xFF, 0xFF, 0xFF, 0xFF, 0x0F, 0x3C, 0x0F, 0xFC, 0x07, 0xF8, 0x07, 0xF8, 0x01, 0xF0, 0x08, 0x00,
    0xE0, 0x0F, 0xC0, 0x7F, 0x03, 0xFC, 0x3F, 0xF1, 0xCF, 0xCF, 0xFF, 0x7F, 0x7F, 0xFF, 0xFF, 0xFF,
    0xFF, 0xE0, 0x08, 0x00, 0x07, 0x80, 0x7F, 0x01, 0xFC, 0x0F, 0x70, 0x3D, 0xC1, 0xE7, 0x07, 0xFC,
    0x3F, 0xFF, 0xFF, 0xFF, 0xFF, 0xF7, 0x8E, 0x0F, 0xF8, 0x3F, 0xE0, 0x7F, 0x80, 0x78, 0x00, 0x03,
    0x80, 0x00, 0x7C, 0x00, 0x0F, 0xE0, 0x01, 0xFE, 0x00, 0x3C, 0xF0, 0x07, 0xCE, 0x00, 0xF8, 0x00,
    0x0F, 0x00, 0x00, 0xFF, 0xFF, 0xE7, 0xFF, 0xFE, 0x3F, 0xFF, 0xE0, 0x7F, 0xF0, 0x07, 0xF8, 0xFF,
    0xF7, 0xFF, 0xBF, 0xF8, 0xF0, 0x03, 0xC0, 0x0F, 0xFF, 0xBF, 0xFE, 0x7F, 0xF8, 0x0F, 0x00, 0x18,
    0x00, 0x03, 0xC0, 0x00, 0x38, 0x00, 0x03, 0xC0, 0x00, 0x3E, 0x00, 0x03, 0xC0, 0x00, 0x03, 0x80,
    0x00, 0x7C, 0x00, 0x0F, 0xE0, 0x01, 0xFE, 0x00, 0x3C, 0xF0, 0x07, 0xCE, 0x00, 0xF8, 0x00, 0x0F,
    0x00, 0x00, 0xFF, 0xFF, 0xE7, 0xFF, 0xFE, 0x3F, 0xFF, 0xE0, 0x7F, 0xF0, 0x18, 0x00, 0xE0, 0x07,
    0x80, 0x1F, 0x00, 0x7C, 0x01, 0xE0, 0x00, 0x7F, 0x8F, 0xFF, 0x7F, 0xFB, 0xFF, 0x8F, 0x00, 0x3C,
    0x00, 0xFF, 0xFB, 0xFF, 0xE7, 0xFF, 0x80, 0xF0, 0x00, 0x1F, 0x80, 0x1F, 0xC0, 0x1F, 0xC0, 0x1F,
    0x20, 0x0E, 0x03, 0x87, 0x01, 0xC3, 0xE1, 0xE1, 0xFC, 0xF0, 0x3F, 0x78, 0x07, 0xBC, 0x03, 0xCF,
    0xDF, 0xE7, 0xFF, 0xE1, 0xFF, 0xE0, 0x3F, 0xC0, 0x00, 0x00, 0x0E, 0x00, 0x01, 0xC0, 0xF8, 0x78,
    0x1F, 0xEF, 0x03, 0xFF, 0xE0, 0x1F, 0xBC, 0x03, 0xC3, 0xFB, 0xF8, 0x7F, 0xFE, 0x07, 0xFF, 0x80,
    0x3F, 0xC0, 0x00, 0x3C, 0x78, 0xF0, 0xE1, 0xE3, 0xC7, 0xFE, 0xFD, 0xF0, 0x00, 0x0E, 0xFF, 0xFB,
    0x80, 0x00, 0x03, 0xC0, 0x70, 0x0E, 0x03, 0xE1, 0xFF, 0xBF, 0xFF, 0xBE, 0x00, 0x00, 0x01, 0xF8,
    0x7F, 0x87, 0xE0, 0x00, 0x0F, 0xC7, 0xE1, 0xF8, 0x78, 0x1E, 0x07, 0xF8, 0xFE, 0xFF, 0xBF, 0xC7,
    0x80, 0x00, 0x00, 0x3F, 0x9F, 0xC0, 0xC0, 0x00, 0xE0, 0x78, 0x3C, 0x1E, 0x0F, 0x07, 0x83, 0xC1,
    0xE0, 0xF0, 0x78, 0x3C, 0x1E, 0x0F, 0x07, 0x80, 0x00, 0x3F, 0x8F, 0xE0, 0x30, 0x38, 0x0F, 0x03,
    0xC0, 0xF0, 0x3C, 0x0F, 0x03, 0xC0, 0xF0, 0x3C, 0x0F, 0x03, 0xC0, 0xF0, 0x3C, 0x0F, 0xE1, 0xFC,
    0x3E, 0x00, 0x00, 0x37, 0xBD, 0xEF, 0xF8, 0x0E, 0x7B, 0xDE, 0xF7, 0xBD, 0xEF, 0x7B, 0xDE, 0xF7,
    0x80, 0x30, 0x78, 0x3C, 0x1F, 0x0F, 0x87, 0x81, 0xC0, 0xF0, 0x78, 0x3C, 0x1E, 0x0F, 0x07, 0x83,
    0xC1, 0xE0, 0xF0, 0x78, 0x3C, 0x1E, 0x0F, 0xE3, 0xF8, 0xF8, 0x00, 0x0C, 0x07, 0x81, 0xC0, 0x78,
    0x1E, 0x07, 0x80, 0xE0, 0xFC, 0x3F, 0x9F, 0xE7, 0x3D, 0xCF, 0x7F, 0xDF, 0xF3, 0xFC, 0x3E, 0x7F,
    0xBF, 0xC7, 0xE1, 0xE0, 0x0C, 0x00, 0xF0, 0x07, 0x00, 0x3C, 0x01, 0xE0, 0x0F, 0x00, 0x00, 0x01,
    0xC0, 0x3F, 0x01, 0xFC, 0x1F, 0xE0, 0xE7, 0x87, 0x3C, 0x3F, 0xFD, 0xFF, 0xE7, 0xFF, 0x0F, 0x83,
    0xFC, 0x3F, 0xC0, 0xFC, 0x07, 0x80, 0x00, 0xE7, 0xBD, 0xEF, 0x7B, 0xDE, 0xF7, 0xBD, 0xEF, 0x7B,
    0xDE, 0x37, 0xBD, 0xFF, 0xF8, 0x00, 0xE0, 0xF0, 0xF0, 0xF0, 0xF0, 0xF0, 0xF0, 0xF0, 0xF0, 0xF0,
    0xF0, 0xF0, 0xF0, 0xFE, 0x7F, 0x3E, 0x30, 0x70, 0xF0, 0xF8, 0xF8, 0xF0, 0x00, 0x0C, 0x00, 0x1E,
    0x00, 0x0F, 0x07, 0xE7, 0xC7, 0xF3, 0xE7, 0xF1, 0xE7, 0xC8, 0x03, 0x80, 0xE1, 0xC0, 0x70, 0xF8,
    0x78, 0x7F, 0x3C, 0x0F, 0xDE, 0x01, 0xEF, 0x00, 0xF3, 0xF7, 0xF9, 0xFF, 0xF8, 0x7F, 0xF8, 0x0F,
    0xF0, 0x00, 0x0C, 0x00, 0x07, 0x80, 0x00, 0xF0, 0x00, 0x1F, 0x00, 0x03, 0xE0, 0x00, 0x78, 0x00,
    0x00, 0x00, 0x03, 0x80, 0x00, 0x70, 0x3E, 0x1E, 0x07, 0xFB, 0xC0, 0xFF, 0xF8, 0x07, 0xEF, 0x00,
    0xF0, 0xFE, 0xFE, 0x1F, 0xFF, 0x81, 0xFF, 0xE0, 0x0F, 0xF0, 0x00, 0x31, 0xCF, 0x3E, 0xFB, 0xC0,
    0x0E, 0x78, 0xF3, 0xCF, 0x3C, 0xFF, 0xFE, 0xF0, 0x00, 0x18, 0x0F, 0x07, 0x80, 0xF0, 0x3C, 0x0F,
    0x00, 0x00, 0x00, 0x1C, 0x0F, 0x03, 0xC0, 0xF0, 0xFF, 0xFF, 0xFF, 0xFC, 0x00, 0xEF, 0xFF, 0xFF,
    0xFF, 0xFF, 0xFF, 0xFF, 0xFF, 0xE0, 0xF0, 0xF0, 0xF0, 0xF0, 0xF0, 0xF0, 0xF0, 0xF0, 0xF0, 0xF0,
    0xF0, 0xF0, 0xFE, 0x7F, 0x3E, 0x00, 0x00, 0x00, 0x00, 0x00, 0x07, 0x9C, 0x00, 0x3C, 0xE0, 0x00,
    0xEF, 0x00, 0x07, 0xF8, 0x00, 0x3F, 0xE0, 0x03, 0xEF, 0xFF, 0xFE, 0x7F, 0xFF, 0xF1, 0xFF, 0xFE,
    0x01, 0xFF, 0x80, 0x00, 0x00, 0x00, 0x07, 0x00, 0x00, 0x38, 0x00, 0x01, 0xC0, 0x00, 0x00, 0x00,
    0x00, 0x1C, 0x00, 0x00, 0x07, 0x00, 0x01, 0x83, 0xC0, 0x00, 0xF0, 0xF0, 0x00, 0x7C, 0x3E, 0x00,
    0x7F, 0x07, 0xFF, 0xFF, 0xF9, 0xFF, 0xFF, 0xFF, 0x3F, 0xFF, 0x8F, 0xC1, 0xFE, 0x00, 0x00, 0x00,
    0x00, 0x00, 0x01, 0xC0, 0x00, 0x00, 0x70, 0x00, 0x00, 0x1C, 0x00, 0x00, 0x39, 0xE3, 0xCF, 0x3C,
    0xF3, 0xFF, 0xFB, 0xC0, 0x00, 0x71, 0xC7, 0x00, 0x00, 0x07, 0x03, 0xC0, 0xF0, 0x3C, 0x3F, 0xFF,
    0xFF, 0xFF, 0x00, 0x00, 0x03, 0x80, 0xF0, 0x38, 0x00, 0x02, 0x1F, 0xC7, 0xF0, 0xDC, 0x00, 0x00,
    0x01, 0xC0, 0xF8, 0x3F, 0x0F, 0xC7, 0xF9, 0xCE, 0xF3, 0xBC, 0xEF, 0xF9, 0xFE, 0x3F, 0x00, 0x00,
    0x09, 0x00, 0x7E, 0x03, 0xFC, 0x06, 0x60, 0x00, 0x00, 0x0E, 0x00, 0x3C, 0x01, 0xF0, 0x1F, 0xC1,
    0xFF, 0x07, 0xFC, 0x3C, 0xF0, 0xF3, 0xC3, 0xFF, 0x07, 0xFC, 0x1F, 0xFE, 0x1F, 0xFC, 0x03, 0xE0,
    0x00, 0x00, 0x00, 0x88, 0x00, 0x0E, 0xE0, 0x00, 0x7F, 0x00, 0x03, 0xB8, 0x00, 0x00, 0x0F, 0x38,
    0x00, 0x79, 0xC0, 0x01, 0xDE, 0x00, 0x0F, 0xF0, 0x00, 0x7F, 0xC0, 0x07, 0xDF, 0xFF, 0xFC, 0xFF,
    0xFF, 0xE3, 0xFF, 0xFC, 0x03, 0xFF, 0x00, 0x00, 0x48, 0x00, 0x00, 0x7F, 0x00, 0x00, 0x1F, 0xC0,
    0x00, 0x03, 0x70, 0x00, 0x00, 0x00, 0x00, 0x1C, 0x00, 0x00, 0x07, 0x00, 0x01, 0x83, 0xC0, 0x00,
    0xF0, 0xF0, 0x00, 0x7C, 0x3E, 0x00, 0x7F, 0x07, 0xFF, 0xFF, 0xF9, 0xFF, 0xFF, 0xFF, 0x3F, 0xFF,
    0x8F, 0xC1, 0xFE, 0x00, 0x00, 0x24, 0x7E, 0xFF, 0x66, 0x00, 0x1C, 0x3C, 0x1E, 0x1E, 0x1E, 0x1E,
    0x1E, 0x7E, 0x7C, 0x78, 0x00, 0x12, 0x0F, 0xE1, 0xFC, 0x1B, 0x80, 0x00, 0x00, 0x07, 0x80, 0xE0,
    0x1C, 0x07, 0xC3, 0xFF, 0x7F, 0xFF, 0x7C, 0x00, 0x00, 0x00, 0x70, 0x00, 0x03, 0x80, 0x00, 0x1C,
    0x00, 0x01, 0xB8, 0x00, 0x1F, 0xC0, 0x00, 0x6C, 0x00, 0x00, 0x03, 0xCE, 0x00, 0x1E, 0x70, 0x00,
    0x77, 0x80, 0x03, 0xFC, 0x00, 0x1F, 0xF0, 0x01, 0xF7, 0xFF, 0xFF, 0x3F, 0xFF, 0xF8, 0xFF, 0xFF,
    0x00, 0xFF, 0xC0, 0x00, 0x30, 0x00, 0x00, 0x1E, 0x00, 0x00, 0x03, 0x00, 0x00, 0x03, 0xF0, 0x00,
    0x00, 0xFC, 0x00, 0x00, 0x3F, 0x00, 0x00, 0x00, 0x00, 0x01, 0xC0, 0x00, 0x00, 0x70, 0x00, 0x18,
    0x3C, 0x00, 0x0F, 0x0F, 0x00, 0x07, 0xC3, 0xE0, 0x07, 0xF0, 0x7F, 0xFF, 0xFF, 0x9F, 0xFF, 0xFF,
    0xF3, 0xFF, 0xF8, 0xFC, 0x1F, 0xE0, 0x00, 0x30, 0xE3, 0xBF, 0xFF, 0xB0, 0x0E, 0x78, 0xF3, 0xCF,
    0x3C, 0xFF, 0xFE, 0xF0, 0x00, 0x0C, 0x03, 0xC0, 0x30, 0x1F, 0x83, 0xF0, 0x7E, 0x00, 0x00, 0x00,
    0x1E, 0x03, 0x80, 0x70, 0x1F, 0x0F, 0xFD, 0xFF, 0xFD, 0xF0, 0x00, 0x7C, 0x03, 0xFE, 0x07, 0xFF,
    0x9F, 0xFE, 0x01, 0xF8, 0x1F, 0xE1, 0xFC, 0x0F, 0xC0, 0x7C, 0x01, 0xE0, 0x0F, 0x1C, 0x3C, 0x70,
    0xF1, 0xC3, 0xC7, 0x0F, 0x00, 0x3F, 0x06, 0x7F, 0xFC, 0xFF, 0xF1, 0xFF, 0x80, 0x60, 0x7C, 0x00,
    0x3F, 0xE0, 0x07, 0xFF, 0x81, 0xFF, 0xE0, 0x01, 0xF8, 0x01, 0xFE, 0x01, 0xFF, 0x00, 0xFD, 0xE0,
    0x7C, 0x3F, 0x9E, 0x0F, 0xEF, 0x1D, 0xFB, 0xC7, 0x00, 0xF1, 0xC0, 0x3C, 0x70, 0x0F, 0x00, 0x03,
    0xF0, 0x60, 0x7F, 0xFC, 0x0F, 0xFF, 0x01, 0xFF, 0x80, 0x06, 0x00, 0x00, 0x03, 0xF8, 0x1F, 0xF0,
    0xFF, 0xF0, 0x3F, 0x80, 0xFC, 0x3F, 0xFF, 0xF8, 0xFF, 0x07, 0xE0, 0x00, 0x00, 0x00, 0x00, 0x70,
    0x07, 0x80, 0x1C, 0x00, 0x00, 0x00, 0x7F, 0x00, 0x7F, 0xC0, 0x7F, 0xF8, 0x03, 0xF8, 0x01, 0xF8,
    0x0F, 0xF8, 0xFF, 0xFE, 0xFF, 0x7F, 0xFC, 0x3E, 0x00, 0x00, 0x00, 0x00, 0x0E, 0x00, 0x0F, 0x00,
    0x0E, 0x00, 0x7C, 0x03, 0xFE, 0x07, 0xFF, 0x9F, 0xFE, 0x01, 0xF8, 0x1F, 0xE1, 0xFC, 0x0F, 0xC0,
    0x7C, 0x01, 0xE0, 0x0F, 0x00, 0x3C, 0x00, 0xF0, 0x03, 0xC0, 0x0F, 0x00, 0x3F, 0x06, 0x7F, 0xFC,
    0xFF, 0xF1, 0xFF, 0x80, 0x60, 0x7C, 0x00, 0x3F, 0xE0, 0x07, 0xFF, 0x81, 0xFF, 0xE0, 0x01, 0xF8,
    0x01, 0xFE, 0x01, 0xFF, 0x00, 0xFD, 0xE0, 0x7C, 0x3F, 0x9E, 0x0F, 0xEF, 0x01, 0xFB, 0xC0, 0x00,
    0xF0, 0x00, 0x3C, 0x00, 0x0F, 0x00, 0x03, 0xF0, 0x60, 0x7F, 0xFC, 0x0F, 0xFF, 0x01, 0xFF, 0x80,
    0x06, 0x00, 0x00, 0x03, 0xF8, 0x1F, 0xF0, 0xFF, 0xF0, 0x3F, 0x80, 0xFC, 0x3F, 0xFF, 0xF8, 0xFF,
    0x07, 0xE0, 0x00, 0x00, 0x00, 0x00, 0x7F, 0x00, 0x7F, 0xC0, 0x7F, 0xF8, 0x03, 0xF8, 0x01, 0xF8,
    0x0F, 0xF8, 0xFF, 0xFE, 0xFF, 0x7F, 0xFC, 0x3E, 0x00, 0x00, 0x03, 0x00, 0x1E, 0x00, 0x78, 0x00,
    0xC0, 0x00, 0x01, 0xF0, 0x0F, 0xF8, 0x1F, 0xFE, 0x7F, 0xF8, 0x07, 0xE0, 0x7F, 0x87, 0xF0, 0x3F,
    0x01, 0xF0, 0x07, 0x80, 0x3C, 0x00, 0xF0, 0x03, 0xC0, 0x0F, 0x00, 0x3C, 0x00, 0xFC, 0x19, 0xFF,
    0xF3, 0xFF, 0xC7, 0xFE, 0x01, 0x80, 0x03, 0x00, 0x01, 0xE0, 0x00, 0x78, 0x00, 0x0C, 0x00, 0x00,
    0x00, 0x1F, 0x00, 0x0F, 0xF8, 0x01, 0xFF, 0xE0, 0x7F, 0xF8, 0x00, 0x7E, 0x00, 0x7F, 0x80, 0x7F,
    0xC0, 0x3F, 0x78, 0x1F, 0x0F, 0xE7, 0x83, 0xFB, 0xC0, 0x7E, 0xF0, 0x00, 0x3C, 0x00, 0x0F, 0x00,
    0x03, 0xC0, 0x00, 0xFC, 0x18, 0x1F, 0xFF, 0x03, 0xFF, 0xC0, 0x7F, 0xE0, 0x01, 0x80, 0x00, 0x18,
    0x01, 0xC0, 0x0E, 0x00, 0x70, 0x00, 0x00, 0x00, 0x01, 0xFC, 0x0F, 0xF8, 0x7F, 0xF8, 0x1F, 0xC0,
    0x7E, 0x1F, 0xFF, 0xFC, 0x7F, 0x83, 0xF0, 0x00, 0x00, 0x10, 0x00, 0x38, 0x00, 0x38, 0x00, 0x38,
    0x00, 0x00, 0x00, 0x00, 0x00, 0x7F, 0x00, 0x7F, 0xC0, 0x7F, 0xF8, 0x03, 0xF8, 0x01, 0xF8, 0x0F,
    0xF8, 0xFF, 0xFE, 0xFF, 0x7F, 0xFC, 0x3E, 0x00, 0x00, 0x02, 0x03, 0xC0, 0xF8, 0x1E, 0x03, 0xC0,
    0xF0, 0x3D, 0x8F, 0x7F, 0xDF, 0xF7, 0xF8, 0x00, 0x02, 0x00, 0x3C, 0x00, 0xF8, 0x01, 0xE0, 0x07,
    0xC0, 0x0F, 0x00, 0x3C, 0x18, 0xF8, 0x7F, 0xFD, 0xFF, 0xF7, 0xFF, 0xC0, 0x00, 0x0C, 0x07, 0x01,
    0xC0, 0x70, 0x00, 0x00, 0x80, 0xF0, 0x3E, 0x07, 0x80, 0xF0, 0x3C, 0x0F, 0x63, 0xDF, 0xF7, 0xFD,
    0xFE, 0x00, 0x00, 0x0C, 0x00, 0x70, 0x01, 0xC0, 0x07, 0x00, 0x00, 0x00, 0x08, 0x00, 0xF0, 0x03,
    0xE0, 0x07, 0x80, 0x1F, 0x00, 0x3C, 0x00, 0xF0, 0x63, 0xE1, 0xFF, 0xF7, 0xFF, 0xDF, 0xFF, 0x00,
    0x00, 0x06, 0x07, 0x83, 0xC0, 0xE0, 0x78, 0x3C, 0x1C, 0x1E, 0x1F, 0x3F, 0x3F, 0x1F, 0x06, 0x00,
    0x06, 0x00, 0x78, 0x03, 0xC0, 0x0E, 0x00, 0x78, 0x03, 0xF8, 0x1F, 0xC1, 0xFE, 0x1F, 0x03, 0xF0,
    0x3F, 0x01, 0xF0, 0x06, 0x00, 0x00, 0x06, 0x07, 0x83, 0xC0, 0xC0, 0x00, 0x00, 0x18, 0x1E, 0x0F,
    0x03, 0x81, 0xE0, 0xF0, 0x70, 0x78, 0x7C, 0xFC, 0xFC, 0x7C, 0x18, 0x00, 0x04, 0x00, 0x70, 0x03,
    0x80, 0x1C, 0x00, 0x00, 0x00, 0x00, 0x18, 0x01, 0xE0, 0x0F, 0x00, 0x38, 0x01, 0xE0, 0x0F, 0xE0,
    0x7F, 0x07, 0xF8, 0x7C, 0x0F, 0xC0, 0xFC, 0x07, 0xC0, 0x18, 0x00, 0x00, 0x00, 0x00, 0xE0, 0x00,
    0x00, 0x1E, 0x00, 0x00, 0x01, 0xE0, 0x03, 0xC3, 0x8F, 0x00, 0x3C, 0x38, 0xF7, 0x01, 0xC3, 0x8F,
    0x70, 0x1E, 0x78, 0xFF, 0x01, 0xFF, 0xFF, 0xF0, 0x1F, 0xFF, 0xEF, 0x01, 0xFE, 0xFC, 0xF0, 0x3C,
    0x00, 0x07, 0xCF, 0xC0, 0x00, 0x7F, 0xF8, 0x00, 0x03, 0xFF, 0x80, 0x00, 0x1F, 0xE0, 0x00, 0x00,
    0x00, 0x00, 0x00, 0xE0, 0x00, 0x00, 0x00, 0xE0, 0x00, 0x3C, 0x38, 0xF0, 0x00, 0x3C, 0x38, 0xF0,
    0x70, 0x1C, 0x38, 0xF0, 0x70, 0x1E, 0x78, 0xF8, 0xF0, 0x1F, 0xFF, 0xFF, 0xF0, 0x1F, 0xFF, 0xFF,
    0xF0, 0x1F, 0xEF, 0xDF, 0xF0, 0x3C, 0x00, 0x00, 0x7C, 0xFC, 0x00, 0x00, 0x7F, 0xF8, 0x00, 0x00,
    0x3F, 0xF8, 0x00, 0x00, 0x1F, 0xE0, 0x00, 0x00, 0x00, 0x01, 0xC0, 0x00, 0x78, 0x00, 0x07, 0x8E,
    0x3C, 0xF3, 0xC7, 0x9E, 0x78, 0xE3, 0xCF, 0x3E, 0x7F, 0xFF, 0xFF, 0xFF, 0xFF, 0xDF, 0xFB, 0xF0,
    0x00, 0x00, 0x00, 0x00, 0x01, 0xE0, 0x00, 0x03, 0xC0, 0x71, 0xE7, 0x81, 0xE3, 0xCF, 0x03, 0xC7,
    0x1E, 0x07, 0x9F, 0x3E, 0x3F, 0xFF, 0xFF, 0xFF, 0xFF, 0xFF, 0xFF, 0xDF, 0xBE, 0x00, 0x00, 0x00,
    0x00, 0x00, 0x70, 0x00, 0x00, 0x07, 0x00, 0x00, 0x00, 0x70, 0x00, 0x00, 0x1D, 0x80, 0x00, 0x01,
    0xFC, 0x00, 0x00, 0x0D, 0x80, 0x00, 0x00, 0x00, 0xE0, 0x00, 0x00, 0x1E, 0x00, 0x00, 0x01, 0xE0,
    0x03, 0xC3, 0x8F, 0x00, 0x3C, 0x38, 0xF7, 0x01, 0xC3, 0x8F, 0x70, 0x1E, 0x78, 0xFF, 0x01, 0xFF,
    0xFF, 0xF0, 0x1F, 0xFF, 0xEF, 0x01, 0xFE, 0xFC, 0xF0, 0x3C, 0x00, 0x07, 0xCF, 0xC0, 0x00, 0x7F,
    0xF8, 0x00, 0x03, 0xFF, 0x80, 0x00, 0x1F, 0xE0, 0x00, 0x00, 0x00, 0x00, 0x70, 0x00, 0x00, 0x00,
    0x70, 0x00, 0x00, 0x00, 0x70, 0x00, 0x00, 0x01, 0xD8, 0x00, 0x00, 0x01, 0xFC, 0x00, 0x00, 0x00,
    0xD8, 0x00, 0x00, 0x00, 0x00, 0x00, 0x00, 0x00, 0x00, 0xE0, 0x00, 0x00, 0x00, 0xE0, 0x00, 0x3C,
    0x38, 0xF0, 0x00, 0x3C, 0x38, 0xF0, 0x70, 0x1C, 0x38, 0xF0, 0x70, 0x1E, 0x78, 0xF8, 0xF0, 0x1F,
    0xFF, 0xFF, 0xF0, 0x1F, 0xFF, 0xFF, 0xF0, 0x1F, 0xEF, 0xDF, 0xF0, 0x3C, 0x00, 0x00, 0x7C, 0xFC,
    0x00, 0x00, 0x7F, 0xF8, 0x00, 0x00, 0x3F, 0xF8, 0x00, 0x00, 0x1F, 0xE0, 0x00, 0x00, 0x00, 0x30,
    0x00, 0x0F, 0x00, 0x00, 0xC0, 0x00, 0x7E, 0x00, 0x0F, 0xC0, 0x01, 0xB8, 0x00, 0x00, 0x70, 0x00,
    0x1E, 0x00, 0x01, 0xE3, 0x8F, 0x3C, 0xF1, 0xE7, 0x9E, 0x38, 0xF3, 0xCF, 0x9F, 0xFF, 0xFF, 0xFF,
    0xFF, 0xF7, 0xFE, 0xFC, 0x00, 0x00, 0x00, 0x00, 0x70, 0x00, 0x00, 0xE0, 0x00, 0x01, 0xC0, 0x00,
    0x06, 0xE0, 0x00, 0x1F, 0xC0, 0x00, 0x1B, 0x00, 0x00, 0x00, 0x00, 0x00, 0x00, 0xF0, 0x00, 0x01,
    0xE0, 0x38, 0xF3, 0xC0, 0xF1, 0xE7, 0x81, 0xE3, 0x8F, 0x03, 0xCF, 0x9F, 0x1F, 0xFF, 0xFF, 0xFF,
    0xFF, 0xFF, 0xFF, 0xEF, 0xDF, 0x00, 0x00, 0x00, 0x00, 0x00, 0x00, 0x80, 0x00, 0x00, 0x3F, 0x80,
    0x00, 0x07, 0xFC, 0x00, 0x78, 0x7F, 0xF0, 0x03, 0xC7, 0xE7, 0xB8, 0x0E, 0x7C, 0x3D, 0xC0, 0x7B,
    0xC3, 0xFE, 0x03, 0xFF, 0xFF, 0xF0, 0x1F, 0xFF, 0xF7, 0x80, 0xFF, 0xFE, 0x3C, 0x0F, 0x0F, 0x80,
    0xFD, 0xF8, 0x00, 0x07, 0xFF, 0x80, 0x00, 0x1F, 0xFC, 0x00, 0x00, 0x3F, 0x80, 0x00, 0x00, 0x00,
    0x00, 0x00, 0x80, 0x00, 0x00, 0x07, 0xF0, 0x00, 0x00, 0x1F, 0xF0, 0x00, 0x3C, 0x3F, 0xF8, 0x00,
    0x3C, 0x7E, 0x78, 0x70, 0x1C, 0xF8, 0x78, 0x70, 0x1E, 0xF0, 0xF8, 0xF0, 0x1F, 0xFF, 0xFF, 0xF0,
    0x1F, 0xFF, 0xFF, 0xF0, 0x1F, 0xFF, 0xFF, 0xF0, 0x3C, 0x3E, 0x00, 0x7E, 0xFC, 0x00, 0x00, 0x7F,
    0xF8, 0x00, 0x00, 0x3F, 0xF8, 0x00, 0x00, 0x0F, 0xE0, 0x00, 0x00, 0x00, 0x00, 0x00, 0x00, 0xFC,
    0x00, 0x3F, 0xE3, 0xC7, 0xFF, 0x3C, 0xFC, 0xF3, 0x9F, 0x0F, 0x7F, 0xE1, 0xFF, 0xFF, 0xFE, 0xFF,
    0xFF, 0xEE, 0xFF, 0xF8, 0x01, 0xFC, 0x00, 0x00, 0x00, 0x00, 0x00, 0x1F, 0x80, 0x00, 0xFF, 0x81,
    0xE3, 0xFF, 0x83, 0xCF, 0xCF, 0x07, 0x3E, 0x1E, 0x1F, 0xF8, 0x7C, 0x7F, 0xFF, 0xFF, 0xFF, 0xFF,
    0xFF, 0xDF, 0xFF, 0xFC, 0x07, 0xF0, 0x00, 0x00, 0x00, 0x01, 0x80, 0x00, 0x00, 0x1C, 0x00, 0x00,
    0x00, 0xE0, 0x00, 0x00, 0x07, 0x00, 0x00, 0x00, 0x00, 0x00, 0x00, 0x00, 0x40, 0x00, 0x00, 0x1F,
    0xC0, 0x00, 0x03, 0xFE, 0x00, 0x3C, 0x3F, 0xF8, 0x01, 0xE3, 0xF3, 0xDC, 0x07, 0x3E, 0x1E, 0xE0,
    0x3D, 0xE1, 0xFF, 0x01, 0xFF, 0xFF, 0xF8, 0x0F, 0xFF, 0xFB, 0xC0, 0x7F, 0xFF, 0x1E, 0x07, 0x87,
    0xC0, 0x7E, 0xFC, 0x00, 0x03, 0xFF, 0xC0, 0x00, 0x0F, 0xFE, 0x00, 0x00, 0x1F, 0xC0, 0x00, 0x00,
    0x00, 0x00, 0x01, 0x80, 0x00, 0x00, 0x03, 0x80, 0x00, 0x00, 0x03, 0x80, 0x00, 0x00, 0x03, 0x80,
    0x00, 0x00, 0x00, 0x00, 0x00, 0x00, 0x00, 0x80, 0x00, 0x00, 0x07, 0xF0, 0x00, 0x00, 0x1F, 0xF0,
    0x00, 0x3C, 0x3F, 0xF8, 0x00, 0x3C, 0x7E, 0x78, 0x70, 0x1C, 0xF8, 0x78, 0x70, 0x1E, 0xF0, 0xF8,
    0xF0, 0x1F, 0xFF, 0xFF, 0xF0, 0x1F, 0xFF, 0xFF, 0xF0, 0x1F, 0xFF, 0xFF, 0xF0, 0x3C, 0x3E, 0x00,
    0x7E, 0xFC, 0x00, 0x00, 0x7F, 0xF8, 0x00, 0x00, 0x3F, 0xF8, 0x00, 0x00, 0x0F, 0xE0, 0x00, 0x00,
    0x00, 0x02, 0x00, 0x00, 0x70, 0x00, 0x07, 0x00, 0x00, 0x70, 0x00, 0x00, 0x00, 0x00, 0x00, 0x00,
    0x0F, 0xC0, 0x03, 0xFE, 0x3C, 0x7F, 0xF3, 0xCF, 0xCF, 0x39, 0xF0, 0xF7, 0xFE, 0x1F, 0xFF, 0xFF,
    0xEF, 0xFF, 0xFE, 0xEF, 0xFF, 0x80, 0x1F, 0xC0, 0x00, 0x02, 0x00, 0x00, 0x0E, 0x00, 0x00, 0x1C,
    0x00, 0x00, 0x38, 0x00, 0x00, 0x00, 0x00, 0x00, 0x00, 0x00, 0x03, 0xF0, 0x00, 0x1F, 0xF0, 0x3C,
    0x7F, 0xF0, 0x79, 0xF9, 0xE0, 0xE7, 0xC3, 0xC3, 0xFF, 0x0F, 0x8F, 0xFF, 0xFF, 0xFF, 0xFF, 0xFF,
    0xFB, 0xFF, 0xFF, 0x80, 0xFE, 0x00, 0x0E, 0x00, 0x07, 0x00, 0x03, 0x80, 0x01, 0xC0, 0x00, 0xE0,
    0x00, 0x70, 0x00, 0x3C, 0x20, 0x1E, 0xFC, 0x0F, 0xFF, 0x07, 0xFF, 0xC3, 0xF9, 0xE1, 0xF0, 0xF0,
    0xF0, 0xFF, 0xFF, 0xFB, 0xFF, 0xFD, 0xFF, 0xF8, 0x1F, 0xE0, 0x00, 0x0E, 0x00, 0x00, 0xE0, 0x00,
    0x0E, 0x00, 0x00, 0xE0, 0x00, 0x0E, 0x00, 0x00, 0xE0, 0x00, 0x0F, 0x08, 0x00, 0xF7, 0xE0, 0x0F,
    0xFF, 0x00, 0xFF, 0xF8, 0x0F, 0xE7, 0x80, 0xF8, 0x78, 0x0F, 0x0F, 0x8F, 0xFF, 0xFF, 0xFF, 0xFF,
    0xFF, 0xFF, 0xFF, 0x1F, 0xE0, 0x00, 0x38, 0x00, 0xF0, 0x01, 0xE0, 0x03, 0xC0, 0x07, 0x80, 0x07,
    0x00, 0x0E, 0x1C, 0x1D, 0xFC, 0x3F, 0xFC, 0x7F, 0xFC, 0xFC, 0x79, 0xF0, 0xF7, 0xC7, 0xFF, 0xFF,
    0xBF, 0xFE, 0x7F, 0xF8, 0x00, 0x00, 0x38, 0x00, 0x1E, 0x00, 0x07, 0x80, 0x01, 0xE0, 0x00, 0x78,
    0x00, 0x0E, 0x00, 0x03, 0x87, 0x00, 0xEF, 0xE0, 0x3F, 0xFC, 0x0F, 0xFF, 0x83, 0xF1, 0xE0, 0xF8,
    0x78, 0x7C, 0x7E, 0x3F, 0xFF, 0xFF, 0xFF, 0xFF, 0xFF, 0xFF, 0x00, 0x00, 0x00, 0x0E, 0x00, 0x07,
    0x0C, 0x03, 0x87, 0x01, 0xC3, 0x80, 0xE1, 0xC0, 0x70, 0x00, 0x3C, 0x20, 0x1E, 0xFC, 0x0F, 0xFF,
    0x07, 0xFF, 0xC3, 0xF9, 0xE1, 0xF0, 0xF0, 0xF0, 0xFF, 0xFF, 0xFB, 0xFF, 0xFD, 0xFF, 0xF8, 0x1F,
    0xE0, 0x00, 0x0E, 0x00, 0x00, 0xE1, 0x80, 0x0E, 0x3C, 0x00, 0xE3, 0xC0, 0x0E, 0x18, 0x00, 0xE0,
    0x00, 0x0F, 0x08, 0x00, 0xF7, 0xE0, 0x0F, 0xFF, 0x00, 0xFF, 0xF8, 0x0F, 0xE7, 0x80, 0xF8, 0x78,
    0x0F, 0x0F, 0x8F, 0xFF, 0xFF, 0xFF, 0xFF, 0xFF, 0xFF, 0xFF, 0x1F, 0xE0, 0x00, 0x38, 0x00, 0xF0,
    0x81, 0xE3, 0x83, 0xC7, 0x07, 0x8E, 0x07, 0x00, 0x0E, 0x1C, 0x1D, 0xFC, 0x3F, 0xFC, 0x7F, 0xFC,
    0xFC, 0x79, 0xF0, 0xF7, 0xC7, 0xFF, 0xFF, 0xBF, 0xFE, 0x7F, 0xF8, 0x00, 0x00, 0x38, 0x00, 0x1E,
    0x10, 0x07, 0x8E, 0x01, 0xE3, 0x80, 0x78, 0xE0, 0x0E, 0x00, 0x03, 0x87, 0x00, 0xEF, 0xE0, 0x3F,
    0xFC, 0x0F, 0xFF, 0x83, 0xF1, 0xE0, 0xF8, 0x78, 0x7C, 0x7E, 0x3F, 0xFF, 0xFF, 0xFF, 0xFF, 0xFF,
    0xFF, 0x00, 0x00, 0x00, 0x1F, 0x00, 0xFE, 0x07, 0xF0, 0x1F, 0xC0, 0x70, 0x01, 0xC1, 0x07, 0xFC,
    0x1F, 0xF8, 0x3F, 0xE0, 0xFC, 0x07, 0xC0, 0x3E, 0x00, 0xF0, 0x03, 0xC0, 0x0F, 0x00, 0x3C, 0x00,
    0xF8, 0x19, 0xFF, 0xE3, 0xFF, 0xC7, 0xFE, 0x03, 0x80, 0x0F, 0xC0, 0xFF, 0x83, 0xFE, 0x1E, 0x78,
    0x3D, 0xE0, 0xFF, 0x81, 0xFC, 0x03, 0xFF, 0x3F, 0xFD, 0xFF, 0xF7, 0x80, 0x3C, 0x00, 0xF0, 0x03,
    0xC0, 0x0F, 0x83, 0x3F, 0xFC, 0x7F, 0xF0, 0xFF, 0x80, 0x70, 0x00, 0x07, 0x03, 0xF0, 0xFE, 0x3F,
    0xC7, 0x80, 0xF0, 0x1E, 0x31, 0xFF, 0xFF, 0xFF, 0xFB, 0xFC, 0x00, 0x00, 0x07, 0xC0, 0x3F, 0xC0,
    0xFF, 0xC1, 0xE7, 0x83, 0xEF, 0x03, 0xFC, 0x03, 0xF8, 0x3F, 0xFE, 0x7F, 0xFE, 0xFB, 0xF8, 0x00,
    0x00, 0x06, 0x00, 0x3C, 0x00, 0xF0, 0x01, 0x80, 0x00, 0x00, 0x7C, 0x03, 0xF8, 0x1F, 0xC0, 0x7F,
    0x01, 0xC0, 0x07, 0x04, 0x1F, 0xF0, 0x7F, 0xE0, 0xFF, 0x83, 0xF0, 0x1F, 0x00, 0xF8, 0x03, 0xC0,
    0x0F, 0x00, 0x3C, 0x00, 0xF0, 0x03, 0xE0, 0x67, 0xFF, 0x8F, 0xFF, 0x1F, 0xF8, 0x0E, 0x00, 0x03,
    0x00, 0x1C, 0x00, 0x78, 0x01, 0xC0, 0x00, 0x00, 0x3F, 0x03, 0xFE, 0x0F, 0xF8, 0x79, 0xE0, 0xF7,
    0x83, 0xFE, 0x07, 0xF0, 0x0F, 0xFC, 0xFF, 0xF7, 0xFF, 0xDE, 0x00, 0xF0, 0x03, 0xC0, 0x0F, 0x00,
    0x3E, 0x0C, 0xFF, 0xF1, 0xFF, 0xC3, 0xFE, 0x01, 0xC0, 0x06, 0x01, 0xC0, 0x3C, 0x07, 0x00, 0x00,
    0x0E, 0x07, 0xE1, 0xFC, 0x7F, 0x8F, 0x01, 0xE0, 0x3C, 0x63, 0xFF, 0xFF, 0xFF, 0xF7, 0xF8, 0x00,
    0x00, 0x03, 0x00, 0x0F, 0x00, 0x1E, 0x00, 0x1C, 0x00, 0x00, 0x00, 0xF8, 0x07, 0xF8, 0x1F, 0xF8,
    0x3C, 0xF0, 0x7D, 0xE0, 0x7F, 0x80, 0x7F, 0x07, 0xFF, 0xCF, 0xFF, 0xDF, 0x7F, 0x00, 0x00, 0x00,
    0x01, 0x80, 0x00, 0x0E, 0x00, 0x00, 0xF0, 0x00, 0x03, 0x80, 0x00, 0x00, 0x00, 0x00, 0x00, 0x00,
    0x0F, 0x80, 0x00, 0xFE, 0x00, 0x0F, 0xF0, 0x00, 0x7B, 0xDC, 0x03, 0x9E, 0xE0, 0x1F, 0xFF, 0x00,
    0xFF, 0xF8, 0x07, 0xFF, 0xE0, 0x07, 0xEF, 0xFF, 0xFE, 0x7F, 0xFF, 0xF1, 0xFF, 0xFF, 0x01, 0xFF,
    0x80, 0x00, 0x00, 0x60, 0x00, 0x00, 0x78, 0x00, 0x00, 0x3C, 0x00, 0x00, 0x0C, 0x00, 0x00, 0x00,
    0x00, 0x00, 0x00, 0x00, 0x00, 0x07, 0xC0, 0x00, 0x07, 0xF0, 0x70, 0x03, 0xFC, 0x38, 0x03, 0xDE,
    0x3C, 0x01, 0xE7, 0x1E, 0x00, 0xF7, 0x8F, 0x80, 0x3F, 0xC3, 0xFF, 0xFF, 0xFD, 0xFF, 0xFF, 0xFE,
    0x7F, 0xFF, 0xFF, 0x07, 0xFC, 0x00, 0x00, 0x04, 0x03, 0x80, 0xE0, 0x38, 0x00, 0x00, 0x01, 0xF0,
    0xFE, 0x7F, 0x9E, 0xF7, 0xBD, 0xFF, 0x7F, 0xCF, 0xF0, 0xFF, 0xFE, 0xFF, 0xBF, 0x80, 0x00, 0x06,
    0x00, 0x70, 0x03, 0xC0, 0x1C, 0x00, 0x00, 0x00, 0x00, 0x7C, 0x07, 0xF0, 0x7F, 0xC3, 0xDE, 0x1E,
    0xF0, 0xF7, 0x83, 0xFC, 0x7F, 0xFF, 0xFF, 0xFF, 0xFF, 0x00, 0x00, 0x00, 0x22, 0x00, 0x3B, 0x80,
    0x1F, 0xC0, 0x0E, 0xC0, 0x00, 0x00, 0x00, 0xE0, 0x01, 0xF8, 0x00, 0xFE, 0x00, 0xFF, 0x38, 0x73,
    0xDC, 0x3D, 0xFE, 0x1F, 0xFF, 0x0F, 0xFF, 0x83, 0xFF, 0xC0, 0x3D, 0xF8, 0x7E, 0x7F, 0xFE, 0x1F,
    0xFE, 0x07, 0xFC, 0x00, 0x00, 0x20, 0x00, 0x07, 0xF0, 0x00, 0x7F, 0x00, 0x07, 0x60, 0x00, 0x00,
    0x00, 0x00, 0x00, 0x00, 0x3E, 0x00, 0x07, 0xF0, 0x00, 0xFF, 0x00, 0x0F, 0x78, 0x70, 0xE7, 0x87,
    0x0F, 0xFE, 0xF0, 0xFF, 0xFF, 0x07, 0xFF, 0xF0, 0x0F, 0x8F, 0x80, 0xF0, 0x7F, 0xFE, 0x07, 0xFF,
    0xE0, 0x3F, 0xF8, 0x00, 0xFE, 0x00, 0x11, 0x0E, 0xE3, 0xF8, 0xEE, 0x00, 0x00, 0x01, 0xF0, 0xFE,
    0x7F, 0x9E, 0xF7, 0xBD, 0xFF, 0x7F, 0xCF, 0xF0, 0xFF, 0xFE, 0xFF, 0xBF, 0x80, 0x00, 0x11, 0x01,
    0xDC, 0x0F, 0xE0, 0x37, 0x00, 0x00, 0x00, 0x00, 0x7C, 0x07, 0xF0, 0x7F, 0xC3, 0xDE, 0x1E, 0xF0,
    0xF7, 0x83, 0xFC, 0x7F, 0xFF, 0xFF, 0xFF, 0xFF, 0x00, 0x00, 0x00, 0x01, 0xC0, 0x00, 0x38, 0x00,
    0x07, 0x00, 0x18, 0xE0, 0x07, 0x1C, 0x01, 0xE3, 0x80, 0x38, 0x78, 0x07, 0x8F, 0x70, 0x71, 0xEE,
    0x3E, 0x3F, 0xC7, 0x87, 0xF8, 0x40, 0xFF, 0x80, 0x3E, 0xFF, 0xFF, 0x9F, 0xFF, 0xF1, 0xFF, 0xFC,
    0x07, 0xFC, 0x00, 0x00, 0x01, 0xC0, 0x00, 0x07, 0x00, 0x00, 0x1C, 0x00, 0x0C, 0x70, 0x00, 0x71,
    0xC0, 0x03, 0xC7, 0x00, 0x0E, 0x1E, 0x00, 0x3C, 0x78, 0x70, 0x71, 0xE1, 0xC7, 0xC7, 0x8F, 0x1E,
    0x1E, 0x3C, 0x20, 0x78, 0xF8, 0x03, 0xE1, 0xFF, 0xFF, 0xF7, 0xFF, 0xFF, 0xCF, 0xFF, 0xFF, 0x07,
    0xFC, 0x00, 0x01, 0x81, 0xE1, 0xFD, 0xFE, 0xFC, 0x3E, 0x0F, 0xC1, 0xF8, 0x3E, 0x07, 0xC0, 0xF0,
    0x3C, 0xFF, 0x3F, 0xCF, 0xE0, 0x00, 0x01, 0x80, 0x3C, 0x07, 0xF0, 0xFF, 0x0F, 0xE0, 0x7C, 0x03,
    0xE0, 0x0F, 0x80, 0x3E, 0x00, 0xF8, 0x03, 0xC0, 0x1F, 0x8F, 0xFF, 0x7F, 0xFF, 0xFB, 0xC0, 0x00,
    0x00, 0x1C, 0x00, 0x38, 0x00, 0x70, 0x00, 0xE0, 0x01, 0xC0, 0x03, 0x80, 0x07, 0x80, 0x0F, 0x00,
    0x1E, 0x00, 0x3C, 0x00, 0x7B, 0x80, 0xF7, 0x01, 0xFE, 0x03, 0xFC, 0x07, 0xF8, 0x0E, 0xF0, 0x3C,
    0xF8, 0xF9, 0xFF, 0xE1, 0xFF, 0x80, 0xFE, 0x00, 0x00, 0x1C, 0x00, 0x03, 0x80, 0x00, 0x70, 0x00,
    0x0E, 0x00, 0x01, 0xC0, 0x00, 0x38, 0x00, 0x07, 0x00, 0x00, 0xE0, 0x00, 0x1E, 0x00, 0x03, 0xC0,
    0x00, 0x78, 0x38, 0x0F, 0x07, 0x01, 0xE1, 0xE0, 0x3F, 0xBC, 0x07, 0xF7, 0x80, 0xFE, 0xF0, 0x3C,
    0x0F, 0x8F, 0x81, 0xFF, 0xE0, 0x1F, 0xF8, 0x00, 0xFE, 0x00, 0x39, 0xE7, 0x9E, 0x38, 0xE3, 0x8E,
    0x38, 0xE3, 0x8E, 0x3B, 0xEF, 0xBC, 0x00, 0x38, 0x3C, 0x1E, 0x07, 0x03, 0x81, 0xC0, 0xE0, 0x70,
    0x38, 0x1C, 0x0E, 0x07, 0x83, 0xC7, 0xFF, 0xFF, 0xFF, 0x00, 0x00, 0x06, 0x03, 0xF0, 0xFF, 0x3F,
    0xE7, 0x9E, 0x23, 0xC7, 0xF9, 0xFF, 0x7F, 0xFF, 0x3B, 0xC0, 0x78, 0x0F, 0x01, 0xE0, 0x3C, 0x07,
    0x80, 0x70, 0x0E, 0x00, 0x00, 0x00, 0x03, 0xC0, 0x0F, 0xE0, 0x1F, 0xE0, 0x3F, 0xF0, 0x7C, 0x70,
    0x7E, 0x78, 0xFF, 0xFE, 0xFF, 0xFF, 0xF7, 0xFF, 0xF1, 0xC0, 0xF0, 0x00, 0xF0, 0x00, 0xF0, 0x00,
    0xF0, 0x00, 0x70, 0x00, 0x78, 0x00, 0x78, 0x00, 0x00, 0x00, 0x07, 0x80, 0xFC, 0x1F, 0xE3, 0xFE,
    0x3C, 0xE7, 0xCE, 0xFF, 0xEF, 0xFE, 0xEF, 0xC0, 0x00, 0x07, 0x80, 0x3F, 0x80, 0x7F, 0x01, 0xFF,
    0x03, 0x9E, 0x0F, 0x9E, 0x3F, 0xFF, 0xFF, 0xFF, 0xEF, 0xFE, 0x07, 0x00, 0x03, 0x00, 0x07, 0x00,
    0x1E, 0x00, 0x1C, 0x00, 0x00, 0x80, 0x07, 0x80, 0x0F, 0x38, 0x0E, 0x70, 0x1F, 0xE0, 0x3F, 0xC0,
    0x7F, 0x80, 0xFF, 0x03, 0xCF, 0xDF, 0x9F, 0xFE, 0x1F, 0xF8, 0x1F, 0xE0, 0x03, 0x00, 0x00, 0x70,
    0x00, 0x1E, 0x00, 0x01, 0xC0, 0x00, 0x00, 0x00, 0x00, 0x78, 0x00, 0x0F, 0x03, 0x80, 0xE0, 0x70,
    0x1E, 0x1E, 0x03, 0xFB, 0xC0, 0x7F, 0xF8, 0x0F, 0xFF, 0x03, 0xC0, 0xFD, 0xF8, 0x1F, 0xFE, 0x01,
    0xFF, 0xC0, 0x1F, 0xE0, 0x00, 0x31, 0xE7, 0x8C, 0x00, 0xE7, 0x8F, 0x3C, 0xF3, 0xCF, 0xFF, 0xEF,
    0x00, 0x18, 0x0F, 0x03, 0xC0, 0x70, 0x00, 0x00, 0x01, 0xC0, 0xF0, 0x3C, 0x0F, 0x0F, 0xFF, 0xFF,
    0xFF, 0xC0, 0x00, 0x00, 0x07, 0x03, 0xE0, 0xFC, 0x3F, 0x1F, 0xE7, 0x3B, 0xCE, 0xF3, 0xBF, 0xE7,
    0xF8, 0xFC, 0x00, 0x00, 0x03, 0x80, 0x0F, 0x00, 0x7C, 0x07, 0xF0, 0x7F, 0xC1, 0xFF, 0x0F, 0x3C,
    0x3C, 0xF0, 0xFF, 0xC1, 0xFF, 0x07, 0xFF, 0x87, 0xFF, 0x00, 0xF8, 0x00, 0x00, 0x08, 0x00, 0xE0,
    0x0F, 0xC0, 0x7F, 0x03, 0xFC, 0x3F, 0xF1, 0xCF, 0xCF, 0xFF, 0x7F, 0x7F, 0xFF, 0xFF, 0xFF, 0xFF,
    0xE0, 0x08, 0x00, 0x07, 0x80, 0x7F, 0x01, 0xFC, 0x0F, 0x70, 0x3D, 0xC1, 0xE7, 0x07, 0xFC, 0x3F,
    0xFF, 0xFF, 0xFF, 0xFF, 0xF7, 0x8E, 0x0F, 0xF8, 0x3F, 0xE0, 0x7F, 0x80, 0x78, 0x00, 0x0E, 0x0F,
    0xC3, 0xF9, 0xFE, 0x73, 0xDC, 0xF7, 0xFD, 0xFF, 0x3F, 0xC3, 0xE7, 0xFB, 0xFC, 0x7E, 0x1E, 0x00,
    0x0E, 0x01, 0xF8, 0x0F, 0xE0, 0xFF, 0x07, 0x3C, 0x39, 0xE1, 0xFF, 0xEF, 0xFF, 0x3F, 0xF8, 0x7C,
    0x1F, 0xE1, 0xFE, 0x07, 0xE0, 0x3C, 0x00, 0x00, 0x1F, 0x80, 0x1F, 0xC0, 0x1F, 0xC0, 0x1F, 0x20,
    0x0E, 0x03, 0x87, 0x01, 0xC3, 0xE1, 0xE1, 0xFC, 0xF0, 0x3F, 0x78, 0x07, 0xBC, 0x03, 0xCF, 0xDF,
    0xE7, 0xFF, 0xE1, 0xFF, 0xE0, 0x3F, 0xC0, 0x00, 0x00, 0x0E, 0x00, 0x01, 0xC0, 0xF8, 0x78, 0x1F,
    0xEF, 0x03, 0xFF, 0xE0, 0x1F, 0xBC, 0x03, 0xC3, 0xFB, 0xF8, 0x7F, 0xFE, 0x07, 0xFF, 0x80, 0x3F,
    0xC0, 0x00, 0x00, 0x1F, 0x80, 0x1F, 0xC0, 0x1F, 0xC0, 0x1F, 0x20, 0x0E, 0x03, 0x87, 0x01, 0xC3,
    0xE1, 0xE1, 0xFC, 0xF0, 0x3F, 0x78, 0x07, 0xBC, 0x03, 0xCF, 0xDF, 0xE7, 0xFF, 0xE1, 0xFF, 0xE0,
    0x3F, 0xC0, 0x00, 0x00, 0x00, 0x00, 0x07, 0x70, 0x03, 0xF8, 0x01, 0xDC, 0x00, 0x00, 0x00, 0x0E,
    0x00, 0x01, 0xC0, 0xF8, 0x78, 0x1F, 0xEF, 0x03, 0xFF, 0xE0, 0x1F, 0xBC, 0x03, 0xC3, 0xFB, 0xF8,
    0x7F, 0xFE, 0x07, 0xFF, 0x80, 0x3F, 0xC0, 0x00, 0x00, 0x00, 0x00, 0x00, 0x0F, 0xC0, 0x03, 0xFC,
    0x00, 0x3F, 0x00, 0x3C, 0x78, 0xF0, 0xE1, 0xE3, 0xC7, 0xFE, 0xFD, 0xF0, 0x00, 0x0E, 0xFF, 0xFB,
    0x80, 0x00, 0x03, 0xC0, 0x70, 0x0E, 0x03, 0xE1, 0xFF, 0xBF, 0xFF, 0xBE, 0x00, 0x00, 0x01, 0xF8,
    0x7F, 0x87, 0xE0, 0x00, 0x00, 0xFE, 0x31, 0xFD, 0xE0, 0x31, 0xC0, 0xC3, 0x83, 0xC7, 0x07, 0xCE,
    0x07, 0xFC, 0x07, 0xF8, 0x03, 0xF0, 0x03, 0xE0, 0x0F, 0xE0, 0x3F, 0xC0, 0xFB, 0x83, 0xFF, 0x07,
    0xFE, 0x0F, 0xF8, 0x00, 0x00, 0x7F, 0x00, 0xFF, 0x70, 0x0E, 0xF0, 0x00, 0xF0, 0x20, 0x70, 0x70,
    0x70, 0x78, 0x70, 0x7C, 0x70, 0x3E, 0x70, 0x1F, 0x70, 0x0F, 0xF0, 0x07, 0xF0, 0x03, 0xF8, 0x07,
    0xF8, 0x7F, 0xFF, 0x7F, 0xFF, 0x7F, 0x3F, 0x00, 0x00, 0x70, 0x07, 0x80, 0x3C, 0x01, 0xE0, 0xCF,
    0x9E, 0x78, 0x70, 0xC3, 0x8F, 0x1C, 0x7C, 0xE1, 0xFF, 0x07, 0xF8, 0x0F, 0xC0, 0x3E, 0x03, 0xF8,
    0x3F, 0xC3, 0xEE, 0x3F, 0xF1, 0xFF, 0x8F, 0xF8, 0x18, 0x00, 0x3C, 0x00, 0x38, 0x00, 0x3C, 0x00,
    0x3E, 0x70, 0x3C, 0xF0, 0x00, 0xF0, 0x20, 0x70, 0x70, 0x70, 0x78, 0x70, 0x7C, 0x70, 0x3E, 0x70,
    0x1F, 0x70, 0x0F, 0xF0, 0x07, 0xF0, 0x03, 0xF8, 0x07, 0xF8, 0x7F, 0xFF, 0x7F, 0xFF, 0x7F, 0x3F,
    0x00, 0x00, 0x00, 0x60, 0x0F, 0x00, 0x38, 0x61, 0xC7, 0x8E, 0x3E, 0x70, 0xFF, 0x83, 0xFC, 0x07,
    0xE0, 0x1F, 0x01, 0xFC, 0x1F, 0xE1, 0xF7, 0x1F, 0xF8, 0xFF, 0xC7, 0xFC, 0x0C, 0x00, 0xE0, 0x0F,
    0x00, 0x7C, 0x03, 0xE0, 0x1E, 0x00, 0x00, 0x00, 0x00, 0x70, 0x00, 0xF0, 0x00, 0xF0, 0x20, 0x70,
    0x70, 0x70, 0x78, 0x70, 0x7C, 0x70, 0x3E, 0x70, 0x1F, 0x70, 0x0F, 0xF0, 0x07, 0xF0, 0x03, 0xF8,
    0x07, 0xF8, 0x7F, 0xFF, 0x7F, 0xFF, 0x7F, 0x3F, 0x1C, 0x00, 0x1C, 0x00, 0x3C, 0x00, 0x3E, 0x00,
    0x3E, 0x00, 0x3C, 0x00, 0x00, 0x00, 0x00, 0x60, 0x0F, 0x00, 0x38, 0x61, 0xC7, 0x8E, 0x3E, 0x70,
    0xFF, 0x83, 0xFC, 0x07, 0xE0, 0x1F, 0x01, 0xFC, 0x1F, 0xE1, 0xF7, 0x1F, 0xF8, 0xFF, 0xC7, 0xFC,
    0x00, 0x70, 0x00, 0xF0, 0x00, 0xF0, 0x20, 0x70, 0x70, 0x70, 0x78, 0x70, 0x7C, 0x70, 0x3E, 0x70,
    0x1F, 0x70, 0x0F, 0xF0, 0x07, 0xF0, 0x03, 0xF8, 0x07, 0xF8, 0x7F, 0xFF, 0x7F, 0xFF, 0x7F, 0x3F,
    0x00, 0x00,
};

static const EpdGlyph inter_10_boldGlyphs[] = {
    { 0, 0, 195, 0, 0, 0, 0 }, // U+0000
    { 0, 0, 87, 0, 0, 0, 0 }, // U+000D
    { 0, 0, 79, 0, 0, 0, 0 }, // U+0020
    { 5, 16, 113, 1, 16, 10, 0 }, // !
    { 8, 7, 184, 2, 16, 7, 10 }, // "
    { 14, 16, 216, 0, 16, 28, 17 }, // #
    { 13, 20, 218, 0, 18, 33, 45 }, // $
    { 19, 16, 338, 1, 16, 38, 78 }, // %
    { 14, 16, 224, 0, 16, 28, 116 }, // &
    { 3, 7, 113, 2, 16, 3, 144 }, // '
    { 7, 20, 126, 1, 17, 18, 147 }, // (
    { 7, 20, 126, 0, 17, 18, 165 }, // )
    { 9, 9, 186, 1, 16, 11, 183 }, // *
    { 12, 11, 226, 1, 12, 17, 194 }, // +
    { 5, 7, 111, 1, 3, 5, 211 }, // ,
    { 8, 3, 156, 1, 8, 3, 216 }, // -
    { 5, 4, 111, 1, 4, 3, 219 }, // .
    { 8, 19, 129, 0, 17, 19, 222 }, // /
    { 14, 16, 225, 0, 16, 28, 241 }, // 0
    { 8, 16, 144, 0, 16, 16, 269 }, // 1
    { 11, 16, 210, 1, 16, 22, 285 }, // 2
    { 12, 16, 215, 1, 16, 24, 307 }, // 3
    { 13, 16, 225, 1, 16, 26, 331 }, // 4
    { 12, 16, 207, 0, 16, 24, 357 }, // 5
    { 13, 16, 216, 0, 16, 26, 381 }, // 6
    { 12, 16, 194, 0, 16, 24, 407 }, // 7
    { 13, 16, 217, 0, 16, 26, 431 }, // 8
    { 13, 16, 216, 0, 16, 26, 457 }, // 9
    { 5, 12, 111, 1, 12, 8, 483 }, // :
    { 5, 16, 114, 1, 12, 10, 491 }, // ;
    { 12, 12, 226, 1, 12, 18, 501 }, // <
    { 11, 8, 226, 2, 10, 11, 519 }, // =
    { 11, 12, 226, 2, 12, 17, 530 }, // >
    { 11, 16, 186, 0, 16, 22, 547 }, // ?
    { 21, 20, 339, 0, 16, 53, 569 }, // @
    { 16, 16, 249, 0, 16, 32, 622 }, // A
    { 12, 16, 220, 1, 16, 24, 654 }, // B
    { 15, 16, 247, 0, 16, 30, 678 }, // C
    { 14, 16, 241, 1, 16, 28, 708 }, // D
    { 11, 16, 202, 1, 16, 22, 736 }, // E
    { 11, 16, 196, 1, 16, 22, 758 }, // F
    { 15, 16, 250, 0, 16, 30, 780 }, // G
    { 14, 16, 249, 1, 16, 28, 810 }, // H
    { 4, 16, 94, 1, 16, 8, 838 }, // I
    { 11, 16, 195, 0, 16, 22, 846 }, // J
    { 14, 16, 240, 1, 16, 28, 868 }, // K
    { 11, 16, 188, 1, 16, 22, 896 }, // L
    { 18, 16, 310, 1, 16, 36, 918 }, // M
    { 14, 16, 254, 1, 16, 28, 954 }, // N
    { 16, 16, 257, 0, 16, 32, 982 }, // O
    { 12, 16, 216, 1, 16, 24, 1014 }, // P
    { 16, 17, 259, 0, 16, 34, 1038 }, // Q
    { 13, 16, 219, 1, 16, 26, 1072 }, // R
    { 13, 16, 218, 0, 16, 26, 1098 }, // S
    { 14, 16, 222, 0, 16, 28, 1124 }, // T
    { 13, 16, 244, 1, 16, 26, 1152 }, // U
    { 16, 16, 249, 0, 16, 32, 1178 }, // V
    { 22, 16, 346, 0, 16, 44, 1210 }, // W
    { 15, 16, 246, 0, 16, 30, 1254 }, // X
    { 15, 16, 244, 0, 16, 30, 1284 }, // Y
    { 12, 16, 221, 1, 16, 24, 1314 }, // Z
    { 6, 20, 126, 1, 17, 15, 1338 }, // [
    { 8, 19, 129, 0, 17, 19, 1353 }, // <backslash>
    { 6, 20, 126, 1, 17, 15, 1372 }, // ]
    { 10, 7, 162, 0, 16, 9, 1387 }, // ^
    { 10, 3, 159, 0, 1, 4, 1396 }, // _
    { 5, 3, 122, 1, 16, 2, 1400 }, // `
    { 11, 12, 193, 0, 12, 17, 1402 }, // a
    { 12, 16, 210, 1, 16, 24, 1419 }, // b
    { 12, 12, 196, 0, 12, 18, 1443 }, // c
    { 12, 16, 210, 0, 16, 24, 1461 }, // d
    { 12, 12, 199, 0, 12, 18, 1485 }, // e
    { 9, 17, 133, 0, 17, 20, 1503 }, // f
    { 12, 16, 211, 0, 12, 24, 1523 }, // g
    { 11, 16, 207, 1, 16, 22, 1547 }, // h
    { 4, 16, 90, 1, 16, 8, 1569 }, // i
    { 6, 20, 90, -1, 16, 15, 1577 }, // j
    { 11, 16, 193, 1, 16, 22, 1592 }, // k
    { 4, 16, 90, 1, 16, 8, 1614 }, // l
    { 17, 12, 304, 1, 12, 26, 1622 }, // m
    { 11, 12, 207, 1, 12, 17, 1648 }, // n
    { 12, 12, 204, 0, 12, 18, 1665 }, // o
    { 12, 16, 210, 1, 12, 24, 1683 }, // p
    { 12, 16, 210, 0, 12, 24, 1707 }, // q
    { 8, 13, 136, 1, 13, 13, 1731 }, // r
    { 11, 12, 187, 0, 12, 17, 1744 }, // s
    { 8, 15, 122, 0, 15, 15, 1761 }, // t
    { 11, 12, 207, 1, 12, 17, 1776 }, // u
    { 13, 12, 200, 0, 12, 20, 1793 }, // v
    { 18, 12, 283, 0, 12, 27, 1813 }, // w
    { 12, 12, 193, 0, 12, 18, 1840 }, // x
    { 13, 16, 201, 0, 12, 26, 1858 }, // y
    { 10, 12, 191, 1, 12, 15, 1884 }, // z
    { 8, 21, 156, 1, 17, 21, 1899 }, // {
    { 4, 26, 124, 2, 21, 13, 1920 }, // |
    { 8, 21, 156, 1, 17, 21, 1933 }, // }
    { 12, 5, 226, 1, 9, 8, 1954 }, // ~
    { 0, 0, 79, 0, 0, 0, 1962 }, // U+00A0
    { 5, 17, 113, 1, 12, 11, 1962 }, // U+00A1
    { 12, 16, 196, 0, 16, 24, 1973 }, // U+00A2
    { 13, 16, 213, 0, 16, 26, 1997 }, // U+00A3
    { 14, 15, 254, 1, 14, 27, 2023 }, // U+00A4
    { 12, 16, 190, 0, 16, 24, 2050 }, // U+00A5
    { 3, 18, 113, 2, 16, 7, 2074 }, // U+00A6
    { 11, 19, 189, 0, 16, 27, 2081 }, // U+00A7
    { 9, 3, 207, 2, 16, 4, 2108 }, // U+00A8
    { 17, 17, 305, 1, 17, 37, 2112 }, // U+00A9
    { 9, 9, 155, 0, 16, 11, 2149 }, // U+00AA
    { 13, 10, 220, 0, 12, 17, 2160 }, // U+00AB
    { 10, 6, 226, 2, 9, 8, 2177 }, // U+00AC
    { 13, 13, 221, 0, 17, 22, 2185 }, // U+00AE
    { 7, 3, 146, 1, 17, 3, 2207 }, // U+00AF
    { 8, 8, 153, 1, 16, 8, 2210 }, // U+00B0
    { 12, 12, 226, 1, 12, 18, 2218 }, // U+00B1
    { 9, 9, 153, 0, 18, 11, 2236 }, // U+00B2
    { 9, 9, 157, 0, 18, 11, 2247 }, // U+00B3
    { 5, 3, 122, 1, 16, 2, 2258 }, // U+00B4
    { 12, 16, 209, 1, 12, 24, 2260 }, // U+00B5
    { 12, 16, 199, 0, 16, 24, 2284 }, // U+00B6
    { 5, 4, 111, 1, 10, 3, 2308 }, // U+00B7
    { 5, 6, 121, 2, 1, 4, 2311 }, // U+00B8
    { 5, 9, 111, 1, 18, 6, 2315 }, // U+00B9
    { 10, 9, 163, 0, 16, 12, 2321 }, // U+00BA
    { 13, 10, 220, 0, 12, 17, 2333 }, // U+00BB
    { 17, 16, 282, 0, 16, 34, 2350 }, // U+00BC
    { 18, 16, 294, 0, 16, 36, 2384 }, // U+00BD
    { 19, 16, 307, 0, 16, 38, 2420 }, // U+00BE
    { 11, 16, 186, 0, 12, 22, 2458 }, // U+00BF
    { 16, 20, 249, 0, 20, 40, 2480 }, // U+00C0
    { 16, 20, 249, 0, 20, 40, 2520 }, // U+00C1
    { 16, 20, 249, 0, 20, 40, 2560 }, // U+00C2
    { 16, 21, 249, 0, 21, 42, 2600 }, // U+00C3
    { 16, 20, 249, 0, 20, 40, 2642 }, // U+00C4
    { 16, 22, 249, 0, 22, 44, 2682 }, // U+00C5
    { 21, 16, 341, 0, 16, 42, 2726 }, // U+00C6
    { 15, 21, 247, 0, 16, 40, 2768 }, // U+00C7
    { 11, 20, 202, 1, 20, 28, 2808 }, // U+00C8
    { 11, 20, 202, 1, 20, 28, 2836 }, // U+00C9
    { 11, 20, 202, 1, 20, 28, 2864 }, // U+00CA
    { 11, 20, 202, 1, 20, 28, 2892 }, // U+00CB
    { 6, 20, 94, -1, 20, 15, 2920 }, // U+00CC
    { 6, 20, 94, 1, 20, 15, 2935 }, // U+00CD
    { 10, 20, 94, -2, 20, 25, 2950 }, // U+00CE
    { 8, 20, 94, -1, 20, 20, 2975 }, // U+00CF
    { 15, 16, 253, 0, 16, 30, 2995 }, // U+00D0
    { 14, 21, 254, 1, 21, 37, 3025 }, // U+00D1
    { 16, 20, 257, 0, 20, 40, 3062 }, // U+00D2
    { 16, 20, 257, 0, 20, 40, 3102 }, // U+00D3
    { 16, 20, 257, 0, 20, 40, 3142 }, // U+00D4
    { 16, 21, 257, 0, 21, 42, 3182 }, // U+00D5
    { 16, 20, 257, 0, 20, 40, 3224 }, // U+00D6
    { 12, 12, 226, 1, 12, 18, 3264 }, // U+00D7
    { 16, 17, 257, 0, 16, 34, 3282 }, // U+00D8
    { 13, 20, 244, 1, 20, 33, 3316 }, // U+00D9
    { 13, 20, 244, 1, 20, 33, 3349 }, // U+00DA
    { 13, 20, 244, 1, 20, 33, 3382 }, // U+00DB
    { 13, 20, 244, 1, 20, 33, 3415 }, // U+00DC
    { 15, 20, 244, 0, 20, 38, 3448 }, // U+00DD
    { 12, 16, 223, 1, 16, 24, 3486 }, // U+00DE
    { 12, 16, 219, 1, 16, 24, 3510 }, // U+00DF
    { 11, 16, 193, 0, 16, 22, 3534 }, // U+00E0
    { 11, 16, 193, 0, 16, 22, 3556 }, // U+00E1
    { 11, 16, 193, 0, 16, 22, 3578 }, // U+00E2
    { 11, 17, 193, 0, 17, 24, 3600 }, // U+00E3
    { 11, 16, 193, 0, 16, 22, 3624 }, // U+00E4
    { 11, 18, 193, 0, 18, 25, 3646 }, // U+00E5
    { 19, 12, 303, 0, 12, 29, 3671 }, // U+00E6
    { 12, 17, 196, 0, 12, 26, 3700 }, // U+00E7
    { 12, 16, 199, 0, 16, 24, 3726 }, // U+00E8
    { 12, 16, 199, 0, 16, 24, 3750 }, // U+00E9
    { 12, 16, 199, 0, 16, 24, 3774 }, // U+00EA
    { 12, 16, 199, 0, 16, 24, 3798 }, // U+00EB
    { 6, 16, 90, -1, 16, 12, 3822 }, // U+00EC
    { 5, 16, 90, 1, 16, 10, 3834 }, // U+00ED
    { 9, 16, 90, -2, 16, 18, 3844 }, // U+00EE
    { 8, 16, 90, -1, 16, 16, 3862 }, // U+00EF
    { 12, 18, 200, 0, 18, 27, 3878 }, // U+00F0
    { 11, 17, 207, 1, 17, 24, 3905 }, // U+00F1
    { 12, 16, 204, 0, 16, 24, 3929 }, // U+00F2
    { 12, 16, 204, 0, 16, 24, 3953 }, // U+00F3
    { 12, 16, 204, 0, 16, 24, 3977 }, // U+00F4
    { 12, 17, 204, 0, 17, 26, 4001 }, // U+00F5
    { 12, 16, 204, 0, 16, 24, 4027 }, // U+00F6
    { 12, 12, 226, 1, 12, 18, 4051 }, // U+00F7
    { 12, 13, 204, 0, 12, 20, 4069 }, // U+00F8
    { 11, 16, 207, 1, 16, 22, 4089 }, // U+00F9
    { 11, 16, 207, 1, 16, 22, 4111 }, // U+00FA
    { 11, 16, 207, 1, 16, 22, 4133 }, // U+00FB
    { 11, 16, 207, 1, 16, 22, 4155 }, // U+00FC
    { 13, 20, 201, 0, 16, 33, 4177 }, // U+00FD
    { 12, 20, 210, 1, 16, 30, 4210 }, // U+00FE
    { 13, 20, 201, 0, 16, 33, 4240 }, // U+00FF
    { 16, 21, 249, 0, 21, 42, 4273 }, // U+0100
    { 11, 17, 193, 0, 17, 24, 4315 }, // U+0101
    { 16, 21, 249, 0, 21, 42, 4339 }, // U+0102
    { 11, 17, 193, 0, 17, 24, 4381 }, // U+0103
    { 16, 20, 249, 0, 16, 40, 4405 }, // U+0104
    { 12, 16, 193, 0, 12, 24, 4445 }, // U+0105
    { 15, 20, 247, 0, 20, 38, 4469 }, // U+0106
    { 12, 16, 196, 0, 16, 24, 4507 }, // U+0107
    { 15, 20, 247, 0, 20, 38, 4531 }, // U+0108
    { 12, 16, 196, 0, 16, 24, 4569 }, // U+0109
    { 15, 20, 247, 0, 20, 38, 4593 }, // U+010A
    { 12, 16, 196, 0, 16, 24, 4631 }, // U+010B
    { 15, 20, 247, 0, 20, 38, 4655 }, // U+010C
    { 12, 16, 196, 0, 16, 24, 4693 }, // U+010D
    { 14, 20, 241, 1, 20, 35, 4717 }, // U+010E
    { 16, 17, 251, 0, 17, 34, 4752 }, // U+010F
    { 15, 16, 253, 0, 16, 30, 4786 }, // U+0110
    { 14, 16, 210, 0, 16, 28, 4816 }, // U+0111
    { 11, 21, 202, 1, 21, 29, 4844 }, // U+0112
    { 12, 17, 199, 0, 17, 26, 4873 }, // U+0113
    { 11, 21, 202, 1, 21, 29, 4899 }, // U+0114
    { 12, 17, 199, 0, 17, 26, 4928 }, // U+0115
    { 11, 20, 202, 1, 20, 28, 4954 }, // U+0116
    { 12, 16, 199, 0, 16, 24, 4982 }, // U+0117
    { 12, 21, 202, 1, 16, 32, 5006 }, // U+0118
    { 12, 16, 199, 0, 12, 24, 5038 }, // U+0119
    { 11, 20, 202, 1, 20, 28, 5062 }, // U+011A
    { 12, 16, 199, 0, 16, 24, 5090 }, // U+011B
    { 15, 20, 250, 0, 20, 38, 5114 }, // U+011C
    { 12, 20, 211, 0, 16, 30, 5152 }, // U+011D
    { 15, 21, 250, 0, 21, 40, 5182 }, // U+011E
    { 12, 21, 211, 0, 17, 32, 5222 }, // U+011F
    { 15, 20, 250, 0, 20, 38, 5254 }, // U+0120
    { 12, 20, 211, 0, 16, 30, 5292 }, // U+0121
    { 15, 21, 250, 0, 16, 40, 5322 }, // U+0122
    { 12, 22, 211, 0, 18, 33, 5362 }, // U+0123
    { 14, 20, 249, 1, 20, 35, 5395 }, // U+0124
    { 14, 20, 207, -2, 20, 35, 5430 }, // U+0125
    { 17, 16, 269, 0, 16, 34, 5465 }, // U+0126
    { 13, 16, 207, -1, 16, 26, 5499 }, // U+0127
    { 8, 21, 94, -1, 21, 21, 5525 }, // U+0128
    { 8, 17, 90, -1, 17, 17, 5546 }, // U+0129
    { 7, 21, 94, -1, 21, 19, 5563 }, // U+012A
    { 7, 17, 90, -1, 17, 15, 5582 }, // U+012B
    { 8, 21, 94, -1, 21, 21, 5597 }, // U+012C
    { 8, 17, 90, -1, 17, 17, 5618 }, // U+012D
    { 5, 21, 94, 0, 16, 14, 5635 }, // U+012E
    { 5, 21, 90, 0, 16, 14, 5649 }, // U+012F
    { 4, 20, 94, 1, 20, 10, 5663 }, // U+0130
    { 4, 12, 90, 1, 12, 6, 5673 }, // U+0131
    { 16, 16, 288, 1, 16, 32, 5679 }, // U+0132
    { 10, 20, 181, 1, 16, 25, 5711 }, // U+0133
    { 14, 20, 195, 0, 20, 35, 5736 }, // U+0134
    { 9, 20, 90, -2, 16, 23, 5771 }, // U+0135
    { 14, 21, 240, 1, 16, 37, 5794 }, // U+0136
    { 11, 21, 193, 1, 16, 29, 5831 }, // U+0137
    { 12, 12, 195, 1, 12, 18, 5860 }, // U+0138
    { 11, 20, 188, 1, 20, 28, 5878 }, // U+0139
    { 5, 20, 90, 1, 20, 13, 5906 }, // U+013A
    { 11, 21, 188, 1, 16, 29, 5919 }, // U+013B
    { 5, 21, 90, 0, 16, 14, 5948 }, // U+013C
    { 11, 17, 188, 1, 17, 24, 5962 }, // U+013D
    { 7, 17, 132, 1, 17, 15, 5986 }, // U+013E
    { 11, 16, 192, 1, 16, 22, 6001 }, // U+013F
    { 9, 16, 150, 1, 16, 18, 6023 }, // U+0140
    { 12, 16, 202, 0, 16, 24, 6041 }, // U+0141
    { 7, 16, 90, -1, 16, 14, 6065 }, // U+0142
    { 14, 20, 254, 1, 20, 35, 6079 }, // U+0143
    { 11, 16, 207, 1, 16, 22, 6114 }, // U+0144
    { 14, 21, 254, 1, 16, 37, 6136 }, // U+0145
    { 11, 17, 207, 1, 12, 24, 6173 }, // U+0146
    { 14, 20, 254, 1, 20, 35, 6197 }, // U+0147
    { 11, 16, 207, 1, 16, 22, 6232 }, // U+0148
    { 14, 20, 254, 1, 16, 35, 6254 }, // U+014A
    { 11, 16, 207, 1, 12, 22, 6289 }, // U+014B
    { 16, 21, 257, 0, 21, 42, 6311 }, // U+014C
    { 12, 17, 204, 0, 17, 26, 6353 }, // U+014D
    { 16, 21, 257, 0, 21, 42, 6379 }, // U+014E
    { 12, 17, 204, 0, 17, 26, 6421 }, // U+014F
    { 16, 20, 257, 0, 20, 40, 6447 }, // U+0150
    { 12, 16, 204, 0, 16, 24, 6487 }, // U+0151
    { 21, 16, 339, 0, 16, 42, 6511 }, // U+0152
    { 20, 12, 329, 0, 12, 30, 6553 }, // U+0153
    { 13, 20, 219, 1, 20, 33, 6583 }, // U+0154
    { 8, 16, 136, 1, 16, 16, 6616 }, // U+0155
    { 13, 21, 219, 1, 16, 35, 6632 }, // U+0156
    { 9, 18, 136, 0, 13, 21, 6667 }, // U+0157
    { 13, 20, 219, 1, 20, 33, 6688 }, // U+0158
    { 9, 16, 136, 0, 16, 18, 6721 }, // U+0159
    { 13, 20, 218, 0, 20, 33, 6739 }, // U+015A
    { 11, 16, 187, 0, 16, 22, 6772 }, // U+015B
    { 13, 20, 218, 0, 20, 33, 6794 }, // U+015C
    { 11, 16, 187, 0, 16, 22, 6827 }, // U+015D
    { 13, 21, 218, 0, 16, 35, 6849 }, // U+015E
    { 11, 17, 187, 0, 12, 24, 6884 }, // U+015F
    { 13, 20, 218, 0, 20, 33, 6908 }, // U+0160
    { 11, 16, 187, 0, 16, 22, 6941 }, // U+0161
    { 14, 21, 222, 0, 16, 37, 6963 }, // U+0162
    { 8, 20, 122, 0, 15, 20, 7000 }, // U+0163
    { 14, 20, 222, 0, 20, 35, 7020 }, // U+0164
    { 9, 18, 147, 0, 18, 21, 7055 }, // U+0165
    { 14, 16, 222, 0, 16, 28, 7076 }, // U+0166
    { 8, 15, 122, 0, 15, 15, 7104 }, // U+0167
    { 13, 21, 244, 1, 21, 35, 7119 }, // U+0168
    { 11, 17, 207, 1, 17, 24, 7154 }, // U+0169
    { 13, 21, 244, 1, 21, 35, 7178 }, // U+016A
    { 11, 17, 207, 1, 17, 24, 7213 }, // U+016B
    { 13, 21, 244, 1, 21, 35, 7237 }, // U+016C
    { 11, 17, 207, 1, 17, 24, 7272 }, // U+016D
    { 13, 22, 244, 1, 22, 36, 7296 }, // U+016E
    { 11, 18, 207, 1, 18, 25, 7332 }, // U+016F
    { 13, 20, 244, 1, 20, 33, 7357 }, // U+0170
    { 11, 16, 207, 1, 16, 22, 7390 }, // U+0171
    { 13, 20, 244, 1, 16, 33, 7412 }, // U+0172
    { 12, 17, 207, 1, 12, 26, 7445 }, // U+0173
    { 22, 20, 346, 0, 20, 55, 7471 }, // U+0174
    { 18, 16, 283, 0, 16, 36, 7526 }, // U+0175
    { 15, 20, 244, 0, 20, 38, 7562 }, // U+0176
    { 13, 20, 201, 0, 16, 33, 7600 }, // U+0177
    { 15, 20, 244, 0, 20, 38, 7633 }, // U+0178
    { 12, 20, 221, 1, 20, 30, 7671 }, // U+0179
    { 10, 16, 191, 1, 16, 20, 7701 }, // U+017A
    { 12, 20, 221, 1, 20, 30, 7721 }, // U+017B
    { 10, 16, 191, 1, 16, 20, 7751 }, // U+017C
    { 12, 20, 221, 1, 20, 30, 7771 }, // U+017D
    { 10, 16, 191, 1, 16, 20, 7801 }, // U+017E
    { 7, 17, 115, 1, 17, 15, 7821 }, // U+017F
    { 16, 18, 260, 0, 18, 36, 7836 }, // U+01A0
    { 13, 15, 204, 0, 15, 25, 7872 }, // U+01A1
    { 15, 18, 243, 1, 18, 34, 7897 }, // U+01AF
    { 13, 15, 220, 1, 15, 25, 7931 }, // U+01B0
    { 25, 16, 432, 1, 16, 50, 7956 }, // U+01C5
    { 24, 16, 401, 0, 16, 48, 8006 }, // U+01C6
    { 22, 16, 383, 1, 16, 44, 8054 }, // U+01C7
    { 16, 20, 279, 1, 16, 40, 8098 }, // U+01C8
    { 10, 20, 181, 1, 16, 25, 8138 }, // U+01C9
    { 26, 16, 449, 1, 16, 52, 8163 }, // U+01CA
    { 20, 20, 344, 1, 16, 50, 8215 }, // U+01CB
    { 17, 20, 298, 1, 16, 43, 8265 }, // U+01CC
    { 16, 20, 249, 0, 20, 40, 8308 }, // U+01CD
    { 11, 16, 193, 0, 16, 22, 8348 }, // U+01CE
    { 10, 20, 94, -2, 20, 25, 8370 }, // U+01CF
    { 9, 16, 90, -2, 16, 18, 8395 }, // U+01D0
    { 16, 20, 257, 0, 20, 40, 8413 }, // U+01D1
    { 12, 16, 204, 0, 16, 24, 8453 }, // U+01D2
    { 13, 20, 244, 1, 20, 33, 8477 }, // U+01D3
    { 11, 16, 207, 1, 16, 22, 8510 }, // U+01D4
    { 13, 24, 244, 1, 24, 39, 8532 }, // U+01D5
    { 11, 20, 207, 1, 20, 28, 8571 }, // U+01D6
    { 13, 25, 244, 1, 25, 41, 8599 }, // U+01D7
    { 11, 21, 207, 1, 21, 29, 8640 }, // U+01D8
    { 13, 26, 244, 1, 26, 43, 8669 }, // U+01D9
    { 11, 22, 207, 1, 22, 31, 8712 }, // U+01DA
    { 13, 25, 244, 1, 25, 41, 8743 }, // U+01DB
    { 11, 21, 207, 1, 21, 29, 8784 }, // U+01DC
    { 12, 12, 199, 0, 12, 18, 8813 }, // U+01DD
    { 16, 24, 249, 0, 24, 48, 8831 }, // U+01DE
    { 11, 20, 193, 0, 20, 28, 8879 }, // U+01DF
    { 16, 24, 249, 0, 24, 48, 8907 }, // U+01E0
    { 11, 20, 193, 0, 20, 28, 8955 }, // U+01E1
    { 21, 21, 341, 0, 21, 56, 8983 }, // U+01E2
    { 19, 17, 303, 0, 17, 41, 9039 }, // U+01E3
    { 16, 16, 250, 0, 16, 32, 9080 }, // U+01E4
    { 14, 16, 230, 0, 12, 28, 9112 }, // U+01E5
    { 15, 20, 250, 0, 20, 38, 9140 }, // U+01E6
    { 12, 20, 211, 0, 16, 30, 9178 }, // U+01E7
    { 14, 20, 240, 1, 20, 35, 9208 }, // U+01E8
    { 14, 20, 193, -2, 20, 35, 9243 }, // U+01E9
    { 16, 20, 257, 0, 16, 40, 9278 }, // U+01EA
    { 12, 16, 204, 0, 12, 24, 9318 }, // U+01EB
    { 16, 25, 257, 0, 21, 50, 9342 }, // U+01EC
    { 12, 21, 204, 0, 17, 32, 9392 }, // U+01ED
    { 14, 24, 229, 0, 20, 42, 9424 }, // U+01EE
    { 12, 20, 215, 1, 16, 30, 9466 }, // U+01EF
    { 9, 20, 90, -2, 16, 23, 9496 }, // U+01F0
    { 27, 16, 462, 1, 16, 54, 9519 }, // U+01F1
    { 25, 16, 432, 1, 16, 50, 9573 }, // U+01F2
    { 24, 16, 401, 0, 16, 48, 9623 }, // U+01F3
    { 15, 20, 250, 0, 20, 38, 9671 }, // U+01F4
    { 12, 20, 211, 0, 16, 30, 9709 }, // U+01F5
    { 22, 16, 375, 1, 16, 44, 9739 }, // U+01F6
    { 13, 20, 246, 1, 16, 33, 9783 }, // U+01F7
    { 14, 20, 254, 1, 20, 35, 9816 }, // U+01F8
    { 11, 16, 207, 1, 16, 22, 9851 }, // U+01F9
    { 16, 24, 249, 0, 24, 48, 9873 }, // U+01FA
    { 11, 22, 193, 0, 22, 31, 9921 }, // U+01FB
    { 21, 20, 341, 0, 20, 53, 9952 }, // U+01FC
    { 19, 16, 303, 0, 16, 38, 10005 }, // U+01FD
    { 16, 21, 257, 0, 20, 42, 10043 }, // U+01FE
    { 12, 17, 204, 0, 16, 26, 10085 }, // U+01FF
    { 16, 20, 249, 0, 20, 40, 10111 }, // U+0200
    { 11, 16, 193, 0, 16, 22, 10151 }, // U+0201
    { 16, 21, 249, 0, 21, 42, 10173 }, // U+0202
    { 11, 17, 193, 0, 17, 24, 10215 }, // U+0203
    { 11, 20, 202, 1, 20, 28, 10239 }, // U+0204
    { 12, 16, 199, 0, 16, 24, 10267 }, // U+0205
    { 11, 21, 202, 1, 21, 29, 10291 }, // U+0206
    { 12, 17, 199, 0, 17, 26, 10320 }, // U+0207
    { 9, 20, 94, -3, 20, 23, 10346 }, // U+0208
    { 9, 16, 90, -3, 16, 18, 10369 }, // U+0209
    { 8, 21, 94, -1, 21, 21, 10387 }, // U+020A
    { 8, 17, 90, -1, 17, 17, 10408 }, // U+020B
    { 16, 20, 257, 0, 20, 40, 10425 }, // U+020C
    { 12, 16, 204, 0, 16, 24, 10465 }, // U+020D
    { 16, 21, 257, 0, 21, 42, 10489 }, // U+020E
    { 12, 17, 204, 0, 17, 26, 10531 }, // U+020F
    { 13, 20, 219, 1, 20, 33, 10557 }, // U+0210
    { 10, 16, 136, -1, 16, 20, 10590 }, // U+0211
    { 13, 21, 219, 1, 21, 35, 10610 }, // U+0212
    { 8, 17, 136, 1, 17, 17, 10645 }, // U+0213
    { 13, 20, 244, 1, 20, 33, 10662 }, // U+0214
    { 11, 16, 207, 1, 16, 22, 10695 }, // U+0215
    { 13, 21, 244, 1, 21, 35, 10717 }, // U+0216
    { 11, 17, 207, 1, 17, 24, 10752 }, // U+0217
    { 13, 21, 218, 0, 16, 35, 10776 }, // U+0218
    { 11, 17, 187, 0, 12, 24, 10811 }, // U+0219
    { 14, 21, 222, 0, 16, 37, 10835 }, // U+021A
    { 8, 20, 122, 0, 15, 20, 10872 }, // U+021B
    { 12, 21, 222, 1, 16, 32, 10892 }, // U+021C
    { 10, 17, 191, 1, 12, 22, 10924 }, // U+021D
    { 14, 20, 249, 1, 20, 35, 10946 }, // U+021E
    { 14, 20, 207, -2, 20, 35, 10981 }, // U+021F
    { 5, 3, 0, 1, 16, 2, 11016 }, // U+0300
    { 5, 3, 0, 1, 16, 2, 11018 }, // U+0301
    { 9, 3, 0, 0, 16, 4, 11020 }, // U+0302
    { 8, 3, 0, 1, 17, 3, 11024 }, // U+0303
    { 7, 3, 0, 1, 17, 3, 11027 }, // U+0304
    { 8, 4, 0, 0, 17, 4, 11030 }, // U+0306
    { 4, 3, 0, 1, 16, 2, 11034 }, // U+0307
    { 9, 3, 0, 2, 16, 4, 11036 }, // U+0308
    { 4, 4, 0, 1, 17, 2, 11040 }, // U+0309
    { 6, 6, 0, 1, 18, 5, 11042 }, // U+030A
    { 11, 3, 0, -4, 16, 5, 11047 }, // U+030B
    { 9, 3, 0, 0, 16, 4, 11052 }, // U+030C
    { 9, 3, 0, 1, 16, 4, 11056 }, // U+030F
    { 5, 6, 0, -2, 15, 4, 11060 }, // U+0312
    { 5, 7, 0, 4, 10, 5, 11064 }, // U+0313
    { 5, 7, 0, 4, 10, 5, 11069 }, // U+0315
    { 4, 6, 0, -5, 16, 3, 11074 }, // U+031B
    { 4, 3, 96, 1, -1, 2, 11077 }, // U+0323
    { 4, 5, 0, -9, -1, 3, 11079 }, // U+0326
    { 5, 6, 0, 2, 1, 4, 11082 }, // U+0327
    { 6, 6, 0, 0, 1, 5, 11086 }, // U+0328
    { 9, 3, 0, 0, -1, 4, 11091 }, // U+032C
    { 9, 15, 0, -11, 14, 17, 11095 }, // U+0337
    { 13, 17, 0, -13, 16, 28, 11112 }, // U+0338
    { 8, 3, 0, -11, 17, 3, 11140 }, // U+0342
    { 5, 4, 0, 0, 13, 3, 11143 }, // U+0343
    { 9, 6, 0, -11, 18, 7, 11146 }, // U+0346
    { 8, 5, 0, -10, -2, 5, 11153 }, // U+0347
    { 6, 5, 0, -9, 0, 4, 11158 }, // U+0348
    { 6, 6, 0, -9, 0, 5, 11162 }, // U+0349
    { 9, 6, 0, -11, 18, 7, 11167 }, // U+034A
    { 9, 9, 0, -11, 21, 11, 11174 }, // U+034B
    { 9, 5, 0, -11, 18, 6, 11185 }, // U+034C
    { 11, 5, 0, -12, -1, 7, 11191 }, // U+034D
    { 5, 5, 0, -9, -1, 4, 11198 }, // U+034E
    { 0, 0, 0, 0, 0, 0, 11202 }, // U+034F
    { 9, 9, 0, -10, 21, 11, 11202 }, // U+0350
    { 3, 4, 0, -8, 16, 2, 11213 }, // U+0351
    { 9, 7, 0, -11, 19, 8, 11215 }, // U+0352
    { 6, 6, 0, -9, 0, 5, 11223 }, // U+0353
    { 6, 6, 0, -9, 0, 5, 11228 }, // U+0354
    { 6, 6, 0, -9, 0, 5, 11233 }, // U+0355
    { 12, 6, 0, -11, 0, 9, 11238 }, // U+0356
    { 4, 6, 0, 0, 18, 3, 11247 }, // U+0357
    { 4, 3, 0, 1, 16, 2, 11250 }, // U+0358
    { 5, 5, 0, -9, -1, 4, 11252 }, // U+0359
    { 9, 4, 0, -11, -1, 5, 11256 }, // U+035A
    { 5, 5, 0, -9, 18, 4, 11261 }, // U+035B
    { 16, 4, 0, -9, 0, 8, 11265 }, // U+035C
    { 17, 4, 0, -9, 16, 9, 11273 }, // U+035D
    { 13, 2, 0, -13, 16, 4, 11282 }, // U+035E
    { 13, 2, 0, -13, -1, 4, 11286 }, // U+035F
    { 22, 5, 0, -12, 17, 14, 11290 }, // U+0360
    { 17, 4, 0, -9, 16, 9, 11304 }, // U+0361
    { 19, 5, 0, -9, -1, 12, 11313 }, // U+0362
    { 7, 6, 0, -10, 18, 6, 11325 }, // U+0363
    { 7, 7, 0, -10, 19, 7, 11331 }, // U+0364
    { 3, 8, 0, -8, 21, 3, 11338 }, // U+0365
    { 7, 7, 0, -10, 19, 7, 11341 }, // U+0366
    { 7, 7, 0, -10, 19, 7, 11348 }, // U+0367
    { 7, 8, 0, -10, 20, 7, 11355 }, // U+0368
    { 7, 10, 0, -10, 22, 9, 11362 }, // U+0369
    { 7, 8, 0, -10, 21, 7, 11371 }, // U+036A
    { 9, 6, 0, -11, 19, 7, 11378 }, // U+036B
    { 4, 6, 0, -8, 19, 3, 11385 }, // U+036C
    { 4, 9, 0, 0, 21, 5, 11388 }, // U+036D
    { 7, 6, 0, -10, 19, 6, 11393 }, // U+036E
    { 7, 6, 0, -10, 19, 6, 11399 }, // U+036F
    { 11, 20, 202, 1, 20, 28, 11405 }, // U+0400
    { 11, 20, 202, 1, 20, 28, 11433 }, // U+0401
    { 18, 17, 286, 0, 16, 39, 11461 }, // U+0402
    { 11, 20, 194, 1, 20, 28, 11500 }, // U+0403
    { 15, 16, 247, 0, 16, 30, 11528 }, // U+0404
    { 13, 16, 218, 0, 16, 26, 11558 }, // U+0405
    { 4, 16, 94, 1, 16, 8, 11584 }, // U+0406
    { 8, 20, 94, -1, 20, 20, 11592 }, // U+0407
    { 11, 16, 195, 0, 16, 22, 11612 }, // U+0408
    { 23, 16, 372, 0, 16, 46, 11634 }, // U+0409
    { 22, 16, 375, 1, 16, 44, 11680 }, // U+040A
    { 18, 16, 298, 0, 16, 36, 11724 }, // U+040B
    { 14, 20, 240, 1, 20, 35, 11760 }, // U+040C
    { 14, 20, 254, 1, 20, 35, 11795 }, // U+040D
    { 14, 21, 231, 0, 21, 37, 11830 }, // U+040E
    { 13, 19, 242, 1, 16, 31, 11867 }, // U+040F
    { 16, 16, 249, 0, 16, 32, 11898 }, // U+0410
    { 12, 16, 216, 1, 16, 24, 11930 }, // U+0411
    { 12, 16, 220, 1, 16, 24, 11954 }, // U+0412
    { 11, 16, 194, 1, 16, 22, 11978 }, // U+0413
    { 18, 20, 289, 0, 16, 45, 12000 }, // U+0414
    { 11, 16, 202, 1, 16, 22, 12045 }, // U+0415
    { 22, 16, 356, 0, 16, 44, 12067 }, // U+0416
    { 12, 16, 215, 1, 16, 24, 12111 }, // U+0417
    { 14, 16, 254, 1, 16, 28, 12135 }, // U+0418
    { 14, 21, 254, 1, 21, 37, 12163 }, // U+0419
    { 14, 16, 240, 1, 16, 28, 12200 }, // U+041A
    { 15, 16, 250, 0, 16, 30, 12228 }, // U+041B
    { 18, 16, 310, 1, 16, 36, 12258 }, // U+041C
    { 14, 16, 249, 1, 16, 28, 12294 }, // U+041D
    { 16, 16, 257, 0, 16, 32, 12322 }, // U+041E
    { 14, 16, 249, 1, 16, 28, 12354 }, // U+041F
    { 12, 16, 216, 1, 16, 24, 12382 }, // U+0420
    { 15, 16, 247, 0, 16, 30, 12406 }, // U+0421
    { 14, 16, 222, 0, 16, 28, 12436 }, // U+0422
    { 14, 16, 231, 0, 16, 28, 12464 }, // U+0423
    { 17, 18, 278, 0, 17, 39, 12492 }, // U+0424
    { 15, 16, 246, 0, 16, 30, 12531 }, // U+0425
    { 15, 20, 256, 1, 16, 38, 12561 }, // U+0426
    { 13, 16, 236, 1, 16, 26, 12599 }, // U+0427
    { 19, 16, 330, 1, 16, 38, 12625 }, // U+0428
    { 20, 20, 339, 1, 16, 50, 12663 }, // U+0429
    { 17, 16, 277, 0, 16, 34, 12713 }, // U+042A
    { 17, 16, 306, 1, 16, 34, 12747 }, // U+042B
    { 12, 16, 221, 1, 16, 24, 12781 }, // U+042C
    { 15, 16, 247, 0, 16, 30, 12805 }, // U+042D
    { 20, 16, 347, 1, 16, 40, 12835 }, // U+042E
    { 13, 16, 219, 0, 16, 26, 12875 }, // U+042F
    { 11, 12, 193, 0, 12, 17, 12901 }, // U+0430
    { 12, 16, 203, 0, 16, 24, 12918 }, // U+0431
    { 11, 12, 192, 1, 12, 17, 12942 }, // U+0432
    { 9, 12, 151, 1, 12, 14, 12959 }, // U+0433
    { 14, 16, 220, 0, 12, 28, 12973 }, // U+0434
    { 12, 12, 199, 0, 12, 18, 13001 }, // U+0435
    { 18, 12, 288, 0, 12, 27, 13019 }, // U+0436
    { 11, 12, 173, 0, 12, 17, 13046 }, // U+0437
    { 11, 12, 207, 1, 12, 17, 13063 }, // U+0438
    { 11, 17, 207, 1, 17, 24, 13080 }, // U+0439
    { 12, 12, 194, 1, 12, 18, 13104 }, // U+043A
    { 12, 12, 201, 0, 12, 18, 13122 }, // U+043B
    { 15, 12, 271, 1, 12, 23, 13140 }, // U+043C
    { 11, 12, 207, 1, 12, 17, 13163 }, // U+043D
    { 12, 12, 204, 0, 12, 18, 13180 }, // U+043E
    { 11, 12, 204, 1, 12, 17, 13198 }, // U+043F
    { 12, 16, 210, 1, 12, 24, 13215 }, // U+0440
    { 12, 12, 196, 0, 12, 18, 13239 }, // U+0441
    { 11, 12, 170, 0, 12, 17, 13257 }, // U+0442
    { 13, 16, 201, 0, 12, 26, 13274 }, // U+0443
    { 16, 20, 259, 0, 16, 40, 13300 }, // U+0444
    { 12, 12, 193, 0, 12, 18, 13340 }, // U+0445
    { 13, 16, 219, 1, 12, 26, 13358 }, // U+0446
    { 11, 12, 200, 1, 12, 17, 13384 }, // U+0447
    { 16, 12, 287, 1, 12, 24, 13401 }, // U+0448
    { 18, 16, 296, 1, 12, 36, 13425 }, // U+0449
    { 14, 12, 226, 0, 12, 21, 13461 }, // U+044A
    { 15, 12, 269, 1, 12, 23, 13482 }, // U+044B
    { 11, 12, 197, 1, 12, 17, 13505 }, // U+044C
    { 12, 12, 196, 0, 12, 18, 13522 }, // U+044D
    { 17, 12, 289, 1, 12, 26, 13540 }, // U+044E
    { 11, 12, 192, 0, 12, 17, 13566 }, // U+044F
    { 12, 16, 199, 0, 16, 24, 13583 }, // U+0450
    { 12, 16, 199, 0, 16, 24, 13607 }, // U+0451
    { 13, 20, 207, -1, 16, 33, 13631 }, // U+0452
    { 9, 16, 151, 1, 16, 18, 13664 }, // U+0453
    { 12, 12, 196, 0, 12, 18, 13682 }, // U+0454
    { 11, 12, 187, 0, 12, 17, 13700 }, // U+0455
    { 4, 16, 90, 1, 16, 8, 13717 }, // U+0456
    { 8, 16, 90, -1, 16, 16, 13725 }, // U+0457
    { 6, 20, 90, -1, 16, 15, 13741 }, // U+0458
    { 19, 12, 315, 0, 12, 29, 13756 }, // U+0459
    { 18, 12, 308, 1, 12, 27, 13785 }, // U+045A
    { 13, 16, 207, -1, 16, 26, 13812 }, // U+045B
    { 12, 16, 194, 1, 16, 24, 13838 }, // U+045C
    { 11, 16, 207, 1, 16, 22, 13862 }, // U+045D
    { 13, 21, 201, 0, 17, 35, 13884 }, // U+045E
    { 11, 15, 204, 1, 12, 21, 13919 }, // U+045F
    { 18, 16, 326, 1, 16, 36, 13940 }, // U+0460
    { 17, 12, 294, 1, 12, 26, 13976 }, // U+0461
    { 14, 16, 237, 0, 16, 28, 14002 }, // U+0462
    { 13, 16, 214, 0, 16, 26, 14030 }, // U+0463
    { 19, 16, 334, 1, 16, 38, 14056 }, // U+0464
    { 16, 12, 276, 1, 12, 24, 14094 }, // U+0465
    { 16, 16, 249, 0, 16, 32, 14118 }, // U+0466
    { 12, 12, 197, 0, 12, 18, 14150 }, // U+0467
    { 20, 16, 330, 1, 16, 40, 14168 }, // U+0468
    { 17, 12, 278, 1, 12, 26, 14208 }, // U+0469
    { 17, 16, 294, 1, 16, 34, 14234 }, // U+046A
    { 14, 12, 249, 1, 12, 21, 14268 }, // U+046B
    { 23, 16, 395, 1, 16, 46, 14289 }, // U+046C
    { 20, 12, 341, 1, 12, 30, 14335 }, // U+046D
    { 10, 26, 190, 1, 21, 33, 14365 }, // U+046E
    { 10, 21, 181, 0, 17, 27, 14398 }, // U+046F
    { 17, 16, 298, 1, 16, 34, 14425 }, // U+0470
    { 15, 19, 277, 1, 15, 36, 14459 }, // U+0471
    { 16, 16, 257, 0, 16, 32, 14495 }, // U+0472
    { 12, 12, 204, 0, 12, 18, 14527 }, // U+0473
    { 16, 16, 253, 0, 16, 32, 14545 }, // U+0474
    { 13, 12, 206, 0, 12, 20, 14577 }, // U+0475
    { 16, 20, 253, 0, 20, 40, 14597 }, // U+0476
    { 13, 16, 206, 0, 16, 26, 14637 }, // U+0477
    { 29, 20, 457, 0, 16, 73, 14663 }, // U+0478
    { 25, 16, 399, 0, 12, 50, 14736 }, // U+0479
    { 14, 16, 239, 0, 16, 28, 14786 }, // U+0480
    { 12, 16, 195, 0, 12, 24, 14814 }, // U+0481
    { 12, 14, 223, 1, 14, 21, 14838 }, // U+0482
    { 9, 5, 0, -11, 17, 6, 14859 }, // U+0483
    { 9, 3, 0, -10, 16, 4, 14865 }, // U+0484
    { 3, 4, 0, -7, 17, 2, 14869 }, // U+0485
    { 3, 4, 0, -7, 17, 2, 14871 }, // U+0486
    { 9, 3, 0, -11, 16, 4, 14873 }, // U+0487
    { 21, 19, 0, -17, 16, 50, 14877 }, // U+0488
    { 20, 20, 0, -16, 16, 50, 14927 }, // U+0489
    { 15, 25, 254, 1, 21, 47, 14977 }, // U+048A
    { 13, 21, 207, 1, 17, 35, 15024 }, // U+048B
    { 14, 16, 237, 0, 16, 28, 15059 }, // U+048C
    { 13, 15, 214, 0, 15, 25, 15087 }, // U+048D
    { 12, 16, 220, 1, 16, 24, 15112 }, // U+048E
    { 12, 16, 204, 1, 12, 24, 15136 }, // U+048F
    { 11, 19, 194, 1, 19, 27, 15160 }, // U+0490
    { 9, 15, 151, 1, 15, 17, 15187 }, // U+0491
    { 13, 16, 194, -1, 16, 26, 15204 }, // U+0492
    { 11, 12, 151, -1, 12, 17, 15230 }, // U+0493
    { 12, 17, 221, 1, 16, 26, 15247 }, // U+0494
    { 11, 16, 191, 1, 12, 22, 15273 }, // U+0495
    { 23, 20, 368, 0, 16, 58, 15295 }, // U+0496
    { 19, 16, 299, 0, 12, 38, 15353 }, // U+0497
    { 12, 21, 215, 1, 16, 32, 15391 }, // U+0498
    { 11, 17, 173, 0, 12, 24, 15423 }, // U+0499
    { 15, 20, 254, 1, 16, 38, 15447 }, // U+049A
    { 12, 16, 205, 1, 12, 24, 15485 }, // U+049B
    { 14, 16, 240, 1, 16, 28, 15509 }, // U+049C
    { 13, 12, 211, 1, 12, 20, 15537 }, // U+049D
    { 18, 16, 295, 0, 16, 36, 15557 }, // U+04A0
    { 14, 12, 224, 0, 12, 21, 15593 }, // U+04A1
    { 15, 20, 258, 1, 16, 38, 15614 }, // U+04A2
    { 13, 16, 216, 1, 12, 26, 15652 }, // U+04A3
    { 20, 16, 335, 1, 16, 40, 15678 }, // U+04A4
    { 14, 12, 236, 1, 12, 21, 15718 }, // U+04A5
    { 22, 17, 376, 1, 16, 47, 15739 }, // U+04A6
    { 18, 15, 313, 1, 12, 34, 15786 }, // U+04A7
    { 22, 16, 349, 0, 16, 44, 15820 }, // U+04A8
    { 18, 12, 280, 0, 12, 27, 15864 }, // U+04A9
    { 15, 21, 247, 0, 16, 40, 15891 }, // U+04AA
    { 12, 17, 196, 0, 12, 26, 15931 }, // U+04AB
    { 14, 20, 222, 0, 16, 35, 15957 }, // U+04AC
    { 11, 16, 170, 0, 12, 22, 15992 }, // U+04AD
    { 15, 16, 244, 0, 16, 30, 16014 }, // U+04AE
    { 13, 16, 200, 0, 12, 26, 16044 }, // U+04AF
    { 15, 16, 244, 0, 16, 30, 16070 }, // U+04B0
    { 13, 16, 200, 0, 12, 26, 16100 }, // U+04B1
    { 16, 20, 258, 0, 16, 40, 16126 }, // U+04B2
    { 13, 16, 204, 0, 12, 26, 16166 }, // U+04B3
    { 20, 20, 317, 0, 16, 50, 16192 }, // U+04B4
    { 15, 16, 237, 0, 12, 30, 16242 }, // U+04B5
    { 14, 20, 245, 1, 16, 35, 16272 }, // U+04B6
    { 12, 16, 210, 1, 12, 24, 16307 }, // U+04B7
    { 13, 16, 236, 1, 16, 26, 16331 }, // U+04B8
    { 11, 12, 200, 1, 12, 17, 16357 }, // U+04B9
    { 13, 16, 236, 1, 16, 26, 16374 }, // U+04BA
    { 11, 16, 207, 1, 16, 22, 16400 }, // U+04BB
    { 18, 16, 297, 0, 16, 36, 16422 }, // U+04BC
    { 15, 12, 251, 0, 12, 23, 16458 }, // U+04BD
    { 18, 19, 297, 0, 16, 43, 16481 }, // U+04BE
    { 15, 17, 251, 0, 12, 32, 16524 }, // U+04BF
    { 4, 16, 94, 1, 16, 8, 16556 }, // U+04C0
    { 22, 21, 356, 0, 21, 58, 16564 }, // U+04C1
    { 18, 17, 288, 0, 17, 39, 16622 }, // U+04C2
    { 13, 20, 231, 1, 16, 33, 16661 }, // U+04C3
    { 12, 16, 207, 1, 12, 24, 16694 }, // U+04C4
    { 17, 20, 250, 0, 16, 43, 16718 }, // U+04C5
    { 14, 16, 201, 0, 12, 28, 16761 }, // U+04C6
    { 14, 20, 249, 1, 16, 35, 16789 }, // U+04C7
    { 11, 16, 207, 1, 12, 22, 16824 }, // U+04C8
    { 16, 20, 249, 1, 16, 40, 16846 }, // U+04C9
    { 13, 16, 207, 1, 12, 26, 16886 }, // U+04CA
    { 13, 20, 245, 1, 16, 33, 16912 }, // U+04CB
    { 11, 16, 210, 1, 12, 22, 16945 }, // U+04CC
    { 19, 20, 310, 1, 16, 48, 16967 }, // U+04CD
    { 17, 16, 271, 1, 12, 34, 17015 }, // U+04CE
    { 4, 16, 90, 1, 16, 8, 17049 }, // U+04CF
    { 16, 21, 249, 0, 21, 42, 17057 }, // U+04D0
    { 11, 17, 193, 0, 17, 24, 17099 }, // U+04D1
    { 16, 20, 249, 0, 20, 40, 17123 }, // U+04D2
    { 11, 16, 193, 0, 16, 22, 17163 }, // U+04D3
    { 21, 16, 341, 0, 16, 42, 17185 }, // U+04D4
    { 19, 12, 303, 0, 12, 29, 17227 }, // U+04D5
    { 11, 21, 202, 1, 21, 29, 17256 }, // U+04D6
    { 12, 17, 199, 0, 17, 26, 17285 }, // U+04D7
    { 14, 16, 249, 1, 16, 28, 17311 }, // U+04D8
    { 12, 12, 199, 0, 12, 18, 17339 }, // U+04D9
    { 14, 20, 249, 1, 20, 35, 17357 }, // U+04DA
    { 12, 16, 199, 0, 16, 24, 17392 }, // U+04DB
    { 22, 20, 356, 0, 20, 55, 17416 }, // U+04DC
    { 18, 16, 288, 0, 16, 36, 17471 }, // U+04DD
    { 12, 20, 215, 1, 20, 30, 17507 }, // U+04DE
    { 11, 16, 173, 0, 16, 22, 17537 }, // U+04DF
    { 12, 16, 215, 1, 16, 24, 17559 }, // U+04E0
    { 12, 16, 215, 1, 12, 24, 17583 }, // U+04E1
    { 14, 21, 254, 1, 21, 37, 17607 }, // U+04E2
    { 11, 17, 207, 1, 17, 24, 17644 }, // U+04E3
    { 14, 20, 254, 1, 20, 35, 17668 }, // U+04E4
    { 11, 16, 207, 1, 16, 22, 17703 }, // U+04E5
    { 16, 20, 257, 0, 20, 40, 17725 }, // U+04E6
    { 12, 16, 204, 0, 16, 24, 17765 }, // U+04E7
    { 16, 16, 257, 0, 16, 32, 17789 }, // U+04E8
    { 12, 12, 204, 0, 12, 18, 17821 }, // U+04E9
    { 16, 20, 257, 0, 20, 40, 17839 }, // U+04EA
    { 12, 16, 204, 0, 16, 24, 17879 }, // U+04EB
    { 15, 20, 247, 0, 20, 38, 17903 }, // U+04EC
    { 12, 16, 196, 0, 16, 24, 17941 }, // U+04ED
    { 14, 21, 231, 0, 21, 37, 17965 }, // U+04EE
    { 13, 21, 201, 0, 17, 35, 18002 }, // U+04EF
    { 14, 20, 231, 0, 20, 35, 18037 }, // U+04F0
    { 13, 20, 201, 0, 16, 33, 18072 }, // U+04F1
    { 14, 20, 231, 0, 20, 35, 18105 }, // U+04F2
    { 13, 20, 201, 0, 16, 33, 18140 }, // U+04F3
    { 13, 20, 236, 1, 20, 33, 18173 }, // U+04F4
    { 11, 16, 200, 1, 16, 22, 18206 }, // U+04F5
    { 11, 20, 194, 1, 16, 28, 18228 }, // U+04F6
    { 9, 16, 151, 1, 12, 18, 18256 }, // U+04F7
    { 17, 20, 306, 1, 20, 43, 18274 }, // U+04F8
    { 15, 16, 269, 1, 16, 30, 18317 }, // U+04F9
    { 13, 20, 207, 0, 16, 33, 18347 }, // U+04FA
    { 11, 16, 151, -1, 12, 22, 18380 }, // U+04FB
    { 16, 20, 263, 0, 16, 40, 18402 }, // U+04FC
    { 11, 16, 180, 0, 12, 22, 18442 }, // U+04FD
    { 15, 16, 246, 0, 16, 30, 18464 }, // U+04FE
    { 12, 12, 193, 0, 12, 18, 18494 }, // U+04FF
    { 14, 13, 225, 0, 13, 23, 18512 }, // U+05D0
    { 12, 13, 198, 0, 13, 20, 18535 }, // U+05D1
    { 9, 14, 137, 0, 13, 16, 18555 }, // U+05D2
    { 12, 13, 190, 0, 13, 20, 18571 }, // U+05D3
    { 12, 13, 219, 1, 13, 20, 18591 }, // U+05D4
    { 6, 13, 113, 0, 13, 10, 18611 }, // U+05D5
    { 8, 13, 124, 0, 13, 13, 18621 }, // U+05D6
    { 14, 13, 229, 0, 13, 23, 18634 }, // U+05D7
    { 13, 13, 220, 0, 13, 22, 18657 }, // U+05D8
    { 6, 8, 111, 0, 13, 6, 18679 }, // U+05D9
    { 11, 17, 190, 0, 13, 24, 18685 }, // U+05DA
    { 11, 13, 176, 0, 13, 18, 18709 }, // U+05DB
    { 11, 17, 185, 0, 17, 24, 18727 }, // U+05DC
    { 14, 13, 234, 0, 13, 23, 18751 }, // U+05DD
    { 15, 13, 234, 0, 13, 25, 18774 }, // U+05DE
    { 6, 17, 118, 0, 13, 13, 18799 }, // U+05DF
    { 8, 13, 135, 0, 13, 13, 18812 }, // U+05E0
    { 14, 13, 227, 0, 13, 23, 18825 }, // U+05E1
    { 13, 15, 210, 0, 14, 25, 18848 }, // U+05E2
    { 13, 17, 218, 0, 13, 28, 18873 }, // U+05E3
    { 13, 13, 209, 0, 13, 22, 18901 }, // U+05E4
    { 12, 17, 196, 0, 13, 26, 18923 }, // U+05E5
    { 12, 13, 197, 0, 13, 20, 18949 }, // U+05E6
    { 14, 17, 218, 0, 13, 30, 18969 }, // U+05E7
    { 10, 13, 181, 0, 13, 17, 18999 }, // U+05E8
    { 15, 13, 262, 1, 13, 25, 19016 }, // U+05E9
    { 14, 13, 241, 0, 13, 23, 19041 }, // U+05EA
    { 4, 7, 108, 1, 6, 4, 19064 }, // U+060C
    { 6, 16, 113, 0, 15, 12, 19068 }, // U+061B
    { 11, 17, 171, 0, 16, 24, 19080 }, // U+061F
    { 10, 12, 157, 0, 10, 15, 19104 }, // U+0621
    { 8, 4, 96, 0, 3, 4, 19119 }, // U+0640
    { 6, 7, 0, 0, 18, 6, 19123 }, // U+0654
    { 6, 6, 191, 3, 9, 5, 19129 }, // U+0660
    { 6, 16, 191, 3, 15, 12, 19134 }, // U+0661
    { 10, 16, 191, 1, 15, 20, 19146 }, // U+0662
    { 12, 16, 191, 0, 15, 24, 19166 }, // U+0663
    { 10, 16, 191, 1, 15, 20, 19190 }, // U+0664
    { 10, 12, 191, 1, 12, 15, 19210 }, // U+0665
    { 12, 16, 191, 0, 15, 24, 19225 }, // U+0666
    { 12, 16, 191, 0, 15, 24, 19249 }, // U+0667
    { 12, 16, 191, 0, 15, 24, 19273 }, // U+0668
    { 10, 15, 191, 1, 15, 19, 19297 }, // U+0669
    { 15, 13, 247, 0, 8, 25, 19316 }, // U+06BA
    { 7, 2, 108, 0, 2, 2, 19341 }, // U+06D4
    { 10, 13, 157, 0, 12, 17, 19343 }, // U+06D5
    { 6, 6, 191, 3, 9, 5, 19360 }, // U+06F0
    { 6, 16, 191, 3, 15, 12, 19365 }, // U+06F1
    { 10, 16, 191, 1, 15, 20, 19377 }, // U+06F2
    { 12, 16, 191, 0, 15, 24, 19397 }, // U+06F3
    { 12, 16, 191, 0, 15, 24, 19421 }, // U+06F4
    { 12, 15, 191, 0, 15, 23, 19445 }, // U+06F5
    { 10, 16, 191, 1, 15, 20, 19468 }, // U+06F6
    { 12, 16, 191, 0, 15, 24, 19488 }, // U+06F7
    { 12, 16, 191, 0, 15, 24, 19512 }, // U+06F8
    { 10, 15, 191, 1, 15, 19, 19536 }, // U+06F9
    { 16, 20, 249, 0, 16, 40, 19555 }, // U+1EA0
    { 11, 16, 193, 0, 12, 22, 19595 }, // U+1EA1
    { 16, 21, 249, 0, 21, 42, 19617 }, // U+1EA2
    { 11, 17, 193, 0, 17, 24, 19659 }, // U+1EA3
    { 16, 24, 249, 0, 24, 48, 19683 }, // U+1EA4
    { 12, 20, 193, 0, 20, 30, 19731 }, // U+1EA5
    { 16, 24, 249, 0, 24, 48, 19761 }, // U+1EA6
    { 11, 20, 193, 0, 20, 28, 19809 }, // U+1EA7
    { 16, 24, 249, 0, 24, 48, 19837 }, // U+1EA8
    { 11, 20, 193, 0, 20, 28, 19885 }, // U+1EA9
    { 16, 24, 249, 0, 24, 48, 19913 }, // U+1EAA
    { 11, 20, 193, 0, 20, 28, 19961 }, // U+1EAB
    { 16, 24, 249, 0, 20, 48, 19989 }, // U+1EAC
    { 11, 20, 193, 0, 16, 28, 20037 }, // U+1EAD
    { 16, 24, 249, 0, 24, 48, 20065 }, // U+1EAE
    { 11, 20, 193, 0, 20, 28, 20113 }, // U+1EAF
    { 16, 24, 249, 0, 24, 48, 20141 }, // U+1EB0
    { 11, 20, 193, 0, 20, 28, 20189 }, // U+1EB1
    { 16, 24, 249, 0, 24, 48, 20217 }, // U+1EB2
    { 11, 20, 193, 0, 20, 28, 20265 }, // U+1EB3
    { 16, 24, 249, 0, 24, 48, 20293 }, // U+1EB4
    { 11, 20, 193, 0, 20, 28, 20341 }, // U+1EB5
    { 16, 25, 249, 0, 21, 50, 20369 }, // U+1EB6
    { 11, 21, 193, 0, 17, 29, 20419 }, // U+1EB7
    { 11, 20, 202, 1, 16, 28, 20448 }, // U+1EB8
    { 12, 16, 199, 0, 12, 24, 20476 }, // U+1EB9
    { 11, 21, 202, 1, 21, 29, 20500 }, // U+1EBA
    { 12, 17, 199, 0, 17, 26, 20529 }, // U+1EBB
    { 11, 21, 202, 1, 21, 29, 20555 }, // U+1EBC
    { 12, 17, 199, 0, 17, 26, 20584 }, // U+1EBD
    { 11, 24, 202, 1, 24, 33, 20610 }, // U+1EBE
    { 12, 20, 199, 0, 20, 30, 20643 }, // U+1EBF
    { 11, 24, 202, 1, 24, 33, 20673 }, // U+1EC0
    { 12, 20, 199, 0, 20, 30, 20706 }, // U+1EC1
    { 11, 24, 202, 1, 24, 33, 20736 }, // U+1EC2
    { 12, 20, 199, 0, 20, 30, 20769 }, // U+1EC3
    { 11, 24, 202, 1, 24, 33, 20799 }, // U+1EC4
    { 12, 20, 199, 0, 20, 30, 20832 }, // U+1EC5
    { 11, 24, 202, 1, 20, 33, 20862 }, // U+1EC6
    { 12, 20, 199, 0, 16, 30, 20895 }, // U+1EC7
    { 5, 21, 94, 0, 21, 14, 20925 }, // U+1EC8
    { 5, 17, 90, 0, 17, 11, 20939 }, // U+1EC9
    { 4, 20, 94, 1, 16, 10, 20950 }, // U+1ECA
    { 4, 20, 90, 1, 16, 10, 20960 }, // U+1ECB
    { 16, 20, 257, 0, 16, 40, 20970 }, // U+1ECC
    { 12, 16, 204, 0, 12, 24, 21010 }, // U+1ECD
    { 16, 21, 257, 0, 21, 42, 21034 }, // U+1ECE
    { 12, 17, 204, 0, 17, 26, 21076 }, // U+1ECF
    { 16, 24, 257, 0, 24, 48, 21102 }, // U+1ED0
    { 12, 20, 204, 0, 20, 30, 21150 }, // U+1ED1
    { 16, 24, 257, 0, 24, 48, 21180 }, // U+1ED2
    { 12, 20, 204, 0, 20, 30, 21228 }, // U+1ED3
    { 16, 24, 257, 0, 24, 48, 21258 }, // U+1ED4
    { 12, 20, 204, 0, 20, 30, 21306 }, // U+1ED5
    { 16, 24, 257, 0, 24, 48, 21336 }, // U+1ED6
    { 12, 20, 204, 0, 20, 30, 21384 }, // U+1ED7
    { 16, 24, 257, 0, 20, 48, 21414 }, // U+1ED8
    { 12, 20, 204, 0, 16, 30, 21462 }, // U+1ED9
    { 16, 20, 260, 0, 20, 40, 21492 }, // U+1EDA
    { 13, 16, 204, 0, 16, 26, 21532 }, // U+1EDB
    { 16, 20, 260, 0, 20, 40, 21558 }, // U+1EDC
    { 13, 16, 204, 0, 16, 26, 21598 }, // U+1EDD
    { 16, 21, 260, 0, 21, 42, 21624 }, // U+1EDE
    { 13, 17, 204, 0, 17, 28, 21666 }, // U+1EDF
    { 16, 21, 260, 0, 21, 42, 21694 }, // U+1EE0
    { 13, 17, 204, 0, 17, 28, 21736 }, // U+1EE1
    { 16, 22, 260, 0, 18, 44, 21764 }, // U+1EE2
    { 13, 19, 204, 0, 15, 31, 21808 }, // U+1EE3
    { 13, 20, 244, 1, 16, 33, 21839 }, // U+1EE4
    { 11, 16, 207, 1, 12, 22, 21872 }, // U+1EE5
    { 13, 21, 244, 1, 21, 35, 21894 }, // U+1EE6
    { 11, 17, 207, 1, 17, 24, 21929 }, // U+1EE7
    { 15, 20, 243, 1, 20, 38, 21953 }, // U+1EE8
    { 13, 16, 220, 1, 16, 26, 21991 }, // U+1EE9
    { 15, 20, 243, 1, 20, 38, 22017 }, // U+1EEA
    { 13, 16, 220, 1, 16, 26, 22055 }, // U+1EEB
    { 15, 21, 243, 1, 21, 40, 22081 }, // U+1EEC
    { 13, 17, 220, 1, 17, 28, 22121 }, // U+1EED
    { 15, 21, 243, 1, 21, 40, 22149 }, // U+1EEE
    { 13, 17, 220, 1, 17, 28, 22189 }, // U+1EEF
    { 15, 22, 243, 1, 18, 42, 22217 }, // U+1EF0
    { 13, 19, 220, 1, 15, 31, 22259 }, // U+1EF1
    { 15, 20, 244, 0, 20, 38, 22290 }, // U+1EF2
    { 13, 20, 201, 0, 16, 33, 22328 }, // U+1EF3
    { 15, 20, 244, 0, 16, 38, 22361 }, // U+1EF4
    { 13, 16, 201, 0, 12, 26, 22399 }, // U+1EF5
    { 15, 21, 244, 0, 21, 40, 22425 }, // U+1EF6
    { 13, 21, 201, 0, 17, 35, 22465 }, // U+1EF7
    { 15, 21, 244, 0, 21, 40, 22500 }, // U+1EF8
    { 13, 21, 201, 0, 17, 35, 22540 }, // U+1EF9
    { 0, 0, 189, 0, 0, 0, 22575 }, // U+2000
    { 0, 0, 376, 0, 0, 0, 22575 }, // U+2001
    { 0, 0, 167, 0, 0, 0, 22575 }, // U+2002
    { 0, 0, 333, 0, 0, 0, 22575 }, // U+2003
    { 0, 0, 111, 0, 0, 0, 22575 }, // U+2004
    { 0, 0, 83, 0, 0, 0, 22575 }, // U+2005
    { 0, 0, 55, 0, 0, 0, 22575 }, // U+2006
    { 0, 0, 215, 0, 0, 0, 22575 }, // U+2007
    { 0, 0, 111, 0, 0, 0, 22575 }, // U+2008
    { 0, 0, 52, 0, 0, 0, 22575 }, // U+2009
    { 0, 0, 26, 0, 0, 0, 22575 }, // U+200A
    { 0, 0, 0, 0, 0, 0, 22575 }, // U+200B
    { 2, 16, 0, -1, 15, 4, 22575 }, // U+200C
    { 6, 16, 0, -3, 15, 12, 22579 }, // U+200D
    { 6, 16, 0, -1, 15, 12, 22591 }, // U+200E
    { 6, 16, 0, -5, 15, 12, 22603 }, // U+200F
    { 8, 3, 151, 1, 8, 3, 22615 }, // U+2010
    { 8, 3, 151, 1, 8, 3, 22618 }, // U+2011
    { 13, 3, 215, 0, 9, 5, 22621 }, // U+2012
    { 11, 3, 167, 0, 8, 5, 22626 }, // U+2013
    { 21, 3, 333, 0, 8, 8, 22631 }, // U+2014
    { 21, 3, 333, 0, 8, 8, 22639 }, // U+2015
    { 8, 26, 188, 2, 21, 26, 22647 }, // U+2016
    { 10, 5, 159, 0, 1, 7, 22673 }, // U+2017
    { 5, 7, 103, 1, 16, 5, 22680 }, // U+2018
    { 5, 7, 103, 1, 16, 5, 22685 }, // U+2019
    { 5, 7, 96, 1, 3, 5, 22690 }, // U+201A
    { 5, 7, 103, 0, 16, 5, 22695 }, // U+201B
    { 10, 7, 180, 1, 16, 9, 22700 }, // U+201C
    { 10, 7, 177, 1, 16, 9, 22709 }, // U+201D
    { 9, 7, 170, 1, 3, 8, 22718 }, // U+201E
    { 10, 7, 177, 0, 16, 9, 22726 }, // U+201F
    { 10, 12, 194, 1, 16, 15, 22735 }, // U+2020
    { 10, 16, 194, 1, 16, 20, 22750 }, // U+2021
    { 8, 7, 158, 1, 10, 7, 22770 }, // U+2022
    { 7, 8, 158, 2, 10, 7, 22777 }, // U+2023
    { 5, 4, 111, 1, 4, 3, 22784 }, // U+2024
    { 12, 4, 223, 1, 4, 6, 22787 }, // U+2025
    { 19, 4, 334, 1, 4, 10, 22793 }, // U+2026
    { 5, 4, 111, 1, 10, 3, 22803 }, // U+2027
    { 0, 0, 52, 0, 0, 0, 22806 }, // U+202F
    { 27, 16, 463, 1, 16, 54, 22806 }, // U+2030
    { 34, 16, 588, 1, 16, 68, 22860 }, // U+2031
    { 4, 6, 91, 1, 16, 3, 22928 }, // U+2032
    { 10, 6, 182, 1, 16, 8, 22931 }, // U+2033
    { 15, 6, 273, 1, 16, 12, 22939 }, // U+2034
    { 4, 6, 91, 1, 16, 3, 22951 }, // U+2035
    { 10, 6, 182, 1, 16, 8, 22954 }, // U+2036
    { 15, 6, 273, 1, 16, 12, 22962 }, // U+2037
    { 10, 5, 183, 1, -1, 7, 22974 }, // U+2038
    { 9, 10, 144, 0, 12, 12, 22981 }, // U+2039
    { 9, 10, 144, 0, 12, 12, 22993 }, // U+203A
    { 15, 13, 270, 1, 14, 25, 23005 }, // U+203B
    { 12, 16, 225, 1, 16, 24, 23030 }, // U+203C
    { 11, 16, 186, 0, 16, 22, 23054 }, // U+203D
    { 11, 3, 166, 0, 19, 5, 23076 }, // U+203E
    { 18, 5, 283, 0, 0, 12, 23081 }, // U+203F
    { 18, 5, 283, 0, 17, 12, 23093 }, // U+2040
    { 10, 12, 159, 0, 7, 15, 23105 }, // U+2041
    { 14, 13, 254, 1, 15, 23, 23120 }, // U+2042
    { 6, 3, 158, 2, 8, 3, 23143 }, // U+2043
    { 14, 16, 70, -5, 16, 28, 23146 }, // U+2044
    { 6, 20, 126, 1, 17, 15, 23174 }, // U+2045
    { 6, 20, 126, 1, 17, 15, 23189 }, // U+2046
    { 23, 16, 373, 0, 16, 46, 23204 }, // U+2047
    { 17, 16, 299, 0, 16, 34, 23250 }, // U+2048
    { 17, 16, 299, 1, 16, 34, 23284 }, // U+2049
    { 9, 16, 156, 0, 12, 18, 23318 }, // U+204A
    { 11, 16, 199, 1, 16, 22, 23336 }, // U+204B
    { 11, 9, 203, 1, 11, 13, 23358 }, // U+204C
    { 11, 9, 203, 1, 11, 13, 23371 }, // U+204D
    { 9, 9, 186, 1, 8, 11, 23384 }, // U+204E
    { 5, 16, 114, 1, 12, 10, 23395 }, // U+204F
    { 18, 23, 283, 0, 17, 52, 23405 }, // U+2050
    { 10, 19, 192, 2, 16, 24, 23457 }, // U+2051
    { 15, 16, 274, 1, 16, 30, 23481 }, // U+2052
    { 14, 5, 254, 1, 10, 9, 23511 }, // U+2053
    { 18, 5, 283, 0, -1, 12, 23520 }, // U+2054
    { 11, 11, 239, 2, 11, 16, 23532 }, // U+2055
    { 21, 6, 364, 1, 16, 16, 23548 }, // U+2057
    { 0, 0, 98, 0, 0, 0, 23564 }, // U+205F
    { 10, 9, 165, 0, 18, 12, 23564 }, // U+2070
    { 3, 10, 75, 1, 19, 4, 23576 }, // U+2071
    { 9, 9, 162, 1, 18, 11, 23580 }, // U+2074
    { 8, 9, 158, 1, 18, 9, 23591 }, // U+2075
    { 9, 9, 158, 0, 18, 11, 23600 }, // U+2076
    { 9, 9, 141, 0, 18, 11, 23611 }, // U+2077
    { 10, 9, 160, 0, 18, 12, 23622 }, // U+2078
    { 9, 9, 158, 0, 18, 11, 23634 }, // U+2079
    { 8, 6, 157, 1, 16, 6, 23645 }, // U+207A
    { 8, 2, 157, 1, 14, 2, 23651 }, // U+207B
    { 8, 5, 157, 1, 16, 5, 23653 }, // U+207C
    { 5, 11, 97, 1, 19, 7, 23658 }, // U+207D
    { 5, 11, 97, 0, 19, 7, 23665 }, // U+207E
    { 8, 7, 154, 1, 16, 7, 23672 }, // U+207F
    { 10, 9, 165, 0, 6, 12, 23679 }, // U+2080
    { 5, 9, 111, 1, 6, 6, 23691 }, // U+2081
    { 9, 9, 153, 0, 6, 11, 23697 }, // U+2082
    { 9, 9, 157, 0, 6, 11, 23708 }, // U+2083
    { 9, 9, 162, 1, 6, 11, 23719 }, // U+2084
    { 8, 9, 158, 1, 6, 9, 23730 }, // U+2085
    { 9, 9, 158, 0, 6, 11, 23739 }, // U+2086
    { 9, 9, 141, 0, 6, 11, 23750 }, // U+2087
    { 10, 9, 160, 0, 6, 12, 23761 }, // U+2088
    { 9, 9, 158, 0, 6, 11, 23773 }, // U+2089
    { 8, 6, 157, 1, 4, 6, 23784 }, // U+208A
    { 8, 2, 157, 1, 2, 2, 23790 }, // U+208B
    { 8, 5, 157, 1, 4, 5, 23792 }, // U+208C
    { 5, 11, 97, 1, 7, 7, 23797 }, // U+208D
    { 5, 11, 97, 0, 7, 7, 23804 }, // U+208E
    { 8, 7, 141, 0, 4, 7, 23811 }, // U+2090
    { 9, 7, 145, 0, 4, 8, 23818 }, // U+2091
    { 9, 7, 148, 0, 4, 8, 23826 }, // U+2092
    { 9, 7, 145, 0, 4, 8, 23834 }, // U+2093
    { 8, 8, 160, 1, 4, 8, 23842 }, // U+2094
    { 8, 9, 154, 1, 6, 9, 23850 }, // U+2095
    { 8, 9, 142, 1, 6, 9, 23859 }, // U+2096
    { 3, 9, 75, 1, 6, 4, 23868 }, // U+2097
    { 12, 7, 217, 1, 4, 11, 23872 }, // U+2098
    { 8, 7, 154, 1, 4, 7, 23883 }, // U+2099
    { 8, 9, 153, 1, 4, 9, 23890 }, // U+209A
    { 8, 7, 139, 0, 4, 7, 23899 }, // U+209B
    { 6, 9, 92, 0, 6, 7, 23906 }, // U+209C
    { 14, 17, 254, 1, 17, 30, 23913 }, // U+20A0
    { 15, 20, 247, 0, 18, 38, 23943 }, // U+20A1
    { 15, 16, 242, 0, 16, 30, 23981 }, // U+20A2
    { 13, 16, 205, -1, 16, 26, 24011 }, // U+20A3
    { 13, 16, 213, 0, 16, 26, 24037 }, // U+20A4
    { 17, 16, 288, 1, 14, 34, 24063 }, // U+20A5
    { 16, 16, 252, 0, 16, 32, 24097 }, // U+20A6
    { 20, 16, 338, 1, 16, 40, 24129 }, // U+20A7
    { 23, 16, 391, 1, 16, 46, 24169 }, // U+20A8
    { 21, 16, 346, 0, 16, 42, 24215 }, // U+20A9
    { 17, 12, 307, 1, 12, 26, 24257 }, // U+20AA
    { 14, 20, 210, 0, 16, 35, 24283 }, // U+20AB
    { 14, 16, 228, 0, 16, 28, 24318 }, // U+20AC
    { 17, 16, 267, 0, 16, 34, 24346 }, // U+20AD
    { 14, 16, 222, 0, 16, 28, 24380 }, // U+20AE
    { 30, 22, 487, 0, 18, 83, 24408 }, // U+20AF
    { 15, 16, 238, 0, 16, 30, 24491 }, // U+20B1
    { 15, 20, 250, 0, 18, 38, 24521 }, // U+20B2
    { 16, 16, 249, 0, 16, 32, 24559 }, // U+20B3
    { 13, 16, 246, 1, 16, 26, 24591 }, // U+20B4
    { 15, 20, 247, 0, 18, 38, 24617 }, // U+20B5
    { 14, 16, 223, 0, 16, 28, 24655 }, // U+20B8
    { 12, 16, 190, 0, 15, 24, 24683 }, // U+20B9
    { 12, 16, 215, 1, 16, 24, 24707 }, // U+20BA
    { 14, 12, 254, 1, 12, 21, 24731 }, // U+20BC
    { 15, 16, 247, 0, 16, 30, 24752 }, // U+20BD
    { 14, 16, 254, 1, 16, 28, 24782 }, // U+20BE
    { 12, 20, 220, 1, 18, 30, 24810 }, // U+20BF
    { 10, 13, 161, 0, 13, 17, 24840 }, // U+20C0
    { 16, 16, 318, 2, 15, 32, 24857 }, // U+2190
    { 15, 17, 302, 2, 17, 32, 24889 }, // U+2191
    { 16, 16, 318, 2, 15, 32, 24921 }, // U+2192
    { 15, 17, 302, 2, 16, 32, 24953 }, // U+2193
    { 24, 15, 447, 2, 15, 45, 24985 }, // U+2194
    { 14, 25, 286, 2, 19, 44, 25030 }, // U+2195
    { 13, 13, 261, 2, 12, 22, 25074 }, // U+2196
    { 12, 13, 261, 2, 12, 20, 25096 }, // U+2197
    { 12, 12, 261, 2, 12, 18, 25116 }, // U+2198
    { 13, 12, 261, 2, 12, 20, 25134 }, // U+2199
    { 21, 17, 386, 2, 15, 45, 25154 }, // U+21A9
    { 22, 17, 386, 1, 15, 47, 25199 }, // U+21AA
    { 17, 16, 337, 2, 15, 34, 25246 }, // U+21B0
    { 18, 16, 337, 2, 15, 36, 25280 }, // U+21B1
    { 18, 14, 337, 2, 15, 32, 25316 }, // U+21B3
    { 15, 17, 299, 2, 16, 32, 25348 }, // U+21B4
    { 17, 14, 337, 2, 15, 30, 25380 }, // U+21B5
    { 16, 19, 318, 2, 19, 38, 25410 }, // U+21BA
    { 16, 19, 318, 2, 19, 38, 25448 }, // U+21BB
    { 16, 16, 318, 2, 14, 32, 25486 }, // U+21D0
    { 16, 16, 318, 2, 15, 32, 25518 }, // U+21D2
    { 24, 16, 447, 2, 15, 48, 25550 }, // U+21D4
    { 11, 17, 212, 1, 17, 24, 25598 }, // U+21DE
    { 11, 17, 212, 1, 15, 24, 25622 }, // U+21DF
    { 19, 10, 350, 1, 12, 24, 25646 }, // U+21E4
    { 19, 10, 350, 1, 12, 24, 25670 }, // U+21E5
    { 21, 16, 367, 1, 16, 42, 25694 }, // U+21E7
    { 21, 20, 367, 1, 16, 53, 25736 }, // U+21EA
    { 12, 16, 223, 1, 16, 24, 25789 }, // U+2202
    { 13, 14, 230, 1, 13, 23, 25813 }, // U+2205
    { 15, 16, 247, 0, 16, 30, 25836 }, // U+2206
    { 12, 19, 255, 2, 16, 29, 25866 }, // U+220F
    { 13, 18, 246, 1, 15, 30, 25895 }, // U+2211
    { 12, 3, 226, 1, 8, 5, 25925 }, // U+2212
    { 12, 15, 223, 1, 15, 23, 25930 }, // U+221A
    { 20, 9, 327, 0, 11, 23, 25953 }, // U+221E
    { 9, 22, 130, -1, 17, 25, 25976 }, // U+222B
    { 5, 12, 111, 1, 14, 8, 26001 }, // U+2236
    { 12, 10, 226, 1, 12, 15, 26009 }, // U+2248
    { 11, 12, 226, 2, 12, 17, 26024 }, // U+2260
    { 12, 12, 226, 1, 13, 18, 26041 }, // U+2264
    { 12, 12, 226, 1, 13, 18, 26059 }, // U+2265
    { 29, 30, 463, 0, 23, 109, 26077 }, // U+2295
    { 29, 30, 463, 0, 23, 109, 26186 }, // U+2296
    { 29, 30, 463, 0, 23, 109, 26295 }, // U+2297
    { 29, 30, 463, 0, 23, 109, 26404 }, // U+2298
    { 21, 18, 341, 0, 10, 48, 26513 }, // U+FB56
    { 26, 17, 381, 0, 9, 56, 26561 }, // U+FB57
    { 7, 18, 120, 0, 10, 16, 26617 }, // U+FB58
    { 11, 16, 136, 0, 8, 22, 26633 }, // U+FB59
    { 21, 17, 341, 0, 16, 45, 26655 }, // U+FB66
    { 26, 17, 381, 0, 16, 56, 26700 }, // U+FB67
    { 6, 19, 106, 0, 18, 15, 26756 }, // U+FB68
    { 11, 17, 136, 0, 16, 24, 26771 }, // U+FB69
    { 15, 20, 229, 0, 11, 38, 26795 }, // U+FB7A
    { 18, 20, 253, 0, 11, 45, 26833 }, // U+FB7B
    { 13, 18, 210, 0, 10, 30, 26878 }, // U+FB7C
    { 16, 18, 218, 0, 10, 36, 26908 }, // U+FB7D
    { 10, 20, 172, 0, 19, 25, 26944 }, // U+FB88
    { 14, 20, 190, 0, 19, 35, 26969 }, // U+FB89
    { 9, 21, 136, -1, 16, 24, 27004 }, // U+FB8A
    { 13, 21, 150, -1, 16, 35, 27028 }, // U+FB8B
    { 9, 22, 136, -1, 17, 25, 27063 }, // U+FB8C
    { 13, 22, 150, -1, 17, 36, 27088 }, // U+FB8D
    { 20, 16, 303, 0, 15, 40, 27124 }, // U+FB8E
    { 22, 16, 317, 0, 15, 44, 27164 }, // U+FB8F
    { 10, 16, 151, 0, 15, 20, 27208 }, // U+FB90
    { 13, 16, 169, 0, 15, 26, 27228 }, // U+FB91
    { 20, 20, 303, 0, 19, 50, 27254 }, // U+FB92
    { 22, 20, 317, 0, 19, 55, 27304 }, // U+FB93
    { 11, 20, 151, -1, 19, 28, 27359 }, // U+FB94
    { 14, 20, 169, -1, 19, 35, 27387 }, // U+FB95
    { 15, 13, 247, 0, 8, 25, 27422 }, // U+FB9E
    { 19, 13, 268, 0, 8, 31, 27447 }, // U+FB9F
    { 10, 13, 157, 0, 12, 17, 27478 }, // U+FBA6
    { 14, 10, 195, 0, 9, 18, 27495 }, // U+FBA7
    { 6, 14, 106, 0, 10, 11, 27513 }, // U+FBA8
    { 13, 11, 172, 0, 5, 18, 27524 }, // U+FBA9
    { 16, 13, 257, 0, 12, 26, 27542 }, // U+FBAA
    { 16, 15, 228, 0, 10, 30, 27568 }, // U+FBAB
    { 13, 13, 214, 0, 12, 22, 27598 }, // U+FBAC
    { 14, 15, 190, 0, 10, 27, 27620 }, // U+FBAD
    { 20, 12, 314, 0, 11, 30, 27647 }, // U+FBAE
    { 14, 10, 187, 0, 3, 18, 27677 }, // U+FBAF
    { 20, 18, 314, 0, 17, 45, 27695 }, // U+FBB0
    { 14, 16, 187, 0, 9, 28, 27740 }, // U+FBB1
    { 17, 15, 274, 0, 10, 32, 27768 }, // U+FBFC
    { 19, 11, 267, 0, 6, 27, 27800 }, // U+FBFD
    { 7, 15, 120, 0, 10, 14, 27827 }, // U+FBFE
    { 11, 13, 136, 0, 8, 18, 27841 }, // U+FBFF
    { 10, 12, 157, 0, 10, 15, 27859 }, // U+FE80
    { 9, 19, 90, -2, 19, 22, 27874 }, // U+FE81
    { 10, 21, 106, -1, 20, 27, 27896 }, // U+FE82
    { 5, 21, 90, 0, 21, 14, 27923 }, // U+FE83
    { 9, 23, 106, 0, 22, 26, 27937 }, // U+FE84
    { 10, 20, 166, 0, 15, 25, 27963 }, // U+FE85
    { 13, 21, 175, 0, 16, 35, 27988 }, // U+FE86
    { 5, 23, 91, 1, 16, 15, 28023 }, // U+FE87
    { 8, 23, 106, 1, 16, 23, 28038 }, // U+FE88
    { 17, 17, 274, 0, 12, 37, 28061 }, // U+FE89
    { 19, 17, 267, 0, 12, 41, 28098 }, // U+FE8A
    { 6, 18, 106, 0, 17, 14, 28139 }, // U+FE8B
    { 10, 16, 128, 0, 15, 20, 28153 }, // U+FE8C
    { 4, 16, 91, 1, 16, 8, 28173 }, // U+FE8D
    { 8, 17, 106, 1, 16, 17, 28181 }, // U+FE8E
    { 21, 15, 341, 0, 10, 40, 28198 }, // U+FE8F
    { 26, 14, 381, 0, 9, 46, 28238 }, // U+FE90
    { 6, 15, 106, 0, 10, 12, 28284 }, // U+FE91
    { 10, 13, 128, 0, 8, 17, 28296 }, // U+FE92
    { 10, 18, 157, 0, 17, 23, 28313 }, // U+FE93
    { 14, 19, 185, 0, 18, 34, 28336 }, // U+FE94
    { 21, 14, 341, 0, 13, 37, 28370 }, // U+FE95
    { 26, 14, 381, 0, 13, 46, 28407 }, // U+FE96
    { 8, 16, 106, -1, 15, 16, 28453 }, // U+FE97
    { 11, 14, 136, 0, 13, 20, 28469 }, // U+FE98
    { 21, 16, 341, 0, 15, 42, 28489 }, // U+FE99
    { 26, 16, 381, 0, 15, 52, 28531 }, // U+FE9A
    { 6, 18, 106, 0, 17, 14, 28583 }, // U+FE9B
    { 11, 16, 136, 0, 15, 22, 28597 }, // U+FE9C
    { 14, 20, 229, 0, 11, 35, 28619 }, // U+FE9D
    { 18, 20, 246, 0, 11, 45, 28654 }, // U+FE9E
    { 13, 15, 210, 0, 10, 25, 28699 }, // U+FE9F
    { 16, 15, 218, 0, 10, 30, 28724 }, // U+FEA0
    { 14, 20, 229, 0, 11, 35, 28754 }, // U+FEA1
    { 18, 20, 246, 0, 11, 45, 28789 }, // U+FEA2
    { 13, 11, 210, 0, 10, 18, 28834 }, // U+FEA3
    { 16, 11, 218, 0, 10, 22, 28852 }, // U+FEA4
    { 14, 25, 229, 0, 16, 44, 28874 }, // U+FEA5
    { 18, 25, 246, 0, 16, 57, 28918 }, // U+FEA6
    { 13, 16, 210, 0, 15, 26, 28975 }, // U+FEA7
    { 16, 16, 218, 0, 15, 32, 29001 }, // U+FEA8
    { 10, 12, 172, 0, 11, 15, 29033 }, // U+FEA9
    { 14, 12, 190, 0, 11, 21, 29048 }, // U+FEAA
    { 10, 17, 172, 0, 16, 22, 29069 }, // U+FEAB
    { 14, 17, 190, 0, 16, 30, 29091 }, // U+FEAC
    { 9, 13, 136, -1, 8, 15, 29121 }, // U+FEAD
    { 13, 13, 150, -1, 8, 22, 29136 }, // U+FEAE
    { 9, 19, 136, -1, 14, 22, 29158 }, // U+FEAF
    { 13, 19, 150, -1, 14, 31, 29180 }, // U+FEB0
    { 28, 15, 457, 0, 10, 53, 29211 }, // U+FEB1
    { 32, 14, 480, 0, 9, 56, 29264 }, // U+FEB2
    { 19, 11, 317, 0, 10, 27, 29320 }, // U+FEB3
    { 23, 10, 340, 0, 9, 29, 29347 }, // U+FEB4
    { 28, 21, 457, 0, 16, 74, 29376 }, // U+FEB5
    { 32, 21, 480, 0, 16, 84, 29450 }, // U+FEB6
    { 19, 17, 317, 0, 16, 41, 29534 }, // U+FEB7
    { 23, 17, 340, 0, 16, 49, 29575 }, // U+FEB8
    { 29, 15, 474, 0, 10, 55, 29624 }, // U+FEB9
    { 32, 15, 481, 0, 10, 60, 29679 }, // U+FEBA
    { 20, 11, 325, 0, 10, 28, 29739 }, // U+FEBB
    { 23, 11, 335, 0, 10, 32, 29767 }, // U+FEBC
    { 29, 20, 474, 0, 15, 73, 29799 }, // U+FEBD
    { 32, 20, 481, 0, 15, 80, 29872 }, // U+FEBE
    { 20, 16, 325, 0, 15, 40, 29952 }, // U+FEBF
    { 23, 16, 335, 0, 15, 46, 29992 }, // U+FEC0
    { 17, 17, 281, 0, 16, 37, 30038 }, // U+FEC1
    { 20, 17, 287, 0, 16, 43, 30075 }, // U+FEC2
    { 15, 17, 246, 0, 16, 32, 30118 }, // U+FEC3
    { 18, 17, 254, 0, 16, 39, 30150 }, // U+FEC4
    { 17, 17, 281, 0, 16, 37, 30189 }, // U+FEC5
    { 20, 17, 287, 0, 16, 43, 30226 }, // U+FEC6
    { 15, 17, 246, 0, 16, 32, 30269 }, // U+FEC7
    { 18, 17, 254, 0, 16, 39, 30301 }, // U+FEC8
    { 14, 21, 190, 0, 12, 37, 30340 }, // U+FEC9
    { 14, 19, 190, 0, 10, 34, 30377 }, // U+FECA
    { 11, 12, 186, 0, 11, 17, 30411 }, // U+FECB
    { 15, 11, 184, -1, 10, 21, 30428 }, // U+FECC
    { 14, 26, 190, 0, 17, 46, 30449 }, // U+FECD
    { 14, 24, 190, 0, 15, 42, 30495 }, // U+FECE
    { 11, 17, 186, 0, 16, 24, 30537 }, // U+FECF
    { 15, 16, 184, -1, 15, 30, 30561 }, // U+FED0
    { 21, 19, 341, 0, 18, 50, 30591 }, // U+FED1
    { 25, 17, 372, 0, 16, 54, 30641 }, // U+FED2
    { 10, 19, 168, 0, 18, 24, 30695 }, // U+FED3
    { 13, 17, 176, 0, 16, 28, 30719 }, // U+FED4
    { 17, 19, 277, 0, 15, 41, 30747 }, // U+FED5
    { 20, 20, 285, 0, 14, 50, 30788 }, // U+FED6
    { 10, 19, 168, 0, 18, 24, 30838 }, // U+FED7
    { 13, 17, 176, 0, 16, 28, 30862 }, // U+FED8
    { 19, 17, 310, 0, 16, 41, 30890 }, // U+FED9
    { 22, 17, 325, 0, 16, 47, 30931 }, // U+FEDA
    { 10, 16, 151, 0, 15, 20, 30978 }, // U+FEDB
    { 13, 16, 169, 0, 15, 26, 30998 }, // U+FEDC
    { 15, 21, 247, 0, 16, 40, 31024 }, // U+FEDD
    { 19, 21, 264, 0, 16, 50, 31064 }, // U+FEDE
    { 6, 17, 99, 0, 16, 13, 31114 }, // U+FEDF
    { 9, 17, 115, 0, 16, 20, 31127 }, // U+FEE0
    { 11, 19, 183, 0, 10, 27, 31147 }, // U+FEE1
    { 16, 18, 220, 0, 9, 36, 31174 }, // U+FEE2
    { 12, 10, 194, 0, 9, 15, 31210 }, // U+FEE3
    { 15, 10, 208, 0, 9, 19, 31225 }, // U+FEE4
    { 15, 17, 247, 0, 12, 32, 31244 }, // U+FEE5
    { 19, 17, 268, 0, 12, 41, 31276 }, // U+FEE6
    { 6, 16, 106, 0, 15, 12, 31317 }, // U+FEE7
    { 10, 14, 128, 0, 13, 18, 31329 }, // U+FEE8
    { 10, 13, 157, 0, 12, 17, 31347 }, // U+FEE9
    { 14, 14, 185, 0, 13, 25, 31364 }, // U+FEEA
    { 13, 13, 214, 0, 12, 22, 31389 }, // U+FEEB
    { 14, 15, 190, 0, 10, 27, 31411 }, // U+FEEC
    { 10, 14, 166, 0, 9, 18, 31438 }, // U+FEED
    { 13, 14, 175, 0, 9, 23, 31456 }, // U+FEEE
    { 17, 15, 274, 0, 10, 32, 31479 }, // U+FEEF
    { 19, 11, 267, 0, 6, 27, 31511 }, // U+FEF0
    { 17, 20, 274, 0, 10, 43, 31538 }, // U+FEF1
    { 19, 16, 267, 0, 6, 38, 31581 }, // U+FEF2
    { 7, 15, 120, 0, 10, 14, 31619 }, // U+FEF3
    { 11, 13, 136, 0, 8, 18, 31633 }, // U+FEF4
    { 15, 17, 211, -2, 17, 32, 31651 }, // U+FEF5
    { 16, 19, 227, 0, 18, 38, 31683 }, // U+FEF6
    { 13, 19, 211, 0, 19, 31, 31721 }, // U+FEF7
    { 16, 21, 227, 0, 20, 42, 31752 }, // U+FEF8
    { 13, 23, 211, 0, 16, 38, 31794 }, // U+FEF9
    { 16, 23, 227, 0, 16, 46, 31832 }, // U+FEFA
    { 13, 16, 211, 0, 16, 26, 31878 }, // U+FEFB
    { 16, 17, 227, 0, 16, 34, 31904 }, // U+FEFC
};

static const EpdUnicodeInterval inter_10_boldIntervals[] = {
    { 0x0, 0x0, 0x0 },
    { 0xD, 0xD, 0x1 },
    { 0x20, 0x7E, 0x2 },
    { 0xA0, 0xAC, 0x61 },
    { 0xAE, 0x148, 0x6E },
    { 0x14A, 0x17F, 0x109 },
    { 0x1A0, 0x1A1, 0x13F },
    { 0x1AF, 0x1B0, 0x141 },
    { 0x1C5, 0x21F, 0x143 },
    { 0x300, 0x304, 0x19E },
    { 0x306, 0x30C, 0x1A3 },
    { 0x30F, 0x30F, 0x1AA },
    { 0x312, 0x313, 0x1AB },
    { 0x315, 0x315, 0x1AD },
    { 0x31B, 0x31B, 0x1AE },
    { 0x323, 0x323, 0x1AF },
    { 0x326, 0x328, 0x1B0 },
    { 0x32C, 0x32C, 0x1B3 },
    { 0x337, 0x338, 0x1B4 },
    { 0x342, 0x343, 0x1B6 },
    { 0x346, 0x36F, 0x1B8 },
    { 0x400, 0x479, 0x1E2 },
    { 0x480, 0x49D, 0x25C },
    { 0x4A0, 0x4FF, 0x27A },
    { 0x5D0, 0x5EA, 0x2DA },
    { 0x60C, 0x60C, 0x2F5 },
    { 0x61B, 0x61B, 0x2F6 },
    { 0x61F, 0x61F, 0x2F7 },
    { 0x621, 0x621, 0x2F8 },
    { 0x640, 0x640, 0x2F9 },
    { 0x654, 0x654, 0x2FA },
    { 0x660, 0x669, 0x2FB },
    { 0x6BA, 0x6BA, 0x305 },
    { 0x6D4, 0x6D5, 0x306 },
    { 0x6F0, 0x6F9, 0x308 },
    { 0x1EA0, 0x1EF9, 0x312 },
    { 0x2000, 0x2027, 0x36C },
    { 0x202F, 0x2055, 0x394 },
    { 0x2057, 0x2057, 0x3BB },
    { 0x205F, 0x205F, 0x3BC },
    { 0x2070, 0x2071, 0x3BD },
    { 0x2074, 0x208E, 0x3BF },
    { 0x2090, 0x209C, 0x3DA },
    { 0x20A0, 0x20AF, 0x3E7 },
    { 0x20B1, 0x20B5, 0x3F7 },
    { 0x20B8, 0x20BA, 0x3FC },
    { 0x20BC, 0x20C0, 0x3FF },
    { 0x2190, 0x2199, 0x404 },
    { 0x21A9, 0x21AA, 0x40E },
    { 0x21B0, 0x21B1, 0x410 },
    { 0x21B3, 0x21B5, 0x412 },
    { 0x21BA, 0x21BB, 0x415 },
    { 0x21D0, 0x21D0, 0x417 },
    { 0x21D2, 0x21D2, 0x418 },
    { 0x21D4, 0x21D4, 0x419 },
    { 0x21DE, 0x21DF, 0x41A },
    { 0x21E4, 0x21E5, 0x41C },
    { 0x21E7, 0x21E7, 0x41E },
    { 0x21EA, 0x21EA, 0x41F },
    { 0x2202, 0x2202, 0x420 },
    { 0x2205, 0x2206, 0x421 },
    { 0x220F, 0x220F, 0x423 },
    { 0x2211, 0x2212, 0x424 },
    { 0x221A, 0x221A, 0x426 },
    { 0x221E, 0x221E, 0x427 },
    { 0x222B, 0x222B, 0x428 },
    { 0x2236, 0x2236, 0x429 },
    { 0x2248, 0x2248, 0x42A },
    { 0x2260, 0x2260, 0x42B },
    { 0x2264, 0x2265, 0x42C },
    { 0x2295, 0x2298, 0x42E },
    { 0xFB56, 0xFB59, 0x432 },
    { 0xFB66, 0xFB69, 0x436 },
    { 0xFB7A, 0xFB7D, 0x43A },
    { 0xFB88, 0xFB95, 0x43E },
    { 0xFB9E, 0xFB9F, 0x44C },
    { 0xFBA6, 0xFBB1, 0x44E },
    { 0xFBFC, 0xFBFF, 0x45A },
    { 0xFE80, 0xFEFC, 0x45E },
};

static const uint16_t inter_10_boldKernLeftCodepoints[] = {
    0x0022, 0x0024, 0x0025, 0x0026, 0x0027, 0x0028, 0x0029, 0x002A, 0x002B, 0x002C, 0x002D, 0x002E,
    0x002F, 0x0030, 0x0031, 0x0032, 0x0033, 0x0034, 0x0035, 0x0036, 0x0037, 0x0038, 0x0039, 0x003A,
    0x003B, 0x003D, 0x003E, 0x003F, 0x0040, 0x0041, 0x0042, 0x0043, 0x0044, 0x0045, 0x0046, 0x0047,
    0x0048, 0x0049, 0x004A, 0x004B, 0x004C, 0x004D, 0x004E, 0x004F, 0x0050, 0x0051, 0x0052, 0x0053,
    0x0054, 0x0055, 0x0056, 0x0057, 0x0058, 0x0059, 0x005A, 0x005B, 0x005C, 0x005D, 0x005E, 0x005F,
    0x0061, 0x0062, 0x0063, 0x0064, 0x0065, 0x0066, 0x0067, 0x0068, 0x0069, 0x006A, 0x006B, 0x006C,
    0x006D, 0x006E, 0x006F, 0x0070, 0x0071, 0x0072, 0x0073, 0x0074, 0x0075, 0x0076, 0x0077, 0x0078,
    0x0079, 0x007A, 0x007B, 0x007C, 0x007D, 0x007E, 0x00A1, 0x00A2, 0x00A5, 0x00A9, 0x00AA, 0x00AB,
    0x00AC, 0x00AE, 0x00B0, 0x00B1, 0x00B2, 0x00B3, 0x00B5, 0x00B6, 0x00B7, 0x00B9, 0x00BA, 0x00BB,
    0x00BF, 0x00C0, 0x00C1, 0x00C2, 0x00C3, 0x00C4, 0x00C5, 0x00C6, 0x00C7, 0x00C8, 0x00C9, 0x00CA,
    0x00CB, 0x00CC, 0x00CD, 0x00CE, 0x00CF, 0x00D0, 0x00D1, 0x00D2, 0x00D3, 0x00D4, 0x00D5, 0x00D6,
    0x00D7, 0x00D8, 0x00D9, 0x00DA, 0x00DB, 0x00DC, 0x00DD, 0x00DE, 0x00DF, 0x00E0, 0x00E1, 0x00E2,
    0x00E3, 0x00E4, 0x00E5, 0x00E6, 0x00E7, 0x00E8, 0x00E9, 0x00EA, 0x00EB, 0x00EC, 0x00ED, 0x00EE,
    0x00EF, 0x00F0, 0x00F1, 0x00F2, 0x00F3, 0x00F4, 0x00F5, 0x00F6, 0x00F7, 0x00F8, 0x00F9, 0x00FA,
    0x00FB, 0x00FC, 0x00FD, 0x00FE, 0x00FF, 0x0100, 0x0101, 0x0102, 0x0103, 0x0104, 0x0105, 0x0106,
    0x0107, 0x0108, 0x0109, 0x010A, 0x010B, 0x010C, 0x010D, 0x010E, 0x010F, 0x0111, 0x0112, 0x0113,
    0x0114, 0x0115, 0x0116, 0x0117, 0x0118, 0x0119, 0x011A, 0x011B, 0x011C, 0x011D, 0x011E, 0x011F,
    0x0120, 0x0121, 0x0122, 0x0123, 0x0124, 0x0125, 0x0126, 0x0127, 0x0128, 0x0129, 0x012A, 0x012B,
    0x012C, 0x012D, 0x012E, 0x012F, 0x0130, 0x0131, 0x0133, 0x0134, 0x0135, 0x0136, 0x0137, 0x0138,
    0x0139, 0x013A, 0x013B, 0x013C, 0x013D, 0x013E, 0x013F, 0x0140, 0x0141, 0x0142, 0x0143, 0x0144,
    0x0145, 0x0146, 0x0147, 0x0148, 0x014A, 0x014C, 0x014D, 0x014E, 0x014F, 0x0150, 0x0151, 0x0152,
    0x0153, 0x0154, 0x0155, 0x0156, 0x0157, 0x0158, 0x0159, 0x015A, 0x015B, 0x015C, 0x015D, 0x015E,
    0x015F, 0x0160, 0x0161, 0x0162, 0x0163, 0x0164, 0x0165, 0x0166, 0x0167, 0x0168, 0x0169, 0x016A,
    0x016B, 0x016C, 0x016D, 0x016E, 0x016F, 0x0170, 0x0171, 0x0172, 0x0173, 0x0174, 0x0175, 0x0176,
    0x0177, 0x0178, 0x0179, 0x017A, 0x017B, 0x017C, 0x017D, 0x017E, 0x017F, 0x01A0, 0x01A1, 0x01AF,
    0x01B0, 0x01C5, 0x01C6, 0x01C8, 0x01C9, 0x01CB, 0x01CC, 0x01CD, 0x01CE, 0x01CF, 0x01D0, 0x01D1,
    0x01D2, 0x01D3, 0x01D4, 0x01D5, 0x01D6, 0x01D7, 0x01D8, 0x01D9, 0x01DA, 0x01DB, 0x01DC, 0x01DD,
    0x01DE, 0x01DF, 0x01E0, 0x01E1, 0x01E2, 0x01E3, 0x01E4, 0x01E5, 0x01E6, 0x01E7, 0x01E8, 0x01E9,
    0x01EA, 0x01EB, 0x01EC, 0x01ED, 0x01F0, 0x01F1, 0x01F2, 0x01F3, 0x01F4, 0x01F5, 0x01F6, 0x01F8,
    0x01F9, 0x01FA, 0x01FB, 0x01FC, 0x01FD, 0x01FE, 0x01FF, 0x0200, 0x0201, 0x0202, 0x0203, 0x0204,
    0x0205, 0x0206, 0x0207, 0x0208, 0x0209, 0x020A, 0x020B, 0x020C, 0x020D, 0x020E, 0x020F, 0x0210,
    0x0211, 0x0212, 0x0213, 0x0214, 0x0215, 0x0216, 0x0217, 0x0218, 0x0219, 0x021A, 0x021B, 0x021E,
    0x021F, 0x0400, 0x0401, 0x0402, 0x0403, 0x0404, 0x0405, 0x0406, 0x0407, 0x0408, 0x0409, 0x040A,
    0x040B, 0x040C, 0x040D, 0x040F, 0x0410, 0x0411, 0x0412, 0x0413, 0x0414, 0x0415, 0x0416, 0x0417,
    0x0418, 0x0419, 0x041A, 0x041B, 0x041C, 0x041D, 0x041E, 0x041F, 0x0420, 0x0421, 0x0422, 0x0423,
    0x0424, 0x0425, 0x0426, 0x0427, 0x0428, 0x0429, 0x042A, 0x042B, 0x042C, 0x042D, 0x042E, 0x0430,
    0x0432, 0x0433, 0x0434, 0x0435, 0x0436, 0x0437, 0x0438, 0x0439, 0x043A, 0x043B, 0x043C, 0x043D,
    0x043E, 0x043F, 0x0440, 0x0441, 0x0442, 0x0443, 0x0444, 0x0445, 0x0446, 0x0447, 0x0448, 0x0449,
    0x044A, 0x044B, 0x044C, 0x044D, 0x044E, 0x044F, 0x0450, 0x0451, 0x0452, 0x0453, 0x0454, 0x0455,
    0x0456, 0x0457, 0x0458, 0x0459, 0x045A, 0x045B, 0x045C, 0x045D, 0x045E, 0x045F, 0x0460, 0x0462,
    0x0463, 0x0464, 0x0465, 0x0466, 0x0467, 0x0468, 0x046E, 0x0472, 0x0473, 0x0474, 0x0475, 0x0476,
    0x0477, 0x0479, 0x0481, 0x048A, 0x048B, 0x048C, 0x048D, 0x048E, 0x048F, 0x0490, 0x0491, 0x0492,
    0x0493, 0x0497, 0x0498, 0x049A, 0x049B, 0x049C, 0x049D, 0x04A0, 0x04A1, 0x04A2, 0x04A3, 0x04A4,
    0x04A5, 0x04A6, 0x04A7, 0x04A9, 0x04AA, 0x04AB, 0x04AC, 0x04AD, 0x04AE, 0x04AF, 0x04B0, 0x04B1,
    0x04B3, 0x04B5, 0x04B7, 0x04B9, 0x04BA, 0x04BB, 0x04BD, 0x04BF, 0x04C0, 0x04C1, 0x04C3, 0x04C4,
    0x04C6, 0x04C7, 0x04C8, 0x04C9, 0x04CA, 0x04CC, 0x04CD, 0x04CE, 0x04CF, 0x04D0, 0x04D1, 0x04D2,
    0x04D3, 0x04D4, 0x04D5, 0x04D6, 0x04D7, 0x04D9, 0x04DA, 0x04DB, 0x04DC, 0x04E0, 0x04E2, 0x04E3,
    0x04E4, 0x04E5, 0x04E6, 0x04E7, 0x04E8, 0x04E9, 0x04EA, 0x04EB, 0x04ED, 0x04EF, 0x04F1, 0x04F3,
    0x04F5, 0x04F6, 0x04F7, 0x04F9, 0x04FA, 0x04FB, 0x04FC, 0x04FD, 0x04FE, 0x04FF, 0x05D0, 0x05D1,
    0x05D2, 0x05D3, 0x05D5, 0x05D6, 0x05D8, 0x05D9, 0x05DB, 0x05DC, 0x05DE, 0x05E0, 0x05E1, 0x05E2,
    0x05E4, 0x05E6, 0x05E8, 0x05E9, 0x05EA, 0x1EA0, 0x1EA1, 0x1EA2, 0x1EA3, 0x1EA4, 0x1EA5, 0x1EA6,
    0x1EA7, 0x1EA8, 0x1EA9, 0x1EAA, 0x1EAB, 0x1EAC, 0x1EAD, 0x1EAE, 0x1EAF, 0x1EB0, 0x1EB1, 0x1EB2,
    0x1EB3, 0x1EB4, 0x1EB5, 0x1EB6, 0x1EB7, 0x1EB8, 0x1EB9, 0x1EBA, 0x1EBB, 0x1EBC, 0x1EBD, 0x1EBE,
    0x1EBF, 0x1EC0, 0x1EC1, 0x1EC2, 0x1EC3, 0x1EC4, 0x1EC5, 0x1EC6, 0x1EC7, 0x1EC8, 0x1EC9, 0x1ECA,
    0x1ECB, 0x1ECC, 0x1ECD, 0x1ECE, 0x1ECF, 0x1ED0, 0x1ED1, 0x1ED2, 0x1ED3, 0x1ED4, 0x1ED5, 0x1ED6,
    0x1ED7, 0x1ED8, 0x1ED9, 0x1EDA, 0x1EDB, 0x1EDC, 0x1EDD, 0x1EDE, 0x1EDF, 0x1EE0, 0x1EE1, 0x1EE2,
    0x1EE3, 0x1EE4, 0x1EE5, 0x1EE6, 0x1EE7, 0x1EE8, 0x1EE9, 0x1EEA, 0x1EEB, 0x1EEC, 0x1EED, 0x1EEE,
    0x1EEF, 0x1EF0, 0x1EF1, 0x1EF2, 0x1EF3, 0x1EF4, 0x1EF5, 0x1EF6, 0x1EF7, 0x1EF8, 0x1EF9, 0x2018,
    0x2019, 0x201A, 0x201C, 0x201D, 0x201E, 0x2020, 0x2021, 0x2022, 0x2023, 0x2026, 0x2034, 0x2039,
    0x203A, 0x203D, 0x2043, 0x204B, 0x204C, 0x204D, 0x204F, 0x2070, 0x2071, 0x2074, 0x2075, 0x2076,
    0x2077, 0x2078, 0x2079, 0x207A, 0x207B, 0x207D, 0x2080, 0x2081, 0x2082, 0x2083, 0x2084, 0x2085,
    0x2086, 0x2087, 0x2088, 0x2089, 0x208A, 0x208B, 0x208C, 0x208D, 0x208E, 0x2090, 0x2091, 0x2092,
    0x2093, 0x2095, 0x2096, 0x2097, 0x2098, 0x2099, 0x209A, 0x209B, 0x209C, 0x20A1, 0x20A7, 0x20A8,
    0x20A9, 0x20AF, 0x20B2, 0x20B5, 0x20BD, 0x20BF, 0x2190, 0x21D0, 0x2206, 0x2212, 0x221E, 0x2248,
    0x2260, 0x2264, 0x2265, 0xFB8C, 0xFEAD, 0xFEAE, 0xFEAF,
};

static const uint8_t inter_10_boldKernLeftClassIds[] = {
      1,   2,   3,   4,   1,   5,   6,   7,   8,   9,   8,   9,  10,  11,  12,  13,
     14,  15,  16,  17,  18,  14,  11,  19,  19,  20,  21,  22,  23,  24,  25,  26,
     23,  27,  28,  29,  12,  12,  30,  31,  32,  12,  12,  23,  33,  23,  34,   2,
     35,  30,  36,  37,  38,  39,  40,  41,  42,   6,   7,  43,  44,  45,  45,  12,
     45,  46,  47,  44,  48,  48,  49,  12,  44,  44,  45,  45,  47,  50,  51,  52,
     53,  54,  55,  56,  54,  57,   5,  12,   6,   8,  58,  45,  59,  23,  60,  61,
     62,  63,   7,  20,  64,  65,  66,  12,  67,  68,  60,  69,  70,  24,  24,  24,
     24,  24,  24,  27,  26,  27,  27,  27,  27,  12,  12,  71,  71,  23,  12,  23,
     23,  23,  23,  23,  72,  23,  30,  30,  30,  30,  39,  73,  74,  44,  44,  44,
     44,  44,  44,  75,  45,  45,  45,  45,  45,  48,  48,  76,  77,  45,  78,  45,
     45,  45,  79,  79,   8,  45,  53,  53,  53,  53,  54,  45,  54,  24,  80,  24,
     44,  24,  44,  26,  45,  26,  45,  26,  45,  26,  45,  23,  81,  82,  27,  45,
     27,  45,  27,  45,  27,  45,  27,  45,  29,  47,  29,  47,  29,  47,  29,  47,
     12,  44,  12,  44,  71,  83,  71,  84,  71,  85,  12,  48,  12,  48,  48,  30,
     86,  31,  49,  49,  87,  88,  32,  12,  89,  12,  90,  91,  92,  91,  12,  44,
     12,  44,  12,  44,  12,  23,  45,  23,  45,  23,  45,  27,  45,  34,  50,  34,
     50,  34,  50,   2,  51,   2,  51,   2,  51,   2,  51,  93,  52,  94,  52,  95,
     52,  30,  53,  30,  53,  30,  53,  30,  53,  30,  53,  30,  53,  37,  55,  39,
     54,  39,  40,  57,  40,  57,  40,  57,  96,  97,  98,  99, 100, 101,  57,  48,
     48,  48,  48,  24,  44,  88, 102,  23,  45,  30,  53,  30,  53,  30,  53,  30,
     53,  30,  53,  45,  24,  44,  24,  44,  27,  75,  29,  47,  29,  47,  31,  49,
     23,  45,  23,  45,  48, 103,  57,  57,  29,  47, 104,  12,  44,  24,  44,  27,
     75,  23,  45,  24,  44,  24,  44,  27,  45,  27,  45, 105, 106,  71, 107,  23,
     45,  23,  45,  34,  50,  34,  50,  30,  53,  30,  53,   2,  51,  35,  52,  12,
     44,  27,  27,  45,  35, 108,   2,  12,  71,  30,  45,  45,  44,  31,  12,  12,
     24,  25,  25,  35, 109,  27, 110,  14,  12,  12,  31,  12,  12,  12,  23,  12,
     33,  26,  35,  39, 111,  38, 109,  12,  12, 109,  45,  12,  45,  23, 112,  44,
     51,  50, 113,  45,  56,  44,  44,  44,  49,  44,  44,  44,  45,  44,  45,  45,
    114,  54,  45,  56, 113,  44,  44, 113, 115,  48, 115,  45,  45,  44,  45,  45,
     44,  50,  45,  51,  48,  77,  48, 115, 115,  44,  49,  44,  54,  53,  12,  45,
     45,  26,  45,  24,  24,  24,  25,  23,  45,  36,  54,  36,  54,  46,  45,  12,
     52,  45,  45,  33,  45,  35,  50,  35,  50,  56,  14,  31,  49,  31,  49,  31,
     49,  52,  52,  35,  50,  45, 115,  75,  26,  45,  35,  50,  39,  54,  39,  54,
     56, 113,  52,  44,  44,  44,  45,  75,  12,  38,  25,  44,  52,  12,  44,  52,
     52,  44,  12,  52,  12,  24,  44,  24,  44,  27,  75,  27,  45,  45,  23,  45,
     38,  14,  12,  44,  12,  44,  23,  45,  23,  45,  23,  45,  45,  54,  54,  54,
     44,  35,  50,  44,  35,  50,  38,  56,  38,  56, 116, 117, 118, 119, 120, 121,
    122, 123, 124, 125, 126, 127, 128, 129, 130, 131, 132, 133, 134,  24,  44,  24,
     44,  24,  44,  24,  44,  24,  44,  24,  44,  24,  44,  24,  44,  24,  44,  24,
     44,  24,  44,  24,  44,  27,  45,  27,  45,  27,  45,  27,  45,  27,  45,  27,
     45,  27,  45,  27,  45,  12, 106,  12, 135,  23,  45,  23,  45,  23,  45,  23,
     45,  23,  45,  23,  45,  23,  45,  23,  45,  23,  45,  23,  45,  23,  45,  23,
     45,  30,  53,  30,  53, 136,  53, 136,  53, 136, 100, 136,  53, 136,  53,  39,
     54, 137,  54, 137,  54, 137,  54, 138, 139, 140, 138, 139, 140,  60,  60, 141,
    141, 142, 139,  61,  69,  22, 141,  33,  44, 141,  19,  65, 143, 144,  65,  65,
    145,  65,  65, 146, 146, 147, 148, 148, 148, 148, 148, 149, 148, 150, 148, 148,
    148, 148, 148, 148, 148, 148, 148, 148, 148, 148, 148, 148, 148, 148, 148, 148,
    148,  26,  52,  51, 151,  45,  29,  26, 152,  25,   8,  20,  24,   8,  90,  20,
     20,  20,  20, 153, 153, 153, 153,
};

static const uint16_t inter_10_boldKernRightCodepoints[] = {
    0x0020, 0x0021, 0x0022, 0x0023, 0x0024, 0x0026, 0x0027, 0x0028, 0x0029, 0x002A, 0x002B, 0x002C,
    0x002D, 0x002E, 0x002F, 0x0030, 0x0031, 0x0032, 0x0033, 0x0034, 0x0035, 0x0036, 0x0037, 0x0038,
    0x0039, 0x003A, 0x003B, 0x003C, 0x003D, 0x003F, 0x0040, 0x0041, 0x0042, 0x0043, 0x0044, 0x0045,
    0x0046, 0x0047, 0x0048, 0x0049, 0x004A, 0x004B, 0x004C, 0x004D, 0x004E, 0x004F, 0x0050, 0x0051,
    0x0052, 0x0053, 0x0054, 0x0055, 0x0056, 0x0057, 0x0058, 0x0059, 0x005A, 0x005B, 0x005C, 0x005D,
    0x005E, 0x005F, 0x0061, 0x0062, 0x0063, 0x0064, 0x0065, 0x0066, 0x0067, 0x0068, 0x0069, 0x006A,
    0x006B, 0x006C, 0x006D, 0x006E, 0x006F, 0x0070, 0x0071, 0x0072, 0x0073, 0x0074, 0x0075, 0x0076,
    0x0077, 0x0078, 0x0079, 0x007A, 0x007B, 0x007C, 0x007D, 0x007E, 0x00A2, 0x00A9, 0x00AA, 0x00AB,
    0x00AC, 0x00AE, 0x00B0, 0x00B1, 0x00B2, 0x00B5, 0x00B6, 0x00B7, 0x00B9, 0x00BA, 0x00BB, 0x00BF,
    0x00C0, 0x00C1, 0x00C2, 0x00C3, 0x00C4, 0x00C5, 0x00C6, 0x00C7, 0x00C8, 0x00C9, 0x00CA, 0x00CB,
    0x00CC, 0x00CD, 0x00CE, 0x00CF, 0x00D0, 0x00D1, 0x00D2, 0x00D3, 0x00D4, 0x00D5, 0x00D6, 0x00D7,
    0x00D8, 0x00D9, 0x00DA, 0x00DB, 0x00DC, 0x00DD, 0x00DE, 0x00DF, 0x00E0, 0x00E1, 0x00E2, 0x00E3,
    0x00E4, 0x00E5, 0x00E6, 0x00E7, 0x00E8, 0x00E9, 0x00EA, 0x00EB, 0x00EC, 0x00ED, 0x00EE, 0x00EF,
    0x00F0, 0x00F1, 0x00F2, 0x00F3, 0x00F4, 0x00F5, 0x00F6, 0x00F7, 0x00F8, 0x00F9, 0x00FA, 0x00FB,
    0x00FC, 0x00FD, 0x00FE, 0x00FF, 0x0100, 0x0101, 0x0102, 0x0103, 0x0104, 0x0105, 0x0106, 0x0107,
    0x0108, 0x0109, 0x010A, 0x010B, 0x010C, 0x010D, 0x010E, 0x010F, 0x0110, 0x0111, 0x0112, 0x0113,
    0x0114, 0x0115, 0x0116, 0x0117, 0x0118, 0x0119, 0x011A, 0x011B, 0x011C, 0x011D, 0x011E, 0x011F,
    0x0120, 0x0121, 0x0122, 0x0123, 0x0124, 0x0125, 0x0126, 0x0127, 0x0128, 0x0129, 0x012A, 0x012B,
    0x012C, 0x012D, 0x012E, 0x012F, 0x0130, 0x0131, 0x0133, 0x0134, 0x0135, 0x0136, 0x0137, 0x0138,
    0x0139, 0x013A, 0x013B, 0x013C, 0x013D, 0x013E, 0x0140, 0x0141, 0x0142, 0x0143, 0x0144, 0x0145,
    0x0146, 0x0147, 0x0148, 0x014A, 0x014B, 0x014C, 0x014D, 0x014E, 0x014F, 0x0150, 0x0151, 0x0152,
    0x0153, 0x0154, 0x0155, 0x0156, 0x0157, 0x0158, 0x0159, 0x015A, 0x015B, 0x015C, 0x015D, 0x015E,
    0x015F, 0x0160, 0x0161, 0x0162, 0x0163, 0x0164, 0x0165, 0x0166, 0x0167, 0x0168, 0x0169, 0x016A,
    0x016B, 0x016C, 0x016D, 0x016E, 0x016F, 0x0170, 0x0171, 0x0172, 0x0173, 0x0174, 0x0175, 0x0176,
    0x0177, 0x0178, 0x0179, 0x017A, 0x017B, 0x017C, 0x017D, 0x017E, 0x017F, 0x01A0, 0x01A1, 0x01AF,
    0x01B0, 0x01C5, 0x01C6, 0x01C8, 0x01C9, 0x01CB, 0x01CC, 0x01CD, 0x01CE, 0x01CF, 0x01D0, 0x01D1,
    0x01D2, 0x01D3, 0x01D4, 0x01D5, 0x01D6, 0x01D7, 0x01D8, 0x01D9, 0x01DA, 0x01DB, 0x01DC, 0x01DD,
    0x01DE, 0x01DF, 0x01E0, 0x01E1, 0x01E2, 0x01E3, 0x01E4, 0x01E5, 0x01E6, 0x01E7, 0x01E8, 0x01E9,
    0x01EA, 0x01EB, 0x01EC, 0x01ED, 0x01EF, 0x01F0, 0x01F2, 0x01F3, 0x01F4, 0x01F5, 0x01F6, 0x01F8,
    0x01F9, 0x01FA, 0x01FB, 0x01FC, 0x01FD, 0x01FE, 0x01FF, 0x0200, 0x0201, 0x0202, 0x0203, 0x0204,
    0x0205, 0x0206, 0x0207, 0x0208, 0x0209, 0x020A, 0x020B, 0x020C, 0x020D, 0x020E, 0x020F, 0x0210,
    0x0211, 0x0212, 0x0213, 0x0214, 0x0215, 0x0216, 0x0217, 0x0218, 0x0219, 0x021A, 0x021B, 0x021E,
    0x021F, 0x0400, 0x0401, 0x0402, 0x0403, 0x0404, 0x0405, 0x0406, 0x0407, 0x0408, 0x0409, 0x040A,
    0x040B, 0x040C, 0x040D, 0x040F, 0x0410, 0x0411, 0x0412, 0x0413, 0x0414, 0x0415, 0x0416, 0x0417,
    0x0418, 0x0419, 0x041A, 0x041B, 0x041C, 0x041D, 0x041E, 0x041F, 0x0420, 0x0421, 0x0422, 0x0423,
    0x0424, 0x0425, 0x0426, 0x0427, 0x0428, 0x0429, 0x042A, 0x042B, 0x042C, 0x042D, 0x042E, 0x0430,
    0x0431, 0x0432, 0x0433, 0x0434, 0x0435, 0x0436, 0x0437, 0x0438, 0x0439, 0x043A, 0x043B, 0x043C,
    0x043D, 0x043E, 0x043F, 0x0440, 0x0441, 0x0442, 0x0443, 0x0444, 0x0445, 0x0446, 0x0447, 0x0448,
    0x0449, 0x044A, 0x044B, 0x044C, 0x044D, 0x044E, 0x044F, 0x0450, 0x0451, 0x0452, 0x0453, 0x0454,
    0x0455, 0x0456, 0x0457, 0x0458, 0x0459, 0x045A, 0x045B, 0x045C, 0x045D, 0x045E, 0x045F, 0x0460,
    0x0463, 0x0464, 0x0465, 0x0466, 0x0467, 0x0468, 0x046C, 0x046E, 0x0472, 0x0473, 0x0474, 0x0475,
    0x0476, 0x0477, 0x0478, 0x0479, 0x0481, 0x048A, 0x048B, 0x048D, 0x048E, 0x048F, 0x0490, 0x0491,
    0x0493, 0x0494, 0x0495, 0x0497, 0x049A, 0x049B, 0x049C, 0x049D, 0x04A0, 0x04A1, 0x04A2, 0x04A3,
    0x04A4, 0x04A5, 0x04A6, 0x04A7, 0x04A9, 0x04AA, 0x04AB, 0x04AC, 0x04AD, 0x04AE, 0x04AF, 0x04B0,
    0x04B1, 0x04B2, 0x04B3, 0x04B4, 0x04B5, 0x04B7, 0x04B9, 0x04BA, 0x04BB, 0x04BD, 0x04C0, 0x04C1,
    0x04C3, 0x04C4, 0x04C6, 0x04C7, 0x04C8, 0x04C9, 0x04CA, 0x04CD, 0x04CE, 0x04CF, 0x04D0, 0x04D1,
    0x04D2, 0x04D3, 0x04D4, 0x04D5, 0x04D6, 0x04D7, 0x04D9, 0x04DA, 0x04DB, 0x04DC, 0x04E1, 0x04E2,
    0x04E3, 0x04E4, 0x04E5, 0x04E6, 0x04E7, 0x04E8, 0x04E9, 0x04EA, 0x04EB, 0x04ED, 0x04EF, 0x04F1,
    0x04F3, 0x04F7, 0x04F9, 0x04FB, 0x04FC, 0x04FD, 0x04FE, 0x04FF, 0x05D0, 0x05D1, 0x05D2, 0x05D3,
    0x05D4, 0x05D6, 0x05D7, 0x05D8, 0x05D9, 0x05DA, 0x05DB, 0x05DC, 0x05DD, 0x05DE, 0x05E1, 0x05E2,
    0x05E3, 0x05E4, 0x05E5, 0x05E7, 0x05E8, 0x05E9, 0x05EA, 0x06D5, 0x1EA0, 0x1EA1, 0x1EA2, 0x1EA3,
    0x1EA4, 0x1EA5, 0x1EA6, 0x1EA7, 0x1EA8, 0x1EA9, 0x1EAA, 0x1EAB, 0x1EAC, 0x1EAD, 0x1EAE, 0x1EAF,
    0x1EB0, 0x1EB1, 0x1EB2, 0x1EB3, 0x1EB4, 0x1EB5, 0x1EB6, 0x1EB7, 0x1EB8, 0x1EB9, 0x1EBA, 0x1EBB,
    0x1EBC, 0x1EBD, 0x1EBE, 0x1EBF, 0x1EC0, 0x1EC1, 0x1EC2, 0x1EC3, 0x1EC4, 0x1EC5, 0x1EC6, 0x1EC7,
    0x1EC8, 0x1EC9, 0x1ECA, 0x1ECB, 0x1ECC, 0x1ECD, 0x1ECE, 0x1ECF, 0x1ED0, 0x1ED1, 0x1ED2, 0x1ED3,
    0x1ED4, 0x1ED5, 0x1ED6, 0x1ED7, 0x1ED8, 0x1ED9, 0x1EDA, 0x1EDB, 0x1EDC, 0x1EDD, 0x1EDE, 0x1EDF,
    0x1EE0, 0x1EE1, 0x1EE2, 0x1EE3, 0x1EE4, 0x1EE5, 0x1EE6, 0x1EE7, 0x1EE8, 0x1EE9, 0x1EEA, 0x1EEB,
    0x1EEC, 0x1EED, 0x1EEE, 0x1EEF, 0x1EF0, 0x1EF1, 0x1EF2, 0x1EF3, 0x1EF4, 0x1EF5, 0x1EF6, 0x1EF7,
    0x1EF8, 0x1EF9, 0x2018, 0x2019, 0x201A, 0x201B, 0x201C, 0x201D, 0x201E, 0x201F, 0x2020, 0x2021,
    0x2022, 0x2023, 0x2026, 0x2034, 0x2039, 0x203A, 0x203D, 0x2043, 0x2044, 0x204A, 0x204B, 0x204C,
    0x204D, 0x204F, 0x2074, 0x2077, 0x2079, 0x207E, 0x207F, 0x2080, 0x2081, 0x2082, 0x2083, 0x2084,
    0x2086, 0x2087, 0x2088, 0x2089, 0x208A, 0x208B, 0x208C, 0x208D, 0x208E, 0x2091, 0x2092, 0x2093,
    0x2095, 0x2096, 0x2097, 0x2098, 0x2099, 0x209A, 0x209B, 0x209C, 0x20A1, 0x20A7, 0x20A8, 0x20AB,
    0x20B2, 0x20B4, 0x20B5, 0x20B8, 0x20BF, 0x2192, 0x21D2, 0x2206, 0x2212, 0x221E, 0x222B, 0x2236,
    0x2248, 0x2260, 0x2264, 0x2265, 0xFB8E, 0xFBA6, 0xFBAA, 0xFE8D, 0xFEA3, 0xFEA9, 0xFEB1, 0xFEB3,
    0xFEB9, 0xFEBB, 0xFEC1, 0xFEC3, 0xFEC9, 0xFECB, 0xFECD, 0xFEDB, 0xFEDF, 0xFEE1, 0xFEE3, 0xFEEB,
};

static const uint8_t inter_10_boldKernRightClassIds[] = {
      1,   2,   3,   4,   5,   6,   3,   7,   8,   9,  10,  11,  12,  13,  14,  15,
     16,  17,  18,  19,  20,  15,  21,  22,  23,  24,  24,  25,  26,  27,  28,  29,
     30,  31,  30,  30,  30,  31,  30,  30,  32,  30,  30,  30,  30,  31,  30,  31,
     30,   5,  33,  34,  35,  36,  37,  38,  39,   7,  35,   8,  40,  41,  42,  30,
     43,  43,  43,  44,  43,  30,  45,  46,  30,  30,  47,  47,  43,  47,  43,  47,
     48,  49,  50,  51,  52,  53,  51,  54,   7,  30,   8,  55,  43,  31,  56,  57,
     58,  59,  60,  26,  61,  62,  63,  64,  65,  56,  66,  67,  29,  29,  29,  29,
     29,  29,  29,  31,  30,  30,  30,  30,  30,  30,  68,  68,  69,  30,  31,  31,
     31,  31,  31,  70,  31,  34,  34,  34,  34,  38,  30,  30,  42,  42,  42,  71,
     72,  42,  42,  43,  43,  43,  43,  73,  74,  75,  76,  77,  43,  47,  43,  43,
     43,  78,  73,  10,  43,  50,  50,  50,  79,  51,  30,  80,  29,  81,  29,  42,
     29,  42,  31,  43,  31,  43,  31,  43,  31,  43,  30,  43,  82,  43,  30,  43,
     30,  43,  30,  43,  30,  43,  30,  43,  31,  43,  31,  43,  31,  43,  31,  43,
     30,  30,  30,  83,  68,  84,  68,  85,  68,  77,  30,  45,  30,  45,  45,  32,
     86,  30,  30,  47,  30,  30,  30,  30,  30,  30,  30,  30,  30,  30,  47,  30,
     47,  30,  47,  30,  47,  31,  87,  31,  43,  31,  43,  31,  43,  30,  47,  30,
     47,  30,  47,   5,  48,   5,  48,   5,  48,   5,  48,  88,  49,  89,  49,  90,
     49,  34,  91,  34,  50,  34,  50,  34,  50,  34,  50,  34,  50,  36,  52,  38,
     51,  38,  39,  54,  39,  54,  39,  54,  30,  31,  43,  34,  50,  92,  43,  30,
     30,  30,  47,  29,  42,  30,  93,  31,  43,  34,  50,  34,  50,  34,  50,  34,
     50,  34,  50,  87,  29,  42,  29,  42,  29,  42,  31,  43,  31,  43,  30,  30,
     31,  43,  31,  43,  49,  46,  30,  87,  31,  43,  92,  30,  47,  29,  42,  29,
     42,  31,  43,  29,  42,  29,  42,  30,  43,  30,  43,  68,  94,  68,  95,  31,
     43,  31,  43,  30,  47,  30,  47,  34,  50,  34,  50,   5,  48,  33,  49,  30,
     30,  30,  30,  33,  30,  31,   5,  30,  68,  32,  96,  30,  33,  30,  30,  30,
     29,  30,  30,  30,  97,  30,  98,  99,  92,  30,  30,  96,  30,  30,  31,  30,
     30,  31,  33,  35, 100,  37,  30, 101,  30,  30, 102,  30,  30,  31,  30,  42,
     15,  47,  47, 103,  43,  53,  43,  47,  47,  47, 104,  47,  47,  43,  47,  47,
     43, 105,  51,  43,  53,  47, 106,  47,  47, 107,  45,  47,  43,  47, 108,  43,
     43,  30,  47,  43,  48,  45,  77,  46, 104,  47,  30,  47,  47,  51,  50,  30,
     49,  30,  47,  29,  29,  30,  30,  30,  31,  43,  35,  51,  35,  51,  31,  43,
     43,  92,  47,  49,  30,  47,  30,  47,  49,  30,  47,  53,  30,  47,  30,  47,
     33,  49,  30,  47,  30,  47,  30,  47,  43,  31,  43,  33,  49,  38,  51,  38,
     51,  37,  53,  33,  49,  42,  42,  30,  30,  49,  30,  37,  30,  47, 104,  92,
     47,  30,  47,  30,  47,  30,  29,  42,  29,  42,  29,  42,  30,  43,  43,  31,
     43,  37,  49,  30,  47,  30,  47,  31,  43,  31,  43,  31,  43,  43,  51,  51,
     51,  47,  47,  49,  37,  53,  37,  53, 109, 110, 111, 112, 113, 114, 115, 116,
    117, 118, 119, 120, 121, 122, 123, 124, 125, 126, 127, 128, 129, 130, 131, 132,
     29,  42,  29,  42,  29,  42,  29,  42,  29,  42,  29,  42,  29,  42,  29,  42,
     29,  42,  29,  42,  29,  42,  29,  42,  30,  43,  30,  43,  30,  43,  30,  43,
     30,  43,  30,  43,  30,  43,  30,  43,  30,  45,  30,  45,  31,  43,  31,  43,
     31,  43,  31,  43,  31,  43,  31,  43,  31,  43,  31,  43,  31,  43,  31,  43,
     31,  43,  31,  43,  34,  50,  34,  50,  34,  50,  34,  50,  34,  50,  34,  50,
     34,  50,  38,  51, 133,  51, 133,  51, 133,  51, 134, 135, 136, 137, 134, 135,
    136, 138,  56,  56, 139, 139, 140, 141,  57,  66,  27, 139, 142,  49,  30, 139,
     47,  24, 143, 144, 145, 146, 147, 148, 148, 148, 148, 149, 148, 150, 148, 148,
    148, 148, 148, 148, 148, 148, 148, 148, 148, 148, 148, 148, 148, 148, 148, 148,
     31,  30,  30,  43,  31, 151,  31, 152,  30,  10,  26,  29,  10, 153,  46,  24,
     26,  26,  26,  26, 132, 132, 132, 154, 132, 155, 155, 155, 155, 155, 155, 155,
    156, 154, 156, 132, 154, 132, 132, 132,
};

static const uint16_t inter_10_boldKernRowOffsets[] = {
        0,    15,    28,    31,    47,    58,    60,    74,    94,   122,   130,   145,   159,   160,   170,   179,
      186,   191,   229,   236,   253,   271,   272,   295,   355,   365,   375,   380,   405,   421,   429,   467,
      506,   527,   542,   604,   652,   692,   730,   784,   800,   811,   871,   913,   930,   961,  1010,  1017,
     1022,  1041,  1098,  1111,  1156,  1176,  1221,  1243,  1267,  1276,  1285,  1291,  1298,  1306,  1311,  1332,
     1333,  1334,  1354,  1374,  1375,  1401,  1411,  1416,  1428,  1442,  1452,  1457,  1462,  1492,  1509,  1540,
     1557,  1590,  1610,  1640,  1670,  1700,  1705,  1744,  1758,  1797,  1799,  1813,  1852,  1914,  1976,  2038,
     2062,  2066,  2071,  2076,  2085,  2094,  2099,  2100,  2120,  2125,  2130,  2160,  2163,  2171,  2209,  2232,
     2237,  2267,  2324,  2344,  2350,  2355,  2362,  2373,  2379,  2380,  2389,  2400,  2406,  2416,  2421,  2424,
     2431,  2433,  2440,  2447,  2457,  2464,  2474,  2479,  2483,  2537,  2557,  2608,  2636,  2648,  2676,  2677,
     2679,  2683,  2685,  2686,  2704,  2705,  2706,  2707,  2712,  2716,
};

static const uint8_t inter_10_boldKernSparseCols[] = {
      5,  10,  12,  18,  28,  31,  42,  47,  72,  77,  86,  95,  96, 107, 139,  28,
     32,  36,  76,  83,  84,  87,  88,  89,  94,  97, 101, 148, 133, 134, 140,   2,
     32,  34,  35,  37,  50,  51,  55,  58,  79,  87,  88,  89, 101, 132, 133,  29,
     42,  45,  46,  72,  77,  82,  85,  86,  91,  93,  93, 133,   5,  10,  12,  18,
     27,  28,  30,  31,  40,  68,  95,  96,  99, 139,  16,  17,  20,  28,  31,  32,
     34,  35,  36,  37,  52,  62,  87,  88,  89,  97,  98, 101, 132, 133,   0,   1,
      2,  14,  15,  17,  19,  20,  21,  22,  26,  27,  30,  32,  37,  62,  87,  88,
     89,  98,  99, 101, 105, 132, 134, 136, 137, 140,  10,  12,  28,  31,  34,  35,
     93, 139,  10,  12,  20,  34,  36,  37,  40,  48,  97, 104, 106, 132, 133, 135,
    139,   7,  40,  48,  50,  68,  76,  79,  81,  83,  84,  93,  94, 104, 106,  18,
      8,  10,  12,  36,  39,  56,  59,  97, 135, 139,   8,  10,  12,  15,  39,  58,
     59,  62, 139,   8,  10,  12,  39,  58,  59, 139,  10,  12,  40, 135, 139,   3,
      5,  10,  12,  14,  17,  18,  19,  20,  21,  22,  23,  24,  28,  31,  40,  41,
     42,  46,  47,  56,  70,  71,  72,  76,  77,  80,  83,  84,  86,  94,  95,  96,
     98, 107, 135, 139, 148,  32,  34,  87,  88,  89, 101, 133,  28,  32,  34,  35,
     36,  37,  50,  52,  79,  87,  88,  89,  97, 101, 132, 133, 151,  20,  28,  32,
     34,  35,  36,  37,  38,  87,  88,  89,  95,  96,  97, 101, 132, 133, 151,  28,
     10,  12,  13,  28,  32,  34,  35,  36,  37,  40,  58,  87,  88,  89,  93,  97,
    101, 132, 133, 135, 139, 147, 148,   2,   4,   8,   9,  11,  13,  15,  24,  25,
     26,  27,  28,  30,  32,  33,  34,  35,  37,  39,  42,  43,  44,  47,  48,  50,
     51,  54,  55,  56,  57,  58,  59,  62,  63,  65,  69,  72,  73,  74,  75,  77,
     79,  86,  87,  88,  89,  92,  99, 101, 104, 105, 106, 107, 132, 133, 134, 138,
    140, 141, 151,  32,  76,  83,  84,  87,  88,  89,  94, 101, 133,  28,  36,  40,
     50,  76,  79,  83,  84,  94,  97,  76,  83,  84,  93,  94,  10,  12,  28,  31,
     40,  41,  42,  46,  49,  50,  53,  61,  70,  71,  72,  77,  78,  79,  80,  86,
     90,  93, 135, 139, 148,  28,  32,  34,  36,  37,  76,  83,  84,  87,  88,  89,
     93,  94,  97, 101, 132,  10,  12,  13,  28,  40,  93, 135, 139,   4,   9,  11,
     24,  25,  27,  30,  42,  44,  49,  50,  51,  54,  56,  57,  58,  61,  63,  69,
     72,  73,  74,  75,  76,  77,  78,  79,  83,  84,  86,  90,  92,  93,  94,  99,
    105, 138, 152,   2,   8,   9,  11,  15,  27,  30,  32,  34,  35,  37,  39,  48,
     50,  54,  55,  56,  57,  58,  59,  62,  63,  69,  79,  87,  88,  89,  99, 101,
    104, 105, 106, 132, 133, 134, 136, 137, 138, 140,   5,   9,  10,  11,  12,  28,
     31,  41,  42,  54,  57,  63,  70,  71,  72,  77,  80,  86, 135, 139, 148,  34,
     37,  41,  42,  70,  71,  72,  76,  77,  80,  83,  84,  86,  94, 132,   4,   5,
      9,  10,  11,  12,  13,  14,  18,  20,  23,  24,  25,  27,  28,  30,  31,  37,
     40,  41,  42,  46,  47,  48,  49,  50,  51,  52,  53,  54,  56,  57,  61,  63,
     65,  69,  70,  71,  72,  76,  77,  78,  79,  80,  83,  84,  86,  90,  93,  94,
     95,  96,  99, 104, 105, 106, 107, 132, 135, 138, 139, 148,   5,   9,  10,  11,
     12,  13,  14,  18,  23,  24,  25,  27,  28,  30,  31,  34,  40,  41,  42,  46,
     47,  54,  56,  57,  63,  66,  69,  70,  71,  72,  76,  77,  80,  83,  84,  86,
     93,  94,  95,  96,  99, 105, 107, 135, 138, 139, 147, 148,   4,   5,   9,  10,
     11,  12,  13,  18,  23,  24,  25,  27,  28,  30,  31,  34,  35,  41,  42,  46,
     47,  54,  56,  57,  63,  66,  70,  71,  72,  77,  80,  86,  93,  99, 105, 107,
    135, 139, 147, 148,   4,   9,  11,  14,  17,  18,  21,  24,  25,  27,  30,  32,
     41,  42,  54,  56,  57,  58,  63,  69,  70,  71,  72,  77,  80,  86,  87,  88,
     89,  93,  98,  99, 100, 101, 104, 105, 138, 150,   5,   9,  10,  11,  12,  18,
     23,  24,  25,  27,  28,  30,  31,  32,  41,  42,  44,  46,  47,  49,  54,  56,
     57,  58,  61,  63,  65,  69,  70,  71,  72,  73,  74,  75,  77,  78,  80,  86,
     87,  88,  89,  90,  92,  93,  99, 101, 105, 107, 135, 138, 139, 147, 148, 152,
      9,  11,  24,  27,  30,  54,  56,  57,  63,  76,  83,  84,  93,  94,  99, 105,
     29,  42,  45,  46,  72,  77,  82,  85,  86,  91,  93,   2,   4,   8,   9,  11,
     13,  15,  24,  25,  26,  27,  28,  30,  32,  33,  34,  35,  37,  39,  42,  43,
     44,  47,  48,  50,  51,  54,  55,  56,  57,  58,  59,  62,  63,  65,  69,  72,
     73,  74,  75,  77,  79,  86,  87,  88,  89,  92,  99, 101, 104, 105, 106, 107,
    132, 133, 134, 138, 140, 141, 151,   8,  14,  15,  17,  18,  19,  21,  22,  27,
     29,  30,  32,  33,  34,  39,  44,  45,  46,  50,  59,  62,  73,  74,  75,  79,
     82,  85,  87,  88,  89,  91,  92,  95,  96,  98,  99, 100, 101, 102, 103, 133,
    151,   2,  15,  32,  34,  35,  37,  50,  58,  79,  87,  88,  89, 101, 132, 133,
    134, 140,   2,   7,  15,  28,  32,  34,  35,  36,  37,  41,  50,  51,  52,  53,
     55,  58,  70,  71,  79,  80,  87,  88,  89,  93,  97, 101, 105, 132, 133, 134,
    140,   9,  10,  11,  12,  13,  18,  28,  31,  37,  40,  41,  42,  43,  44,  45,
     47,  48,  51,  54,  56,  57,  63,  69,  70,  71,  72,  73,  74,  75,  76,  77,
     80,  83,  84,  85,  86,  92,  93,  94,  95,  96, 104, 106, 107, 132, 135, 138,
    139, 148,  32,  45,  85,  87,  88,  89, 101,  76,  83,  84,  93,  94,   9,  11,
     18,  24,  32,  42,  50,  54,  56,  57,  63,  72,  77,  79,  86,  87,  88,  89,
    101,   9,  10,  11,  12,  13,  24,  28,  29,  31,  32,  38,  41,  42,  43,  44,
     45,  46,  48,  50,  51,  52,  54,  57,  63,  70,  71,  72,  73,  74,  75,  76,
     77,  79,  80,  82,  83,  84,  85,  86,  87,  88,  89,  91,  92,  93,  94, 101,
    102, 103, 104, 106, 133, 134, 135, 139, 140, 148,   2,  32,  34,  35,  37,  58,
     87,  88,  89, 101, 132, 133, 135,   9,  11,  18,  24,  29,  32,  34,  35,  37,
     41,  42,  43,  45,  47,  48,  50,  51,  54,  57,  63,  69,  70,  71,  72,  77,
     79,  80,  82,  85,  86,  87,  88,  89,  91,  93, 101, 104, 106, 107, 132, 133,
    134, 138, 140, 148,   9,  11,  13,  24,  32,  37,  40,  54,  57,  63,  81,  87,
     88,  89, 101, 132, 133, 134, 140, 148,   9,  10,  11,  12,  13,  24,  25,  28,
     29,  31,  32,  37,  40,  41,  42,  43,  48,  54,  56,  57,  63,  70,  71,  72,
     76,  77,  80,  82,  83,  84,  86,  87,  88,  89,  91,  94, 101, 102, 103, 104,
    106, 132, 135, 139, 148,   5,  10,  12,  28,  31,  32,  38,  41,  42,  56,  70,
     71,  72,  77,  80,  86,  87,  88,  89, 101, 135, 139,   9,  11,  25,  32,  41,
     42,  43,  48,  54,  56,  57,  63,  70,  71,  72,  77,  80,  86,  87,  88,  89,
    101, 104, 106,  32,  42,  72,  77,  86,  87,  88,  89, 101,  32,  34,  37,  87,
     88,  89, 101, 132, 133,  44,  73,  74,  75,  92,  93,   5,  28,  31,  42,  72,
     77,  86,  28,  32,  37,  87,  88,  89, 101, 132,  32,  87,  88,  89, 101,   5,
     18,  27,  28,  30,  31,  36,  37,  41,  42,  47,  70,  71,  72,  77,  80,  86,
     97,  99, 107, 132, 142, 143,   9,  11,  13,  24,  32,  37,  40,  54,  57,  63,
     81,  87,  88,  89, 101, 132, 133, 134, 140, 148,  16,  17,  20,  28,  31,  32,
     34,  35,  36,  37,  52,  62,  87,  88,  89,  97,  98, 101, 132, 133, 145,  15,
     16,  17,  20,  21,  28,  32,  34,  35,  36,  37,  38,  50,  51,  52,  79,  87,
     88,  89,  95,  96,  97,  98, 101, 132, 133,  32,  34,  35,  87,  88,  89, 101,
    133, 134, 140,  76,  83,  84,  93,  94,  28,  32,  34,  36,  37,  87,  88,  89,
     97, 101, 132, 151,  10,  12,  28,  31,  32,  34,  38,  87,  88,  89, 101, 133,
    135, 139,  32,  76,  83,  84,  87,  88,  89,  94, 101, 133,  32,  87,  88,  89,
    101,  76,  83,  84,  93,  94,  15,  20,  29,  32,  34,  38,  43,  44,  45,  46,
     48,  67,  73,  74,  75,  76,  82,  83,  84,  85,  87,  88,  89,  91,  92,  93,
     94, 101, 104, 106,   2,  15,  32,  34,  35,  37,  50,  58,  79,  87,  88,  89,
    101, 132, 133, 134, 140,   2,   7,  15,  28,  32,  34,  35,  36,  37,  41,  50,
     51,  52,  53,  55,  58,  70,  71,  79,  80,  87,  88,  89,  93,  97, 101, 105,
    132, 133, 134, 140,   2,  15,  32,  34,  35,  37,  50,  58,  79,  87,  88,  89,
    101, 132, 133, 134, 140,   2,   6,   7,   8,  15,  20,  29,  32,  39,  44,  45,
     46,  55,  58,  59,  73,  74,  75,  76,  82,  83,  84,  85,  87,  88,  89,  91,
     92,  93,  94, 101, 133, 148,  29,  32,  44,  45,  73,  74,  75,  76,  82,  83,
     84,  85,  87,  88,  89,  91,  92,  93,  94, 101,  15,  20,  29,  32,  34,  38,
     43,  44,  45,  46,  48,  67,  73,  74,  75,  76,  82,  83,  84,  85,  87,  88,
     89,  91,  92,  93,  94, 101, 104, 106,  15,  20,  29,  32,  34,  38,  43,  44,
     45,  46,  48,  67,  73,  74,  75,  76,  82,  83,  84,  85,  87,  88,  89,  91,
     92,  93,  94, 101, 104, 106,  15,  20,  29,  32,  34,  38,  43,  44,  45,  46,
     48,  67,  73,  74,  75,  76,  82,  83,  84,  85,  87,  88,  89,  91,  92,  93,
     94, 101, 104, 106,  76,  83,  84,  93,  94,   2,   8,   9,  11,  15,  27,  30,
     32,  34,  35,  37,  39,  48,  50,  54,  55,  56,  57,  58,  59,  62,  63,  69,
     79,  87,  88,  89,  99, 101, 104, 105, 106, 132, 133, 134, 136, 137, 138, 140,
      7,  40,  48,  50,  68,  76,  79,  81,  83,  84,  93,  94, 104, 106,   2,   8,
      9,  11,  15,  27,  30,  32,  34,  35,  37,  39,  48,  50,  54,  55,  56,  57,
     58,  59,  62,  63,  69,  79,  87,  88,  89,  99, 101, 104, 105, 106, 132, 133,
    134, 136, 137, 138, 140,  37, 132,   7,  40,  48,  50,  68,  76,  79,  81,  83,
     84,  93,  94, 104, 106,   2,   8,   9,  11,  15,  27,  30,  32,  34,  35,  37,
     39,  48,  50,  54,  55,  56,  57,  58,  59,  62,  63,  69,  79,  87,  88,  89,
     99, 101, 104, 105, 106, 132, 133, 134, 136, 137, 138, 140,   4,   5,   9,  10,
     11,  12,  13,  14,  18,  20,  23,  24,  25,  27,  28,  30,  31,  37,  40,  41,
     42,  46,  47,  48,  49,  50,  51,  52,  53,  54,  56,  57,  61,  63,  65,  69,
     70,  71,  72,  76,  77,  78,  79,  80,  83,  84,  86,  90,  93,  94,  95,  96,
     99, 104, 105, 106, 107, 132, 135, 138, 139, 148,   4,   5,   9,  10,  11,  12,
     13,  14,  18,  20,  23,  24,  25,  27,  28,  30,  31,  37,  40,  41,  42,  46,
     47,  48,  49,  50,  51,  52,  53,  54,  56,  57,  61,  63,  65,  69,  70,  71,
     72,  76,  77,  78,  79,  80,  83,  84,  86,  90,  93,  94,  95,  96,  99, 104,
    105, 106, 107, 132, 135, 138, 139, 148,   4,   5,   9,  10,  11,  12,  13,  14,
     18,  20,  23,  24,  25,  27,  28,  30,  31,  37,  40,  41,  42,  46,  47,  48,
     49,  50,  51,  52,  53,  54,  56,  57,  61,  63,  65,  69,  70,  71,  72,  76,
     77,  78,  79,  80,  83,  84,  86,  90,  93,  94,  95,  96,  99, 104, 105, 106,
    107, 132, 135, 138, 139, 148,  41,  42,  43,  46,  47,  48,  49,  50,  51,  52,
     53,  61,  70,  71,  72,  77,  78,  79,  80,  86,  90, 104, 106, 107,  10,  12,
     28, 139,   6,   7,  10,  12, 139,  32,  87,  88,  89, 101,  42,  48,  50,  72,
     77,  79,  86, 104, 106,  32,  42,  72,  77,  86,  87,  88,  89, 101,  76,  83,
     84,  93,  94,  93,   9,  11,  13,  24,  32,  37,  40,  54,  57,  63,  81,  87,
     88,  89, 101, 132, 133, 134, 140, 148,  76,  83,  84,  93,  94,  76,  83,  84,
     93,  94,  15,  20,  29,  32,  34,  38,  43,  44,  45,  46,  48,  67,  73,  74,
     75,  76,  82,  83,  84,  85,  87,  88,  89,  91,  92,  93,  94, 101, 104, 106,
     10,  12, 139,  32,  40,  87,  88,  89,  95,  96, 101,   4,   9,  11,  14,  17,
     18,  21,  24,  25,  27,  30,  32,  41,  42,  54,  56,  57,  58,  63,  69,  70,
     71,  72,  77,  80,  86,  87,  88,  89,  93,  98,  99, 100, 101, 104, 105, 138,
    150,  10,  12,  13,  28,  32,  34,  35,  36,  37,  40,  58,  87,  88,  89,  93,
     97, 101, 132, 133, 135, 139, 147, 148,  10,  12,  40, 135, 139,   2,   8,   9,
     10,  11,  12,  14,  18,  21,  39,  42,  43,  48,  50,  51,  54,  57,  59,  62,
     63,  72,  77,  79,  86, 104, 105, 106, 134, 139, 140,   9,  10,  11,  12,  13,
     24,  28,  29,  31,  32,  38,  41,  42,  43,  44,  45,  46,  48,  50,  51,  52,
     54,  57,  63,  70,  71,  72,  73,  74,  75,  76,  77,  79,  80,  82,  83,  84,
     85,  86,  87,  88,  89,  91,  92,  93,  94, 101, 102, 103, 104, 106, 133, 134,
    135, 139, 140, 148,   7,  32,  34,  36,  37,  48,  50,  51,  52,  55,  79,  87,
     88,  89,  97, 101, 104, 106, 132, 133, 116, 118, 119, 125, 127, 129, 111, 117,
    122, 125, 128, 109, 115, 116, 118, 119, 121, 125, 109, 112, 115, 117, 118, 120,
    121, 122, 124, 125, 128, 109, 115, 120, 122, 125, 128, 109, 111, 115, 117, 118,
    124, 125, 126, 127, 128, 109, 112, 114, 115, 118, 120, 121, 122, 125, 128, 130,
    115, 118, 121, 122, 124, 125, 109, 110, 115, 117, 118, 122, 124, 125, 129, 130,
    118, 120, 121, 122, 125, 115, 116, 118, 115, 117, 119, 122, 124, 125, 128, 115,
    122, 117, 118, 119, 122, 124, 125, 129, 108, 109, 111, 116, 120, 122, 125, 109,
    115, 117, 118, 121, 122, 124, 125, 128, 130, 109, 115, 118, 120, 122, 125, 128,
    111, 113, 116, 118, 119, 121, 122, 123, 125, 129,  76,  83,  84,  93,  94,  10,
     12,  93, 139,   5,   9,  10,  11,  12,  18,  23,  24,  25,  27,  28,  30,  31,
     32,  41,  42,  44,  46,  47,  49,  54,  56,  57,  58,  61,  63,  65,  69,  70,
     71,  72,  73,  74,  75,  77,  78,  80,  86,  87,  88,  89,  90,  92,  93,  99,
    101, 105, 107, 135, 138, 139, 147, 148, 152,   5,  10,  12,  13,  18,  28,  31,
     42,  47,  66,  72,  77,  86,  95,  96, 102, 103, 107, 135, 139,   3,   5,   9,
     10,  11,  12,  13,  14,  18,  20,  21,  23,  24,  25,  27,  28,  30,  31,  40,
     41,  42,  46,  47,  48,  49,  50,  54,  56,  57,  61,  62,  63,  66,  70,  71,
     72,  77,  78,  79,  80,  86,  90,  95,  96,  99, 102, 103, 104, 106, 107, 139,
     15,  27,  30,  32,  34,  35,  37,  41,  50,  70,  71,  79,  80,  87,  88,  89,
     95,  96,  99, 100, 101, 102, 103, 104, 132, 133, 134, 140,  28,  32,  34,  36,
     37,  87,  88,  89,  97, 101, 132, 151,   0,   1,   2,  14,  15,  17,  19,  20,
     21,  22,  26,  27,  30,  32,  37,  62,  87,  88,  89,  98,  99, 101, 105, 132,
    134, 136, 137, 140, 145,  64, 143, 142, 143, 144, 146,  60, 143, 146,  15,  27,
     30,  32,  34,  35,  37,  50,  79,  87,  88,  89,  99, 100, 101, 132, 148, 149,
    147, 148,  93,  10,  12,  13,  40, 139, 131, 153, 154, 155,
};

static const int8_t inter_10_boldKernSparseValues[] = {
     -11,  -30,  -30,  -21,  -26,  -55,   -7,   -3,   -7,   -7,   -7,  -15,  -15,   -3,  -30,   -5,
      -2,   -4,   15,   15,   15,   -2,   -2,   -2,   15,   -4,   -2,  -20,  -21,  -23,  -23,  -11,
     -19,  -21,  -13,  -25,  -11,  -11,  -13,   -7,  -11,  -19,  -19,  -19,  -19,  -25,  -30,    6,
      -2,    4,    6,   -2,   -2,    6,    4,   -2,    6,   37,    6,  -11,  -11,  -45,  -45,  -15,
      -6,  -32,   -6,  -32,  -23,    6,  -11,  -11,   -6,  -45,   -7,   -2,   -9,  -11,  -15,  -26,
     -15,   -8,  -13,  -21,   -7,   -3,  -45,  -45,  -26,  -36,  -10,  -50,  -21,  -10,  -10,   -4,
     -33,  -10,  -30,   -8,   -2,   -8,   -9,   -4,  -29,  -15,  -15,  -11,  -21,  -17,  -11,  -11,
     -11,   -8,  -15,  -11,  -11,  -33,  -32,  -45,  -45,  -32,  -13,  -13,   -8,  -21,    3,    3,
      13,  -13,  -10,  -10,   -7,   -8,  -12,  -11,  -15,    6,  -12,    6,    6,  -11,  -15,  -17,
     -10,    6,    6,    5,    3,   11,   21,    3,   12,   21,   21,   11,   21,    5,    5,   -5,
      -2,   -7,   -7,   -7,   -2,  -11,   -2,   -7,  -17,   -7,  -12,  -11,  -11,  -13,  -12,   -2,
     -12,  -15,  -11,   -2,   -8,   -8,   -2,   -2,   -2,   -8,  -10,  -10,  -15,  -15,  -10,  -19,
     -15,  -42,  -42,   -5,   -6,  -19,   -3,    7,   -5,   -3,  -11,  -30,  -36,  -32,  -53,  -15,
     -17,  -17,  -13,  -21,  -15,  -15,  -17,   30,  -17,  -15,   30,   30,  -17,   30,  -36,  -36,
      -6,  -13,  -47,  -42,  -14,  -11,  -21,  -11,  -11,  -11,  -28,  -15,  -17,  -15,  -23,  -21,
     -17,  -32,  -13,  -11,  -13,  -15,  -15,  -15,  -17,  -15,  -32,  -19,  -13,  -25,  -13,  -26,
     -25,  -25,  -19,  -30,  -21,  -26,  -26,  -26,  -11,  -11,  -17,  -25,  -30,  -32,  -25,  -21,
     -15,  -15,  -13,  -14,  -11,  -13,   -8,  -18,  -14,  -13,   -2,  -11,  -11,  -11,    8,  -35,
     -22,  -14,  -11,  -13,  -15,  -13,  -33,  -26,   -5,  -32,  -11,  -11,    4,  -17,  -13,  -17,
     -21,  -14,    5,  -14,  -30,   -7,  -26,  -24,  -26,  -32,   -8,   -3,    1,   -4,   -9,  -23,
     -23,  -11,  -25,  -11,  -11,  -24,  -32,  -17,  -11,  -11,  -11,   -8,    1,    1,    1,   -8,
     -23,   -8,  -30,  -30,  -49,    1,  -14,  -30,   -9,  -22,   -9,   -4,  -26,  -43,  -34,  -11,
     -34,   -4,  -17,  -19,   11,   11,   11,  -19,  -19,  -19,   11,  -19,  -21,   -9,   -5,  -13,
       2,   11,    2,   11,   11,   11,   -5,   25,   25,   25,   11,   25,  -13,  -24,  -30,  -23,
     -11,   -6,  -10,   -7,  -11,  -11,  -11,  -11,   -6,   -6,  -10,  -10,  -11,  -11,   -6,  -10,
     -11,   24,  -40,  -42,   -9,  -10,  -10,   -7,   -5,   -9,   11,   11,   11,  -10,  -10,  -10,
       8,   11,   -5,  -10,   -9,  -11,  -11,  -19,   -7,  -17,   11,  -26,  -11,   -3,  -26,  -26,
     -23,  -11,  -13,  -13,  -13,    2,  -11,  -13,  -21,  -26,  -17,  -43,   -5,  -11,  -41,  -11,
     -13,    2,    2,    2,   28,  -13,  -11,  -13,   28,   28,  -13,  -11,    2,   28,   28,  -13,
     -35,  -11,  -11,  -30,  -57,  -22,  -39,  -15,   -9,   -9,  -30,  -26,  -12,  -29,  -43,   -7,
     -23,  -35,  -32,  -21,  -66,  -27,  -59,  -26,  -43,  -11,  -23,  -30,  -30,  -30,   -9,  -30,
      -7,  -41,   -7,  -40,  -28,  -31,  -15,  -15,  -11,  -53,  -11,   -7,  -13,   -7,  -24,  -28,
     -32,   -4,   -3,   -7,   -7,   -7,   -4,   -4,   -3,   -3,   -4,   -3,  -47,  -45,  -12,   -7,
     -10,   -2,   -4,   -2,   -2,   -4,   15,   -4,   -2,   15,   15,   -4,   15,  -10,   -2,  -11,
     -17,  -11,  -17,  -11,  -43,  -11,  -23,  -26,  -11,  -26,  -11,  -11,  -30,  -11,  -30,    3,
     -19,  -24,  -26,  -19,  -25,  -34,  -25,  -21,  -21,  -11,  -15,  -17,  -43,  -17,  -59,  -44,
     -17,  -11,  -38,  -38,  -43,   30,  -43,  -42,  -32,  -24,   30,   30,  -26,  -38,   47,   30,
     -46,  -46,  -11,  -34,  -18,  -34,  -25,    3,  -40,  -11,  -40,  -19,  -17,  -19,  -32,  -19,
     -32,  -16,   -8,  -11,  -21,  -25,  -21,  -25,  -26,  -13,  -32,    5,  -26,  -20,  -20,   -3,
     -15,  -19,  -19,  -40,  -32,  -10,  -13,  -20,  -33,  -20,   28,  -35,  -20,   28,   28,  -20,
      13,   28,  -41,  -41,  -13,   -4,  -15,  -38,  -13,  -32,  -45,  -50,   -2,  -17,  -14,  -32,
     -14,  -32,  -10,  -11,  -17,  -25,  -21,   -8,  -24,   -8,  -21,    3,    7,  -19,  -17,  -11,
     -11,  -14,  -19,  -14,  -25,  -10,  -19,  -19,  -17,  -17,  -19,  -17,   28,   -8,  -11,  -11,
     -36,  -32,  -32,  -37,   -4,  -13,  -13,  -12,   -7,  -13,   -7,  -19,  -17,  -18,  -18,  -13,
     -19,   -9,  -25,  -13,  -30,   -2,  -28,  -15,  -19,  -19,   -9,   -9,  -19,   -9,  -13,  -13,
     -13,   28,   -7,  -35,  -11,  -13,  -21,  -29,  -15,  -11,  -21,  -21,  -21,  -21,  -21,  -23,
     -21,  -34,  -32,  -14,  -26,  -14,  -11,    3,  -34,  -36,   -7,  -13,  -23,  -13,  -21,  -30,
     -38,   -3,  -13,  -38,  -21,  -28,  -56,  -51,  -36,   -7,  -19,   -7,  -36,  -13,  -64,  -55,
       3,    3,    3,  -13,   -7,   28,  -14,    3,  -16,  -23,  -36,  -13,  -54,  -58,  -62,  -11,
     -12,  -12,  -21,  -11,  -11,  -12,  -11,  -12,  -23,   28,   28,   28,   11,   28,  -11,   -7,
       6,   -2,    4,    6,   -2,   -2,    6,    4,   -2,    6,   29,  -26,   -5,  -32,  -11,  -11,
       4,  -17,  -13,  -17,  -21,  -14,    5,  -14,  -43,   -7,  -43,  -43,  -26,  -32,   -8,   -3,
       1,   -4,   -9,  -40,  -23,  -11,  -25,  -11,  -11,  -24,  -32,  -17,  -11,  -11,  -11,   -8,
       1,    1,    1,   -8,  -40,   -8,  -43,  -43,  -43,    1,  -14,  -43,   -9,  -22,   -9,   -4,
     -26,  -58,  -53,  -11,  -53,   -4,  -17,  -23,  -15,  -36,  -15,  -19,  -15,  -15,  -15,  -13,
      11,  -13,  -19,  -13,  -26,  -23,    5,   32,   11,  -26,  -23,  -15,    5,    5,    5,  -26,
      11,   32,  -19,  -19,  -19,   11,    5,   19,   19,  -15,  -13,  -36,  -17,   15,   15,  -13,
     -17,   -7,  -13,  -24,  -17,  -17,  -32,   -6,   -3,   -6,  -24,  -24,  -24,  -24,  -32,  -15,
      -8,   -8,   -7,   -4,  -11,  -11,  -26,  -20,  -17,   -9,  -38,    3,   -6,   -5,   -7,   -7,
     -11,   -4,    3,    3,   -6,    3,  -26,  -26,  -26,   15,   -9,  -26,   -4,  -38,  -21,   -7,
      -7,   -7,  -19,   -7,  -19,   -4,  -21,  -11,  -21,    1,   -5,   -7,   -7,  -14,    3,    2,
      -6,  -13,    7,   -7,  -13,   -7,   -7,   -6,   -7,   -7,   -7,    3,    3,    3,   34,   -7,
      -7,   34,   47,    2,   -7,    3,   15,   45,  -27,  -27,  -13,  -13,   -6,    1,  -30,   -6,
     -19,   -6,  -17,    3,    3,  -17,  -17,  -17,  -17,   20,   32,   20,   28,   32,  -19,  -19,
     -15,  -28,  -19,   -7,    3,  -19,  -17,  -42,  -19,   -7,   -7,    3,   -7,  -19,  -19,  -19,
     -19,  -12,  -21,  -12,  -21,  -10,  -13,  -13,    5,  -19,  -19,  -11,   -5,   -8,    7,    1,
       5,    2,    7,    5,    3,    5,  -12,  -23,  -12,   -5,   -5,   -8,    1,    1,    1,    5,
      -8,    5,   -5,    5,    5,    5,    5,   -8,  -19,  -19,  -19,    5,    1,   15,    5,  -19,
      -6,   -6,    7,    7,  -13,    5,  -26,  -21,    5,   -8,   -3,  -25,  -15,  -11,  -25,   -3,
     -25,  -25,  -25,  -25,  -25,  -17,   -2,   -6,   -6,   -2,   -9,    1,  -11,   -1,   -1,   -2,
       2,   -3,  -11,    2,   -2,   -4,    7,    7,   -6,   -6,   -6,   -2,    2,    2,   -3,   -3,
       7,    2,    1,    2,   -3,  -11,  -11,  -11,    1,   15,  -11,   -4,   -4,   -2,   -2,  -13,
       4,   -2,    4,    5,  -12,  -12,  -11,  -13,  -17,  -19,  -11,  -12,  -23,  -12,    6,  -17,
     -42,  -17,  -17,  -19,  -13,    5,    5,  -10,  -13,  -13,  -13,  -13,  -19,  -11,  -13,  -23,
       1,  -21,  -11,  -11,  -26,   -3,   -6,    5,    6,  -13,  -13,  -13,  -13,   -3,   -3,   -6,
       8,   -6,   -3,    1,    8,    8,   -6,  -11,  -32,  -11,    1,    8,  -11,  -15,  -15,    6,
       6,  -11,  -26,  -37,   -8,  -11,  -25,  -25,  -23,  -19,  -17,  -11,   -1,   -5,  -11,   -1,
      -1,   -5,   -5,   -1,   -5,  -17,  -17,  -17,  -17,  -26,  -25,   -7,   -7,  -11,  -11,   -1,
      -7,    5,    5,   -7,  -11,   -7,   -7,   -1,   -1,   -7,   -7,   -1,   -7,  -11,  -11,  -11,
     -11,    5,    5,  -11,   -7,   -7,   -7,   -7,  -11,  -11,  -11,  -11,  -23,  -11,  -23,  -23,
     -23,  -23,  -23,  -23,  -11,   11,   11,   11,   11,   11,   15,  -13,  -25,  -25,  -11,  -11,
     -11,  -11,  -11,  -17,  -21,  -17,  -17,  -17,  -40,  -21,  -17,  -17,  -17,  -17,  -17,  -11,
     -16,   -2,  -24,   -2,  -24,   -2,   -3,   -4,   -9,   -4,   -4,   -4,   -9,   -9,   -4,   -9,
      -2,   -2,   -4,   -3,   -3,   -1,  -12,  -12,  -11,  -13,  -17,  -19,  -11,  -12,  -23,  -12,
       6,  -17,  -42,  -17,  -17,  -19,  -30,    5,    5,  -10,   -7,   -2,   -9,  -11,  -15,  -52,
     -28,   -8,  -28,  -38,   -7,   -3,  -52,  -52,  -52,  -28,  -10,  -52,  -38,  -10,    4,  -13,
     -17,  -15,  -17,  -11,  -11,  -43,  -21,  -19,  -13,  -30,  -11,  -11,  -11,  -11,  -11,  -43,
     -43,  -43,  -11,  -11,  -30,  -15,  -66,  -30,  -28,  -23,  -39,  -32,  -23,  -23,  -23,  -23,
     -21,  -11,  -11,   13,   13,   13,   13,   13,  -11,  -30,  -13,  -15,  -15,  -30,  -30,  -30,
     -15,  -30,  -15,  -11,  -34,  -34,  -13,  -13,  -19,  -17,  -13,  -19,  -19,  -19,  -19,  -19,
     -42,  -34,  -19,   11,   11,   11,  -19,  -19,  -19,   11,  -19,  -43,  -26,  -26,  -26,  -26,
     -26,   32,   34,   32,   24,   32,   15,   30,   21,   30,   28,   30,   13,   20,   20,    5,
      17,   13,   32,   20,   32,   53,   21,   53,   53,   32,   30,   30,   30,   46,   32,   17,
      53,   30,   17,   17,   -7,  -13,  -41,  -17,  -17,  -32,   -6,   -3,   -6,  -41,  -41,  -41,
     -41,  -32,  -15,   -8,   -8,   -7,   -4,  -11,  -11,  -43,  -20,  -17,   -9,  -38,    3,   -6,
      -5,   -7,   -7,  -11,   -4,    3,    3,   -6,    3,  -43,  -43,  -43,   15,   -9,  -43,   -4,
     -38,  -21,   -7,   -7,   -7,  -13,  -48,  -17,  -17,  -32,   -6,   -3,   -6,  -48,  -48,  -48,
     -48,  -32,  -15,   -8,   -8,   11,    3,   44,   19,   15,   15,   11,   13,   19,   13,   11,
      11,   13,    6,   19,   13,   13,   24,   11,   11,   11,   11,   11,   13,   13,   13,   11,
      24,   15,   11,   13,   11,   -6,   11,   11,   11,   13,   11,   11,   13,   13,   13,   13,
      13,   13,   11,   11,   11,   11,   11,   13,   13,   11,   15,   30,   21,   30,   28,   30,
      13,   34,   32,    5,   17,   13,   34,   34,   34,   53,   21,   53,   53,   32,   30,   30,
      30,   46,   34,   36,   53,   30,   17,   17,   15,   30,   21,   30,   28,   30,   13,   34,
      34,    5,   17,   13,   34,   34,   34,   53,   21,   53,   53,   34,   30,   30,   30,   46,
      34,   17,   53,   30,   17,   17,   15,   30,   21,   30,   28,   30,   13,   34,   20,    5,
      17,   13,   34,   34,   34,   53,   21,   53,   53,   32,   30,   30,   30,   46,   34,   17,
      53,   30,   17,   17,   32,   34,   32,   24,   34,  -30,  -59,  -38,  -38,  -15,   -9,   -9,
     -30,  -26,  -12,  -29,  -59,   -7,  -23,  -36,  -32,  -21,  -38,  -27,  -59,  -26,  -38,  -11,
     -23,  -30,  -30,  -30,   -9,  -30,   -7,  -41,   -7,  -40,  -28,  -31,  -15,  -15,  -11,  -53,
       6,    6,    5,    3,   11,   21,    3,   12,   21,   21,   24,   21,    5,    5,  -30,  -57,
     -34,  -34,  -15,   -9,   -9,  -30,  -26,  -12,  -29,  -43,   -7,  -23,  -34,  -32,  -21,  -34,
     -27,  -59,  -26,  -34,  -11,  -23,  -30,  -30,  -30,   -9,  -30,   -7,  -41,   -7,  -40,  -28,
     -31,  -15,  -15,  -11,  -53,  -11,  -11,    6,    6,    5,    3,   11,   21,    3,   11,   21,
      21,   11,   21,    5,    5,  -30,  -55,  -22,  -39,  -15,   -9,   -9,  -30,  -26,  -12,  -40,
     -55,   -7,  -23,  -35,  -32,  -21,  -66,  -27,  -55,  -26,  -43,  -11,  -23,  -30,  -30,  -30,
      -9,  -30,   -7,  -41,   -7,  -40,  -28,  -42,  -15,  -15,  -11,  -42,   -2,  -11,  -29,  -11,
     -29,  -11,  -43,  -11,  -23,  -26,  -11,  -26,  -11,  -11,  -30,  -11,  -30,    3,  -19,  -24,
     -26,  -19,  -25,  -34,  -43,  -21,  -21,  -26,  -28,  -29,  -43,  -29,  -43,  -29,  -17,  -11,
     -38,  -38,  -43,   30,  -43,  -43,  -32,  -24,   30,   30,  -26,  -43,   47,   30,  -46,  -46,
     -11,  -34,  -18,  -34,  -25,    3,  -40,  -11,  -40,  -19,   -2,  -11,  -29,  -11,  -29,  -11,
     -43,  -11,  -23,  -26,  -11,  -26,  -11,  -11,  -30,  -11,  -30,    3,  -19,  -24,  -26,  -19,
     -25,  -34,  -25,  -21,  -21,  -11,  -15,  -29,  -43,  -29,  -59,  -29,  -17,  -11,  -38,  -38,
     -43,   30,  -43,  -42,  -32,  -24,   30,   30,  -26,  -38,   47,   30,  -46,  -46,  -11,  -34,
     -18,  -34,  -25,    3,  -40,  -11,  -40,  -19,   -2,  -11,  -17,  -11,  -17,  -11,  -43,  -11,
     -23,  -26,  -11,  -26,  -11,  -11,  -49,  -11,  -70,    3,  -19,  -24,  -26,  -19,  -25,  -34,
     -25,  -21,  -21,  -11,  -15,  -17,  -43,  -17,  -59,  -44,  -17,  -11,  -38,  -38,  -43,   30,
     -43,  -42,  -32,  -24,   30,   30,  -26,  -38,   47,   30,  -46,  -46,  -11,  -34,  -18,  -34,
     -25,    3,  -40,  -11,  -40,  -30,  -21,  -22,  -13,  -21,  -21,  -13,  -21,  -20,  -20,  -20,
     -21,  -21,  -21,  -21,  -22,  -22,  -21,  -20,  -21,  -22,  -21,  -13,  -13,  -21,  -15,  -15,
     -12,  -15,    3,    8,  -15,  -15,  -15,   17,   17,   17,   17,   17,  -18,   10,    6,  -18,
     -18,    6,  -18,   10,   10,  -24,   -7,   -7,   -7,   -7,  -24,  -24,  -24,  -24,   32,   32,
      32,   30,   32,   11,  -12,  -12,  -11,  -13,  -32,  -19,  -11,  -12,  -23,  -12,    6,  -32,
     -32,  -32,  -32,  -19,  -13,    5,    5,  -10,   13,   13,   13,   24,   13,   32,   32,   32,
      28,   32,   15,   30,   21,   30,   28,   30,   13,   32,   34,    5,   17,   13,   32,   32,
      32,   53,   21,   53,   53,   34,   30,   30,   30,   46,   32,   32,   66,   30,   17,   17,
     -15,  -15,  -15,  -20,   21,  -20,  -20,  -20,    6,    6,  -20,   -4,  -38,  -38,  -12,   -7,
     -13,   -7,  -17,  -17,  -18,  -18,  -13,  -19,   -9,  -38,  -30,  -38,   -2,  -38,  -15,  -19,
     -19,   -9,   -9,  -19,   -9,  -13,  -13,  -13,   28,   -7,  -35,  -11,  -13,  -21,  -29,  -15,
     -11,  -15,  -15,  -13,  -14,  -11,  -13,   -8,  -18,  -14,  -13,   -2,  -11,  -11,  -11,    8,
     -35,  -22,  -14,  -11,  -30,  -15,  -13,  -33,  -15,  -15,  -13,  -11,  -15,  -12,  -12,  -12,
       7,  -12,    7,   -6,   -4,   -3,  -12,   -7,  -11,  -11,  -10,  -11,  -12,  -12,  -12,  -11,
     -12,   -7,   -7,  -10,   -7,  -11,  -14,  -11,  -12,    7,  -12,  -12,  -42,  -12,  -42,  -10,
     -13,  -13,    5,  -19,  -19,  -11,   -5,   -8,    7,    1,    5,    2,    7,    5,    3,    5,
     -12,  -23,  -12,   -5,   -5,   -8,    1,    1,    1,    5,   -8,    5,   -5,    5,    5,    5,
       5,   -8,  -19,  -19,  -19,    5,    1,   15,    5,  -19,   -6,   -6,    7,    7,  -13,    5,
     -51,  -42,    5,   -8,   -9,  -36,  -36,   -9,  -57,   -8,  -12,   -9,   -6,  -16,  -12,  -36,
     -36,  -36,   -9,  -36,   -8,  -36,  -57,  -24,   -7,   -4,   -1,   -7,   -3,   -7,   -2,   -2,
      -8,   -8,   -3,    3,   -2,   -8,   -2,   -4,   -5,   -3,  -13,   -7,   -2,  -17,  -11,   -3,
      -2,   -8,  -17,  -11,  -11,   -4,   -4,   -3,   -5,   -7,   -7,   -2,   -2,   -7,  -12,   -1,
      -7,   -5,   -2,   -2,   -2,  -20,   -7,   -5,   -5,   -5,  -10,   -5,   -5,   -7,   -7,   -7,
      -2,   -2,   -4,   -4,   -7,   -7,  -13,   -2,   -2,  -10,   -7,   -2,  -15,   -4,    3,   -1,
      -7,   -2,   -7,   -8,   -9,   -4,   -6,   -3,   -2,  -10,   -2,   -2,   -4,   -2,   -7,   -5,
      -3,   -5,   -7,   -5,   -5,  -12,   -2,   -5,   -2,   -3,   -2,   -7,   -3,   -8,   -7,  -13,
      -7,  -10,   -2,   -5,   -7,  -10,   -7,   -7,   -8,   -9,   -2,   -9,   -5,   -7,   -5,   -5,
     -16,  -17,   -6,   -2,   -2,  -12,  -13,  -13,   -3,   -7,   20,   32,   20,   24,   32,  -11,
     -11,   13,  -11,  -21,  -21,  -33,  -21,  -33,  -23,  -21,  -34,  -32,  -14,  -26,  -14,  -11,
       3,  -34,  -36,   -7,  -13,  -23,  -13,  -21,  -30,  -38,   -3,  -13,  -38,  -21,  -28,  -56,
     -51,  -36,   -7,  -19,   -7,  -36,  -13,  -64,  -55,    3,    3,    3,  -13,   -7,   28,  -14,
       3,  -16,  -23,  -36,  -13,  -33,  -58,  -62,  -11,  -21,  -35,  -35,  -32,  -21,  -32,  -49,
     -13,   -6,  -21,  -13,  -13,  -13,  -21,  -38,  -47,  -28,   -6,  -32,  -35,  -42,  -23,  -18,
     -43,  -18,  -43,  -47,  -15,  -32,  -21,  -13,  -19,  -32,  -19,  -19,  -46,  -19,  -42,  -13,
     -19,  -21,   -9,  -23,    2,  -13,    2,  -33,  -28,  -18,  -28,   -4,  -18,  -23,  -19,  -19,
     -21,  -21,  -13,    2,  -19,  -21,  -13,  -17,  -30,  -19,  -40,  -21,    2,    2,  -34,  -43,
     -23,  -12,  -12,  -32,  -30,  -21,  -36,  -11,  -17,  -11,  -11,  -17,  -11,  -32,  -32,  -32,
      17,   17,  -12,  -21,  -49,   21,   21,  -17,  -36,  -42,  -32,  -32,  -11,  -11,  -13,  -15,
     -15,  -11,  -11,  -11,  -15,  -36,  -15,  -11,  -10,   -4,  -33,  -10,  -30,   -8,   -2,   -8,
      -9,   -4,  -29,  -15,  -15,  -11,  -21,  -17,  -11,  -11,  -11,   -8,  -15,  -11,  -11,  -33,
     -32,  -45,  -61,  -32,    7,   -2,   -5,  -16,    4,   -2,  -11,   -5,   -6,    4,  -14,  -13,
     -13,  -19,  -45,  -32,  -58,   -8,   -8,  -19,  -19,  -30,  -13,   -6,  -24,  -58,   -9,   -5,
      -5,  -14,   13,  -23,  -23,  -13,  -17,  -23,  -13,   -8,  -10,   17,
};

static const EpdFontData inter_10_bold = {
    inter_10_boldBitmaps,
    inter_10_boldGlyphs,
    inter_10_boldIntervals,
    79,
    25,
    21,
    -6,
    false,
    nullptr,
    0,
    nullptr,
    nullptr,  // kernLeftClasses: built-in fonts use the split arrays below
    nullptr,  // kernRightClasses
    inter_10_boldKernLeftCodepoints,
    inter_10_boldKernLeftClassIds,
    inter_10_boldKernRightCodepoints,
    inter_10_boldKernRightClassIds,
    nullptr,  // kernMatrix: built-in fonts use the sparse form below
    inter_10_boldKernRowOffsets,
    inter_10_boldKernSparseCols,
    inter_10_boldKernSparseValues,
    775,
    792,
    153,
    156,
    nullptr,
    0,
};
