/**
 * generated by fontconvert.py
 * name: leaguemono_8_semibold
 * size: 8
 * mode: 1-bit
 * Command used: fontconvert.py leaguemono_8_semibold 8 ../builtinFonts/source/LeagueMono/LeagueMono-NarrowSemiBold.otf ../builtinFonts/source/NotoSansHebrew/NotoSansHebrew-Regular.ttf ../builtinFonts/source/NotoSansArabic/NotoSansArabic-Regular.ttf --additional-intervals 0x05D0,0x05EA --additional-intervals 0x060C,0x060C --additional-intervals 0x061B,0x061B --additional-intervals 0x061F,0x061F --additional-intervals 0x0621,0x0621 --additional-intervals 0x0640,0x0640 --additional-intervals 0x0654,0x0654 --additional-intervals 0x0660,0x0669 --additional-intervals 0x06BA,0x06BA --additional-intervals 0x06D4,0x06D4 --additional-intervals 0x06D5,0x06D5 --additional-intervals 0x06F0,0x06F9 --additional-intervals 0xFB56,0xFB59 --additional-intervals 0xFB66,0xFB69 --additional-intervals 0xFB7A,0xFB7D --additional-intervals 0xFB88,0xFB95 --additional-intervals 0xFB9E,0xFB9F --additional-intervals 0xFBA6,0xFBB1 --additional-intervals 0xFBFC,0xFBFF --additional-intervals 0xFE80,0xFEFC
 */
#pragma once
#include "EpdFontData.h"

static const uint8_t leaguemono_8_semiboldBitmaps[10598] = {
    0xFF, 0xFF, 0xFF, 0x5B, 0xF0, 0x6C, 0xD9, 0xB3, 0x66, 0xC0, 0x3B, 0x8E, 0xE3, 0xB1, 0xFF, 0x7F,
    0x8D, 0xC3, 0x73, 0xFE, 0xFF, 0x9D, 0xC7, 0x71, 0xD8, 0x18, 0x3C, 0x7E, 0xFE, 0xF0, 0xFC, 0x3E,
    0x0F, 0xFF, 0xFE, 0x38, 0x18, 0x79, 0xBE, 0xED, 0xB1, 0xF8, 0x0E, 0x03, 0x01, 0xC0, 0x7E, 0x3F,
    0x9F, 0x66, 0xFB, 0x9E, 0x3C, 0x3F, 0x1F, 0x8F, 0xC3, 0xC1, 0xE1, 0xF7, 0xDF, 0xEF, 0xF3, 0xFF,
    0xCF, 0xF0, 0xFF, 0xFE, 0x00, 0x73, 0x9C, 0x71, 0xC6, 0x38, 0xE3, 0x8E, 0x38, 0x61, 0xC7, 0x0E,
    0x38, 0x60, 0x21, 0xC7, 0x0E, 0x38, 0x71, 0xC7, 0x1C, 0x71, 0xC7, 0x1C, 0x63, 0x8E, 0x71, 0x80,
    0x38, 0xF9, 0xF1, 0xC7, 0xC0, 0x00, 0x38, 0x70, 0xE7, 0xFF, 0xE7, 0x0E, 0x00, 0x6F, 0xE6, 0xCC,
    0xFF, 0xC0, 0x03, 0x9C, 0xE0, 0x0E, 0x18, 0x30, 0xE1, 0xC3, 0x06, 0x1C, 0x38, 0x61, 0xC3, 0x87,
    0x0C, 0x38, 0x70, 0x3E, 0x3F, 0x9D, 0xCC, 0x7E, 0xBF, 0x7F, 0xBF, 0xD7, 0x63, 0xBB, 0x9F, 0xC7,
    0xC0, 0x39, 0xF3, 0xE2, 0xC1, 0x83, 0x06, 0x0C, 0x18, 0x31, 0xFB, 0xF0, 0x3E, 0x3F, 0x9D, 0xCC,
    0xE0, 0x70, 0x38, 0x38, 0x3C, 0x1C, 0x1C, 0x1F, 0xCF, 0xE0, 0xFE, 0xFE, 0x0E, 0x1C, 0x38, 0x3E,
    0x3F, 0x07, 0x47, 0xE7, 0xFE, 0x7C, 0x3E, 0x3E, 0x3E, 0x7E, 0x7E, 0x6E, 0xEE, 0xEE, 0xFF, 0xFF,
    0x0E, 0x0E, 0x7E, 0xFE, 0xE0, 0xE0, 0xFC, 0xFE, 0xEE, 0x07, 0x06, 0xEE, 0xFE, 0x7C, 0x3E, 0x7E,
    0x64, 0xE0, 0xFE, 0xFE, 0xE7, 0xE7, 0xE7, 0xE7, 0x7E, 0x3C, 0xFE, 0xFE, 0x0E, 0x0E, 0x0E, 0x1C,
    0x1C, 0x1C, 0x38, 0x38, 0x38, 0x30, 0x7C, 0xFE, 0xE6, 0xE6, 0xFE, 0x7C, 0xFE, 0xE7, 0xE7, 0xE7,
    0xFE, 0x7E, 0x7C, 0xFE, 0xEE, 0xE7, 0xE7, 0xEF, 0xFF, 0x7E, 0x0E, 0x1E, 0x7C, 0xF8, 0x0F, 0xFE,
    0x00, 0x0F, 0xFE, 0x03, 0x9C, 0xE0, 0x00, 0x0E, 0x73, 0x98, 0xC4, 0x00, 0x00, 0x18, 0x7B, 0xEF,
    0x1C, 0x3C, 0x3E, 0x1E, 0x18, 0xFF, 0xFC, 0x00, 0x0F, 0xFF, 0xC0, 0x01, 0xC3, 0xC3, 0xC3, 0xE3,
    0xCF, 0xBC, 0xF1, 0x80, 0x3E, 0x3F, 0x98, 0xE0, 0x60, 0x70, 0x70, 0x70, 0x38, 0x18, 0x0C, 0x07,
    0x03, 0x80, 0x1F, 0x1F, 0xE6, 0xFB, 0xFF, 0xFE, 0xFD, 0xBF, 0x7F, 0xFE, 0xFF, 0xBE, 0x07, 0xE0,
    0xF8, 0x3E, 0x1F, 0x0F, 0x87, 0xC3, 0xF3, 0xB9, 0xDC, 0xFE, 0x7F, 0x39, 0xDC, 0xFC, 0x70, 0xFE,
    0xFE, 0xE7, 0xE7, 0xEE, 0xFE, 0xFE, 0xE7, 0xE7, 0xE7, 0xFF, 0xFE, 0x3E, 0x3F, 0x9C, 0xEE, 0x6E,
    0x07, 0x03, 0x81, 0xC0, 0x73, 0x39, 0xDF, 0xC7, 0xC0, 0xFC, 0xFE, 0xEF, 0xE7, 0xE7, 0xE7, 0xE7,
    0xE7, 0xE7, 0xEF, 0xFE, 0xFC, 0xFF, 0xFF, 0x87, 0x0E, 0x1F, 0xBF, 0xF0, 0xE1, 0xC3, 0xFF, 0xF0,
    0xFF, 0xFF, 0x87, 0x0E, 0x1F, 0xBF, 0x70, 0xE1, 0xC3, 0x87, 0x00, 0x1F, 0x1F, 0x9C, 0xEE, 0x46,
    0x07, 0x3F, 0x9F, 0xC7, 0x73, 0xB9, 0xCF, 0xE3, 0xE0, 0xE7, 0xE7, 0xE7, 0xE7, 0xE7, 0xFF, 0xFF,
    0xE7, 0xE7, 0xE7, 0xE7, 0xE7, 0xFF, 0xFC, 0xE1, 0xC3, 0x87, 0x0E, 0x1C, 0x38, 0x73, 0xFF, 0xF0,
    0x7F, 0x7F, 0x07, 0x07, 0x07, 0x07, 0x07, 0x07, 0x07, 0x67, 0x7E, 0x7E, 0xEF, 0xEE, 0xEE, 0xFC,
    0xFC, 0xF8, 0xFC, 0xFC, 0xFE, 0xEE, 0xEE, 0xE7, 0x70, 0x70, 0x70, 0x70, 0x70, 0x70, 0x70, 0x70,
    0x70, 0x70, 0x7F, 0x7F, 0x73, 0x9D, 0xE7, 0x7B, 0xFE, 0xFF, 0xBF, 0xEF, 0xFB, 0xF6, 0xFD, 0xBF,
    0x6E, 0xDB, 0x86, 0x73, 0xB9, 0xDE, 0xEF, 0x77, 0xBB, 0xFD, 0xBE, 0xDF, 0x6F, 0xB3, 0xD9, 0xEC,
    0xF0, 0x3E, 0x3F, 0x9D, 0xCE, 0x7F, 0x3F, 0x1F, 0x8F, 0xE7, 0x73, 0xBB, 0x9F, 0xC7, 0xC0, 0xFC,
    0xFE, 0xE7, 0xE7, 0xE7, 0xE7, 0xFE, 0xFC, 0xE0, 0xE0, 0xE0, 0xE0, 0x3E, 0x3F, 0x9D, 0xCE, 0x7F,
    0x3F, 0x1F, 0x8F, 0xE7, 0x73, 0xBB, 0xDF, 0xC7, 0xE0, 0x38, 0x18, 0xFE, 0xFE, 0xE7, 0xE7, 0xE7,
    0xEF, 0xFE, 0xFE, 0xEE, 0xEE, 0xEF, 0xE7, 0x3E, 0x3F, 0x9C, 0xCE, 0x47, 0x81, 0xF0, 0x7C, 0x0F,
    0x23, 0xB9, 0xDF, 0xC7, 0xC0, 0x7F, 0xBF, 0xC7, 0x03, 0x81, 0xC0, 0xE0, 0x70, 0x38, 0x1C, 0x0E,
    0x07, 0x03, 0x80, 0x73, 0xB9, 0xDC, 0xEE, 0x77, 0x3B, 0x9D, 0xCE, 0xE7, 0x73, 0xB9, 0xDF, 0xC7,
    0xC0, 0xE3, 0xBB, 0xDD, 0xCE, 0xE7, 0x73, 0xB9, 0xDC, 0x6C, 0x3E, 0x1F, 0x0F, 0x87, 0xC0, 0xE1,
    0xBB, 0x6E, 0xFB, 0xFE, 0xFF, 0xBF, 0xE7, 0xF9, 0xFE, 0x7F, 0x9D, 0xE7, 0x71, 0xDC, 0xE3, 0xB9,
    0xDD, 0xC6, 0xE3, 0xE1, 0xF0, 0xF8, 0x7C, 0x3F, 0x3B, 0x9C, 0xDC, 0x70, 0x73, 0xB9, 0xDD, 0xC7,
    0xE3, 0xE0, 0xF0, 0x70, 0x38, 0x1C, 0x0E, 0x07, 0x03, 0x80, 0xFF, 0xFC, 0x38, 0xE1, 0xC7, 0x0E,
    0x38, 0x71, 0xE3, 0xFF, 0xF0, 0xFF, 0xF9, 0xCE, 0x73, 0x9C, 0xE7, 0x39, 0xCE, 0x73, 0x9C, 0xFF,
    0xC0, 0xE1, 0xC1, 0x83, 0x87, 0x06, 0x0C, 0x1C, 0x38, 0x30, 0x60, 0xE1, 0xC1, 0x83, 0x87, 0xFF,
    0xCE, 0x73, 0x9C, 0xE7, 0x39, 0xCE, 0x73, 0x9C, 0xE7, 0xFF, 0xC0, 0x38, 0xF9, 0xF3, 0x6E, 0xE0,
    0xFF, 0xFF, 0xC0, 0x71, 0xC3, 0x80, 0x3E, 0x3F, 0x8D, 0xC7, 0xE7, 0xF3, 0xB9, 0xDC, 0xFF, 0x3F,
    0x80, 0x00, 0xE0, 0xE0, 0xE0, 0xE0, 0xE0, 0xFE, 0xFE, 0xEF, 0xE7, 0xE7, 0xE7, 0xEF, 0xFE, 0xFE,
    0x3E, 0x7F, 0xE7, 0xE0, 0xE0, 0xE0, 0xE7, 0x7F, 0x3E, 0x03, 0x81, 0xC0, 0xE0, 0x70, 0x39, 0xFD,
    0xFE, 0xEF, 0x73, 0xF9, 0xDC, 0xEE, 0xF7, 0xF9, 0xFC, 0x3E, 0x3F, 0x9D, 0xCF, 0xFF, 0xFB, 0x81,
    0xCC, 0xFE, 0x3E, 0x00, 0x1F, 0x1F, 0x8E, 0x87, 0x03, 0x87, 0xF3, 0xF8, 0x70, 0x38, 0x1C, 0x0E,
    0x07, 0x03, 0x81, 0xC0, 0x00, 0x00, 0xCF, 0xEF, 0xE7, 0x7B, 0xBD, 0xFC, 0xFC, 0x60, 0x3F, 0x9F,
    0xEC, 0x7E, 0x3B, 0xFD, 0xFC, 0xE0, 0xE0, 0xE0, 0xE0, 0xE0, 0xFE, 0xFE, 0xEF, 0xE7, 0xE7, 0xE7,
    0xE7, 0xE7, 0xE7, 0x38, 0x38, 0x38, 0x00, 0x00, 0xF8, 0xF8, 0x38, 0x38, 0x38, 0x38, 0x38, 0x3F,
    0x3F, 0x0E, 0x3C, 0x38, 0x00, 0x0F, 0xDF, 0x87, 0x0E, 0x1C, 0x38, 0x70, 0xE1, 0xD7, 0xFE, 0xFC,
    0xE0, 0x70, 0x38, 0x1C, 0x0E, 0x07, 0x3B, 0xB9, 0xFC, 0xFC, 0x7E, 0x3F, 0x1D, 0xCE, 0xE7, 0x38,
    0x7C, 0x7C, 0x1C, 0x1C, 0x1C, 0x1C, 0x1C, 0x1C, 0x1C, 0x1C, 0x1C, 0x1C, 0x1F, 0x1F, 0xFF, 0xBF,
    0xEF, 0xDF, 0xB7, 0xED, 0xFB, 0x7E, 0xDF, 0xB7, 0xED, 0xC0, 0xFE, 0xFE, 0xE7, 0xE7, 0xE7, 0xE7,
    0xE7, 0xE7, 0xE7, 0x7C, 0xFE, 0xEE, 0xE7, 0xE7, 0xE7, 0xEE, 0xFE, 0x7C, 0xFE, 0xFE, 0xEF, 0xE7,
    0xE7, 0xE7, 0xEF, 0xFE, 0xFE, 0xE0, 0xE0, 0xE0, 0xE0, 0x3F, 0xBF, 0xDD, 0xEE, 0xFE, 0x3B, 0xBD,
    0xDE, 0xFF, 0x3F, 0x81, 0xC0, 0xE0, 0x70, 0x38, 0xFF, 0x7F, 0x8E, 0x87, 0x03, 0x01, 0x80, 0xC1,
    0xF8, 0xFC, 0x00, 0x7E, 0xFE, 0xE4, 0xF8, 0x7E, 0x1F, 0x47, 0xFE, 0x7E, 0x38, 0x70, 0xE7, 0xFF,
    0xE7, 0x0E, 0x1C, 0x38, 0x70, 0xF9, 0xF0, 0xE7, 0xE7, 0xE7, 0xE7, 0xE7, 0xE7, 0xEF, 0xFF, 0x7F,
    0xEE, 0xEE, 0xEE, 0x6E, 0x7E, 0x7C, 0x7C, 0x7C, 0x3C, 0xE1, 0xBB, 0xEF, 0xF9, 0xFE, 0x7F, 0x9F,
    0xE7, 0xF1, 0xDC, 0x77, 0x00, 0xE3, 0xBB, 0x9D, 0x87, 0xC3, 0xE1, 0xF1, 0xDC, 0xEE, 0xE3, 0x80,
    0x73, 0xB9, 0xDD, 0xCE, 0xE3, 0xF1, 0xF0, 0xF8, 0x3C, 0x1E, 0x06, 0x07, 0x0F, 0x87, 0x80, 0xFF,
    0xFC, 0x78, 0xE3, 0x8F, 0x1C, 0x7F, 0xFE, 0x0E, 0x3C, 0xE1, 0xC3, 0x87, 0x0E, 0x3C, 0x70, 0xE0,
    0xE1, 0xC3, 0x87, 0x0E, 0x1F, 0x1E, 0xFF, 0xFF, 0xFF, 0xFF, 0xFF, 0xFF, 0x70, 0xF0, 0xE1, 0xC3,
    0x87, 0x0E, 0x0E, 0x1E, 0x3C, 0x61, 0xC3, 0x87, 0x0E, 0x3C, 0x70, 0x7C, 0xF8, 0x20, 0xDF, 0x8F,
    0xFF, 0xFF, 0xFE, 0x1C, 0x1C, 0x7E, 0x7F, 0xE2, 0xE0, 0xE0, 0xE2, 0x77, 0x7F, 0x3C, 0x1C, 0x1F,
    0x1F, 0x9C, 0xCE, 0x07, 0x07, 0xF3, 0xF8, 0x70, 0x38, 0x18, 0x1F, 0xCF, 0xE6, 0x00, 0x41, 0x7F,
    0xDF, 0xCE, 0xE7, 0x73, 0xB9, 0xFD, 0xFF, 0x61, 0x00, 0x77, 0x77, 0x77, 0x3E, 0x3E, 0x1C, 0x7F,
    0x7F, 0x7F, 0x7F, 0x1C, 0x1C, 0xFF, 0xFF, 0xC0, 0x0B, 0xFF, 0xFF, 0x3E, 0x3F, 0x9C, 0x8E, 0x03,
    0xE3, 0xF9, 0x9C, 0xE6, 0x7F, 0x0F, 0x81, 0xCC, 0x67, 0xF3, 0xF0, 0x6E, 0x7E, 0x66, 0x08, 0x1F,
    0x1D, 0xDB, 0xFF, 0xFF, 0x8F, 0xD7, 0xBB, 0xE3, 0x3F, 0x8F, 0x80, 0xF9, 0xEF, 0xBF, 0x00, 0x19,
    0x9D, 0xDD, 0xDD, 0xCE, 0xE3, 0xB8, 0xEE, 0x33, 0xFF, 0xF1, 0xC0, 0xFF, 0xC0, 0x3E, 0x3F, 0xB7,
    0xDA, 0xBD, 0xDE, 0xEF, 0x5C, 0xEE, 0x3E, 0x00, 0x00, 0x7D, 0xFC, 0x7B, 0xED, 0xBE, 0x70, 0x38,
    0x73, 0xFF, 0xF3, 0x82, 0x3F, 0xFF, 0x3B, 0x98, 0x7F, 0x7F, 0xBE, 0xDF, 0x6F, 0xB7, 0xD9, 0xEC,
    0x36, 0x1B, 0x0D, 0x86, 0xC3, 0x61, 0xB0, 0xD8, 0x0F, 0xFE, 0x79, 0xEF, 0x80, 0x7B, 0xEF, 0x9E,
    0x00, 0x4C, 0x77, 0x1D, 0xC7, 0x73, 0xBB, 0xFB, 0xB9, 0x98, 0x1C, 0x0E, 0x03, 0x00, 0x00, 0xC0,
    0xE0, 0xE0, 0x70, 0x70, 0x30, 0x18, 0xCF, 0xE3, 0xE0, 0x18, 0x0E, 0x03, 0x80, 0x03, 0xE1, 0xF0,
    0xF8, 0x7C, 0x3F, 0x3B, 0x9D, 0xCF, 0xE7, 0xF3, 0x9D, 0xCF, 0xC7, 0x1E, 0x0E, 0x0E, 0x07, 0xC3,
    0xE1, 0xF0, 0xF8, 0x7E, 0x77, 0x3B, 0x9F, 0xCF, 0xE7, 0x3B, 0x9F, 0x8E, 0x1C, 0x1F, 0x0D, 0xC7,
    0xC3, 0xE1, 0xF0, 0xF8, 0x7E, 0x77, 0x3B, 0x9F, 0xCF, 0xE7, 0x3B, 0x9F, 0x8E, 0x10, 0x1F, 0x0F,
    0x80, 0x03, 0xE1, 0xF0, 0xF8, 0x7C, 0x3F, 0x3B, 0x9D, 0xCF, 0xE7, 0xF3, 0x9D, 0xCF, 0xC7, 0x32,
    0x3B, 0x8D, 0xC0, 0x03, 0xE1, 0xF0, 0xF8, 0x7C, 0x3F, 0x3B, 0x9D, 0xCF, 0xE7, 0xF3, 0x9D, 0xCF,
    0xC7, 0x1C, 0x0F, 0x07, 0x00, 0x03, 0xE1, 0xF0, 0xF8, 0x7C, 0x3F, 0x3B, 0x9D, 0xCF, 0xE7, 0xF3,
    0x9D, 0xCF, 0xC7, 0x1F, 0xC7, 0xF1, 0xF0, 0x7C, 0x3F, 0x0F, 0xF3, 0xFC, 0xDC, 0x7F, 0x1F, 0xC7,
    0x7D, 0xDF, 0x3E, 0x3F, 0x9C, 0xEE, 0x6E, 0x07, 0x03, 0x81, 0xC0, 0x73, 0x39, 0xDF, 0xC7, 0xC0,
    0xE0, 0xF8, 0x78, 0x00, 0x38, 0x70, 0x70, 0x0F, 0xFF, 0xF8, 0x70, 0xE1, 0xFB, 0xFF, 0x0E, 0x1C,
    0x3F, 0xFF, 0x1C, 0x70, 0xC7, 0xFF, 0xFC, 0x38, 0x70, 0xFD, 0xFF, 0x87, 0x0E, 0x1F, 0xFF, 0x80,
    0x3C, 0xFD, 0x9F, 0xFF, 0xFC, 0x38, 0x70, 0xFD, 0xFF, 0x87, 0x0E, 0x1F, 0xFF, 0x80, 0x66, 0xFD,
    0xB8, 0x0F, 0xFF, 0xF8, 0x70, 0xE1, 0xFB, 0xFF, 0x0E, 0x1C, 0x3F, 0xFF, 0x30, 0x70, 0x70, 0x0F,
    0xFF, 0xCE, 0x1C, 0x38, 0x70, 0xE1, 0xC3, 0x87, 0x3F, 0xFF, 0x1C, 0x71, 0xC7, 0xFF, 0xE7, 0x0E,
    0x1C, 0x38, 0x70, 0xE1, 0xC3, 0x9F, 0xFF, 0x80, 0x3C, 0xF9, 0x9F, 0xFF, 0xE7, 0x0E, 0x1C, 0x38,
    0x70, 0xE1, 0xC3, 0x9F, 0xFF, 0x80, 0x65, 0xDD, 0xB8, 0x0F, 0xFF, 0xCE, 0x1C, 0x38, 0x70, 0xE1,
    0xC3, 0x87, 0x3F, 0xFF, 0x3F, 0x0F, 0xE3, 0xB8, 0xE7, 0x39, 0xFF, 0x7F, 0xDC, 0xE7, 0x39, 0xCE,
    0xF3, 0xF8, 0xFC, 0x10, 0x1F, 0x0B, 0x80, 0x07, 0x3B, 0x9D, 0xEE, 0xF7, 0x7B, 0xBF, 0xDB, 0xED,
    0xF6, 0xFB, 0x3D, 0x9E, 0xCF, 0x1C, 0x07, 0x01, 0x87, 0xC7, 0xF3, 0xB9, 0xCF, 0xE7, 0xE3, 0xF1,
    0xFC, 0xEE, 0x77, 0x73, 0xF8, 0xF8, 0x0E, 0x0E, 0x0E, 0x07, 0xC7, 0xF3, 0xB9, 0xCF, 0xE7, 0xE3,
    0xF1, 0xFC, 0xEE, 0x77, 0x73, 0xF8, 0xF8, 0x1E, 0x1F, 0x0C, 0xC7, 0xC7, 0xF3, 0xB9, 0xCF, 0xE7,
    0xE3, 0xF1, 0xFC, 0xEE, 0x77, 0x73, 0xF8, 0xF8, 0x10, 0x1F, 0x0F, 0x80, 0x03, 0xE3, 0xF9, 0xDC,
    0xE7, 0xF3, 0xF1, 0xF8, 0xFE, 0x77, 0x3B, 0xB9, 0xFC, 0x7C, 0x37, 0x3B, 0x8C, 0x87, 0xC7, 0xF3,
    0xB9, 0xCF, 0xE7, 0xE3, 0xF1, 0xFC, 0xEE, 0x77, 0x73, 0xF8, 0xF8, 0x6C, 0xF8, 0xF3, 0xE7, 0xED,
    0x80, 0x01, 0xCF, 0xE7, 0xF9, 0xDC, 0x77, 0xBF, 0xEE, 0xFB, 0xFE, 0xFB, 0x9E, 0xE7, 0x71, 0xFC,
    0xFE, 0x30, 0x00, 0x18, 0x0E, 0x03, 0x80, 0x07, 0x3B, 0x9D, 0xCE, 0xE7, 0x73, 0xB9, 0xDC, 0xEE,
    0x77, 0x3B, 0x9D, 0xFC, 0x7C, 0x0E, 0x0E, 0x0E, 0x0E, 0x77, 0x3B, 0x9D, 0xCE, 0xE7, 0x73, 0xB9,
    0xDC, 0xEE, 0x77, 0x3B, 0xF8, 0xF8, 0x1C, 0x1F, 0x0C, 0xCE, 0x77, 0x3B, 0x9D, 0xCE, 0xE7, 0x73,
    0xB9, 0xDC, 0xEE, 0x77, 0x3B, 0xF8, 0xF8, 0x32, 0x3B, 0x8D, 0xC0, 0x07, 0x3B, 0x9D, 0xCE, 0xE7,
    0x73, 0xB9, 0xDC, 0xEE, 0x77, 0x3B, 0x9D, 0xFC, 0x7C, 0x0E, 0x0E, 0x0E, 0x0E, 0x77, 0x3B, 0xB8,
    0xFC, 0x7C, 0x1E, 0x0E, 0x07, 0x03, 0x81, 0xC0, 0xE0, 0x70, 0xE1, 0xC3, 0xF7, 0xFE, 0xFD, 0xFB,
    0xF7, 0xFF, 0xFB, 0x87, 0x00, 0x3E, 0x3F, 0xBD, 0xDC, 0xEE, 0xF7, 0x73, 0xBD, 0xCF, 0xE3, 0xF1,
    0xFF, 0xDF, 0xE0, 0x3C, 0x0E, 0x03, 0x87, 0xC7, 0xF1, 0xB8, 0xFC, 0xFE, 0x77, 0x3B, 0x9F, 0xE7,
    0xF0, 0x00, 0x1E, 0x0E, 0x0E, 0x07, 0xC7, 0xF1, 0xB8, 0xFC, 0xFE, 0x77, 0x3B, 0x9F, 0xE7, 0xF0,
    0x00, 0x1C, 0x1F, 0x0D, 0x87, 0xC7, 0xF1, 0xB8, 0xFC, 0xFE, 0x77, 0x3B, 0x9F, 0xE7, 0xF0, 0x00,
    0x3A, 0x1F, 0x01, 0x07, 0xC7, 0xF1, 0xB8, 0xFC, 0xFE, 0x77, 0x3B, 0x9F, 0xE7, 0xF0, 0x00, 0x77,
    0x3B, 0x8C, 0x87, 0xC7, 0xF1, 0xB8, 0xFC, 0xFE, 0x77, 0x3B, 0x9F, 0xE7, 0xF0, 0x00, 0x1C, 0x0F,
    0x07, 0x00, 0x03, 0xE3, 0xF8, 0xDC, 0x7E, 0x7F, 0x3B, 0x9D, 0xCF, 0xF3, 0xF8, 0x00, 0xFF, 0x7F,
    0xD7, 0x63, 0xFF, 0xFF, 0xE3, 0x37, 0xFF, 0x7F, 0x00, 0x3E, 0x7F, 0xE7, 0xE0, 0xE0, 0xE0, 0xF7,
    0x7F, 0x3E, 0x1E, 0x1E, 0x3E, 0x00, 0x3C, 0x0E, 0x03, 0x87, 0xC7, 0xF3, 0xB9, 0xFF, 0xFF, 0x70,
    0x39, 0x9F, 0xC7, 0xC0, 0x1E, 0x0E, 0x0E, 0x07, 0xC7, 0xF3, 0xB9, 0xFF, 0xFF, 0x70, 0x39, 0x9F,
    0xC7, 0xC0, 0x1C, 0x1F, 0x0D, 0x87, 0xC7, 0xF3, 0xB9, 0xFF, 0xFF, 0x70, 0x39, 0x9F, 0xC7, 0xC0,
    0x37, 0x3B, 0x8C, 0x87, 0xC7, 0xF3, 0xB9, 0xFF, 0xFF, 0x70, 0x39, 0x9F, 0xC7, 0xC0, 0x70, 0x70,
    0x70, 0x0F, 0x9F, 0x0E, 0x1C, 0x38, 0x70, 0xE1, 0xF3, 0xE0, 0x3C, 0x71, 0xC7, 0xCF, 0x87, 0x0E,
    0x1C, 0x38, 0x70, 0xF9, 0xF0, 0x38, 0xF9, 0xB7, 0xCF, 0x87, 0x0E, 0x1C, 0x38, 0x70, 0xF9, 0xF0,
    0x6D, 0xDF, 0xB8, 0x0F, 0x9F, 0x0E, 0x1C, 0x38, 0x70, 0xE1, 0xF3, 0xE0, 0x3C, 0x1F, 0x0F, 0x83,
    0xC0, 0x71, 0xF9, 0xFC, 0xEE, 0x63, 0xF1, 0x98, 0xCE, 0xE7, 0xF1, 0xF0, 0x74, 0x7C, 0x08, 0xFE,
    0xFE, 0xE7, 0xE7, 0xE7, 0xE7, 0xE7, 0xE7, 0xE7, 0x38, 0x1C, 0x0C, 0x7C, 0xFE, 0xEE, 0xE7, 0xE7,
    0xE7, 0xEE, 0xFE, 0x7C, 0x3C, 0x38, 0x70, 0x7C, 0xFE, 0xEE, 0xE7, 0xE7, 0xE7, 0xEE, 0xFE, 0x7C,
    0x38, 0x7C, 0x66, 0x7C, 0xFE, 0xEE, 0xE7, 0xE7, 0xE7, 0xEE, 0xFE, 0x7C, 0x74, 0x7C, 0x08, 0x7C,
    0xFE, 0xEE, 0xE7, 0xE7, 0xE7, 0xEE, 0xFE, 0x7C, 0x6E, 0xEE, 0x64, 0x7C, 0xFE, 0xEE, 0xE7, 0xE7,
    0xE7, 0xEE, 0xFE, 0x7C, 0x38, 0x70, 0x47, 0xFF, 0xE2, 0x0E, 0x1C, 0x06, 0x7E, 0xFE, 0xEE, 0xFF,
    0xFF, 0xF7, 0xFE, 0xFE, 0xFC, 0xC0, 0x38, 0x1C, 0x0C, 0xE7, 0xE7, 0xE7, 0xE7, 0xE7, 0xE7, 0xEF,
    0xFF, 0x7F, 0x1C, 0x38, 0x70, 0xE7, 0xE7, 0xE7, 0xE7, 0xE7, 0xE7, 0xEF, 0xFF, 0x7F, 0x38, 0x7C,
    0x66, 0xE7, 0xE7, 0xE7, 0xE7, 0xE7, 0xE7, 0xEF, 0xFF, 0x7F, 0x64, 0xEE, 0x6E, 0x00, 0xE7, 0xE7,
    0xE7, 0xE7, 0xE7, 0xE7, 0xEF, 0xFF, 0x7F, 0x0E, 0x0E, 0x06, 0x0E, 0x77, 0x3B, 0xB9, 0xDC, 0x7E,
    0x3E, 0x1F, 0x07, 0x83, 0xC0, 0xC0, 0xE1, 0xF0, 0xF0, 0xF0, 0x78, 0x3C, 0x1E, 0x0F, 0x07, 0xF3,
    0xFD, 0xE7, 0xF3, 0xF9, 0xFC, 0xFE, 0xFF, 0xF7, 0xF3, 0xC1, 0xE0, 0xF0, 0x78, 0x00, 0x33, 0x1F,
    0x8D, 0xC0, 0x07, 0x3B, 0x9D, 0xDC, 0xEE, 0x3F, 0x1F, 0x0F, 0x83, 0xC1, 0xE0, 0x60, 0x70, 0xF8,
    0x78, 0x00, 0x3F, 0x1F, 0x80, 0x07, 0xC3, 0xE1, 0xF0, 0xF8, 0x7E, 0x77, 0x3B, 0x9F, 0xCF, 0xE7,
    0x3B, 0x9F, 0x8E, 0x7F, 0x1F, 0x8F, 0x8F, 0xE3, 0x71, 0xF9, 0xFC, 0xEE, 0x77, 0x3F, 0xCF, 0xE0,
    0x00, 0x00, 0x1F, 0x07, 0x80, 0x03, 0xE1, 0xF0, 0xF8, 0x7C, 0x3F, 0x3B, 0x9D, 0xCF, 0xE7, 0xF3,
    0x9D, 0xCF, 0xC7, 0x00, 0x1F, 0x0F, 0x80, 0x03, 0xE3, 0xF8, 0xDC, 0x7E, 0x7F, 0x3B, 0x9D, 0xCF,
    0xF3, 0xF8, 0x00, 0x3E, 0x07, 0xC0, 0xF8, 0x1F, 0x03, 0xF0, 0xEE, 0x1D, 0xC3, 0xF8, 0x7F, 0x0E,
    0x71, 0xCE, 0x71, 0xC0, 0x18, 0x06, 0x00, 0xF0, 0x1E, 0x3F, 0x9F, 0xE7, 0x79, 0xCE, 0x73, 0x9C,
    0xE7, 0x79, 0xFE, 0x3F, 0x80, 0xC0, 0x30, 0x0F, 0x03, 0xC0, 0x0E, 0x0E, 0x06, 0x07, 0xC7, 0xF3,
    0x9D, 0xCD, 0xC0, 0xE0, 0x70, 0x38, 0x0E, 0x67, 0x3B, 0xF8, 0xF8, 0x1C, 0x38, 0x30, 0x3E, 0x7F,
    0xE7, 0xE0, 0xE0, 0xE0, 0xE7, 0x7F, 0x3E, 0x1E, 0x1F, 0x8C, 0xC7, 0xC7, 0xF3, 0x9D, 0xCD, 0xC0,
    0xE0, 0x70, 0x38, 0x0E, 0x67, 0x3B, 0xF8, 0xF8, 0x3C, 0x3E, 0x66, 0x3E, 0x7F, 0xE7, 0xE0, 0xE0,
    0xE0, 0xE7, 0x7F, 0x3E, 0x0C, 0x0E, 0x03, 0x00, 0x03, 0xE3, 0xF9, 0xCE, 0xE6, 0xE0, 0x70, 0x38,
    0x1C, 0x07, 0x33, 0x9D, 0xFC, 0x7C, 0x1C, 0x1C, 0x18, 0x3E, 0x7F, 0xE7, 0xE0, 0xE0, 0xE0, 0xE7,
    0x7F, 0x3E, 0x3F, 0x0F, 0x03, 0x07, 0xC7, 0xF3, 0x9D, 0xCD, 0xC0, 0xE0, 0x70, 0x38, 0x0E, 0x67,
    0x3B, 0xF8, 0xF8, 0x7E, 0x3C, 0x18, 0x3E, 0x7F, 0xE7, 0xE0, 0xE0, 0xE0, 0xE7, 0x7F, 0x3E, 0xCC,
    0x7C, 0x38, 0x00, 0xFC, 0xFE, 0xEF, 0xE7, 0xE7, 0xE7, 0xE7, 0xE7, 0xE7, 0xEF, 0xFE, 0xFC, 0x07,
    0xE0, 0xFC, 0x1D, 0x03, 0xE0, 0x78, 0xFE, 0x1F, 0xC7, 0xB8, 0xE7, 0x1C, 0xE3, 0x9C, 0x7B, 0x87,
    0xF0, 0xFE, 0x00, 0x3F, 0x0F, 0xE3, 0xB8, 0xE7, 0x39, 0xFF, 0x7F, 0xDC, 0xE7, 0x39, 0xCE, 0xF3,
    0xF8, 0xFC, 0x03, 0x80, 0xE0, 0xFC, 0x3F, 0x03, 0x8F, 0xE7, 0xF9, 0xDE, 0x73, 0xBC, 0xE7, 0x39,
    0xDE, 0x7F, 0x8F, 0xE0, 0x7E, 0xFC, 0x07, 0xFF, 0xFC, 0x38, 0x70, 0xFD, 0xFF, 0x87, 0x0E, 0x1F,
    0xFF, 0x80, 0x7F, 0x1F, 0x8F, 0x8F, 0xE7, 0x73, 0xFF, 0xFE, 0xE0, 0x73, 0x3F, 0x8F, 0x80, 0x00,
    0xF8, 0xF0, 0x0F, 0xFF, 0xF8, 0x70, 0xE1, 0xFB, 0xFF, 0x0E, 0x1C, 0x3F, 0xFF, 0x00, 0x1F, 0x07,
    0x80, 0x03, 0xE3, 0xF9, 0xDC, 0xFF, 0xFF, 0xB8, 0x1C, 0xCF, 0xE3, 0xE0, 0x18, 0x70, 0x60, 0x0F,
    0xFF, 0xF8, 0x70, 0xE1, 0xFB, 0xFF, 0x0E, 0x1C, 0x3F, 0xFF, 0x1C, 0x0E, 0x02, 0x07, 0xC7, 0xF3,
    0xB9, 0xFF, 0xFF, 0x70, 0x39, 0x9F, 0xC7, 0xC0, 0xFE, 0x7F, 0x38, 0x1C, 0x0E, 0x07, 0xE3, 0xF9,
    0xC0, 0xE0, 0x70, 0x3F, 0x9F, 0xC0, 0x60, 0x30, 0x3C, 0x0F, 0x3E, 0x3F, 0x9D, 0xCF, 0xFF, 0xFB,
    0x81, 0xCC, 0xFE, 0x3F, 0x03, 0x01, 0xE0, 0x70, 0x66, 0xFC, 0xF0, 0x0F, 0xFF, 0xF8, 0x70, 0xE1,
    0xFB, 0xFF, 0x0E, 0x1C, 0x3F, 0xFF, 0x37, 0x0F, 0x03, 0x07, 0xC7, 0xF3, 0xB9, 0xFF, 0xFF, 0x70,
    0x39, 0x9F, 0xC7, 0xC0, 0x1E, 0x1F, 0x8C, 0xC3, 0xE3, 0xF3, 0x9D, 0xC8, 0xC0, 0xE7, 0xF3, 0xF8,
    0xEE, 0x77, 0x39, 0xFC, 0x7C, 0x1C, 0x1F, 0x8D, 0xE7, 0xF7, 0xF3, 0xBD, 0xDE, 0xFE, 0x7E, 0x30,
    0x1F, 0xCF, 0xF6, 0x3F, 0x1D, 0xFE, 0xFE, 0x00, 0x0F, 0x87, 0x80, 0x01, 0xF1, 0xF9, 0xCE, 0xE4,
    0x60, 0x73, 0xF9, 0xFC, 0x77, 0x3B, 0x9C, 0xFE, 0x3E, 0x00, 0x1F, 0x0F, 0xC0, 0x33, 0xFB, 0xF9,
    0xDE, 0xEF, 0x7F, 0x3F, 0x18, 0x0F, 0xE7, 0xFB, 0x1F, 0x8E, 0xFF, 0x7F, 0x00, 0x0C, 0x07, 0x03,
    0x00, 0x01, 0xF1, 0xF9, 0xCE, 0xE4, 0x60, 0x73, 0xF9, 0xFC, 0x77, 0x3B, 0x9C, 0xFE, 0x3E, 0x1C,
    0x0E, 0x02, 0x67, 0xF7, 0xF3, 0xBD, 0xDE, 0xFE, 0x7E, 0x30, 0x1F, 0xCF, 0xF6, 0x3F, 0x1D, 0xFE,
    0xFE, 0x1F, 0x1F, 0x9C, 0xEE, 0x46, 0x07, 0x3F, 0x9F, 0xC7, 0x73, 0xB9, 0xCF, 0xE3, 0xE0, 0x00,
    0x60, 0x30, 0x18, 0x08, 0x00, 0x00, 0x00, 0x06, 0x03, 0x03, 0x80, 0xD9, 0xFD, 0xFC, 0xEF, 0x77,
    0xBF, 0x9F, 0x8C, 0x07, 0xF3, 0xFD, 0x8F, 0xC7, 0x7F, 0xBF, 0x80, 0x38, 0x7C, 0x66, 0xE7, 0xE7,
    0xE7, 0xE7, 0xE7, 0xFF, 0xFF, 0xE7, 0xE7, 0xE7, 0xE7, 0xE7, 0x18, 0x3C, 0x7E, 0xE0, 0xE0, 0xE0,
    0xE0, 0xE0, 0xFE, 0xFE, 0xEF, 0xE7, 0xE7, 0xE7, 0xE7, 0xE7, 0xE7, 0x73, 0xB9, 0xFF, 0xFF, 0xF7,
    0x3B, 0xFD, 0xFE, 0xE7, 0x73, 0xB9, 0xDC, 0xEE, 0x70, 0x38, 0x0E, 0x0F, 0xC1, 0xF0, 0x38, 0x0F,
    0xE3, 0xF8, 0xEF, 0x39, 0xCE, 0x73, 0x9C, 0xE7, 0x39, 0xCE, 0x70, 0x20, 0xF9, 0xF0, 0x0F, 0xFF,
    0xCE, 0x1C, 0x38, 0x70, 0xE1, 0xC3, 0x87, 0x3F, 0xFF, 0x7C, 0xF8, 0x27, 0xCF, 0x87, 0x0E, 0x1C,
    0x38, 0x70, 0xF9, 0xF0, 0x7E, 0xFC, 0x07, 0xFF, 0xE7, 0x0E, 0x1C, 0x38, 0x70, 0xE1, 0xC3, 0x9F,
    0xFF, 0x80, 0x7D, 0xFC, 0x07, 0xCF, 0x87, 0x0E, 0x1C, 0x38, 0x70, 0xF9, 0xF0, 0x00, 0xF8, 0xF0,
    0x0F, 0xFF, 0xCE, 0x1C, 0x38, 0x70, 0xE1, 0xC3, 0x87, 0x3F, 0xFF, 0x00, 0xF9, 0xE0, 0x0F, 0x9F,
    0x0E, 0x1C, 0x38, 0x70, 0xE1, 0xF3, 0xE0, 0xFE, 0x7F, 0x0E, 0x07, 0x03, 0x81, 0xC0, 0xE0, 0x70,
    0x38, 0x1C, 0x3F, 0x9F, 0xC0, 0x60, 0x30, 0x3C, 0x0F, 0x38, 0x1C, 0x0E, 0x00, 0x00, 0x07, 0xC3,
    0xE0, 0x70, 0x38, 0x1C, 0x0E, 0x07, 0x03, 0xF1, 0xF8, 0x18, 0x0C, 0x07, 0x83, 0xC0, 0x18, 0x70,
    0xE0, 0x0F, 0xFF, 0xCE, 0x1C, 0x38, 0x70, 0xE1, 0xC3, 0x87, 0x3F, 0xFF, 0xF9, 0xF0, 0xE1, 0xC3,
    0x87, 0x0E, 0x1F, 0x3E, 0x1E, 0x3E, 0x33, 0x7F, 0x7F, 0x07, 0x07, 0x07, 0x07, 0x07, 0x07, 0x07,
    0x67, 0x7E, 0x7E, 0x0E, 0x0F, 0x8E, 0xCF, 0xC7, 0xE0, 0x70, 0x38, 0x1C, 0x0E, 0x07, 0x03, 0x81,
    0xC0, 0xE3, 0xE3, 0xF0, 0xEF, 0xEE, 0xEE, 0xFC, 0xFC, 0xF8, 0xFC, 0xFC, 0xFE, 0xEE, 0xEE, 0xE7,
    0x00, 0x18, 0x18, 0x18, 0x10, 0x00, 0xE0, 0x70, 0x38, 0x1C, 0x0E, 0x07, 0x3B, 0xB9, 0xFC, 0xFC,
    0x7E, 0x3F, 0x1D, 0xCE, 0xE7, 0x38, 0x00, 0x70, 0x38, 0x0C, 0x0C, 0x00, 0x00, 0xEF, 0xEE, 0xFC,
    0xFC, 0xFC, 0xFC, 0xEE, 0xEE, 0xE7, 0x1C, 0x38, 0x30, 0x70, 0x70, 0x70, 0x70, 0x70, 0x70, 0x70,
    0x70, 0x70, 0x70, 0x7F, 0x7F, 0x1C, 0x38, 0x30, 0x7C, 0x7C, 0x1C, 0x1C, 0x1C, 0x1C, 0x1C, 0x1C,
    0x1C, 0x1C, 0x1C, 0x1C, 0x1F, 0x1F, 0x70, 0x70, 0x70, 0x70, 0x70, 0x70, 0x70, 0x70, 0x70, 0x70,
    0x7F, 0x7F, 0x00, 0x1C, 0x1C, 0x18, 0x18, 0x00, 0x7C, 0x7C, 0x1C, 0x1C, 0x1C, 0x1C, 0x1C, 0x1C,
    0x1C, 0x1C, 0x1C, 0x1C, 0x1F, 0x1F, 0x00, 0x1C, 0x1C, 0x0C, 0x18, 0x00, 0x00, 0x39, 0xDC, 0xEE,
    0x67, 0x33, 0x91, 0xC0, 0xE0, 0x70, 0x38, 0x1C, 0x0F, 0xE7, 0xF0, 0x7D, 0x9F, 0x71, 0xD8, 0x76,
    0x1D, 0x07, 0x01, 0xC0, 0x70, 0x1C, 0x07, 0x01, 0xC0, 0x70, 0x1F, 0x07, 0xC0, 0x70, 0x70, 0x70,
    0x70, 0x76, 0x7F, 0x7F, 0x76, 0x70, 0x70, 0x7F, 0x7F, 0x7C, 0x1F, 0x01, 0xC0, 0x70, 0x1C, 0x07,
    0x01, 0xD8, 0x7F, 0x1F, 0xC7, 0x61, 0xC0, 0x70, 0x1F, 0x07, 0xC0, 0x38, 0x1C, 0x0E, 0x07, 0xC3,
    0xC1, 0xE1, 0xE1, 0xF0, 0xF8, 0x1C, 0x0F, 0xE7, 0xF0, 0x7C, 0x7C, 0x1C, 0x1C, 0x1E, 0x1E, 0x1E,
    0x1C, 0x3C, 0x3C, 0x3C, 0x1C, 0x1F, 0x1F, 0x1E, 0x0E, 0x0E, 0x0E, 0x77, 0x3B, 0xDD, 0xEE, 0xF7,
    0x7F, 0xB7, 0xDB, 0xED, 0xF6, 0x7B, 0x3D, 0x9E, 0x1C, 0x38, 0x30, 0xFE, 0xFE, 0xE7, 0xE7, 0xE7,
    0xE7, 0xE7, 0xE7, 0xE7, 0x73, 0xB9, 0xDE, 0xEF, 0x77, 0xBB, 0xFD, 0xBE, 0xDF, 0x6F, 0xB3, 0xD9,
    0xEC, 0xF0, 0x00, 0xE0, 0x70, 0x10, 0x18, 0x00, 0x00, 0xFE, 0xFE, 0xE7, 0xE7, 0xE7, 0xE7, 0xE7,
    0xE7, 0xE7, 0x00, 0x18, 0x38, 0x18, 0x30, 0x00, 0x36, 0x1F, 0x07, 0x00, 0x07, 0x3B, 0x9D, 0xEE,
    0xF7, 0x7B, 0xBF, 0xDB, 0xED, 0xF6, 0xFB, 0x3D, 0x9E, 0xCF, 0x7E, 0x3C, 0x18, 0xFE, 0xFE, 0xE7,
    0xE7, 0xE7, 0xE7, 0xE7, 0xE7, 0xE7, 0xE7, 0xE7, 0xF7, 0xF7, 0xFF, 0xFF, 0xFF, 0xDF, 0xDF, 0xCF,
    0xCF, 0xC7, 0x07, 0x3E, 0x3E, 0xFE, 0xFE, 0xE7, 0xE7, 0xE7, 0xE7, 0xE7, 0xE7, 0xE7, 0x07, 0x3E,
    0x3C, 0x3F, 0x1F, 0x80, 0x07, 0xC7, 0xF3, 0xB9, 0xCF, 0xE7, 0xE3, 0xF1, 0xFC, 0xEE, 0x77, 0x73,
    0xF8, 0xF8, 0x7E, 0x7E, 0x7C, 0xFE, 0xEE, 0xE7, 0xE7, 0xE7, 0xEE, 0xFE, 0x7C, 0x00, 0x1F, 0x07,
    0x80, 0x03, 0xE3, 0xF9, 0xDC, 0xE7, 0xF3, 0xF1, 0xF8, 0xFE, 0x77, 0x3B, 0xB9, 0xFC, 0x7C, 0x00,
    0x7C, 0x3C, 0x00, 0x7C, 0xFE, 0xEE, 0xE7, 0xE7, 0xE7, 0xEE, 0xFE, 0x7C, 0x3F, 0x1F, 0x0F, 0x07,
    0xC7, 0xF3, 0xB9, 0xCF, 0xE7, 0xE3, 0xF1, 0xFC, 0xEE, 0x77, 0x73, 0xF8, 0xF8, 0x7E, 0x7C, 0x78,
    0x7C, 0xFE, 0xEE, 0xE7, 0xE7, 0xE7, 0xEE, 0xFE, 0x7C, 0x7F, 0xBF, 0xFB, 0x9D, 0xCE, 0xE7, 0x7F,
    0xBF, 0xDC, 0xEE, 0x77, 0x1F, 0xEF, 0xF0, 0x00, 0x7F, 0x7F, 0xF7, 0x7B, 0xFD, 0xFE, 0xE3, 0x77,
    0xFF, 0x7F, 0x00, 0x38, 0x70, 0x60, 0xFE, 0xFE, 0xE7, 0xE7, 0xE7, 0xEF, 0xFE, 0xFE, 0xEE, 0xEE,
    0xEF, 0xE7, 0x38, 0x38, 0x18, 0x1F, 0xEF, 0xF1, 0xD0, 0xE0, 0x60, 0x30, 0x18, 0x3F, 0x1F, 0x80,
    0xFE, 0xFE, 0xE7, 0xE7, 0xE7, 0xEF, 0xFE, 0xFE, 0xEE, 0xEE, 0xEF, 0xE7, 0x00, 0x38, 0x38, 0x10,
    0x30, 0x00, 0xFF, 0x7F, 0x8E, 0x87, 0x03, 0x01, 0x80, 0xC1, 0xF8, 0xFC, 0x00, 0x0E, 0x07, 0x03,
    0x01, 0x80, 0x00, 0x6C, 0x7C, 0x38, 0x00, 0xFE, 0xFE, 0xE7, 0xE7, 0xE7, 0xEF, 0xFE, 0xFE, 0xEE,
    0xEE, 0xEF, 0xE7, 0xFC, 0x3C, 0x0C, 0x1F, 0xEF, 0xF1, 0xD0, 0xE0, 0x60, 0x30, 0x18, 0x3F, 0x1F,
    0x80, 0x0E, 0x0E, 0x0E, 0x07, 0xC7, 0xF3, 0x99, 0xC8, 0xF0, 0x3E, 0x0F, 0x81, 0xE4, 0x77, 0x3B,
    0xF8, 0xF8, 0x1C, 0x38, 0x70, 0x7E, 0xFE, 0xE4, 0xF8, 0x7E, 0x1F, 0x47, 0xFE, 0x7E, 0x1C, 0x1F,
    0x0C, 0xC7, 0xC7, 0xF3, 0x99, 0xC8, 0xF0, 0x3E, 0x0F, 0x81, 0xE4, 0x77, 0x3B, 0xF8, 0xF8, 0x38,
    0x7C, 0x66, 0x7E, 0xFE, 0xE4, 0xF8, 0x7E, 0x1F, 0x47, 0xFE, 0x7E, 0x3E, 0x3F, 0x9C, 0xCE, 0x47,
    0x81, 0xF0, 0x7C, 0x0F, 0x23, 0xB9, 0xDF, 0xC7, 0xE1, 0xE0, 0xF0, 0xF8, 0x00, 0x7E, 0xFE, 0xE4,
    0xF8, 0x7E, 0x1F, 0x47, 0xFE, 0x7E, 0x3C, 0x3E, 0x7C, 0x00, 0x3F, 0x0F, 0x03, 0x07, 0xC7, 0xF3,
    0x99, 0xC8, 0xF0, 0x3E, 0x0F, 0x81, 0xE4, 0x77, 0x3B, 0xF8, 0xF8, 0x7E, 0x3C, 0x18, 0x7E, 0xFE,
    0xE4, 0xF8, 0x7E, 0x1F, 0x47, 0xFE, 0x7E, 0x7F, 0xBF, 0xC7, 0x03, 0x81, 0xC0, 0xE0, 0x70, 0x38,
    0x1C, 0x0E, 0x07, 0x03, 0x81, 0xE0, 0xF0, 0xF8, 0x00, 0x38, 0x70, 0xE7, 0xFF, 0xE7, 0x0E, 0x1C,
    0x38, 0x70, 0xF9, 0xF3, 0xC7, 0x9F, 0x00, 0x36, 0x1F, 0x07, 0x00, 0x07, 0xFB, 0xFC, 0x70, 0x38,
    0x1C, 0x0E, 0x07, 0x03, 0x81, 0xC0, 0xE0, 0x70, 0x38, 0xEC, 0xF0, 0xC1, 0xC3, 0x87, 0x3F, 0xFF,
    0x38, 0x70, 0xE1, 0xC3, 0x87, 0xCF, 0x80, 0x7F, 0xBF, 0xC7, 0x03, 0x81, 0xC3, 0xF9, 0xFC, 0x38,
    0x1C, 0x0E, 0x07, 0x03, 0x80, 0x38, 0x70, 0xE7, 0xFF, 0xE7, 0x3F, 0xFF, 0x38, 0x70, 0xF9, 0xF0,
    0x10, 0x1F, 0x0F, 0x80, 0x07, 0x3B, 0x9D, 0xCE, 0xE7, 0x73, 0xB9, 0xDC, 0xEE, 0x77, 0x3B, 0x9D,
    0xFC, 0x7C, 0x74, 0x7C, 0x08, 0xE7, 0xE7, 0xE7, 0xE7, 0xE7, 0xE7, 0xEF, 0xFF, 0x7F, 0x3F, 0x1F,
    0x80, 0x0E, 0x77, 0x3B, 0x9D, 0xCE, 0xE7, 0x73, 0xB9, 0xDC, 0xEE, 0x77, 0x3B, 0xF8, 0xF8, 0x7E,
    0x7E, 0x00, 0xE7, 0xE7, 0xE7, 0xE7, 0xE7, 0xE7, 0xEF, 0xFF, 0x7F, 0x00, 0x1F, 0x07, 0x80, 0x07,
    0x3B, 0x9D, 0xCE, 0xE7, 0x73, 0xB9, 0xDC, 0xEE, 0x77, 0x3B, 0x9D, 0xFC, 0x7C, 0x00, 0x7C, 0x3C,
    0x00, 0xE7, 0xE7, 0xE7, 0xE7, 0xE7, 0xE7, 0xEF, 0xFF, 0x7F, 0x1C, 0x0F, 0x07, 0x00, 0x07, 0x3B,
    0x9D, 0xCE, 0xE7, 0x73, 0xB9, 0xDC, 0xEE, 0x77, 0x3B, 0x9D, 0xFC, 0x7C, 0x38, 0x3C, 0x38, 0x00,
    0xE7, 0xE7, 0xE7, 0xE7, 0xE7, 0xE7, 0xEF, 0xFF, 0x7F, 0x1F, 0x1F, 0x8F, 0x80, 0x07, 0x3B, 0x9D,
    0xCE, 0xE7, 0x73, 0xB9, 0xDC, 0xEE, 0x77, 0x3B, 0x9D, 0xFC, 0x7C, 0x3E, 0x7C, 0x7C, 0x00, 0xE7,
    0xE7, 0xE7, 0xE7, 0xE7, 0xE7, 0xEF, 0xFF, 0x7F, 0x73, 0xB9, 0xDC, 0xEE, 0x77, 0x3B, 0x9D, 0xCE,
    0xE7, 0x73, 0xB9, 0xDF, 0xC7, 0xC0, 0x60, 0x78, 0x1E, 0xE7, 0x73, 0xB9, 0xDC, 0xEE, 0x77, 0x3B,
    0xBD, 0xFE, 0x7F, 0x03, 0x01, 0x80, 0xF0, 0x78, 0x1E, 0x0F, 0x83, 0x33, 0x86, 0xED, 0xBB, 0xEF,
    0xFB, 0xFE, 0xFF, 0x9F, 0xE7, 0xF9, 0xFE, 0x77, 0x9D, 0xC7, 0x70, 0x1C, 0x0F, 0x83, 0x33, 0x86,
    0xEF, 0xBF, 0xE7, 0xF9, 0xFE, 0x7F, 0x9F, 0xC7, 0x71, 0xDC, 0x1E, 0x1F, 0x0C, 0xCE, 0x77, 0x3B,
    0xB8, 0xFC, 0x7C, 0x1E, 0x0E, 0x07, 0x03, 0x81, 0xC0, 0xE0, 0x70, 0x1E, 0x1F, 0x8C, 0xCE, 0x77,
    0x3B, 0xB9, 0xDC, 0x7E, 0x3E, 0x1F, 0x07, 0x83, 0xC0, 0xC0, 0xE1, 0xF0, 0xF0, 0x32, 0x3B, 0x8D,
    0xC0, 0x07, 0x3B, 0x9D, 0xDC, 0x7E, 0x3E, 0x0F, 0x07, 0x03, 0x81, 0xC0, 0xE0, 0x70, 0x38, 0x3C,
    0x71, 0xC7, 0xFF, 0xE1, 0xC7, 0x0E, 0x38, 0x71, 0xC3, 0x8F, 0x1F, 0xFF, 0x80, 0x1C, 0x71, 0xC7,
    0xFF, 0xE3, 0xC7, 0x1C, 0x78, 0xE3, 0xFF, 0xF0, 0x10, 0x70, 0xE0, 0x0F, 0xFF, 0xC3, 0x8E, 0x1C,
    0x70, 0xE3, 0x87, 0x1E, 0x3F, 0xFF, 0x18, 0x70, 0xE0, 0x0F, 0xFF, 0xC7, 0x8E, 0x38, 0xF1, 0xC7,
    0xFF, 0xE0, 0x6C, 0xF8, 0xE0, 0x0F, 0xFF, 0xC3, 0x8E, 0x1C, 0x70, 0xE3, 0x87, 0x1E, 0x3F, 0xFF,
    0x66, 0xF8, 0xE0, 0x0F, 0xFF, 0xC7, 0x8E, 0x38, 0xF1, 0xC7, 0xFF, 0xE0, 0x01, 0xC0, 0x73, 0xF9,
    0xFC, 0x77, 0x1C, 0xEF, 0x3B, 0x8E, 0xE3, 0xBC, 0xE7, 0x39, 0xDC, 0x7F, 0x0F, 0x80, 0x01, 0x80,
    0xDF, 0x7F, 0xEE, 0xE7, 0x3B, 0x9D, 0xCE, 0xEE, 0x7F, 0x1F, 0x00, 0x00, 0x60, 0x0C, 0x03, 0xB9,
    0xE7, 0x38, 0xE7, 0x1C, 0xE3, 0x9C, 0x73, 0x8E, 0x71, 0xCE, 0x39, 0xC7, 0x38, 0xFE, 0x0F, 0x80,
    0x00, 0xC0, 0x70, 0x1F, 0x9E, 0xE7, 0x39, 0xCE, 0x73, 0x9C, 0xE7, 0x3B, 0xCF, 0xF1, 0xFC, 0x36,
    0x1F, 0x07, 0x00, 0x03, 0xE1, 0xF0, 0xF8, 0x7C, 0x3F, 0x3B, 0x9D, 0xCF, 0xE7, 0xF3, 0x9D, 0xCF,
    0xC7, 0x37, 0x0F, 0x03, 0x07, 0xC7, 0xF1, 0xB8, 0xFC, 0xFE, 0x77, 0x3B, 0x9F, 0xE7, 0xF0, 0x00,
    0x66, 0xF8, 0xE0, 0x0F, 0xFF, 0xCE, 0x1C, 0x38, 0x70, 0xE1, 0xC3, 0x87, 0x3F, 0xFF, 0x6C, 0xF8,
    0xE0, 0x0F, 0x9F, 0x0E, 0x1C, 0x38, 0x70, 0xE1, 0xF3, 0xE0, 0x3F, 0x0F, 0x03, 0x07, 0xC7, 0xF3,
    0xB9, 0xCF, 0xE7, 0xE3, 0xF1, 0xFC, 0xEE, 0x77, 0x73, 0xF8, 0xF8, 0x6E, 0x3C, 0x18, 0x7C, 0xFE,
    0xEE, 0xE7, 0xE7, 0xE7, 0xEE, 0xFE, 0x7C, 0x33, 0x1F, 0x07, 0x00, 0x07, 0x3B, 0x9D, 0xCE, 0xE7,
    0x73, 0xB9, 0xDC, 0xEE, 0x77, 0x3B, 0x9D, 0xFC, 0x7C, 0x64, 0x7C, 0x38, 0x00, 0xE7, 0xE7, 0xE7,
    0xE7, 0xE7, 0xE7, 0xEF, 0xFF, 0x7F, 0x37, 0x3B, 0x8C, 0x87, 0xE3, 0xF0, 0x01, 0xCE, 0xE7, 0x73,
    0xB9, 0xDC, 0xEE, 0x77, 0x3B, 0x9D, 0xCE, 0xE7, 0x7F, 0x1F, 0x00, 0x6E, 0xEE, 0x64, 0x7E, 0x7E,
    0x00, 0xE7, 0xE7, 0xE7, 0xE7, 0xE7, 0xE7, 0xEF, 0xFF, 0x7F, 0x0E, 0x0E, 0x0E, 0x06, 0x47, 0x71,
    0xB8, 0x00, 0xE7, 0x73, 0xB9, 0xDC, 0xEE, 0x77, 0x3B, 0x9D, 0xCE, 0xE7, 0x73, 0xBF, 0x8F, 0x80,
    0x1C, 0x38, 0x70, 0x04, 0x6E, 0xEE, 0x64, 0xE7, 0xE7, 0xE7, 0xE7, 0xE7, 0xE7, 0xEF, 0xFF, 0x7F,
    0x32, 0x3B, 0x8D, 0xC6, 0x63, 0xE0, 0xE0, 0x00, 0xE7, 0x73, 0xB9, 0xDC, 0xEE, 0x77, 0x3B, 0x9D,
    0xCE, 0xE7, 0x73, 0xBF, 0x8F, 0x80, 0x64, 0xEE, 0x6E, 0x64, 0x7C, 0x38, 0x00, 0xE7, 0xE7, 0xE7,
    0xE7, 0xE7, 0xE7, 0xEF, 0xFF, 0x7F, 0x37, 0x3B, 0x8C, 0x83, 0x01, 0xC0, 0x70, 0x00, 0xE7, 0x73,
    0xB9, 0xDC, 0xEE, 0x77, 0x3B, 0x9D, 0xCE, 0xE7, 0x73, 0xBF, 0x8F, 0x80, 0x6E, 0xEE, 0x64, 0x00,
    0x38, 0x1C, 0x0C, 0xE7, 0xE7, 0xE7, 0xE7, 0xE7, 0xE7, 0xEF, 0xFF, 0x7F, 0x3F, 0x0F, 0x03, 0x03,
    0xE3, 0xF3, 0x9D, 0xC8, 0xC0, 0xE7, 0xF3, 0xF8, 0xEE, 0x77, 0x39, 0xFC, 0x7C, 0x37, 0x0F, 0x03,
    0x67, 0xF7, 0xF3, 0xBD, 0xDE, 0xFE, 0x7E, 0x30, 0x1F, 0xCF, 0xF6, 0x3F, 0x1D, 0xFE, 0xFE, 0x3E,
    0x3F, 0x9D, 0xCE, 0x7F, 0x3F, 0x1F, 0x8F, 0xE7, 0x73, 0xBB, 0x9F, 0xC7, 0xC0, 0xE0, 0x78, 0x3C,
    0x7C, 0xFE, 0xEE, 0xE7, 0xE7, 0xE7, 0xEE, 0xFE, 0x7C, 0x18, 0x1E, 0x1E, 0x0E, 0x0E, 0x0E, 0x03,
    0x81, 0xE0, 0xE0, 0x00, 0x7C, 0x3E, 0x1F, 0x0F, 0x87, 0xE7, 0x73, 0xB9, 0xFC, 0xFE, 0x73, 0xB9,
    0xF8, 0xE0, 0x0E, 0x0E, 0x0E, 0x00, 0x01, 0xC0, 0xF0, 0x70, 0x7C, 0x7F, 0x1B, 0x8F, 0xCF, 0xE7,
    0x73, 0xB9, 0xFE, 0x7F, 0x00, 0x00, 0x07, 0x03, 0x80, 0xC0, 0x7F, 0x1F, 0xC7, 0xC1, 0xF0, 0xFC,
    0x3F, 0xCF, 0xF3, 0x71, 0xFC, 0x7F, 0x1D, 0xF7, 0x7C, 0x1E, 0x0E, 0x0E, 0x1F, 0xEF, 0xFA, 0xEC,
    0x7F, 0xFF, 0xFC, 0x66, 0xFF, 0xEF, 0xE0, 0x0E, 0x07, 0x03, 0x9C, 0xFE, 0x7F, 0x9D, 0xC7, 0x7B,
    0xFE, 0xEF, 0xBF, 0xEF, 0xB9, 0xEE, 0x77, 0x1F, 0xCF, 0xE3, 0x00, 0x3C, 0x38, 0x76, 0x7E, 0xFE,
    0xEE, 0xFF, 0xFF, 0xF7, 0xFE, 0xFE, 0xFC, 0xC0, 0x7E, 0x1F, 0x86, 0xC7, 0xC3, 0xE1, 0xF0, 0xF8,
    0x7E, 0x77, 0x3B, 0x9F, 0xCF, 0xE7, 0x3B, 0x9F, 0x8E, 0x7E, 0x1F, 0x86, 0xC7, 0xC7, 0xF1, 0xB8,
    0xFC, 0xFE, 0x77, 0x3B, 0x9F, 0xE7, 0xF0, 0x00, 0x1E, 0x1F, 0x0D, 0x87, 0xC3, 0xE1, 0xF0, 0xF8,
    0x7E, 0x77, 0x3B, 0x9F, 0xCF, 0xE7, 0x3B, 0x9F, 0x8E, 0x1E, 0x1F, 0x0D, 0x87, 0xC7, 0xF1, 0xB8,
    0xFC, 0xFE, 0x77, 0x3B, 0x9F, 0xE7, 0xF0, 0x00, 0xFE, 0x7E, 0x37, 0xFE, 0xFE, 0xE0, 0xE0, 0xE0,
    0xFC, 0xFE, 0xE0, 0xE0, 0xE0, 0xFE, 0xFE, 0x7E, 0x1F, 0x86, 0xC7, 0xC7, 0xF3, 0xB9, 0xFF, 0xFF,
    0x70, 0x39, 0x9F, 0xC7, 0xC0, 0x3C, 0xF8, 0x97, 0xFF, 0xFC, 0x38, 0x70, 0xFD, 0xFF, 0x87, 0x0E,
    0x1F, 0xFF, 0x80, 0x1E, 0x1F, 0x0D, 0x87, 0xC7, 0xF3, 0xB9, 0xFF, 0xFF, 0x70, 0x39, 0x9F, 0xC7,
    0xC0, 0x7E, 0x1F, 0x86, 0xEF, 0xE7, 0xF0, 0xE0, 0x70, 0x38, 0x1C, 0x0E, 0x07, 0x03, 0x81, 0xC3,
    0xF9, 0xFC, 0x7E, 0x1F, 0x86, 0xCF, 0x87, 0xC0, 0xE0, 0x70, 0x38, 0x1C, 0x0E, 0x07, 0xC3, 0xE0,
    0x3C, 0xF9, 0xB7, 0xFF, 0xE7, 0x0E, 0x1C, 0x38, 0x70, 0xE1, 0xC3, 0x9F, 0xFF, 0x80, 0x38, 0xF9,
    0xB7, 0xCF, 0x87, 0x0E, 0x1C, 0x38, 0x70, 0xF9, 0xF0, 0x7E, 0x1F, 0x86, 0xE7, 0xC7, 0xF3, 0xB9,
    0xCF, 0xE7, 0xE3, 0xF1, 0xFC, 0xEE, 0x77, 0x73, 0xF8, 0xF8, 0x7E, 0x1F, 0x86, 0xC7, 0xC7, 0xF3,
    0xB9, 0xCE, 0xE7, 0x73, 0xBB, 0x9F, 0xC7, 0xC0, 0x1E, 0x1F, 0x0D, 0x87, 0xC7, 0xF3, 0xB9, 0xCF,
    0xE7, 0xE3, 0xF1, 0xFC, 0xEE, 0x77, 0x73, 0xF8, 0xF8, 0x3C, 0x7C, 0x6C, 0x7C, 0xFE, 0xEE, 0xE7,
    0xE7, 0xE7, 0xEE, 0xFE, 0x7C, 0x7E, 0x1F, 0x86, 0xCF, 0xE7, 0xF3, 0x9D, 0xCE, 0xE7, 0x77, 0xBF,
    0x9F, 0xCE, 0xE7, 0x73, 0xBD, 0xCE, 0xFE, 0x0F, 0xC1, 0xB1, 0xFE, 0x7F, 0x87, 0x41, 0xC0, 0x60,
    0x18, 0x06, 0x07, 0xE1, 0xF8, 0x38, 0x7C, 0x6C, 0xFE, 0xFE, 0xE7, 0xE7, 0xE7, 0xEF, 0xFE, 0xFE,
    0xEE, 0xEE, 0xEF, 0xE7, 0x78, 0x3E, 0x1B, 0x1F, 0xEF, 0xF1, 0xF0, 0xE0, 0x60, 0x30, 0x18, 0x3F,
    0x1F, 0x80, 0x7E, 0x1F, 0x86, 0xEE, 0x77, 0x3B, 0x9D, 0xCE, 0xE7, 0x73, 0xB9, 0xDC, 0xEE, 0x77,
    0x3B, 0xF8, 0xF8, 0x7E, 0x1F, 0x86, 0xEE, 0x77, 0x3B, 0x9D, 0xCE, 0xE7, 0x73, 0xBB, 0xDF, 0xE7,
    0xF0, 0x1E, 0x1F, 0x0D, 0x8E, 0x77, 0x3B, 0x9D, 0xCE, 0xE7, 0x73, 0xB9, 0xDC, 0xEE, 0x77, 0x3B,
    0xF8, 0xF8, 0x3C, 0x7C, 0x6C, 0xE7, 0xE7, 0xE7, 0xE7, 0xE7, 0xE7, 0xEF, 0xFF, 0x7F, 0x3E, 0x3F,
    0x9C, 0xCE, 0x47, 0x81, 0xF0, 0x7C, 0x0F, 0x23, 0xB9, 0xDF, 0xC7, 0xC0, 0x80, 0xE0, 0x70, 0x10,
    0x18, 0x00, 0x00, 0x7E, 0xFE, 0xE4, 0xF8, 0x7E, 0x1F, 0x47, 0xFE, 0x7E, 0x10, 0x38, 0x38, 0x18,
    0x30, 0x00, 0x7F, 0xBF, 0xC7, 0x03, 0x81, 0xC0, 0xE0, 0x70, 0x38, 0x1C, 0x0E, 0x07, 0x03, 0x80,
    0x00, 0xE0, 0x70, 0x10, 0x18, 0x00, 0x00, 0x38, 0x70, 0xE7, 0xFF, 0xE7, 0x0E, 0x1C, 0x38, 0x70,
    0xF9, 0xF0, 0x07, 0x0E, 0x18, 0x30, 0x00, 0x63, 0x8E, 0x3B, 0xB8, 0x10, 0x79, 0xB0, 0x20, 0xF9,
    0x70, 0xFE, 0xF8, 0x4B, 0xE7, 0x80, 0xDF, 0x80, 0x6D, 0xDF, 0xB8, 0xF3, 0x74, 0x03, 0xBE, 0xE0,
    0x00, 0x7E, 0xDB, 0xE0, 0x6C, 0xF8, 0xE0, 0xFC, 0x7E, 0x3F, 0x01, 0xEF, 0x80, 0x6B, 0xF0, 0x33,
    0x3E, 0xFD, 0x80, 0x65, 0xDD, 0xB8, 0xFD, 0x60, 0x7B, 0xFE, 0x00, 0x46, 0x3D, 0xE0, 0xDB, 0xE7,
    0x80, 0xFE, 0xF8, 0x7D, 0xF8, 0xFF, 0x7F, 0xC0, 0x03, 0x06, 0x0E, 0x0C, 0x1C, 0x18, 0x38, 0x30,
    0x70, 0x60, 0x00, 0x40, 0x18, 0x06, 0x01, 0xC0, 0x30, 0x0E, 0x01, 0x80, 0x70, 0x0C, 0x03, 0x00,
    0xE0, 0x18, 0x07, 0x00, 0xC0, 0x00, 0x70, 0xCC, 0x33, 0x8C, 0xF7, 0x3F, 0x99, 0xC6, 0x71, 0x8E,
    0xE1, 0xB8, 0x70, 0x7E, 0x3F, 0x80, 0xC0, 0x60, 0x30, 0x18, 0x0C, 0x06, 0x7F, 0xFF, 0xC0, 0x79,
    0xE1, 0xC7, 0x1C, 0x71, 0xC7, 0xFF, 0xB0, 0x00, 0xFF, 0xBF, 0x81, 0x80, 0xC0, 0x60, 0x30, 0x18,
    0x0C, 0x06, 0x03, 0x00, 0x7F, 0x9F, 0xE0, 0x1C, 0x07, 0x61, 0xD8, 0x76, 0x1D, 0x87, 0x61, 0xD8,
    0x70, 0xF7, 0x33, 0x33, 0x33, 0x33, 0xFB, 0xCC, 0xC6, 0x31, 0xCE, 0x71, 0x80, 0xFF, 0x9F, 0xF7,
    0x0D, 0xC3, 0x70, 0xDC, 0x37, 0x0D, 0xC3, 0x70, 0xDC, 0x30, 0x67, 0x99, 0xE6, 0x1D, 0x83, 0x60,
    0xD8, 0x36, 0x0D, 0xC7, 0x3F, 0x87, 0xC0, 0xF7, 0x33, 0x33, 0xFE, 0x7F, 0x03, 0x03, 0x03, 0x03,
    0x03, 0x03, 0x03, 0x03, 0x03, 0x03, 0x03, 0xFC, 0x7E, 0x07, 0x03, 0x03, 0x03, 0x03, 0x07, 0x7E,
    0xFC, 0xC0, 0x60, 0x30, 0x1F, 0xE7, 0xF0, 0x18, 0x18, 0x0C, 0x06, 0x07, 0x03, 0x01, 0x81, 0xC0,
    0x7F, 0x8F, 0xF9, 0xC3, 0x38, 0x77, 0x0E, 0xE1, 0xDC, 0x3B, 0x87, 0x7F, 0xEF, 0xFC, 0x6F, 0x8F,
    0xF9, 0xE3, 0x18, 0x73, 0x0E, 0x61, 0xDC, 0x3B, 0x06, 0x67, 0xCD, 0xF0, 0xF7, 0x33, 0x33, 0x33,
    0x33, 0x33, 0x30, 0x79, 0xE1, 0x86, 0x18, 0x61, 0x86, 0x7B, 0xE0, 0xFF, 0x9F, 0xF7, 0x0D, 0x83,
    0x60, 0xD8, 0x36, 0x0D, 0xC7, 0x3F, 0x87, 0xC0, 0x00, 0x18, 0x66, 0x19, 0xC6, 0x31, 0x8C, 0x63,
    0x18, 0xEE, 0x3F, 0x0F, 0x8F, 0xC3, 0x00, 0x3F, 0x1F, 0xE6, 0x1B, 0x86, 0x61, 0x9C, 0x73, 0x1C,
    0x07, 0x01, 0xC0, 0x70, 0x1C, 0x07, 0x01, 0xC0, 0x3F, 0x1F, 0xE6, 0x19, 0x86, 0x61, 0xDE, 0x73,
    0x18, 0x0E, 0x7F, 0x1F, 0x80, 0xE3, 0x31, 0x9C, 0xC6, 0xE3, 0x61, 0xF0, 0x70, 0x30, 0x1C, 0x06,
    0x03, 0x01, 0xC0, 0xE0, 0x61, 0xB9, 0xCC, 0xE3, 0x61, 0xF0, 0x70, 0x38, 0x0E, 0x7F, 0x7F, 0x80,
    0xFF, 0xFF, 0xC0, 0xE8, 0x6C, 0x36, 0x3B, 0x19, 0x8C, 0xC6, 0x67, 0x30, 0x18, 0x0C, 0x00, 0xFE,
    0x7E, 0x07, 0x03, 0x03, 0x03, 0x03, 0x03, 0x03, 0x03, 0xCC, 0xD9, 0x9B, 0x33, 0x66, 0x6F, 0xCD,
    0xF1, 0xB8, 0x37, 0x0E, 0x7F, 0x87, 0xE0, 0x7F, 0xCF, 0xF8, 0xC3, 0x18, 0x73, 0x0E, 0x61, 0xCC,
    0x39, 0x87, 0x70, 0xFE, 0x1C, 0x6F, 0xF0, 0x2D, 0xFC, 0x07, 0xE8, 0x00, 0xFF, 0xFE, 0x0C, 0x1C,
    0x1C, 0x1C, 0x18, 0x30, 0x00, 0xC1, 0x80, 0x00, 0x38, 0xF1, 0x83, 0x07, 0xDF, 0xBC, 0x00, 0xFB,
    0xF0, 0x00, 0x6E, 0xDF, 0xC0, 0x0E, 0xE4, 0x4C, 0xE6, 0x66, 0x66, 0x66, 0x67, 0x00, 0x42, 0xC6,
    0xFE, 0x7E, 0x60, 0x60, 0x60, 0x60, 0x60, 0x60, 0x70, 0x70, 0x00, 0x40, 0xF6, 0xDB, 0x6F, 0xF7,
    0xFB, 0x01, 0x80, 0xC0, 0x70, 0x18, 0x0C, 0x06, 0x00, 0x00, 0x08, 0x38, 0x70, 0xE0, 0xC0, 0xF8,
    0x78, 0x70, 0xE0, 0xC0, 0xFE, 0x7E, 0x00, 0x38, 0x7C, 0x66, 0xC6, 0xC6, 0xC6, 0xC6, 0xFE, 0x7C,
    0x00, 0x80, 0xFE, 0x7E, 0x06, 0x06, 0x06, 0x06, 0x06, 0x06, 0x06, 0x06, 0x03, 0x00, 0x40, 0xB0,
    0x66, 0x19, 0x8E, 0x73, 0x0C, 0xC3, 0x60, 0xF8, 0x1E, 0x07, 0x01, 0xC0, 0x30, 0x00, 0x00, 0x0C,
    0x03, 0x01, 0xC0, 0x78, 0x1E, 0x0F, 0x83, 0x70, 0xCC, 0x63, 0x18, 0xEE, 0x1B, 0x06, 0x00, 0x00,
    0x30, 0x7C, 0xEC, 0xCC, 0xCE, 0xFE, 0x7E, 0x06, 0x06, 0x06, 0x06, 0x06, 0x00, 0x00, 0x00, 0x18,
    0x03, 0xB0, 0x3C, 0x07, 0x80, 0xF0, 0x1F, 0x06, 0x7F, 0xC7, 0xE0, 0x7F, 0xC0, 0x30, 0x71, 0xF3,
    0x6C, 0x78, 0xFF, 0x3E, 0x0E, 0xE4, 0x4C, 0xE6, 0x66, 0x66, 0x66, 0x67, 0x00, 0x42, 0xC6, 0xFE,
    0x7E, 0x60, 0x60, 0x60, 0x60, 0x60, 0x60, 0x70, 0x70, 0x00, 0x40, 0xF6, 0xDB, 0x6F, 0xF7, 0xFB,
    0x01, 0x80, 0xC0, 0x70, 0x18, 0x0C, 0x06, 0x00, 0x00, 0x4C, 0xDE, 0xD8, 0x7E, 0x7E, 0x60, 0x60,
    0x60, 0x60, 0x60, 0x60, 0x60, 0x00, 0x38, 0x18, 0x3C, 0x7E, 0x66, 0xC6, 0xC6, 0xC3, 0xD3, 0xFE,
    0x7E, 0x1C, 0x79, 0xC3, 0x06, 0x07, 0xC7, 0x8C, 0x30, 0xE1, 0x83, 0x00, 0x00, 0x40, 0xB0, 0x66,
    0x19, 0x8E, 0x73, 0x0C, 0xC3, 0x60, 0xF8, 0x1E, 0x07, 0x01, 0xC0, 0x30, 0x00, 0x00, 0x0C, 0x03,
    0x01, 0xC0, 0x78, 0x1E, 0x0F, 0x83, 0x70, 0xCC, 0x63, 0x18, 0xEE, 0x1B, 0x06, 0x00, 0x00, 0x30,
    0x7C, 0xEC, 0xCC, 0xCE, 0xFE, 0x7E, 0x06, 0x06, 0x06, 0x06, 0x06, 0x00, 0x3E, 0x1F, 0x0F, 0x87,
    0xC3, 0xF3, 0xB9, 0xDC, 0xFE, 0x7F, 0x39, 0xDC, 0xFC, 0x70, 0x00, 0xE0, 0x70, 0x18, 0x3E, 0x3F,
    0x8D, 0xC7, 0xE7, 0xF3, 0xB9, 0xDC, 0xFF, 0x3F, 0x80, 0x07, 0x03, 0x80, 0x80, 0x3C, 0x07, 0x07,
    0x03, 0x03, 0xE1, 0xF0, 0xF8, 0x7C, 0x3F, 0x3B, 0x9D, 0xCF, 0xE7, 0xF3, 0x9D, 0xCF, 0xC7, 0x3C,
    0x07, 0x07, 0x03, 0x03, 0xE3, 0xF8, 0xDC, 0x7E, 0x7F, 0x3B, 0x9D, 0xCF, 0xF3, 0xF8, 0x00, 0x1E,
    0x0E, 0x0E, 0x03, 0x83, 0xE1, 0xB8, 0xF8, 0x7C, 0x3E, 0x1F, 0x0F, 0xCE, 0xE7, 0x73, 0xF9, 0xFC,
    0xE7, 0x73, 0xF1, 0xC0, 0x1E, 0x0E, 0x0E, 0x03, 0x83, 0xE1, 0xB0, 0xF8, 0xFE, 0x37, 0x1F, 0x9F,
    0xCE, 0xE7, 0x73, 0xFC, 0xFE, 0x00, 0x1C, 0x07, 0x01, 0x83, 0x83, 0xE1, 0xB8, 0xF8, 0x7C, 0x3E,
    0x1F, 0x0F, 0xCE, 0xE7, 0x73, 0xF9, 0xFC, 0xE7, 0x73, 0xF1, 0xC0, 0x3C, 0x0E, 0x03, 0x83, 0x83,
    0xE1, 0xB0, 0xF8, 0xFE, 0x37, 0x1F, 0x9F, 0xCE, 0xE7, 0x73, 0xFC, 0xFE, 0x00, 0x3C, 0x07, 0x07,
    0x03, 0x01, 0xC1, 0xF0, 0xDC, 0x7C, 0x3E, 0x1F, 0x0F, 0x87, 0xE7, 0x73, 0xB9, 0xFC, 0xFE, 0x73,
    0xB9, 0xF8, 0xE0, 0x3C, 0x0F, 0x07, 0x03, 0x83, 0xE1, 0xB8, 0xF8, 0xFE, 0x37, 0x1F, 0x9F, 0xCE,
    0xE7, 0x73, 0xFC, 0xFE, 0x00, 0x3A, 0x1F, 0x01, 0x03, 0x83, 0xE1, 0xB8, 0xF8, 0x7C, 0x3E, 0x1F,
    0x0F, 0xCE, 0xE7, 0x73, 0xF9, 0xFC, 0xE7, 0x73, 0xF1, 0xC0, 0x3A, 0x1F, 0x01, 0x03, 0x83, 0xE1,
    0xB0, 0xF8, 0xFE, 0x37, 0x1F, 0x9F, 0xCE, 0xE7, 0x73, 0xFC, 0xFE, 0x00, 0x1C, 0x1F, 0x0D, 0xC7,
    0xC3, 0xE1, 0xF0, 0xF8, 0x7E, 0x77, 0x3B, 0x9F, 0xCF, 0xE7, 0x3B, 0x9F, 0x8E, 0x00, 0x1C, 0x0E,
    0x03, 0x00, 0x1C, 0x1F, 0x0D, 0x87, 0xC7, 0xF1, 0xB8, 0xFC, 0xFE, 0x77, 0x3B, 0x9F, 0xE7, 0xF0,
    0x00, 0xE0, 0x70, 0x10, 0x0E, 0x0E, 0x0E, 0x06, 0xC1, 0xE0, 0x00, 0xF8, 0x7C, 0x3E, 0x1F, 0x0F,
    0xCE, 0xE7, 0x73, 0xF9, 0xFC, 0xE7, 0x73, 0xF1, 0xC0, 0x0E, 0x0E, 0x0E, 0x06, 0xC3, 0xE0, 0x00,
    0xF8, 0xFE, 0x37, 0x1F, 0x9F, 0xCE, 0xE7, 0x73, 0xFC, 0xFE, 0x00, 0x1C, 0x07, 0x01, 0x87, 0xC1,
    0xE0, 0x00, 0xF8, 0x7C, 0x3E, 0x1F, 0x0F, 0xCE, 0xE7, 0x73, 0xF9, 0xFC, 0xE7, 0x73, 0xF1, 0xC0,
    0x3C, 0x0E, 0x03, 0x87, 0xC3, 0xE0, 0x00, 0xF8, 0xFE, 0x37, 0x1F, 0x9F, 0xCE, 0xE7, 0x73, 0xFC,
    0xFE, 0x00, 0x3C, 0x0F, 0x07, 0x07, 0xC1, 0xE0, 0x00, 0xF8, 0x7C, 0x3E, 0x1F, 0x0F, 0xCE, 0xE7,
    0x73, 0xF9, 0xFC, 0xE7, 0x73, 0xF1, 0xC0, 0x3C, 0x0F, 0x07, 0x06, 0xC3, 0xE0, 0x00, 0xF8, 0xFE,
    0x37, 0x1F, 0x9F, 0xCE, 0xE7, 0x73, 0xFC, 0xFE, 0x00, 0x3A, 0x1F, 0x01, 0x07, 0xC1, 0xE0, 0x00,
    0xF8, 0x7C, 0x3E, 0x1F, 0x0F, 0xCE, 0xE7, 0x73, 0xF9, 0xFC, 0xE7, 0x73, 0xF1, 0xC0, 0x10, 0x1F,
    0x0B, 0x86, 0xC3, 0xE0, 0x00, 0xF8, 0xFE, 0x37, 0x1F, 0x9F, 0xCE, 0xE7, 0x73, 0xFC, 0xFE, 0x00,
    0x00, 0x1F, 0x07, 0x80, 0x03, 0xE1, 0xF0, 0xF8, 0x7C, 0x3F, 0x3B, 0x9D, 0xCF, 0xE7, 0xF3, 0x9D,
    0xCF, 0xC7, 0x00, 0x0E, 0x07, 0x01, 0x80, 0x00, 0x1F, 0x0F, 0x80, 0x03, 0xE3, 0xF8, 0xDC, 0x7E,
    0x7F, 0x3B, 0x9D, 0xCF, 0xF3, 0xF8, 0x00, 0x70, 0x38, 0x08, 0x00, 0xFF, 0xFF, 0x87, 0x0E, 0x1F,
    0xBF, 0xF0, 0xE1, 0xC3, 0xFF, 0xF0, 0x07, 0x0E, 0x0C, 0x3E, 0x3F, 0x9D, 0xCF, 0xFF, 0xFB, 0x81,
    0xCC, 0xFE, 0x3E, 0x00, 0x07, 0x03, 0x80, 0x80, 0x3C, 0x38, 0xF0, 0x8F, 0xFF, 0xF8, 0x70, 0xE1,
    0xFB, 0xFF, 0x0E, 0x1C, 0x3F, 0xFF, 0x3C, 0x07, 0x07, 0x03, 0x03, 0xE3, 0xF9, 0xDC, 0xFF, 0xFF,
    0xB8, 0x1C, 0xCF, 0xE3, 0xE0, 0x30, 0xFD, 0xF0, 0x0F, 0xFF, 0xF8, 0x70, 0xE1, 0xFB, 0xFF, 0x0E,
    0x1C, 0x3F, 0xFF, 0x3A, 0x1F, 0x01, 0x07, 0xC7, 0xF3, 0xB9, 0xFF, 0xFF, 0x70, 0x39, 0x9F, 0xC7,
    0xC0, 0x1C, 0x70, 0xC1, 0xE7, 0xEC, 0xFF, 0xFF, 0xE1, 0xC3, 0x87, 0xEF, 0xFC, 0x38, 0x70, 0xFF,
    0xFC, 0x1E, 0x0E, 0x0E, 0x03, 0x83, 0xE1, 0xB0, 0xF8, 0xFE, 0x77, 0x3F, 0xFF, 0xEE, 0x07, 0x33,
    0xF8, 0xF8, 0x38, 0x38, 0x31, 0xE7, 0xEC, 0xFF, 0xFF, 0xE1, 0xC3, 0x87, 0xEF, 0xFC, 0x38, 0x70,
    0xFF, 0xFC, 0x3C, 0x0E, 0x03, 0x83, 0x83, 0xE1, 0xB0, 0xF8, 0xFE, 0x77, 0x3F, 0xFF, 0xEE, 0x07,
    0x33, 0xF8, 0xF8, 0x3C, 0x38, 0xF1, 0x83, 0xCF, 0xD9, 0xFF, 0xFF, 0xC3, 0x87, 0x0F, 0xDF, 0xF8,
    0x70, 0xE1, 0xFF, 0xF8, 0x3C, 0x0F, 0x07, 0x03, 0x83, 0xE1, 0xB8, 0xF8, 0xFE, 0x77, 0x3F, 0xFF,
    0xEE, 0x07, 0x33, 0xF8, 0xF8, 0x74, 0xF8, 0x21, 0xE7, 0xEC, 0xFF, 0xFF, 0xE1, 0xC3, 0x87, 0xEF,
    0xFC, 0x38, 0x70, 0xFF, 0xFC, 0x38, 0x1F, 0x03, 0x83, 0x83, 0xE1, 0xB8, 0xF8, 0xFE, 0x77, 0x3F,
    0xFF, 0xEE, 0x07, 0x33, 0xF8, 0xF8, 0x3C, 0xFD, 0x9F, 0xFF, 0xFC, 0x38, 0x70, 0xFD, 0xFF, 0x87,
    0x0E, 0x1F, 0xFF, 0x80, 0x38, 0x70, 0x60, 0x1C, 0x1F, 0x0D, 0x87, 0xC7, 0xF3, 0xB9, 0xFF, 0xFF,
    0x70, 0x39, 0x9F, 0xC7, 0xC0, 0x00, 0xE0, 0x70, 0x10, 0x38, 0x38, 0xF1, 0x8F, 0xFF, 0xCE, 0x1C,
    0x38, 0x70, 0xE1, 0xC3, 0x87, 0x3F, 0xFF, 0x78, 0x38, 0xE1, 0x8F, 0x9F, 0x0E, 0x1C, 0x38, 0x70,
    0xE1, 0xF3, 0xE0, 0xFF, 0xFC, 0xE1, 0xC3, 0x87, 0x0E, 0x1C, 0x38, 0x73, 0xFF, 0xF0, 0x07, 0x0E,
    0x0C, 0x38, 0x38, 0x38, 0x00, 0x00, 0xF8, 0xF8, 0x38, 0x38, 0x38, 0x38, 0x38, 0x3F, 0x3F, 0x10,
    0x38, 0x38, 0x10, 0x3E, 0x3F, 0x9D, 0xCE, 0x7F, 0x3F, 0x1F, 0x8F, 0xE7, 0x73, 0xBB, 0x9F, 0xC7,
    0xC0, 0x80, 0xE0, 0x70, 0x00, 0x7C, 0xFE, 0xEE, 0xE7, 0xE7, 0xE7, 0xEE, 0xFE, 0x7C, 0x10, 0x38,
    0x38, 0x00, 0x1C, 0x07, 0x07, 0x83, 0x03, 0xE3, 0xF9, 0xDC, 0xE7, 0xF3, 0xF1, 0xF8, 0xFE, 0x77,
    0x3B, 0xB9, 0xFC, 0x7C, 0x78, 0x1C, 0x3C, 0x30, 0x7C, 0xFE, 0xEE, 0xE7, 0xE7, 0xE7, 0xEE, 0xFE,
    0x7C, 0x0E, 0x0E, 0x0E, 0x03, 0xC3, 0xE1, 0x98, 0xF8, 0xFE, 0x77, 0x39, 0xFC, 0xFC, 0x7E, 0x3F,
    0x9D, 0xCE, 0xEE, 0x7F, 0x1F, 0x00, 0x3C, 0x38, 0x70, 0x38, 0x7C, 0x66, 0x7C, 0xFE, 0xEE, 0xE7,
    0xE7, 0xE7, 0xEE, 0xFE, 0x7C, 0x1C, 0x07, 0x01, 0x83, 0xC3, 0xE1, 0x98, 0xF8, 0xFE, 0x77, 0x39,
    0xFC, 0xFC, 0x7E, 0x3F, 0x9D, 0xCE, 0xEE, 0x7F, 0x1F, 0x00, 0x38, 0x1C, 0x0C, 0x38, 0x7C, 0x66,
    0x7C, 0xFE, 0xEE, 0xE7, 0xE7, 0xE7, 0xEE, 0xFE, 0x7C, 0x1E, 0x0F, 0x07, 0x03, 0x83, 0xE1, 0xB8,
    0xF8, 0xFE, 0x77, 0x39, 0xFC, 0xFC, 0x7E, 0x3F, 0x9D, 0xCE, 0xEE, 0x7F, 0x1F, 0x00, 0x78, 0x3C,
    0x38, 0x38, 0x7C, 0x6E, 0x7C, 0xFE, 0xEE, 0xE7, 0xE7, 0xE7, 0xEE, 0xFE, 0x7C, 0x3A, 0x1F, 0x01,
    0x03, 0xC3, 0xE1, 0x98, 0xF8, 0xFE, 0x77, 0x39, 0xFC, 0xFC, 0x7E, 0x3F, 0x9D, 0xCE, 0xEE, 0x7F,
    0x1F, 0x00, 0x74, 0x7C, 0x08, 0x38, 0x7C, 0x66, 0x7C, 0xFE, 0xEE, 0xE7, 0xE7, 0xE7, 0xEE, 0xFE,
    0x7C, 0x1E, 0x1F, 0x0C, 0xC7, 0xC7, 0xF3, 0xB9, 0xCF, 0xE7, 0xE3, 0xF1, 0xFC, 0xEE, 0x77, 0x73,
    0xF8, 0xF8, 0x10, 0x1C, 0x0E, 0x00, 0x00, 0x38, 0x7C, 0x66, 0x7C, 0xFE, 0xEE, 0xE7, 0xE7, 0xE7,
    0xEE, 0xFE, 0x7C, 0x10, 0x38, 0x38, 0x00, 0x0E, 0x07, 0x73, 0x9C, 0xFE, 0x7F, 0x1D, 0xC7, 0x3B,
    0xCE, 0xE3, 0xB8, 0xEF, 0x39, 0xCE, 0x77, 0x1F, 0xC3, 0xE0, 0x3C, 0x1C, 0xDC, 0x6F, 0xBF, 0xF7,
    0x73, 0x9D, 0xCE, 0xE7, 0x77, 0x3F, 0x8F, 0x80, 0x1C, 0x03, 0xB0, 0x7C, 0xFF, 0x7F, 0x1D, 0xC7,
    0x3B, 0xCE, 0xE3, 0xB8, 0xEF, 0x39, 0xCE, 0x77, 0x1F, 0xC3, 0xE0, 0x38, 0x0E, 0xC3, 0x6F, 0xBF,
    0xF7, 0x73, 0x9D, 0xCE, 0xE7, 0x77, 0x3F, 0x8F, 0x80, 0x1C, 0x03, 0x81, 0xFC, 0x63, 0x3F, 0x9F,
    0xC7, 0x71, 0xCE, 0xF3, 0xB8, 0xEE, 0x3B, 0xCE, 0x73, 0x9D, 0xC7, 0xF0, 0xF8, 0x78, 0x0E, 0x0F,
    0x66, 0x37, 0xDF, 0xFB, 0xB9, 0xCE, 0xE7, 0x73, 0xBB, 0x9F, 0xC7, 0xC0, 0x10, 0x0F, 0xA3, 0xFC,
    0x07, 0x3F, 0x9F, 0xC7, 0x71, 0xCE, 0xF3, 0xB8, 0xEE, 0x3B, 0xCE, 0x73, 0x9D, 0xC7, 0xF0, 0xF8,
    0x74, 0x3E, 0xC2, 0x6F, 0xBF, 0xF7, 0x73, 0x9D, 0xCE, 0xE7, 0x77, 0x3F, 0x8F, 0x80, 0x01, 0xC0,
    0x73, 0xF9, 0xFC, 0x77, 0x1C, 0xEF, 0x3B, 0x8E, 0xE3, 0xBC, 0xE7, 0x39, 0xDC, 0x7F, 0x0F, 0x80,
    0x80, 0x70, 0x1C, 0x00, 0x00, 0x01, 0x80, 0xDF, 0x7F, 0xEE, 0xE7, 0x3B, 0x9D, 0xCE, 0xEE, 0x7F,
    0x1F, 0x02, 0x03, 0x81, 0xC0, 0x00, 0x73, 0xB9, 0xDC, 0xEE, 0x77, 0x3B, 0x9D, 0xCE, 0xE7, 0x73,
    0xB9, 0xDF, 0xC7, 0xC0, 0x00, 0xE0, 0x70, 0x18, 0xE7, 0xE7, 0xE7, 0xE7, 0xE7, 0xE7, 0xEF, 0xFF,
    0x7F, 0x00, 0x38, 0x38, 0x18, 0x1C, 0x07, 0x07, 0x83, 0x07, 0x3B, 0x9D, 0xCE, 0xE7, 0x73, 0xB9,
    0xDC, 0xEE, 0x77, 0x3B, 0x9D, 0xFC, 0x7C, 0x78, 0x1C, 0x3C, 0x30, 0xE7, 0xE7, 0xE7, 0xE7, 0xE7,
    0xE7, 0xEF, 0xFF, 0x7F, 0x0E, 0x63, 0x8C, 0xE3, 0xB9, 0xE7, 0x38, 0xE7, 0x1C, 0xE3, 0x9C, 0x73,
    0x8E, 0x71, 0xCE, 0x39, 0xC7, 0x38, 0xFE, 0x0F, 0x80, 0x1C, 0xCE, 0x77, 0x1F, 0x9E, 0xE7, 0x39,
    0xCE, 0x73, 0x9C, 0xE7, 0x3B, 0xCF, 0xF1, 0xFC, 0x18, 0x03, 0x8C, 0x39, 0x80, 0x77, 0x3C, 0xE7,
    0x1C, 0xE3, 0x9C, 0x73, 0x8E, 0x71, 0xCE, 0x39, 0xC7, 0x38, 0xE7, 0x1F, 0xC1, 0xF0, 0x38, 0x87,
    0x70, 0xDF, 0x9E, 0xE7, 0x39, 0xCE, 0x73, 0x9C, 0xE7, 0x3B, 0xCF, 0xF1, 0xFC, 0x1C, 0x01, 0xCC,
    0x79, 0x8C, 0x77, 0x3C, 0xE7, 0x1C, 0xE3, 0x9C, 0x73, 0x8E, 0x71, 0xCE, 0x39, 0xC7, 0x38, 0xE7,
    0x1F, 0xC1, 0xF0, 0x78, 0x07, 0x33, 0xDC, 0xC7, 0xE7, 0xB9, 0xCE, 0x73, 0x9C, 0xE7, 0x39, 0xCE,
    0xF3, 0xFC, 0x7F, 0x00, 0x10, 0x07, 0xCC, 0xF9, 0x80, 0x77, 0x3C, 0xE7, 0x1C, 0xE3, 0x9C, 0x73,
    0x8E, 0x71, 0xCE, 0x39, 0xC7, 0x38, 0xE7, 0x1F, 0xC1, 0xF0, 0x74, 0xDF, 0x70, 0x9F, 0x9E, 0xE7,
    0x39, 0xCE, 0x73, 0x9C, 0xE7, 0x3B, 0xCF, 0xF1, 0xFC, 0x00, 0x60, 0x0C, 0x03, 0xB9, 0xE7, 0x38,
    0xE7, 0x1C, 0xE3, 0x9C, 0x73, 0x8E, 0x71, 0xCE, 0x39, 0xC7, 0x38, 0xFE, 0x0F, 0x80, 0x00, 0x1C,
    0x03, 0x80, 0x30, 0x00, 0x00, 0xC0, 0x70, 0x1F, 0x9E, 0xE7, 0x39, 0xCE, 0x73, 0x9C, 0xE7, 0x3B,
    0xCF, 0xF1, 0xFC, 0x00, 0x0E, 0x03, 0x80, 0x60, 0x18, 0x0E, 0x03, 0x80, 0x07, 0x3B, 0x9D, 0xDC,
    0x7E, 0x3E, 0x0F, 0x07, 0x03, 0x81, 0xC0, 0xE0, 0x70, 0x38, 0x1C, 0x0E, 0x03, 0x80, 0x07, 0x3B,
    0x9D, 0xDC, 0xEE, 0x3F, 0x1F, 0x0F, 0x83, 0xC1, 0xE0, 0x60, 0x70, 0xF8, 0x78, 0x00, 0x73, 0xB9,
    0xDD, 0xC7, 0xE3, 0xE0, 0xF0, 0x70, 0x38, 0x1C, 0x0E, 0x07, 0x03, 0x80, 0x00, 0x70, 0x38, 0x00,
    0x73, 0xB9, 0xDD, 0xCE, 0xE3, 0xF1, 0xF0, 0xF8, 0x3C, 0x1E, 0x06, 0x07, 0x0F, 0xC7, 0xF0, 0x38,
    0x00, 0x1C, 0x07, 0x07, 0x83, 0x07, 0x3B, 0x9D, 0xDC, 0x7E, 0x3E, 0x0F, 0x07, 0x03, 0x81, 0xC0,
    0xE0, 0x70, 0x38, 0x1E, 0x07, 0x07, 0x83, 0x07, 0x3B, 0x9D, 0xDC, 0xEE, 0x3F, 0x1F, 0x0F, 0x83,
    0xC1, 0xE0, 0x60, 0x70, 0xF8, 0x78, 0x00, 0x10, 0x1F, 0x0F, 0x80, 0x07, 0x3B, 0x9D, 0xDC, 0x7E,
    0x3E, 0x0F, 0x07, 0x03, 0x81, 0xC0, 0xE0, 0x70, 0x38, 0x3A, 0x1F, 0x01, 0x0E, 0x77, 0x3B, 0xB9,
    0xDC, 0x7E, 0x3E, 0x1F, 0x07, 0x83, 0xC0, 0xC0, 0xE1, 0xF0, 0xF0, 0xFF, 0xFF, 0xFF, 0xF6, 0xFF,
    0x66, 0x66, 0x66, 0x66, 0x21, 0xBF, 0xEE, 0x63, 0x18, 0xC6, 0x31, 0x8C, 0x00, 0x23, 0x3E, 0xF3,
    0x8C, 0x63, 0x18, 0xC6, 0x31, 0x80, 0xFB, 0x80, 0x77, 0xDE, 0xFF, 0xFC, 0xFF, 0xFF, 0xC0, 0x5B,
    0xFC, 0xFF, 0xE4, 0x6F, 0xE6, 0xCC, 0x24, 0xCD, 0xBF, 0xF6, 0xE0, 0x6F, 0xFD, 0xBB, 0x64, 0x40,
    0xED, 0xFF, 0xBB, 0x6C, 0xDB, 0x00, 0x38, 0x70, 0xE7, 0xFF, 0xE7, 0x0E, 0x1C, 0x38, 0x70, 0xE1,
    0xC0, 0x38, 0x70, 0xE7, 0xFF, 0xE7, 0x0E, 0x7F, 0xFE, 0x70, 0xE1, 0xC0, 0x77, 0xFF, 0xF7, 0x00,
    0x00, 0x3F, 0xDF, 0xC0, 0x1E, 0x0F, 0x83, 0xE0, 0x78, 0x00, 0x3F, 0xF0, 0x01, 0xDE, 0xFF, 0xB7,
    0xBF, 0xF9, 0xDE, 0x11, 0xDD, 0xCE, 0x78, 0xE3, 0xC7, 0x1C, 0x73, 0xBB, 0x98, 0x01, 0x80, 0xE0,
    0x30, 0x1C, 0x06, 0x03, 0x80, 0xC0, 0x30, 0x18, 0x06, 0x03, 0x80, 0xC0, 0x70, 0x18, 0x0E, 0x03,
    0x00, 0xDF, 0x01, 0xFB, 0x64, 0x00, 0x1F, 0xCF, 0xFD, 0xE1, 0xBD, 0xB7, 0xB6, 0xF6, 0xDE, 0xDB,
    0xD8, 0x7B, 0xFF, 0x7F, 0x00, 0x1F, 0x1F, 0xCE, 0xCE, 0x0F, 0xE7, 0xF3, 0xF9, 0xFC, 0x70, 0x1D,
    0x8F, 0xE3, 0xE0, 0x10, 0x0C, 0x07, 0xFD, 0xFE, 0x10, 0x00, 0x00, 0x21, 0xC7, 0xBE, 0x30, 0xC3,
    0x0C, 0x30, 0x00, 0x00, 0xC7, 0xF9, 0xFF, 0x03, 0x80, 0x80, 0x30, 0xC3, 0x0C, 0x33, 0xE7, 0x8C,
    0x20, 0x18, 0x41, 0xC3, 0x9F, 0xFE, 0xFF, 0xE1, 0x86, 0x00, 0x00, 0x21, 0xCF, 0xBE, 0x30, 0xC3,
    0x0C, 0xF9, 0xE7, 0x08, 0xF1, 0xE3, 0xC7, 0xC1, 0xC1, 0xC1, 0x00, 0x07, 0x1F, 0x0E, 0x1E, 0x3A,
    0x70, 0x60, 0x60, 0x70, 0x3A, 0x1E, 0x0E, 0x1F, 0x07, 0x04, 0x1C, 0x77, 0xCF, 0x1E, 0x3C, 0x00,
    0x3F, 0xBF, 0xF9, 0xFD, 0xFD, 0xDF, 0xCF, 0xEF, 0xE7, 0xFF, 0x7F, 0x00, 0xFF, 0xFC, 0x07, 0x81,
    0xE0, 0x60, 0x18, 0x0E, 0x03, 0x80, 0xC0, 0x30, 0xCC, 0x3F, 0x0F, 0xC3, 0xE0, 0x78, 0x1E, 0x07,
    0x80, 0x7F, 0x7F, 0xF7, 0x7F, 0xFF, 0xF3, 0xB8, 0x70, 0x7F, 0x0F, 0x7B, 0x7F, 0x44, 0x00, 0x1B,
    0xFF, 0xF3, 0x86, 0x3F, 0xFF, 0x60, 0x04, 0x39, 0xF7, 0x8F, 0x0F, 0x87, 0x02, 0xFE, 0xFC, 0x41,
    0xE1, 0xF1, 0xF1, 0xEF, 0xBC, 0x20, 0xFF, 0xF8, 0x00, 0x06, 0x40, 0x07, 0xC0, 0x03, 0xC0, 0x03,
    0xC0, 0x03, 0xF8, 0x3F, 0x7F, 0xFE, 0x0F, 0xE0, 0x03, 0xC0, 0x03, 0xC0, 0x01, 0x80, 0x01, 0x80,
    0x40, 0x00, 0x0C, 0x00, 0x00, 0xC0, 0x03, 0x0C, 0x00, 0x78, 0xF8, 0x7F, 0xE7, 0xFF, 0x9E, 0x0F,
    0xC0, 0x00, 0x2C, 0x00, 0x07, 0xC0, 0x00, 0x18, 0x00, 0x01, 0x80, 0x00, 0x18, 0xC6, 0x31, 0xBD,
    0xC0, 0x7B, 0xCC, 0x60, 0x10, 0x30, 0x30, 0xFE, 0xFE, 0x00, 0x78, 0x78, 0x30, 0x30, 0x01, 0x00,
    0x01, 0xC0, 0x01, 0xE0, 0x03, 0xE0, 0x03, 0xC0, 0x00, 0x06, 0x40, 0x07, 0xC0, 0x03, 0xC0, 0x03,
    0xC0, 0x03, 0xF8, 0x3F, 0x7F, 0xFE, 0x0F, 0xE0, 0x01, 0x00, 0x00, 0x1C, 0x00, 0x01, 0xE0, 0x00,
    0x3E, 0x00, 0x03, 0xC0, 0x00, 0x00, 0x00, 0x40, 0x00, 0x0C, 0x00, 0x00, 0xC0, 0x03, 0x0C, 0x00,
    0x78, 0xF8, 0x7F, 0xE7, 0xFF, 0x9E, 0x0F, 0xC0, 0x00, 0x43, 0x9F, 0xFF, 0x00, 0x0C, 0x71, 0x8C,
    0x6F, 0x70, 0x00, 0x20, 0x38, 0x3C, 0x7C, 0x78, 0x00, 0x00, 0x10, 0x30, 0x30, 0xFE, 0xFE, 0x00,
    0xFC, 0x1F, 0xF8, 0x1F, 0x0F, 0x83, 0x80, 0xE0, 0x3B, 0xC6, 0x78, 0xC6, 0x18, 0xC3, 0x80, 0x38,
    0x23, 0xFE, 0x3F, 0x00, 0xFC, 0x07, 0xFE, 0x01, 0xF0, 0x3F, 0x03, 0x8C, 0x38, 0x7F, 0xBD, 0xF9,
    0xE0, 0xC6, 0x06, 0x30, 0x38, 0x00, 0xE0, 0x83, 0xFE, 0x0F, 0xC0, 0x7C, 0x1F, 0xC0, 0x78, 0x3E,
    0xFE, 0x3E, 0x00, 0x00, 0x58, 0x3E, 0x03, 0x00, 0xC0, 0x7C, 0x07, 0xF0, 0x07, 0x80, 0xF8, 0xFF,
    0xEF, 0x8F, 0x00, 0x03, 0x40, 0x3E, 0x01, 0x80, 0x18, 0x00, 0x30, 0x38, 0x3C, 0x7C, 0x7C, 0x00,
    0x08, 0x0C, 0x0E, 0x06, 0x06, 0x07, 0x7E, 0xFE, 0x00, 0x30, 0x0F, 0x03, 0xC1, 0xF0, 0x7C, 0x00,
    0x00, 0x80, 0x30, 0x0E, 0x01, 0x80, 0x60, 0x1C, 0x7F, 0xFF, 0xF0, 0x00, 0x18, 0x30, 0xF1, 0xE0,
    0x01, 0x03, 0x06, 0x0C, 0x18, 0x30, 0xE3, 0x9E, 0x18, 0x00, 0x18, 0x0C, 0x1F, 0x05, 0x80, 0x00,
    0x40, 0x30, 0x18, 0x0E, 0x07, 0x83, 0xE3, 0x83, 0x87, 0x81, 0x80, 0x30, 0x78, 0xF9, 0xF3, 0xC0,
    0x00, 0x04, 0x0C, 0x18, 0x30, 0x60, 0xC3, 0x8E, 0x78, 0x60, 0x30, 0x1E, 0x0F, 0x07, 0x87, 0xC0,
    0x00, 0x00, 0x10, 0x0C, 0x06, 0x03, 0x81, 0xE0, 0xF8, 0xE0, 0xE1, 0xE0, 0x60, 0x00, 0x00, 0x06,
    0x00, 0x3C, 0x01, 0xE0, 0x07, 0x00, 0x0C, 0x00, 0x1E, 0x10, 0x0E, 0x60, 0x0C, 0xC0, 0x0D, 0x80,
    0x1B, 0xE0, 0xF3, 0xFF, 0xC0, 0xFC, 0x00, 0x00, 0x06, 0x00, 0x07, 0x80, 0x07, 0xC0, 0x03, 0xC0,
    0x00, 0xC0, 0x00, 0x38, 0x04, 0x03, 0x03, 0x00, 0x60, 0xC0, 0x1C, 0x30, 0x03, 0x8F, 0x87, 0xF9,
    0xFF, 0xEE, 0x0F, 0xC0, 0x00, 0x06, 0x1E, 0x7C, 0xF0, 0xE0, 0x70, 0x38, 0x1C, 0x0C, 0x0C, 0xFC,
    0xF8, 0x00, 0x06, 0x07, 0x87, 0xC3, 0xC0, 0xE0, 0x1C, 0x03, 0x80, 0x60, 0x0C, 0x03, 0x8F, 0xFB,
    0xEF, 0x00, 0x00, 0x00, 0x0C, 0x00, 0x78, 0x01, 0xD8, 0x07, 0xF0, 0x0F, 0x80, 0x1C, 0x00, 0x30,
    0x00, 0x78, 0x40, 0x39, 0x80, 0x33, 0x00, 0x36, 0x00, 0x6F, 0x83, 0xCF, 0xFF, 0x03, 0xF0, 0x00,
    0x00, 0x0C, 0x00, 0x0F, 0x00, 0x07, 0x60, 0x03, 0xF8, 0x00, 0xFC, 0x00, 0x3C, 0x00, 0x0C, 0x00,
    0x03, 0x80, 0x40, 0x30, 0x30, 0x06, 0x0C, 0x01, 0xC3, 0x00, 0x38, 0xF8, 0x7F, 0x9F, 0xFE, 0xE0,
    0xFC, 0x00, 0x0C, 0x1C, 0x7E, 0xFE, 0xFC, 0xF0, 0xE0, 0x70, 0x38, 0x1C, 0x0C, 0x0C, 0xFC, 0xF8,
    0x00, 0x0C, 0x07, 0x07, 0xE3, 0xF8, 0xFC, 0x3C, 0x0E, 0x01, 0xC0, 0x38, 0x06, 0x00, 0xC0, 0x38,
    0xFF, 0xBE, 0xF0, 0x00, 0x00, 0x00, 0x18, 0x03, 0xB0, 0x3C, 0x07, 0x80, 0xF0, 0x1F, 0x06, 0x7F,
    0xC7, 0xE0, 0x00, 0xC0, 0x07, 0x18, 0x19, 0x80, 0xFC, 0x07, 0xE0, 0x33, 0x83, 0x0F, 0xF8, 0x3F,
    0x80, 0x30, 0x71, 0xF3, 0x6C, 0x78, 0xFF, 0x3E, 0x38, 0x3E, 0x3B, 0x19, 0xCC, 0x7E, 0x1C, 0x00,
    0x67, 0x33, 0x3F, 0xE2, 0x66, 0x00, 0x20, 0x71, 0xB9, 0xC5, 0xC3, 0xC1, 0xE0, 0x60, 0x10, 0x00,
    0x01, 0x80, 0x3C, 0x0F, 0xC1, 0xBC, 0x37, 0x87, 0xDF, 0xFF, 0xFF, 0xC4, 0x00, 0x07, 0x00, 0xF8,
    0x0D, 0x81, 0x98, 0x1B, 0x8F, 0xFE, 0xFF, 0xE1, 0x8C, 0x1C, 0xC0, 0xF8, 0x07, 0x80, 0x00, 0x1C,
    0x0F, 0x0F, 0xC6, 0x73, 0x7D, 0xF7, 0xFF, 0xFF, 0x81, 0x00, 0x1E, 0x0F, 0x83, 0x61, 0xD8, 0x6E,
    0x3F, 0xEF, 0xFD, 0x8C, 0x73, 0x0F, 0xC1, 0xE0, 0x0C, 0x00, 0x1E, 0x00, 0x3E, 0x00, 0x73, 0x00,
    0x60, 0x00, 0xC0, 0x00, 0xF8, 0x1E, 0x7F, 0xFE, 0x0F, 0xF0, 0x03, 0xCF, 0xFF, 0xF3, 0x00, 0xE0,
    0x1F, 0xF1, 0xFC, 0x30, 0x00, 0x70, 0x00, 0x68, 0x00, 0x78, 0x00, 0x2C, 0x00, 0x1E, 0x00, 0x3E,
    0x00, 0x73, 0x00, 0x60, 0x00, 0xC0, 0x00, 0xF8, 0x1E, 0x7F, 0xFE, 0x0F, 0xF0, 0x30, 0x1C, 0x06,
    0x81, 0xE0, 0x23, 0xCF, 0xFF, 0xF3, 0x00, 0xE0, 0x1F, 0xF1, 0xFC, 0x00, 0xF8, 0x0F, 0x80, 0xE0,
    0x06, 0x06, 0x38, 0x60, 0xF3, 0x01, 0xD8, 0x06, 0xE0, 0x73, 0xFF, 0x0F, 0xE0, 0x60, 0x83, 0x03,
    0xEC, 0x07, 0xB0, 0x0C, 0xE0, 0x71, 0xFF, 0x83, 0xF8, 0x00, 0x18, 0xC6, 0x31, 0xBD, 0xC0, 0x7B,
    0xC0, 0x10, 0x30, 0x30, 0xFE, 0xFE, 0x00, 0x78, 0x78, 0x00, 0x38, 0xF1, 0x83, 0x07, 0xDF, 0xBC,
    0x00, 0xFB, 0xF0, 0x0C, 0x30, 0xC3, 0x0C, 0x30, 0xC3, 0x0C, 0x30, 0xC0, 0xF9, 0xF8, 0x01, 0x83,
    0x06, 0x0C, 0x18, 0x30, 0x60, 0xC1, 0x83, 0x07, 0x87, 0x80, 0x6E, 0xEF, 0x86, 0x66, 0x66, 0x66,
    0x66, 0x66, 0x63, 0x8E, 0x3C, 0x81, 0x86, 0x18, 0x61, 0x86, 0x18, 0x61, 0x86, 0x1E, 0x3C, 0x00,
    0x18, 0x70, 0xE1, 0xE2, 0x07, 0x1F, 0x37, 0x66, 0xFD, 0xF8, 0xF1, 0xDF, 0x1C, 0x00, 0x18, 0x1C,
    0x0E, 0x07, 0x82, 0x01, 0xC1, 0xF0, 0xDC, 0x66, 0x3F, 0xDF, 0xE1, 0xC1, 0xC7, 0xC1, 0xC0, 0x63,
    0x18, 0xC6, 0x31, 0x8C, 0x63, 0x18, 0xC0, 0x39, 0x8E, 0x72, 0x00, 0x61, 0x86, 0x18, 0x61, 0x86,
    0x18, 0x61, 0x87, 0x8F, 0x01, 0xC7, 0x1C, 0x71, 0x00, 0x38, 0x01, 0x87, 0xCE, 0x7C, 0x77, 0x02,
    0x30, 0x31, 0xC3, 0x07, 0x98, 0x0E, 0xC0, 0x37, 0x03, 0x9F, 0xF8, 0x7F, 0x00, 0x38, 0x00, 0xC0,
    0x03, 0x80, 0x0E, 0x00, 0x20, 0x01, 0x82, 0x0C, 0x0F, 0xB0, 0x1E, 0xC0, 0x33, 0x81, 0xC7, 0xFE,
    0x0F, 0xE0, 0x6E, 0xDF, 0xC6, 0x73, 0x33, 0xFE, 0x00, 0x70, 0xC1, 0xC3, 0x84, 0x06, 0x0C, 0x18,
    0xFD, 0xFC, 0x00, 0xFF, 0xFF, 0xFF, 0xC6, 0x31, 0x8C, 0x63, 0x18, 0xC6, 0x3C, 0xF0, 0x00, 0x00,
    0x06, 0x40, 0x07, 0xC0, 0x03, 0xC0, 0x03, 0xC0, 0x03, 0xF8, 0x3F, 0x7F, 0xFE, 0x0F, 0xE0, 0x01,
    0x80, 0x01, 0x80, 0x00, 0x00, 0x40, 0x00, 0x0C, 0x00, 0x00, 0xC0, 0x03, 0x0C, 0x00, 0x78, 0xF8,
    0x7F, 0xE7, 0xFF, 0x9E, 0x0F, 0xC0, 0x00, 0x18, 0x00, 0x01, 0x80, 0x00, 0x00, 0x00, 0x67, 0x33,
    0x3F, 0xE0, 0x66, 0x00, 0x30, 0x60, 0xC7, 0xEF, 0xE0, 0x0C, 0x18, 0x00, 0x00, 0xF9, 0xA0, 0x03,
    0x07, 0x1F, 0x36, 0xC7, 0x8F, 0xF3, 0xE0, 0x00, 0x1E, 0x0F, 0x00, 0x00, 0xC0, 0x60, 0xF8, 0xFC,
    0xCE, 0x63, 0x3F, 0x87, 0xF0, 0x78, 0x00, 0x00, 0x00, 0x03, 0xC0, 0x03, 0xC6, 0x40, 0x07, 0xC0,
    0x03, 0xC0, 0x03, 0xC0, 0x03, 0xF8, 0x3F, 0x7F, 0xFE, 0x0F, 0xE0, 0x00, 0x00, 0x00, 0x3C, 0x00,
    0x03, 0xC0, 0x04, 0x00, 0x00, 0xC0, 0x00, 0x0C, 0x00, 0x30, 0xC0, 0x07, 0x8F, 0x87, 0xFE, 0x7F,
    0xF9, 0xE0, 0xFC, 0x00, 0x07, 0xBC, 0x06, 0x38, 0xC6, 0x37, 0xB8, 0x00, 0x00, 0x7C, 0x68, 0x00,
    0x10, 0x30, 0x30, 0xFE, 0xFE, 0x00, 0x01, 0x80, 0x01, 0x80, 0x03, 0xC0, 0x03, 0xC6, 0x40, 0x07,
    0xC0, 0x03, 0xC0, 0x03, 0xC0, 0x03, 0xF8, 0x3F, 0x7F, 0xFE, 0x0F, 0xE0, 0x01, 0x80, 0x00, 0x18,
    0x00, 0x03, 0xC0, 0x00, 0x3C, 0x00, 0x40, 0x00, 0x0C, 0x00, 0x00, 0xC0, 0x03, 0x0C, 0x00, 0x78,
    0xF8, 0x7F, 0xE7, 0xFF, 0x9E, 0x0F, 0xC0, 0x00, 0x63, 0x3D, 0xE0, 0x31, 0xC6, 0x31, 0xBD, 0xC0,
    0x00, 0x30, 0x30, 0x7C, 0x68, 0x00, 0x10, 0x30, 0x30, 0xFE, 0xFE, 0x00, 0xFC, 0x3F, 0xF0, 0x7C,
    0x78, 0x38, 0x1C, 0x0E, 0x03, 0x18, 0xC6, 0x30, 0x0C, 0x03, 0xC3, 0x7F, 0xC7, 0xE0, 0xFC, 0x0F,
    0xFC, 0x07, 0xC1, 0xF0, 0x3B, 0x87, 0x1E, 0xE1, 0xFC, 0x60, 0xC6, 0x0C, 0x00, 0xC0, 0x0F, 0x0C,
    0x7F, 0xC1, 0xF8, 0x7C, 0x1F, 0xC0, 0x78, 0x3E, 0xFE, 0x3E, 0x00, 0x00, 0x20, 0x0C, 0x00, 0x00,
    0x7C, 0x07, 0xF0, 0x07, 0x80, 0xF8, 0xFF, 0xEF, 0x8F, 0x00, 0x00, 0x80, 0x18, 0x00, 0x00, 0xFC,
    0x3F, 0xF0, 0x7C, 0x78, 0x38, 0x1C, 0x0E, 0x03, 0x00, 0xC0, 0x30, 0x0C, 0x03, 0xC3, 0x7F, 0xC7,
    0xE0, 0xFC, 0x0F, 0xFC, 0x07, 0xC1, 0xF0, 0x3B, 0x87, 0x1E, 0xE1, 0xFC, 0x00, 0xC0, 0x0C, 0x00,
    0xC0, 0x0F, 0x0C, 0x7F, 0xC1, 0xF8, 0x7C, 0x1F, 0xC0, 0x78, 0x3E, 0xFE, 0x3E, 0x00, 0x00, 0x7C,
    0x07, 0xF0, 0x07, 0x80, 0xF8, 0xFF, 0xEF, 0x8F, 0x00, 0x00, 0x00, 0x03, 0x00, 0xC0, 0x00, 0xFC,
    0x3F, 0xF0, 0x7C, 0x78, 0x38, 0x1C, 0x0E, 0x03, 0x00, 0xC0, 0x30, 0x0C, 0x03, 0xC3, 0x7F, 0xC7,
    0xE0, 0x00, 0x00, 0xC0, 0x0C, 0x00, 0x00, 0xFC, 0x0F, 0xFC, 0x07, 0xC1, 0xF0, 0x3B, 0x87, 0x1E,
    0xE1, 0xFC, 0x00, 0xC0, 0x0C, 0x00, 0xC0, 0x0F, 0x0C, 0x7F, 0xC1, 0xF8, 0x00, 0x0C, 0x03, 0x00,
    0x00, 0x7C, 0x1F, 0xC0, 0x78, 0x3E, 0xFE, 0x3E, 0x00, 0x00, 0x00, 0x07, 0x00, 0x20, 0x00, 0x00,
    0x7C, 0x07, 0xF0, 0x07, 0x80, 0xF8, 0xFF, 0xEF, 0x8F, 0x00, 0x00, 0x08, 0x0C, 0x0E, 0x06, 0x06,
    0x07, 0x7E, 0xFE, 0x00, 0x08, 0x03, 0x00, 0xE0, 0x18, 0x06, 0x01, 0xC7, 0xFF, 0xFF, 0x00, 0x00,
    0x00, 0x38, 0x10, 0x00, 0x08, 0x0C, 0x0E, 0x06, 0x06, 0x07, 0x7E, 0xFE, 0x00, 0x00, 0x06, 0x01,
    0x80, 0x00, 0x08, 0x03, 0x00, 0xE0, 0x18, 0x06, 0x01, 0xC7, 0xFF, 0xFF, 0x00, 0x00, 0x08, 0x18,
    0x30, 0x60, 0xC1, 0x87, 0x1C, 0xF0, 0xC0, 0x08, 0x06, 0x03, 0x01, 0xC0, 0xF0, 0x7C, 0x70, 0x70,
    0xF0, 0x30, 0x00, 0x00, 0x30, 0x60, 0x00, 0x81, 0x83, 0x06, 0x0C, 0x18, 0x71, 0xCF, 0x0C, 0x00,
    0x00, 0x0C, 0x06, 0x00, 0x00, 0x80, 0x60, 0x30, 0x1C, 0x0F, 0x07, 0xC7, 0x07, 0x0F, 0x03, 0x00,
    0x00, 0x00, 0x60, 0x00, 0x06, 0x00, 0xC2, 0x60, 0x0E, 0x63, 0x60, 0x66, 0x3C, 0x07, 0xFE, 0xC0,
    0x7F, 0xEC, 0x06, 0x00, 0xE0, 0xC0, 0x07, 0xFC, 0x00, 0x3F, 0x80, 0x00, 0x00, 0x00, 0x60, 0x03,
    0x09, 0x80, 0x0E, 0x63, 0x18, 0x19, 0x8C, 0xC0, 0x7F, 0xFF, 0x01, 0xFF, 0xFC, 0x06, 0x00, 0x38,
    0x30, 0x00, 0x7F, 0xC0, 0x00, 0xFE, 0x00, 0x00, 0x00, 0x30, 0x01, 0x8C, 0x4C, 0x66, 0x73, 0x31,
    0xFF, 0xFB, 0xFF, 0xC0, 0x00, 0x00, 0x30, 0x62, 0x20, 0xCC, 0x61, 0x98, 0xCF, 0xFF, 0xFF, 0xFF,
    0xC0, 0x00, 0x00, 0x00, 0x06, 0x00, 0x00, 0x60, 0x00, 0x1F, 0x00, 0x00, 0xB0, 0x00, 0x00, 0x60,
    0x00, 0x06, 0x00, 0xC2, 0x60, 0x0E, 0x63, 0x60, 0x66, 0x3C, 0x07, 0xFE, 0xC0, 0x7F, 0xEC, 0x06,
    0x00, 0xE0, 0xC0, 0x07, 0xFC, 0x00, 0x3F, 0x80, 0x00, 0x00, 0x06, 0x00, 0x00, 0x18, 0x00, 0x01,
    0xF0, 0x00, 0x02, 0xC0, 0x00, 0x00, 0x00, 0x00, 0x01, 0x80, 0x0C, 0x26, 0x00, 0x39, 0x8C, 0x60,
    0x66, 0x33, 0x01, 0xFF, 0xFC, 0x07, 0xFF, 0xF0, 0x18, 0x00, 0xE0, 0xC0, 0x01, 0xFF, 0x00, 0x03,
    0xF8, 0x00, 0x00, 0x03, 0x00, 0x18, 0x01, 0xE0, 0x0F, 0x00, 0x03, 0x00, 0x18, 0xC4, 0xC6, 0x67,
    0x33, 0x1F, 0xFF, 0xBF, 0xFC, 0x00, 0x00, 0x03, 0x00, 0x06, 0x00, 0x1E, 0x00, 0x3C, 0x00, 0x00,
    0x00, 0x06, 0x0C, 0x44, 0x19, 0x8C, 0x33, 0x19, 0xFF, 0xFF, 0xFF, 0xF8, 0x00, 0x00, 0x00, 0x00,
    0x60, 0x00, 0x07, 0xE0, 0x0C, 0x3F, 0x80, 0x39, 0xC6, 0x60, 0x6C, 0x1B, 0x01, 0xFF, 0xEC, 0x07,
    0xFF, 0x30, 0x19, 0xE0, 0xE0, 0xC0, 0x01, 0xFF, 0x00, 0x03, 0xF8, 0x00, 0x00, 0x00, 0x00, 0x60,
    0x00, 0x01, 0xF8, 0x00, 0xC3, 0xF8, 0x00, 0xE7, 0x18, 0x60, 0x6C, 0x18, 0xC0, 0x7F, 0xFE, 0xC0,
    0x7F, 0xFF, 0xC0, 0x67, 0x80, 0xE0, 0xC0, 0x00, 0x7F, 0xC0, 0x00, 0x3F, 0x80, 0x00, 0x00, 0x10,
    0x01, 0xF8, 0xC7, 0xF1, 0x9C, 0x33, 0x70, 0xFF, 0xC7, 0xBF, 0xFE, 0x03, 0xE0, 0x00, 0x10, 0x00,
    0x7E, 0x0C, 0x7F, 0x06, 0x70, 0xC3, 0x70, 0xE7, 0xF1, 0xFB, 0xFF, 0xFE, 0x0F, 0x80, 0x00, 0x00,
    0x00, 0x00, 0x03, 0x80, 0x00, 0x04, 0x00, 0x00, 0x00, 0x00, 0x00, 0x60, 0x00, 0x07, 0xE0, 0x0C,
    0x3F, 0x80, 0x39, 0xC6, 0x60, 0x6C, 0x1B, 0x01, 0xFF, 0xEC, 0x07, 0xFF, 0x30, 0x19, 0xE0, 0xE0,
    0xC0, 0x01, 0xFF, 0x00, 0x03, 0xF8, 0x00, 0x00, 0x00, 0x00, 0x00, 0x00, 0x00, 0xE0, 0x00, 0x00,
    0x40, 0x00, 0x00, 0x00, 0x00, 0x00, 0x60, 0x00, 0x01, 0xF8, 0x00, 0xC3, 0xF8, 0x00, 0xE7, 0x18,
    0x60, 0x6C, 0x18, 0xC0, 0x7F, 0xFE, 0xC0, 0x7F, 0xFF, 0xC0, 0x67, 0x80, 0xE0, 0xC0, 0x00, 0x7F,
    0xC0, 0x00, 0x3F, 0x80, 0x00, 0x00, 0x00, 0x00, 0x60, 0x00, 0xC0, 0x00, 0x80, 0x0F, 0xC6, 0x3F,
    0x8C, 0xE1, 0x9B, 0x87, 0xFE, 0x3D, 0xFF, 0xF0, 0x1F, 0x00, 0x00, 0x00, 0x00, 0x18, 0x00, 0x0C,
    0x00, 0x02, 0x00, 0x0F, 0xC1, 0x8F, 0xE0, 0xCE, 0x18, 0x6E, 0x1C, 0xFE, 0x3F, 0x7F, 0xFF, 0xC1,
    0xF0, 0x00, 0x18, 0x00, 0xC0, 0x06, 0x00, 0x30, 0x01, 0x80, 0x0C, 0x20, 0x6F, 0xC3, 0xFF, 0x1E,
    0x18, 0xE1, 0xFF, 0xFD, 0xFF, 0xC1, 0xF0, 0x00, 0x18, 0x00, 0x30, 0x00, 0x60, 0x00, 0xC0, 0x01,
    0x80, 0x03, 0x08, 0x06, 0xFC, 0x0F, 0xFC, 0x1E, 0x18, 0x38, 0x73, 0xFF, 0xF7, 0xFF, 0xF1, 0xF0,
    0x00, 0x60, 0x0C, 0x01, 0x80, 0x30, 0x06, 0x00, 0xC2, 0x19, 0xF3, 0xFF, 0x78, 0x6E, 0x1F, 0xFF,
    0x7F, 0xC0, 0x00, 0x60, 0x03, 0x00, 0x18, 0x00, 0xC0, 0x06, 0x00, 0x30, 0x81, 0x9F, 0x0F, 0xFC,
    0x78, 0x63, 0x87, 0x3F, 0xFD, 0xFF, 0xF0, 0x00, 0x00, 0x18, 0x00, 0xC0, 0x06, 0x38, 0x30, 0x81,
    0x80, 0x0C, 0x20, 0x6F, 0xC3, 0xFF, 0x1E, 0x18, 0xE1, 0xFF, 0xFD, 0xFF, 0xC1, 0xF0, 0x00, 0x18,
    0x00, 0x30, 0x00, 0x63, 0x00, 0xC4, 0x01, 0x80, 0x03, 0x08, 0x06, 0xFC, 0x0F, 0xFC, 0x1E, 0x18,
    0x38, 0x73, 0xFF, 0xF7, 0xFF, 0xF1, 0xF0, 0x00, 0x60, 0x0C, 0x01, 0x80, 0x31, 0x86, 0x30, 0xC2,
    0x19, 0xF3, 0xFF, 0x78, 0x6E, 0x1F, 0xFF, 0x7F, 0xC0, 0x00, 0x60, 0x03, 0x00, 0x18, 0x00, 0xC6,
    0x06, 0x30, 0x30, 0x81, 0x9F, 0x0F, 0xFC, 0x78, 0x63, 0x87, 0x3F, 0xFD, 0xFF, 0xF0, 0x00, 0x00,
    0x18, 0x1F, 0x0E, 0x03, 0x00, 0xE2, 0x1F, 0x83, 0xE1, 0xC0, 0xE0, 0x30, 0x0C, 0x03, 0x00, 0xC0,
    0x3C, 0x27, 0xFC, 0x7E, 0x3E, 0x1F, 0xC6, 0x31, 0xD8, 0x3E, 0x0F, 0xE7, 0x7F, 0x80, 0xC0, 0x30,
    0x0C, 0x03, 0x86, 0x7F, 0x8F, 0xC0, 0x0C, 0x3E, 0x70, 0x60, 0x60, 0x73, 0xFF, 0xFC, 0x00, 0x3E,
    0x1F, 0xC6, 0x31, 0xD8, 0x3E, 0x3F, 0xEF, 0xFC, 0x00, 0x00, 0x06, 0x01, 0x80, 0x00, 0x18, 0x1F,
    0x0E, 0x03, 0x00, 0xE2, 0x1F, 0x83, 0xE1, 0xC0, 0xE0, 0x30, 0x0C, 0x03, 0x00, 0xC0, 0x3C, 0x27,
    0xFC, 0x7E, 0x00, 0x03, 0x00, 0xC0, 0x00, 0x3E, 0x1F, 0xC6, 0x31, 0xD8, 0x3E, 0x0F, 0xE7, 0x7F,
    0x80, 0xC0, 0x30, 0x0C, 0x03, 0x86, 0x7F, 0x8F, 0xC0, 0x00, 0x1C, 0x08, 0x00, 0x0C, 0x3E, 0x70,
    0x60, 0x60, 0x73, 0xFF, 0xFC, 0x00, 0x00, 0x07, 0x00, 0x80, 0x00, 0x3E, 0x1F, 0xC6, 0x31, 0xD8,
    0x3E, 0x3F, 0xEF, 0xFC, 0x00, 0x00, 0x00, 0x00, 0x0C, 0x00, 0x0C, 0x00, 0x00, 0x00, 0x0C, 0x00,
    0x1E, 0x00, 0x3F, 0x40, 0x33, 0xC0, 0x33, 0xC0, 0x3F, 0xC0, 0x1F, 0xF8, 0x0F, 0x7F, 0xFE, 0x0F,
    0xF8, 0x00, 0x00, 0x00, 0x00, 0x60, 0x00, 0x06, 0x00, 0x00, 0x00, 0x00, 0x0F, 0x04, 0x00, 0xF8,
    0xC0, 0x19, 0x8C, 0x01, 0x98, 0xC0, 0x1D, 0x8F, 0x83, 0xFE, 0x7F, 0xFF, 0xE0, 0xFE, 0x00, 0x00,
    0x30, 0x60, 0x01, 0x87, 0x9F, 0xB3, 0x66, 0xFC, 0xFF, 0xEF, 0x80, 0x00, 0x00, 0x06, 0x01, 0x80,
    0x00, 0x3C, 0x1F, 0x86, 0x61, 0x98, 0x76, 0x3F, 0xEF, 0xF8, 0x00, 0x00, 0x00, 0x0F, 0x00, 0x78,
    0x00, 0x00, 0x0E, 0x00, 0xF8, 0x0E, 0xCC, 0x66, 0xE3, 0xFE, 0x0F, 0xB0, 0x0D, 0xC0, 0xE7, 0xFE,
    0x1F, 0xE0, 0x10, 0x00, 0x00, 0x00, 0x03, 0xE0, 0x02, 0xC0, 0x00, 0x00, 0x0E, 0x00, 0x3E, 0x00,
    0x6C, 0x31, 0x98, 0x63, 0xFD, 0x83, 0xFF, 0x00, 0xC7, 0x01, 0x87, 0x0E, 0x0F, 0xF8, 0x07, 0xC0,
    0x00, 0x00, 0xF8, 0xB0, 0x01, 0x87, 0x9F, 0xB3, 0x66, 0xFC, 0xFF, 0xEF, 0x80, 0x00, 0x00, 0x0F,
    0x03, 0xC0, 0x00, 0x3C, 0x1F, 0x86, 0x61, 0x98, 0x76, 0x3F, 0xEF, 0xF8, 0x00, 0x00, 0x0C, 0x00,
    0x30, 0x00, 0xC0, 0x63, 0x03, 0x8C, 0x0C, 0x34, 0x18, 0xF0, 0xE3, 0xC3, 0x0F, 0x00, 0x3F, 0x87,
    0xDF, 0xFE, 0x0F, 0xC0, 0x00, 0x0C, 0x00, 0x06, 0x00, 0x03, 0x00, 0x31, 0x80, 0x38, 0xC0, 0x18,
    0x61, 0x06, 0x31, 0x87, 0x18, 0xC3, 0x0C, 0x60, 0x06, 0x3E, 0x1F, 0xCF, 0xFF, 0xE0, 0xFC, 0x00,
    0x06, 0x1E, 0x7C, 0xF0, 0xE0, 0x70, 0x38, 0x1C, 0x0C, 0x0C, 0xFC, 0xF8, 0x00, 0x06, 0x07, 0x87,
    0xC3, 0xC0, 0xE0, 0x1C, 0x03, 0x80, 0x60, 0x0C, 0x03, 0x8F, 0xFB, 0xEF, 0x00, 0x00, 0x00, 0xE0,
    0x0C, 0x01, 0x80, 0x30, 0x06, 0x00, 0xC0, 0x18, 0x03, 0x00, 0x6C, 0x0F, 0x01, 0xE0, 0x3C, 0x0D,
    0xC1, 0x9F, 0xE1, 0xF8, 0x00, 0xE0, 0x03, 0x00, 0x18, 0x00, 0xC0, 0x06, 0x00, 0x30, 0x01, 0x80,
    0x0C, 0x00, 0x63, 0x03, 0x30, 0x1F, 0x80, 0xFC, 0x0E, 0x70, 0x61, 0xFF, 0x07, 0xE0, 0x66, 0x66,
    0x77, 0x73, 0x33, 0xFE, 0x00, 0x61, 0x87, 0x1C, 0x71, 0xC3, 0x0C, 0x30, 0xCF, 0xFF, 0x00, 0x1C,
    0x3E, 0x76, 0x63, 0x1F, 0x7F, 0xE6, 0xC0, 0xC0, 0xC0, 0xC0, 0xC0, 0x60, 0x60, 0x00, 0x03, 0xC0,
    0xFC, 0x39, 0x8F, 0x31, 0xFF, 0xB7, 0xF6, 0x30, 0xC0, 0x18, 0x03, 0x00, 0x70, 0x06, 0x00, 0xC0,
    0x00, 0x1E, 0x3F, 0x33, 0x73, 0xFF, 0xFE, 0x00, 0x00, 0x03, 0xC0, 0xFC, 0x19, 0x87, 0x39, 0xF7,
    0xB7, 0xF8, 0x30, 0x00, 0x01, 0xC0, 0x10, 0x00, 0x00, 0x0C, 0x01, 0xD8, 0x1E, 0x03, 0xC0, 0x78,
    0x0F, 0x83, 0x3F, 0xE3, 0xF0, 0x00, 0x00, 0x70, 0x01, 0x00, 0x00, 0x00, 0x0C, 0x00, 0x71, 0x81,
    0x98, 0x0F, 0xC0, 0x7E, 0x03, 0x38, 0x30, 0xFF, 0x83, 0xF8, 0x00, 0x06, 0x60, 0x67, 0x33, 0x3F,
    0xE0, 0x00, 0xE0, 0x80, 0x03, 0x06, 0x0C, 0x7E, 0xFE, 0x00, 0x30, 0x71, 0xF3, 0x6C, 0x78, 0xFF,
    0x3E, 0x0C, 0x06, 0x0F, 0x8F, 0xCC, 0xE6, 0x33, 0xF8, 0x7F, 0x07, 0x80, 0x00, 0x00, 0x1C, 0x0F,
    0x0F, 0xC6, 0x73, 0x7D, 0xF7, 0xFF, 0xFF, 0x81, 0x00, 0x1E, 0x0F, 0x83, 0x61, 0xD8, 0x6E, 0x3F,
    0xEF, 0xFD, 0x8C, 0x73, 0x0F, 0xC1, 0xE0, 0x38, 0xF9, 0xBB, 0x37, 0xEF, 0xC7, 0x8E, 0xF8, 0xE0,
    0x38, 0x3E, 0x1B, 0x8C, 0xC7, 0xFB, 0xFC, 0x38, 0x38, 0xF8, 0x38, 0x00, 0x00, 0xF8, 0x0F, 0x80,
    0xE0, 0x06, 0x06, 0x38, 0x60, 0xF3, 0x01, 0xD8, 0x06, 0xE0, 0x73, 0xFF, 0x0F, 0xE0, 0x60, 0x83,
    0x03, 0xEC, 0x07, 0xB0, 0x0C, 0xE0, 0x71, 0xFF, 0x83, 0xF8, 0x00, 0x00, 0xF8, 0x0F, 0x80, 0xE0,
    0x06, 0x06, 0x38, 0x60, 0xF3, 0x01, 0xD8, 0x06, 0xE0, 0x73, 0xFF, 0x0F, 0xE0, 0x00, 0x00, 0xF0,
    0x07, 0x80, 0x00, 0x00, 0x60, 0x83, 0x03, 0xEC, 0x07, 0xB0, 0x0C, 0xE0, 0x71, 0xFF, 0x83, 0xF8,
    0x00, 0x00, 0x0A, 0x00, 0x7C, 0x00, 0x00, 0x00, 0x18, 0xC6, 0x31, 0xBD, 0xC0, 0x7B, 0xC0, 0x10,
    0x30, 0x30, 0xFE, 0xFE, 0x00, 0x78, 0x78, 0x00, 0x7C, 0x0F, 0x98, 0x03, 0x08, 0x61, 0xCC, 0x1D,
    0x81, 0xF0, 0x1E, 0x01, 0xC0, 0x7C, 0x1D, 0x87, 0xF0, 0xFC, 0xFC, 0x0F, 0xD8, 0x01, 0x82, 0x18,
    0x31, 0x83, 0x98, 0x1D, 0x80, 0xF8, 0x07, 0x80, 0x38, 0x03, 0x83, 0xFF, 0x3E, 0xF0, 0x00, 0x70,
    0x18, 0x07, 0x01, 0xC6, 0x41, 0x88, 0x63, 0x98, 0x76, 0x0F, 0x81, 0xE0, 0x38, 0x1F, 0x0E, 0xC7,
    0xF1, 0xF8, 0x60, 0x1C, 0x03, 0x80, 0x79, 0x88, 0x30, 0x86, 0x18, 0xC3, 0x98, 0x3B, 0x03, 0xE0,
    0x3C, 0x03, 0x80, 0x70, 0xFF, 0xDF, 0x78, 0x00, 0x03, 0x01, 0x90, 0xCE, 0x63, 0xB0, 0xF8, 0x3C,
    0x0E, 0x0F, 0x8E, 0xCF, 0xE7, 0xE0, 0x01, 0x81, 0xC0, 0xF0, 0x78, 0x20, 0x00, 0x03, 0x00, 0x61,
    0x0C, 0x31, 0x87, 0x30, 0x76, 0x07, 0xC0, 0x78, 0x07, 0x00, 0xE1, 0xFF, 0xBE, 0xF0, 0x00, 0x30,
    0x0E, 0x01, 0xA0, 0x3C, 0x06, 0x00, 0x03, 0x01, 0x90, 0xCE, 0x63, 0xB0, 0xF8, 0x3C, 0x0E, 0x0F,
    0x8E, 0xCF, 0xE7, 0xE0, 0x03, 0x00, 0x61, 0x0C, 0x31, 0x87, 0x30, 0x76, 0x07, 0xC0, 0x78, 0x07,
    0x00, 0xE1, 0xFF, 0xBE, 0xF0, 0x00,
};

static const EpdGlyph leaguemono_8_semiboldGlyphs[] = {
    { 0, 0, 0, 0, 0, 0, 0 }, // U+0000
    { 0, 0, 69, 0, 0, 0, 0 }, // U+000D
    { 0, 0, 152, 0, 0, 0, 0 }, // U+0020
    { 3, 12, 152, 3, 12, 5, 0 }, // !
    { 7, 5, 152, 1, 13, 5, 5 }, // "
    { 10, 12, 152, 0, 12, 15, 10 }, // #
    { 8, 12, 152, 1, 12, 12, 25 }, // $
    { 10, 12, 152, 0, 12, 15, 37 }, // %
    { 9, 12, 152, 0, 12, 14, 52 }, // &
    { 3, 5, 152, 3, 13, 2, 66 }, // '
    { 6, 18, 152, 2, 14, 14, 68 }, // (
    { 6, 18, 152, 1, 14, 14, 82 }, // )
    { 7, 6, 152, 1, 14, 6, 96 }, // *
    { 7, 8, 152, 1, 9, 7, 102 }, // +
    { 4, 6, 152, 2, 3, 3, 109 }, // ,
    { 5, 2, 152, 2, 6, 2, 112 }, // -
    { 5, 4, 152, 2, 4, 3, 114 }, // .
    { 7, 16, 152, 1, 14, 14, 117 }, // /
    { 9, 12, 152, 0, 12, 14, 131 }, // 0
    { 7, 12, 152, 1, 12, 11, 145 }, // 1
    { 9, 12, 152, 0, 12, 14, 156 }, // 2
    { 8, 12, 152, 1, 12, 12, 170 }, // 3
    { 8, 12, 152, 1, 12, 12, 182 }, // 4
    { 8, 12, 152, 1, 12, 12, 194 }, // 5
    { 8, 12, 152, 1, 12, 12, 206 }, // 6
    { 8, 12, 152, 1, 12, 12, 218 }, // 7
    { 8, 12, 152, 1, 12, 12, 230 }, // 8
    { 8, 12, 152, 1, 12, 12, 242 }, // 9
    { 4, 10, 152, 2, 10, 5, 254 }, // :
    { 5, 13, 152, 2, 10, 9, 259 }, // ;
    { 7, 10, 152, 1, 10, 9, 268 }, // <
    { 7, 6, 152, 1, 8, 6, 277 }, // =
    { 7, 10, 152, 1, 10, 9, 283 }, // >
    { 9, 12, 152, 0, 12, 14, 292 }, // ?
    { 10, 12, 152, 0, 12, 15, 306 }, // @
    { 9, 12, 152, 0, 12, 14, 321 }, // A
    { 8, 12, 152, 1, 12, 12, 335 }, // B
    { 9, 12, 152, 0, 12, 14, 347 }, // C
    { 8, 12, 152, 1, 12, 12, 361 }, // D
    { 7, 12, 152, 1, 12, 11, 373 }, // E
    { 7, 12, 152, 2, 12, 11, 384 }, // F
    { 9, 12, 152, 0, 12, 14, 395 }, // G
    { 8, 12, 152, 1, 12, 12, 409 }, // H
    { 7, 12, 152, 1, 12, 11, 421 }, // I
    { 8, 12, 152, 0, 12, 12, 432 }, // J
    { 8, 12, 152, 1, 12, 12, 444 }, // K
    { 8, 12, 152, 1, 12, 12, 456 }, // L
    { 10, 12, 152, 0, 12, 15, 468 }, // M
    { 9, 12, 152, 0, 12, 14, 483 }, // N
    { 9, 12, 152, 0, 12, 14, 497 }, // O
    { 8, 12, 152, 1, 12, 12, 511 }, // P
    { 9, 14, 152, 0, 12, 16, 523 }, // Q
    { 8, 12, 152, 1, 12, 12, 539 }, // R
    { 9, 12, 152, 0, 12, 14, 551 }, // S
    { 9, 12, 152, 0, 12, 14, 565 }, // T
    { 9, 12, 152, 0, 12, 14, 579 }, // U
    { 9, 12, 152, 0, 12, 14, 593 }, // V
    { 10, 12, 152, 0, 12, 15, 607 }, // W
    { 9, 12, 152, 0, 12, 14, 622 }, // X
    { 9, 12, 152, 0, 12, 14, 636 }, // Y
    { 7, 12, 152, 1, 12, 11, 650 }, // Z
    { 5, 18, 152, 3, 14, 12, 661 }, // [
    { 7, 16, 152, 1, 14, 14, 673 }, // <backslash>
    { 5, 18, 152, 2, 14, 12, 687 }, // ]
    { 7, 5, 152, 1, 14, 5, 699 }, // ^
    { 9, 2, 152, 0, -1, 3, 704 }, // _
    { 6, 3, 152, 2, 13, 3, 707 }, // `
    { 9, 10, 152, 0, 9, 12, 710 }, // a
    { 8, 14, 152, 1, 14, 14, 722 }, // b
    { 8, 9, 152, 1, 9, 9, 736 }, // c
    { 9, 14, 152, 0, 14, 16, 745 }, // d
    { 9, 9, 152, 0, 9, 11, 761 }, // e
    { 9, 14, 152, 1, 14, 16, 772 }, // f
    { 9, 15, 152, 0, 11, 17, 788 }, // g
    { 8, 14, 152, 1, 14, 14, 805 }, // h
    { 8, 14, 152, 1, 14, 14, 819 }, // i
    { 7, 17, 152, 1, 14, 15, 833 }, // j
    { 9, 14, 152, 1, 14, 16, 848 }, // k
    { 8, 14, 152, 0, 14, 14, 864 }, // l
    { 10, 9, 152, 0, 9, 12, 878 }, // m
    { 8, 9, 152, 1, 9, 9, 890 }, // n
    { 8, 9, 152, 1, 9, 9, 899 }, // o
    { 8, 13, 152, 1, 9, 13, 908 }, // p
    { 9, 13, 152, 0, 9, 15, 921 }, // q
    { 9, 9, 152, 1, 9, 11, 936 }, // r
    { 8, 9, 152, 1, 9, 9, 947 }, // s
    { 7, 12, 152, 1, 12, 11, 956 }, // t
    { 8, 9, 152, 1, 9, 9, 967 }, // u
    { 8, 9, 152, 1, 9, 9, 976 }, // v
    { 10, 9, 152, 0, 9, 12, 985 }, // w
    { 9, 9, 152, 0, 9, 11, 997 }, // x
    { 9, 13, 152, 0, 9, 15, 1008 }, // y
    { 7, 9, 152, 1, 9, 8, 1023 }, // z
    { 7, 17, 152, 1, 14, 15, 1031 }, // {
    { 3, 16, 152, 3, 14, 6, 1046 }, // |
    { 7, 17, 152, 1, 14, 15, 1052 }, // }
    { 7, 3, 152, 1, 8, 3, 1067 }, // ~
    { 0, 0, 152, 0, 0, 0, 1070 }, // U+00A0
    { 3, 13, 152, 3, 9, 5, 1070 }, // U+00A1
    { 8, 12, 152, 0, 12, 12, 1075 }, // U+00A2
    { 9, 13, 152, 0, 12, 15, 1087 }, // U+00A3
    { 9, 9, 152, 0, 11, 11, 1102 }, // U+00A4
    { 8, 12, 152, 0, 12, 12, 1113 }, // U+00A5
    { 3, 16, 152, 3, 14, 6, 1125 }, // U+00A6
    { 9, 14, 152, 0, 12, 16, 1131 }, // U+00A7
    { 8, 3, 152, 1, 13, 3, 1147 }, // U+00A8
    { 9, 11, 152, 0, 12, 13, 1150 }, // U+00A9
    { 6, 5, 152, 2, 12, 4, 1163 }, // U+00AA
    { 9, 8, 152, 0, 9, 9, 1167 }, // U+00AB
    { 6, 4, 152, 2, 6, 3, 1176 }, // U+00AC
    { 5, 2, 152, 2, 6, 2, 1179 }, // U+00AD
    { 9, 10, 152, 0, 12, 12, 1181 }, // U+00AE
    { 7, 2, 152, 1, 13, 2, 1193 }, // U+00AF
    { 6, 5, 152, 1, 13, 4, 1195 }, // U+00B0
    { 7, 8, 152, 1, 9, 7, 1199 }, // U+00B1
    { 5, 3, 152, 2, 13, 2, 1206 }, // U+00B4
    { 9, 14, 152, 0, 12, 16, 1208 }, // U+00B6
    { 4, 4, 152, 2, 8, 2, 1224 }, // U+00B7
    { 6, 4, 152, 2, 0, 3, 1226 }, // U+00B8
    { 6, 5, 152, 2, 12, 4, 1229 }, // U+00BA
    { 9, 8, 152, 0, 9, 9, 1233 }, // U+00BB
    { 9, 13, 152, 0, 9, 15, 1242 }, // U+00BF
    { 9, 16, 152, 0, 16, 18, 1257 }, // U+00C0
    { 9, 15, 152, 0, 15, 17, 1275 }, // U+00C1
    { 9, 15, 152, 0, 15, 17, 1292 }, // U+00C2
    { 9, 16, 152, 0, 16, 18, 1309 }, // U+00C3
    { 9, 16, 152, 0, 16, 18, 1327 }, // U+00C4
    { 9, 16, 152, 0, 16, 18, 1345 }, // U+00C5
    { 10, 12, 152, -1, 12, 15, 1363 }, // U+00C6
    { 9, 16, 152, 0, 12, 18, 1378 }, // U+00C7
    { 7, 16, 152, 1, 16, 14, 1396 }, // U+00C8
    { 7, 15, 152, 1, 15, 14, 1410 }, // U+00C9
    { 7, 15, 152, 1, 15, 14, 1424 }, // U+00CA
    { 7, 16, 152, 1, 16, 14, 1438 }, // U+00CB
    { 7, 16, 152, 1, 16, 14, 1452 }, // U+00CC
    { 7, 15, 152, 1, 15, 14, 1466 }, // U+00CD
    { 7, 15, 152, 1, 15, 14, 1480 }, // U+00CE
    { 7, 16, 152, 1, 16, 14, 1494 }, // U+00CF
    { 10, 12, 152, -1, 12, 15, 1508 }, // U+00D0
    { 9, 16, 152, 0, 16, 18, 1523 }, // U+00D1
    { 9, 15, 152, 0, 15, 17, 1541 }, // U+00D2
    { 9, 15, 152, 0, 15, 17, 1558 }, // U+00D3
    { 9, 15, 152, 0, 15, 17, 1575 }, // U+00D4
    { 9, 16, 152, 0, 16, 18, 1592 }, // U+00D5
    { 9, 15, 152, 0, 15, 17, 1610 }, // U+00D6
    { 7, 6, 152, 1, 8, 6, 1627 }, // U+00D7
    { 10, 14, 152, 0, 13, 18, 1633 }, // U+00D8
    { 9, 16, 152, 0, 16, 18, 1651 }, // U+00D9
    { 9, 15, 152, 0, 15, 17, 1669 }, // U+00DA
    { 9, 15, 152, 0, 15, 17, 1686 }, // U+00DB
    { 9, 16, 152, 0, 16, 18, 1703 }, // U+00DC
    { 9, 15, 152, 0, 15, 17, 1721 }, // U+00DD
    { 7, 12, 152, 1, 12, 11, 1738 }, // U+00DE
    { 9, 12, 152, 0, 12, 14, 1749 }, // U+00DF
    { 9, 13, 152, 0, 12, 15, 1763 }, // U+00E0
    { 9, 13, 152, 0, 12, 15, 1778 }, // U+00E1
    { 9, 13, 152, 0, 12, 15, 1793 }, // U+00E2
    { 9, 13, 152, 0, 12, 15, 1808 }, // U+00E3
    { 9, 13, 152, 0, 12, 15, 1823 }, // U+00E4
    { 9, 14, 152, 0, 13, 16, 1838 }, // U+00E5
    { 9, 9, 152, 0, 9, 11, 1854 }, // U+00E6
    { 8, 13, 152, 1, 9, 13, 1865 }, // U+00E7
    { 9, 12, 152, 0, 12, 14, 1878 }, // U+00E8
    { 9, 12, 152, 0, 12, 14, 1892 }, // U+00E9
    { 9, 12, 152, 0, 12, 14, 1906 }, // U+00EA
    { 9, 12, 152, 0, 12, 14, 1920 }, // U+00EB
    { 7, 13, 152, 1, 13, 12, 1934 }, // U+00EC
    { 7, 12, 152, 1, 12, 11, 1946 }, // U+00ED
    { 7, 12, 152, 1, 12, 11, 1957 }, // U+00EE
    { 7, 13, 152, 1, 13, 12, 1968 }, // U+00EF
    { 9, 14, 152, 0, 14, 16, 1980 }, // U+00F0
    { 8, 12, 152, 1, 12, 12, 1996 }, // U+00F1
    { 8, 12, 152, 1, 12, 12, 2008 }, // U+00F2
    { 8, 12, 152, 1, 12, 12, 2020 }, // U+00F3
    { 8, 12, 152, 1, 12, 12, 2032 }, // U+00F4
    { 8, 12, 152, 1, 12, 12, 2044 }, // U+00F5
    { 8, 12, 152, 1, 12, 12, 2056 }, // U+00F6
    { 7, 8, 152, 1, 9, 7, 2068 }, // U+00F7
    { 8, 11, 152, 1, 10, 11, 2075 }, // U+00F8
    { 8, 12, 152, 1, 12, 12, 2086 }, // U+00F9
    { 8, 12, 152, 1, 12, 12, 2098 }, // U+00FA
    { 8, 12, 152, 1, 12, 12, 2110 }, // U+00FB
    { 8, 13, 152, 1, 13, 13, 2122 }, // U+00FC
    { 9, 16, 152, 0, 12, 18, 2135 }, // U+00FD
    { 9, 18, 152, 0, 14, 21, 2153 }, // U+00FE
    { 9, 17, 152, 0, 13, 20, 2174 }, // U+00FF
    { 9, 15, 152, 0, 15, 17, 2194 }, // U+0100
    { 9, 12, 152, 0, 11, 14, 2211 }, // U+0101
    { 9, 16, 152, 0, 16, 18, 2225 }, // U+0102
    { 9, 14, 152, 0, 13, 16, 2243 }, // U+0103
    { 11, 16, 152, 0, 12, 22, 2259 }, // U+0104
    { 10, 13, 152, 0, 9, 17, 2281 }, // U+0105
    { 9, 15, 152, 0, 15, 17, 2298 }, // U+0106
    { 8, 12, 152, 1, 12, 12, 2315 }, // U+0107
    { 9, 15, 152, 0, 15, 17, 2327 }, // U+0108
    { 8, 12, 152, 1, 12, 12, 2344 }, // U+0109
    { 9, 16, 152, 0, 16, 18, 2356 }, // U+010A
    { 8, 12, 152, 1, 12, 12, 2374 }, // U+010B
    { 9, 15, 152, 0, 15, 17, 2386 }, // U+010C
    { 8, 12, 152, 1, 12, 12, 2403 }, // U+010D
    { 8, 16, 152, 1, 16, 16, 2415 }, // U+010E
    { 11, 14, 152, 0, 14, 20, 2431 }, // U+010F
    { 10, 12, 152, -1, 12, 15, 2451 }, // U+0110
    { 10, 14, 152, 0, 14, 18, 2466 }, // U+0111
    { 7, 15, 152, 1, 15, 14, 2484 }, // U+0112
    { 9, 11, 152, 0, 11, 13, 2498 }, // U+0113
    { 7, 16, 152, 1, 16, 14, 2511 }, // U+0114
    { 9, 13, 152, 0, 13, 15, 2525 }, // U+0115
    { 7, 16, 152, 1, 16, 14, 2540 }, // U+0116
    { 9, 12, 152, 0, 12, 14, 2554 }, // U+0117
    { 9, 16, 152, 1, 12, 18, 2568 }, // U+0118
    { 9, 12, 152, 0, 9, 14, 2586 }, // U+0119
    { 7, 16, 152, 1, 16, 14, 2600 }, // U+011A
    { 9, 12, 152, 0, 12, 14, 2614 }, // U+011B
    { 9, 15, 152, 0, 15, 17, 2628 }, // U+011C
    { 9, 16, 152, 0, 12, 18, 2645 }, // U+011D
    { 9, 16, 152, 0, 16, 18, 2663 }, // U+011E
    { 9, 17, 152, 0, 13, 20, 2681 }, // U+011F
    { 9, 16, 152, 0, 16, 18, 2701 }, // U+0120
    { 9, 16, 152, 0, 12, 18, 2719 }, // U+0121
    { 9, 18, 152, 0, 12, 21, 2737 }, // U+0122
    { 9, 18, 152, 0, 14, 21, 2758 }, // U+0123
    { 8, 15, 152, 1, 15, 15, 2779 }, // U+0124
    { 8, 17, 152, 1, 17, 17, 2794 }, // U+0125
    { 9, 12, 152, 0, 12, 14, 2811 }, // U+0126
    { 10, 14, 152, -1, 14, 18, 2825 }, // U+0127
    { 7, 16, 152, 1, 16, 14, 2843 }, // U+0128
    { 7, 12, 152, 1, 12, 11, 2857 }, // U+0129
    { 7, 15, 152, 1, 15, 14, 2868 }, // U+012A
    { 7, 12, 152, 1, 12, 11, 2882 }, // U+012B
    { 7, 16, 152, 1, 16, 14, 2893 }, // U+012C
    { 7, 13, 152, 1, 13, 12, 2907 }, // U+012D
    { 9, 16, 152, 1, 12, 18, 2919 }, // U+012E
    { 9, 18, 152, 1, 14, 21, 2937 }, // U+012F
    { 7, 16, 152, 1, 16, 14, 2958 }, // U+0130
    { 7, 9, 152, 1, 9, 8, 2972 }, // U+0131
    { 8, 15, 152, 0, 15, 15, 2980 }, // U+0134
    { 9, 15, 152, 0, 12, 17, 2995 }, // U+0135
    { 8, 18, 152, 1, 12, 18, 3012 }, // U+0136
    { 9, 20, 152, 1, 14, 23, 3030 }, // U+0137
    { 8, 9, 152, 1, 9, 9, 3053 }, // U+0138
    { 8, 15, 152, 1, 15, 15, 3062 }, // U+0139
    { 8, 17, 152, 0, 17, 17, 3077 }, // U+013A
    { 8, 18, 152, 1, 12, 18, 3094 }, // U+013B
    { 8, 20, 152, 0, 14, 20, 3112 }, // U+013C
    { 9, 13, 152, 1, 13, 15, 3132 }, // U+013D
    { 10, 14, 152, 0, 14, 18, 3147 }, // U+013E
    { 8, 12, 152, 1, 12, 12, 3165 }, // U+013F
    { 10, 14, 152, 0, 14, 18, 3177 }, // U+0140
    { 9, 12, 152, 0, 12, 14, 3195 }, // U+0141
    { 8, 14, 152, 0, 14, 14, 3209 }, // U+0142
    { 9, 15, 152, 0, 15, 17, 3223 }, // U+0143
    { 8, 12, 152, 1, 12, 12, 3240 }, // U+0144
    { 9, 18, 152, 0, 12, 21, 3252 }, // U+0145
    { 8, 15, 152, 1, 9, 15, 3273 }, // U+0146
    { 9, 16, 152, 0, 16, 18, 3288 }, // U+0147
    { 8, 12, 152, 1, 12, 12, 3306 }, // U+0148
    { 8, 15, 152, 1, 12, 15, 3318 }, // U+014A
    { 8, 12, 152, 1, 9, 12, 3333 }, // U+014B
    { 9, 15, 152, 0, 15, 17, 3345 }, // U+014C
    { 8, 11, 152, 1, 11, 11, 3362 }, // U+014D
    { 9, 16, 152, 0, 16, 18, 3373 }, // U+014E
    { 8, 13, 152, 1, 13, 13, 3391 }, // U+014F
    { 9, 15, 152, 0, 15, 17, 3404 }, // U+0150
    { 8, 12, 152, 1, 12, 12, 3421 }, // U+0151
    { 9, 13, 152, 0, 12, 15, 3433 }, // U+0152
    { 9, 9, 152, 0, 9, 11, 3448 }, // U+0153
    { 8, 15, 152, 1, 15, 15, 3459 }, // U+0154
    { 9, 12, 152, 1, 12, 14, 3474 }, // U+0155
    { 8, 18, 152, 1, 12, 18, 3488 }, // U+0156
    { 9, 15, 152, 1, 9, 17, 3506 }, // U+0157
    { 8, 16, 152, 1, 16, 16, 3523 }, // U+0158
    { 9, 12, 152, 1, 12, 14, 3539 }, // U+0159
    { 9, 15, 152, 0, 15, 17, 3553 }, // U+015A
    { 8, 12, 152, 1, 12, 12, 3570 }, // U+015B
    { 9, 15, 152, 0, 15, 17, 3582 }, // U+015C
    { 8, 12, 152, 1, 12, 12, 3599 }, // U+015D
    { 9, 16, 152, 0, 12, 18, 3611 }, // U+015E
    { 8, 13, 152, 1, 9, 13, 3629 }, // U+015F
    { 9, 15, 152, 0, 15, 17, 3642 }, // U+0160
    { 8, 12, 152, 1, 12, 12, 3659 }, // U+0161
    { 9, 16, 152, 0, 12, 18, 3671 }, // U+0162
    { 7, 16, 152, 1, 12, 14, 3689 }, // U+0163
    { 9, 16, 152, 0, 16, 18, 3703 }, // U+0164
    { 7, 15, 152, 1, 15, 14, 3721 }, // U+0165
    { 9, 12, 152, 0, 12, 14, 3735 }, // U+0166
    { 7, 12, 152, 1, 12, 11, 3749 }, // U+0167
    { 9, 16, 152, 0, 16, 18, 3760 }, // U+0168
    { 8, 12, 152, 1, 12, 12, 3778 }, // U+0169
    { 9, 15, 152, 0, 15, 17, 3790 }, // U+016A
    { 8, 12, 152, 1, 12, 12, 3807 }, // U+016B
    { 9, 16, 152, 0, 16, 18, 3819 }, // U+016C
    { 8, 13, 152, 1, 13, 13, 3837 }, // U+016D
    { 9, 16, 152, 0, 16, 18, 3850 }, // U+016E
    { 8, 13, 152, 1, 13, 13, 3868 }, // U+016F
    { 9, 16, 152, 0, 16, 18, 3881 }, // U+0170
    { 8, 13, 152, 1, 13, 13, 3899 }, // U+0171
    { 9, 15, 152, 0, 12, 17, 3912 }, // U+0172
    { 9, 13, 152, 1, 9, 15, 3929 }, // U+0173
    { 10, 15, 152, 0, 15, 19, 3944 }, // U+0174
    { 10, 12, 152, 0, 12, 15, 3963 }, // U+0175
    { 9, 15, 152, 0, 15, 17, 3978 }, // U+0176
    { 9, 16, 152, 0, 12, 18, 3995 }, // U+0177
    { 9, 16, 152, 0, 16, 18, 4013 }, // U+0178
    { 7, 15, 152, 1, 15, 14, 4031 }, // U+0179
    { 7, 12, 152, 1, 12, 11, 4045 }, // U+017A
    { 7, 16, 152, 1, 16, 14, 4056 }, // U+017B
    { 7, 13, 152, 1, 13, 12, 4070 }, // U+017C
    { 7, 16, 152, 1, 16, 14, 4082 }, // U+017D
    { 7, 13, 152, 1, 13, 12, 4096 }, // U+017E
    { 10, 14, 152, 0, 14, 18, 4108 }, // U+01A0
    { 9, 11, 152, 1, 11, 13, 4126 }, // U+01A1
    { 11, 15, 152, 0, 15, 21, 4139 }, // U+01AF
    { 10, 12, 152, 1, 12, 15, 4160 }, // U+01B0
    { 9, 16, 152, 0, 16, 18, 4175 }, // U+01CD
    { 9, 13, 152, 0, 12, 15, 4193 }, // U+01CE
    { 7, 16, 152, 1, 16, 14, 4208 }, // U+01CF
    { 7, 13, 152, 1, 13, 12, 4222 }, // U+01D0
    { 9, 15, 152, 0, 15, 17, 4234 }, // U+01D1
    { 8, 12, 152, 1, 12, 12, 4251 }, // U+01D2
    { 9, 16, 152, 0, 16, 18, 4263 }, // U+01D3
    { 8, 13, 152, 1, 13, 13, 4281 }, // U+01D4
    { 9, 18, 152, 0, 18, 21, 4294 }, // U+01D5
    { 8, 15, 152, 1, 15, 15, 4315 }, // U+01D6
    { 9, 19, 152, 0, 19, 22, 4330 }, // U+01D7
    { 8, 16, 152, 1, 16, 16, 4352 }, // U+01D8
    { 9, 19, 152, 0, 19, 22, 4368 }, // U+01D9
    { 8, 16, 152, 1, 16, 16, 4390 }, // U+01DA
    { 9, 19, 152, 0, 19, 22, 4406 }, // U+01DB
    { 8, 16, 152, 1, 16, 16, 4428 }, // U+01DC
    { 9, 15, 152, 0, 15, 17, 4444 }, // U+01E6
    { 9, 16, 152, 0, 12, 18, 4461 }, // U+01E7
    { 9, 15, 152, 0, 12, 17, 4479 }, // U+01EA
    { 8, 12, 152, 1, 9, 12, 4496 }, // U+01EB
    { 9, 19, 152, 0, 19, 22, 4508 }, // U+01FA
    { 9, 17, 152, 0, 16, 20, 4530 }, // U+01FB
    { 10, 15, 152, -1, 15, 19, 4550 }, // U+01FC
    { 9, 12, 152, 0, 12, 14, 4569 }, // U+01FD
    { 10, 16, 152, 0, 15, 20, 4583 }, // U+01FE
    { 8, 13, 152, 1, 12, 13, 4603 }, // U+01FF
    { 9, 15, 152, 0, 15, 17, 4616 }, // U+0200
    { 9, 13, 152, 0, 12, 15, 4633 }, // U+0201
    { 9, 15, 152, 0, 15, 17, 4648 }, // U+0202
    { 9, 13, 152, 0, 12, 15, 4665 }, // U+0203
    { 8, 15, 152, 1, 15, 15, 4680 }, // U+0204
    { 9, 12, 152, 0, 12, 14, 4695 }, // U+0205
    { 7, 15, 152, 1, 15, 14, 4709 }, // U+0206
    { 9, 12, 152, 0, 12, 14, 4723 }, // U+0207
    { 9, 15, 152, 0, 15, 17, 4737 }, // U+0208
    { 9, 12, 152, 0, 12, 14, 4754 }, // U+0209
    { 7, 15, 152, 1, 15, 14, 4768 }, // U+020A
    { 7, 12, 152, 1, 12, 11, 4782 }, // U+020B
    { 9, 15, 152, 0, 15, 17, 4793 }, // U+020C
    { 9, 12, 152, 0, 12, 14, 4810 }, // U+020D
    { 9, 15, 152, 0, 15, 17, 4824 }, // U+020E
    { 8, 12, 152, 1, 12, 12, 4841 }, // U+020F
    { 9, 15, 152, 0, 15, 17, 4853 }, // U+0210
    { 10, 12, 152, 0, 12, 15, 4870 }, // U+0211
    { 8, 15, 152, 1, 15, 15, 4885 }, // U+0212
    { 9, 12, 152, 1, 12, 14, 4900 }, // U+0213
    { 9, 15, 152, 0, 15, 17, 4914 }, // U+0214
    { 9, 12, 152, 0, 12, 14, 4931 }, // U+0215
    { 9, 15, 152, 0, 15, 17, 4945 }, // U+0216
    { 8, 12, 152, 1, 12, 12, 4962 }, // U+0217
    { 9, 18, 152, 0, 12, 21, 4974 }, // U+0218
    { 8, 15, 152, 1, 9, 15, 4995 }, // U+0219
    { 9, 18, 152, 0, 12, 21, 5010 }, // U+021A
    { 7, 18, 152, 1, 12, 16, 5031 }, // U+021B
    { 5, 3, 0, 2, 12, 2, 5047 }, // U+0300
    { 5, 3, 0, 2, 12, 2, 5049 }, // U+0301
    { 7, 3, 0, 1, 12, 3, 5051 }, // U+0302
    { 7, 3, 0, 1, 12, 3, 5054 }, // U+0303
    { 7, 2, 0, 1, 11, 2, 5057 }, // U+0304
    { 6, 3, 0, 2, 12, 3, 5059 }, // U+0306
    { 3, 3, 0, 3, 12, 2, 5062 }, // U+0307
    { 7, 3, 0, 1, 12, 3, 5064 }, // U+0308
    { 4, 4, 0, 3, 13, 2, 5067 }, // U+0309
    { 5, 5, 0, 2, 13, 4, 5069 }, // U+030A
    { 7, 3, 0, 1, 12, 3, 5073 }, // U+030B
    { 7, 3, 0, 1, 12, 3, 5076 }, // U+030C
    { 8, 3, 0, 1, 12, 3, 5079 }, // U+030F
    { 6, 4, 0, 2, 12, 3, 5082 }, // U+0311
    { 3, 4, 0, 3, 13, 2, 5085 }, // U+0312
    { 4, 4, 0, 3, 13, 2, 5087 }, // U+031B
    { 3, 3, 0, 3, -1, 2, 5089 }, // U+0323
    { 7, 3, 0, 0, 0, 3, 5091 }, // U+0324
    { 3, 5, 0, 3, -1, 2, 5094 }, // U+0326
    { 5, 4, 0, 2, 0, 3, 5096 }, // U+0327
    { 5, 4, 0, 3, 0, 3, 5099 }, // U+0328
    { 6, 3, 0, 3, 0, 3, 5102 }, // U+032E
    { 7, 2, 0, 1, -1, 2, 5105 }, // U+0331
    { 7, 2, 0, 1, 7, 2, 5107 }, // U+0335
    { 9, 2, 0, 0, 7, 3, 5109 }, // U+0336
    { 8, 10, 0, 0, 9, 10, 5112 }, // U+0337
    { 11, 14, 0, -1, 13, 20, 5122 }, // U+0338
    { 0, 0, 0, 0, 0, 0, 5142 }, // U+034F
    { 10, 10, 169, 0, 10, 13, 5142 }, // U+05D0
    { 9, 10, 153, 0, 10, 12, 5155 }, // U+05D1
    { 6, 11, 100, 0, 10, 9, 5167 }, // U+05D2
    { 9, 10, 145, 0, 10, 12, 5176 }, // U+05D3
    { 10, 10, 167, 0, 10, 13, 5188 }, // U+05D4
    { 4, 10, 80, 0, 10, 5, 5201 }, // U+05D5
    { 5, 10, 88, 0, 10, 7, 5206 }, // U+05D6
    { 10, 10, 177, 0, 10, 13, 5213 }, // U+05D7
    { 10, 10, 169, 0, 10, 13, 5226 }, // U+05D8
    { 4, 6, 79, 0, 10, 3, 5239 }, // U+05D9
    { 8, 13, 145, 0, 10, 13, 5242 }, // U+05DA
    { 8, 10, 137, 0, 10, 10, 5255 }, // U+05DB
    { 9, 13, 139, 0, 13, 15, 5265 }, // U+05DC
    { 11, 10, 182, 0, 10, 14, 5280 }, // U+05DD
    { 11, 10, 176, 0, 10, 14, 5294 }, // U+05DE
    { 4, 13, 88, 0, 10, 7, 5308 }, // U+05DF
    { 6, 10, 101, 0, 10, 8, 5315 }, // U+05E0
    { 10, 10, 172, 0, 10, 13, 5323 }, // U+05E1
    { 10, 12, 158, 0, 11, 15, 5336 }, // U+05E2
    { 10, 13, 165, 0, 10, 17, 5351 }, // U+05E3
    { 10, 10, 160, 0, 10, 13, 5368 }, // U+05E4
    { 9, 13, 141, 0, 10, 15, 5381 }, // U+05E5
    { 9, 10, 148, 0, 10, 12, 5396 }, // U+05E6
    { 9, 13, 167, 1, 10, 15, 5408 }, // U+05E7
    { 8, 10, 140, 0, 10, 10, 5423 }, // U+05E8
    { 11, 10, 195, 1, 10, 14, 5433 }, // U+05E9
    { 11, 10, 183, 0, 10, 14, 5447 }, // U+05EA
    { 3, 5, 87, 1, 4, 2, 5461 }, // U+060C
    { 3, 10, 92, 1, 9, 4, 5463 }, // U+061B
    { 7, 14, 116, 0, 13, 13, 5467 }, // U+061F
    { 7, 7, 110, 0, 6, 7, 5480 }, // U+0621
    { 6, 3, 72, 0, 2, 3, 5487 }, // U+0640
    { 4, 5, 0, 0, 14, 3, 5490 }, // U+0654
    { 4, 4, 153, 3, 7, 2, 5493 }, // U+0660
    { 4, 13, 153, 3, 12, 7, 5495 }, // U+0661
    { 8, 13, 153, 1, 12, 13, 5502 }, // U+0662
    { 9, 13, 153, 0, 12, 15, 5515 }, // U+0663
    { 8, 13, 153, 1, 12, 13, 5530 }, // U+0664
    { 8, 10, 153, 1, 9, 10, 5543 }, // U+0665
    { 8, 13, 153, 1, 12, 13, 5553 }, // U+0666
    { 10, 13, 153, 0, 12, 17, 5566 }, // U+0667
    { 10, 13, 153, 0, 12, 17, 5583 }, // U+0668
    { 8, 13, 153, 1, 12, 13, 5600 }, // U+0669
    { 11, 10, 183, 0, 6, 14, 5613 }, // U+06BA
    { 5, 2, 80, 0, 2, 2, 5627 }, // U+06D4
    { 7, 8, 108, 0, 8, 7, 5629 }, // U+06D5
    { 4, 4, 153, 3, 7, 2, 5636 }, // U+06F0
    { 4, 13, 153, 3, 12, 7, 5638 }, // U+06F1
    { 8, 13, 153, 1, 12, 13, 5645 }, // U+06F2
    { 9, 13, 153, 0, 12, 15, 5658 }, // U+06F3
    { 8, 12, 153, 1, 12, 12, 5673 }, // U+06F4
    { 8, 12, 153, 1, 12, 12, 5685 }, // U+06F5
    { 7, 13, 153, 1, 12, 12, 5697 }, // U+06F6
    { 10, 13, 153, 0, 12, 17, 5709 }, // U+06F7
    { 10, 13, 153, 0, 12, 17, 5726 }, // U+06F8
    { 8, 13, 153, 1, 12, 13, 5743 }, // U+06F9
    { 9, 16, 152, 0, 12, 18, 5756 }, // U+1EA0
    { 9, 13, 152, 0, 9, 15, 5774 }, // U+1EA1
    { 9, 16, 152, 0, 16, 18, 5789 }, // U+1EA2
    { 9, 14, 152, 0, 13, 16, 5807 }, // U+1EA3
    { 9, 18, 152, 0, 18, 21, 5823 }, // U+1EA4
    { 9, 16, 152, 0, 15, 18, 5844 }, // U+1EA5
    { 9, 18, 152, 0, 18, 21, 5862 }, // U+1EA6
    { 9, 16, 152, 0, 15, 18, 5883 }, // U+1EA7
    { 9, 19, 152, 0, 19, 22, 5901 }, // U+1EA8
    { 9, 16, 152, 0, 15, 18, 5923 }, // U+1EA9
    { 9, 18, 152, 0, 18, 21, 5941 }, // U+1EAA
    { 9, 16, 152, 0, 15, 18, 5962 }, // U+1EAB
    { 9, 19, 152, 0, 15, 22, 5980 }, // U+1EAC
    { 9, 16, 152, 0, 12, 18, 6002 }, // U+1EAD
    { 9, 18, 152, 0, 18, 21, 6020 }, // U+1EAE
    { 9, 16, 152, 0, 15, 18, 6041 }, // U+1EAF
    { 9, 18, 152, 0, 18, 21, 6059 }, // U+1EB0
    { 9, 16, 152, 0, 15, 18, 6080 }, // U+1EB1
    { 9, 18, 152, 0, 18, 21, 6098 }, // U+1EB2
    { 9, 16, 152, 0, 15, 18, 6119 }, // U+1EB3
    { 9, 18, 152, 0, 18, 21, 6137 }, // U+1EB4
    { 9, 16, 152, 0, 15, 18, 6158 }, // U+1EB5
    { 9, 20, 152, 0, 16, 23, 6176 }, // U+1EB6
    { 9, 17, 152, 0, 13, 20, 6199 }, // U+1EB7
    { 7, 16, 152, 1, 12, 14, 6219 }, // U+1EB8
    { 9, 13, 152, 0, 9, 15, 6233 }, // U+1EB9
    { 7, 16, 152, 1, 16, 14, 6248 }, // U+1EBA
    { 9, 13, 152, 0, 13, 15, 6262 }, // U+1EBB
    { 7, 16, 152, 1, 16, 14, 6277 }, // U+1EBC
    { 9, 12, 152, 0, 12, 14, 6291 }, // U+1EBD
    { 7, 18, 152, 1, 18, 16, 6305 }, // U+1EBE
    { 9, 15, 152, 0, 15, 17, 6321 }, // U+1EBF
    { 7, 18, 152, 1, 18, 16, 6338 }, // U+1EC0
    { 9, 15, 152, 0, 15, 17, 6354 }, // U+1EC1
    { 7, 19, 152, 1, 19, 17, 6371 }, // U+1EC2
    { 9, 15, 152, 0, 15, 17, 6388 }, // U+1EC3
    { 7, 18, 152, 1, 18, 16, 6405 }, // U+1EC4
    { 9, 15, 152, 0, 15, 17, 6421 }, // U+1EC5
    { 7, 19, 152, 1, 15, 17, 6438 }, // U+1EC6
    { 9, 16, 152, 0, 12, 18, 6455 }, // U+1EC7
    { 7, 16, 152, 1, 16, 14, 6473 }, // U+1EC8
    { 7, 13, 152, 1, 13, 12, 6487 }, // U+1EC9
    { 7, 16, 152, 1, 12, 14, 6499 }, // U+1ECA
    { 8, 18, 152, 1, 14, 18, 6513 }, // U+1ECB
    { 9, 16, 152, 0, 12, 18, 6531 }, // U+1ECC
    { 8, 13, 152, 1, 9, 13, 6549 }, // U+1ECD
    { 9, 16, 152, 0, 16, 18, 6562 }, // U+1ECE
    { 8, 13, 152, 1, 13, 13, 6580 }, // U+1ECF
    { 9, 18, 152, 0, 18, 21, 6593 }, // U+1ED0
    { 8, 15, 152, 1, 15, 15, 6614 }, // U+1ED1
    { 9, 18, 152, 0, 18, 21, 6629 }, // U+1ED2
    { 8, 15, 152, 1, 15, 15, 6650 }, // U+1ED3
    { 9, 18, 152, 0, 18, 21, 6665 }, // U+1ED4
    { 8, 15, 152, 1, 15, 15, 6686 }, // U+1ED5
    { 9, 18, 152, 0, 18, 21, 6701 }, // U+1ED6
    { 8, 15, 152, 1, 15, 15, 6722 }, // U+1ED7
    { 9, 19, 152, 0, 15, 22, 6737 }, // U+1ED8
    { 8, 16, 152, 1, 12, 16, 6759 }, // U+1ED9
    { 10, 15, 152, 0, 15, 19, 6775 }, // U+1EDA
    { 9, 12, 152, 1, 12, 14, 6794 }, // U+1EDB
    { 10, 15, 152, 0, 15, 19, 6808 }, // U+1EDC
    { 9, 12, 152, 1, 12, 14, 6827 }, // U+1EDD
    { 10, 16, 152, 0, 16, 20, 6841 }, // U+1EDE
    { 9, 13, 152, 1, 13, 15, 6861 }, // U+1EDF
    { 10, 16, 152, 0, 16, 20, 6876 }, // U+1EE0
    { 9, 12, 152, 1, 12, 14, 6896 }, // U+1EE1
    { 10, 18, 152, 0, 14, 23, 6910 }, // U+1EE2
    { 9, 15, 152, 1, 11, 17, 6933 }, // U+1EE3
    { 9, 16, 152, 0, 12, 18, 6950 }, // U+1EE4
    { 8, 13, 152, 1, 9, 13, 6968 }, // U+1EE5
    { 9, 16, 152, 0, 16, 18, 6981 }, // U+1EE6
    { 8, 13, 152, 1, 13, 13, 6999 }, // U+1EE7
    { 11, 15, 152, 0, 15, 21, 7012 }, // U+1EE8
    { 10, 12, 152, 1, 12, 15, 7033 }, // U+1EE9
    { 11, 16, 152, 0, 16, 22, 7048 }, // U+1EEA
    { 10, 12, 152, 1, 12, 15, 7070 }, // U+1EEB
    { 11, 16, 152, 0, 16, 22, 7085 }, // U+1EEC
    { 10, 13, 152, 1, 13, 17, 7107 }, // U+1EED
    { 11, 16, 152, 0, 16, 22, 7124 }, // U+1EEE
    { 10, 12, 152, 1, 12, 15, 7146 }, // U+1EEF
    { 11, 19, 152, 0, 15, 27, 7161 }, // U+1EF0
    { 10, 16, 152, 1, 12, 20, 7188 }, // U+1EF1
    { 9, 16, 152, 0, 16, 18, 7208 }, // U+1EF2
    { 9, 17, 152, 0, 13, 20, 7226 }, // U+1EF3
    { 9, 16, 152, 0, 12, 18, 7246 }, // U+1EF4
    { 9, 15, 152, 0, 9, 17, 7264 }, // U+1EF5
    { 9, 16, 152, 0, 16, 18, 7281 }, // U+1EF6
    { 9, 17, 152, 0, 13, 20, 7299 }, // U+1EF7
    { 9, 16, 152, 0, 16, 18, 7319 }, // U+1EF8
    { 9, 16, 152, 0, 12, 18, 7337 }, // U+1EF9
    { 0, 0, 35, 0, 0, 0, 7355 }, // U+2009
    { 0, 0, 0, 0, 0, 0, 7355 }, // U+200B
    { 2, 12, 0, -1, 11, 3, 7355 }, // U+200C
    { 4, 12, 0, -2, 11, 6, 7358 }, // U+200D
    { 5, 14, 0, -1, 12, 9, 7364 }, // U+200E
    { 5, 14, 0, -4, 12, 9, 7373 }, // U+200F
    { 5, 2, 86, 0, 5, 2, 7382 }, // U+2010
    { 5, 3, 86, 0, 6, 2, 7384 }, // U+2011
    { 7, 2, 152, 1, 6, 2, 7386 }, // U+2013
    { 9, 2, 152, 0, 6, 3, 7388 }, // U+2014
    { 3, 5, 152, 3, 13, 2, 7391 }, // U+2018
    { 3, 5, 152, 3, 13, 2, 7393 }, // U+2019
    { 4, 6, 152, 2, 3, 3, 7395 }, // U+201A
    { 7, 5, 152, 1, 14, 5, 7398 }, // U+201C
    { 7, 5, 152, 1, 13, 5, 7403 }, // U+201D
    { 7, 6, 152, 1, 3, 6, 7408 }, // U+201E
    { 7, 12, 152, 1, 12, 11, 7414 }, // U+2020
    { 7, 12, 152, 1, 12, 11, 7425 }, // U+2021
    { 5, 5, 152, 2, 8, 4, 7436 }, // U+2022
    { 9, 3, 152, 0, 3, 4, 7440 }, // U+2026
    { 0, 0, 35, 0, 0, 0, 7444 }, // U+202F
    { 10, 12, 152, 0, 12, 15, 7444 }, // U+2030
    { 5, 8, 152, 2, 9, 5, 7459 }, // U+2039
    { 5, 8, 152, 2, 9, 5, 7464 }, // U+203A
    { 10, 16, 152, 0, 14, 20, 7469 }, // U+2044
    { 3, 10, 92, 1, 9, 4, 7489 }, // U+204F
    { 11, 11, 211, 1, 11, 16, 7493 }, // U+20AA
    { 9, 12, 152, 0, 12, 14, 7509 }, // U+20AC
    { 10, 6, 152, -1, 9, 8, 7523 }, // U+2190
    { 6, 9, 152, 2, 12, 7, 7531 }, // U+2191
    { 10, 6, 152, 0, 9, 8, 7538 }, // U+2192
    { 6, 9, 152, 2, 10, 7, 7546 }, // U+2193
    { 13, 6, 152, -2, 9, 10, 7553 }, // U+2194
    { 6, 12, 152, 2, 12, 9, 7563 }, // U+2195
    { 7, 7, 152, 1, 10, 7, 7572 }, // U+2196
    { 8, 7, 152, 1, 10, 7, 7579 }, // U+2197
    { 8, 7, 152, 1, 9, 7, 7586 }, // U+2198
    { 7, 7, 152, 1, 9, 7, 7593 }, // U+2199
    { 9, 10, 152, 0, 10, 12, 7600 }, // U+2205
    { 7, 2, 152, 1, 6, 2, 7612 }, // U+2212
    { 10, 15, 152, 0, 15, 19, 7614 }, // U+221A
    { 9, 6, 152, 0, 8, 7, 7633 }, // U+221E
    { 8, 6, 152, 0, 8, 6, 7640 }, // U+2248
    { 7, 9, 152, 1, 10, 8, 7646 }, // U+2260
    { 7, 10, 152, 1, 11, 9, 7654 }, // U+2264
    { 7, 10, 152, 1, 11, 9, 7663 }, // U+2265
    { 16, 12, 265, 0, 7, 24, 7672 }, // U+FB56
    { 20, 11, 292, 0, 6, 28, 7696 }, // U+FB57
    { 5, 12, 80, -1, 7, 8, 7724 }, // U+FB58
    { 8, 10, 99, 0, 5, 10, 7732 }, // U+FB59
    { 16, 13, 265, 0, 12, 26, 7742 }, // U+FB66
    { 20, 13, 292, 0, 12, 33, 7768 }, // U+FB67
    { 5, 15, 72, 0, 14, 10, 7801 }, // U+FB68
    { 8, 13, 99, 0, 12, 13, 7811 }, // U+FB69
    { 11, 14, 176, 0, 7, 20, 7824 }, // U+FB7A
    { 13, 14, 192, 0, 7, 23, 7844 }, // U+FB7B
    { 10, 11, 157, 0, 6, 14, 7867 }, // U+FB7C
    { 12, 11, 170, 0, 6, 17, 7881 }, // U+FB7D
    { 8, 15, 127, 0, 14, 15, 7898 }, // U+FB88
    { 10, 15, 142, 0, 14, 19, 7913 }, // U+FB89
    { 7, 15, 98, -1, 11, 14, 7932 }, // U+FB8A
    { 9, 15, 106, -1, 11, 17, 7946 }, // U+FB8B
    { 7, 17, 98, -1, 13, 15, 7963 }, // U+FB8C
    { 9, 17, 106, -1, 13, 20, 7978 }, // U+FB8D
    { 15, 13, 234, 0, 12, 25, 7998 }, // U+FB8E
    { 18, 13, 260, 0, 12, 30, 8023 }, // U+FB8F
    { 8, 13, 110, 0, 12, 13, 8053 }, // U+FB90
    { 10, 13, 136, 0, 12, 17, 8066 }, // U+FB91
    { 15, 15, 234, 0, 14, 29, 8083 }, // U+FB92
    { 18, 15, 260, 0, 14, 34, 8112 }, // U+FB93
    { 8, 15, 110, 0, 14, 15, 8146 }, // U+FB94
    { 10, 15, 136, 0, 14, 19, 8161 }, // U+FB95
    { 11, 10, 183, 0, 6, 14, 8180 }, // U+FB9E
    { 13, 9, 195, 0, 5, 15, 8194 }, // U+FB9F
    { 7, 8, 108, 0, 8, 7, 8209 }, // U+FBA6
    { 9, 7, 128, 0, 6, 8, 8216 }, // U+FBA7
    { 4, 11, 72, 0, 7, 6, 8224 }, // U+FBA8
    { 9, 8, 117, 0, 3, 9, 8230 }, // U+FBA9
    { 11, 10, 179, 0, 9, 14, 8239 }, // U+FBAA
    { 12, 11, 164, 0, 7, 17, 8253 }, // U+FBAB
    { 9, 10, 153, 0, 9, 12, 8270 }, // U+FBAC
    { 10, 11, 135, 0, 7, 14, 8282 }, // U+FBAD
    { 16, 9, 251, 0, 8, 18, 8296 }, // U+FBAE
    { 10, 7, 146, 0, 2, 9, 8314 }, // U+FBAF
    { 16, 13, 251, 0, 12, 26, 8323 }, // U+FBB0
    { 10, 11, 146, 0, 6, 14, 8349 }, // U+FBB1
    { 13, 11, 203, 0, 7, 18, 8363 }, // U+FBFC
    { 14, 7, 196, 0, 3, 13, 8381 }, // U+FBFD
    { 5, 11, 80, -1, 7, 7, 8394 }, // U+FBFE
    { 8, 9, 99, 0, 5, 9, 8401 }, // U+FBFF
    { 7, 7, 110, 0, 6, 7, 8410 }, // U+FE80
    { 6, 14, 63, -1, 14, 11, 8417 }, // U+FE81
    { 7, 16, 78, -1, 15, 14, 8428 }, // U+FE82
    { 4, 16, 63, 0, 16, 8, 8442 }, // U+FE83
    { 6, 18, 78, 0, 17, 14, 8450 }, // U+FE84
    { 7, 15, 119, 0, 11, 14, 8464 }, // U+FE85
    { 9, 15, 126, 0, 11, 17, 8478 }, // U+FE86
    { 5, 18, 63, 0, 12, 12, 8495 }, // U+FE87
    { 6, 18, 78, 0, 12, 14, 8507 }, // U+FE88
    { 13, 12, 203, 0, 8, 20, 8521 }, // U+FE89
    { 14, 12, 196, 0, 8, 21, 8541 }, // U+FE8A
    { 4, 13, 72, 0, 12, 7, 8562 }, // U+FE8B
    { 7, 11, 91, 0, 10, 10, 8569 }, // U+FE8C
    { 2, 12, 63, 1, 12, 3, 8579 }, // U+FE8D
    { 5, 13, 78, 1, 12, 9, 8582 }, // U+FE8E
    { 16, 11, 265, 0, 7, 22, 8591 }, // U+FE8F
    { 20, 10, 292, 0, 6, 25, 8613 }, // U+FE90
    { 4, 11, 72, 0, 7, 6, 8638 }, // U+FE91
    { 7, 9, 91, 0, 5, 8, 8644 }, // U+FE92
    { 7, 12, 108, 0, 12, 11, 8652 }, // U+FE93
    { 9, 14, 130, 0, 13, 16, 8663 }, // U+FE94
    { 16, 10, 265, 0, 9, 20, 8679 }, // U+FE95
    { 20, 10, 292, 0, 9, 25, 8699 }, // U+FE96
    { 5, 12, 72, 0, 11, 8, 8724 }, // U+FE97
    { 8, 10, 99, 0, 9, 10, 8732 }, // U+FE98
    { 16, 11, 265, 0, 10, 22, 8742 }, // U+FE99
    { 20, 11, 292, 0, 10, 28, 8764 }, // U+FE9A
    { 5, 13, 72, 0, 12, 9, 8792 }, // U+FE9B
    { 8, 11, 99, 0, 10, 11, 8801 }, // U+FE9C
    { 10, 14, 170, 0, 7, 18, 8812 }, // U+FE9D
    { 12, 14, 173, 0, 7, 21, 8830 }, // U+FE9E
    { 10, 10, 157, 0, 6, 13, 8851 }, // U+FE9F
    { 12, 10, 170, 0, 6, 15, 8864 }, // U+FEA0
    { 10, 14, 170, 0, 7, 18, 8879 }, // U+FEA1
    { 12, 14, 173, 0, 7, 21, 8897 }, // U+FEA2
    { 10, 7, 157, 0, 6, 9, 8918 }, // U+FEA3
    { 12, 7, 170, 0, 6, 11, 8927 }, // U+FEA4
    { 10, 18, 170, 0, 11, 23, 8938 }, // U+FEA5
    { 12, 18, 173, 0, 11, 27, 8961 }, // U+FEA6
    { 10, 11, 157, 0, 10, 14, 8988 }, // U+FEA7
    { 12, 11, 170, 0, 10, 17, 9002 }, // U+FEA8
    { 8, 9, 127, 0, 8, 9, 9019 }, // U+FEA9
    { 10, 9, 142, 0, 8, 12, 9028 }, // U+FEAA
    { 8, 13, 127, 0, 12, 13, 9040 }, // U+FEAB
    { 10, 13, 142, 0, 12, 17, 9053 }, // U+FEAC
    { 7, 10, 98, -1, 6, 9, 9070 }, // U+FEAD
    { 9, 10, 106, -1, 6, 12, 9079 }, // U+FEAE
    { 7, 14, 98, -1, 10, 13, 9091 }, // U+FEAF
    { 9, 14, 106, -1, 10, 16, 9104 }, // U+FEB0
    { 20, 11, 323, 0, 7, 28, 9120 }, // U+FEB1
    { 22, 10, 339, 0, 6, 28, 9148 }, // U+FEB2
    { 13, 8, 209, 0, 7, 13, 9176 }, // U+FEB3
    { 15, 7, 227, 0, 6, 14, 9189 }, // U+FEB4
    { 20, 15, 323, 0, 11, 38, 9203 }, // U+FEB5
    { 22, 15, 339, 0, 11, 42, 9241 }, // U+FEB6
    { 13, 12, 209, 0, 11, 20, 9283 }, // U+FEB7
    { 15, 12, 227, 0, 11, 23, 9303 }, // U+FEB8
    { 22, 11, 348, 0, 7, 31, 9326 }, // U+FEB9
    { 24, 11, 361, 0, 7, 33, 9357 }, // U+FEBA
    { 15, 8, 241, 0, 7, 15, 9390 }, // U+FEBB
    { 17, 8, 253, 0, 7, 17, 9405 }, // U+FEBC
    { 22, 15, 348, 0, 11, 42, 9422 }, // U+FEBD
    { 24, 15, 361, 0, 11, 45, 9464 }, // U+FEBE
    { 15, 11, 241, 0, 10, 21, 9509 }, // U+FEBF
    { 17, 11, 253, 0, 10, 24, 9530 }, // U+FEC0
    { 13, 13, 210, 0, 12, 22, 9554 }, // U+FEC1
    { 15, 13, 222, 0, 12, 25, 9576 }, // U+FEC2
    { 11, 13, 181, 0, 12, 18, 9601 }, // U+FEC3
    { 13, 13, 189, 0, 12, 22, 9619 }, // U+FEC4
    { 13, 13, 210, 0, 12, 22, 9641 }, // U+FEC5
    { 15, 13, 222, 0, 12, 25, 9663 }, // U+FEC6
    { 11, 13, 181, 0, 12, 18, 9688 }, // U+FEC7
    { 13, 13, 189, 0, 12, 22, 9706 }, // U+FEC8
    { 10, 16, 135, 0, 9, 20, 9728 }, // U+FEC9
    { 10, 14, 142, 0, 7, 18, 9748 }, // U+FECA
    { 8, 9, 134, 0, 8, 9, 9766 }, // U+FECB
    { 10, 8, 139, 0, 7, 10, 9775 }, // U+FECC
    { 10, 20, 135, 0, 13, 25, 9785 }, // U+FECD
    { 10, 18, 142, 0, 11, 23, 9810 }, // U+FECE
    { 8, 13, 134, 0, 12, 13, 9833 }, // U+FECF
    { 10, 12, 139, 0, 11, 15, 9846 }, // U+FED0
    { 16, 14, 262, 0, 13, 28, 9861 }, // U+FED1
    { 20, 12, 293, 0, 11, 30, 9889 }, // U+FED2
    { 7, 14, 119, 0, 13, 13, 9919 }, // U+FED3
    { 10, 12, 132, 0, 11, 15, 9932 }, // U+FED4
    { 13, 15, 206, 0, 11, 25, 9947 }, // U+FED5
    { 15, 15, 216, 0, 10, 29, 9972 }, // U+FED6
    { 7, 14, 119, 0, 13, 13, 10001 }, // U+FED7
    { 10, 12, 132, 0, 11, 15, 10014 }, // U+FED8
    { 14, 13, 235, 0, 12, 23, 10029 }, // U+FED9
    { 17, 13, 246, 0, 12, 28, 10052 }, // U+FEDA
    { 8, 13, 110, 0, 12, 13, 10080 }, // U+FEDB
    { 10, 13, 136, 0, 12, 17, 10093 }, // U+FEDC
    { 11, 16, 185, 0, 12, 22, 10110 }, // U+FEDD
    { 13, 16, 195, 0, 12, 26, 10132 }, // U+FEDE
    { 4, 13, 69, 0, 12, 7, 10158 }, // U+FEDF
    { 6, 13, 80, 0, 12, 10, 10165 }, // U+FEE0
    { 8, 14, 129, 0, 7, 14, 10175 }, // U+FEE1
    { 11, 14, 150, 0, 7, 20, 10189 }, // U+FEE2
    { 8, 7, 140, 0, 6, 7, 10209 }, // U+FEE3
    { 11, 8, 154, 0, 7, 11, 10216 }, // U+FEE4
    { 11, 13, 183, 0, 9, 18, 10227 }, // U+FEE5
    { 13, 13, 195, 0, 9, 22, 10245 }, // U+FEE6
    { 4, 12, 72, 0, 11, 6, 10267 }, // U+FEE7
    { 7, 10, 91, 0, 9, 9, 10273 }, // U+FEE8
    { 7, 8, 108, 0, 8, 7, 10282 }, // U+FEE9
    { 9, 10, 130, 0, 9, 12, 10289 }, // U+FEEA
    { 9, 10, 153, 0, 9, 12, 10301 }, // U+FEEB
    { 10, 11, 135, 0, 7, 14, 10313 }, // U+FEEC
    { 7, 10, 119, 0, 6, 9, 10327 }, // U+FEED
    { 9, 10, 126, 0, 6, 12, 10336 }, // U+FEEE
    { 13, 11, 203, 0, 7, 18, 10348 }, // U+FEEF
    { 14, 7, 196, 0, 3, 13, 10366 }, // U+FEF0
    { 13, 15, 203, 0, 7, 25, 10379 }, // U+FEF1
    { 14, 11, 196, 0, 3, 20, 10404 }, // U+FEF2
    { 5, 11, 80, -1, 7, 7, 10424 }, // U+FEF3
    { 8, 9, 99, 0, 5, 9, 10431 }, // U+FEF4
    { 11, 13, 155, -2, 13, 18, 10440 }, // U+FEF5
    { 12, 14, 160, -1, 13, 21, 10458 }, // U+FEF6
    { 10, 15, 155, -1, 15, 19, 10479 }, // U+FEF7
    { 11, 16, 160, 0, 15, 22, 10498 }, // U+FEF8
    { 9, 18, 155, 0, 12, 21, 10520 }, // U+FEF9
    { 11, 18, 160, 0, 12, 25, 10541 }, // U+FEFA
    { 9, 12, 155, 0, 12, 14, 10566 }, // U+FEFB
    { 11, 13, 160, 0, 12, 18, 10580 }, // U+FEFC
};

static const EpdUnicodeInterval leaguemono_8_semiboldIntervals[] = {
    { 0x0, 0x0, 0x0 },
    { 0xD, 0xD, 0x1 },
    { 0x20, 0x7E, 0x2 },
    { 0xA0, 0xB1, 0x61 },
    { 0xB4, 0xB4, 0x73 },
    { 0xB6, 0xB8, 0x74 },
    { 0xBA, 0xBB, 0x77 },
    { 0xBF, 0x131, 0x79 },
    { 0x134, 0x148, 0xEC },
    { 0x14A, 0x17E, 0x101 },
    { 0x1A0, 0x1A1, 0x136 },
    { 0x1AF, 0x1B0, 0x138 },
    { 0x1CD, 0x1DC, 0x13A },
    { 0x1E6, 0x1E7, 0x14A },
    { 0x1EA, 0x1EB, 0x14C },
    { 0x1FA, 0x21B, 0x14E },
    { 0x300, 0x304, 0x170 },
    { 0x306, 0x30C, 0x175 },
    { 0x30F, 0x30F, 0x17C },
    { 0x311, 0x312, 0x17D },
    { 0x31B, 0x31B, 0x17F },
    { 0x323, 0x324, 0x180 },
    { 0x326, 0x328, 0x182 },
    { 0x32E, 0x32E, 0x185 },
    { 0x331, 0x331, 0x186 },
    { 0x335, 0x338, 0x187 },
    { 0x34F, 0x34F, 0x18B },
    { 0x5D0, 0x5EA, 0x18C },
    { 0x60C, 0x60C, 0x1A7 },
    { 0x61B, 0x61B, 0x1A8 },
    { 0x61F, 0x61F, 0x1A9 },
    { 0x621, 0x621, 0x1AA },
    { 0x640, 0x640, 0x1AB },
    { 0x654, 0x654, 0x1AC },
    { 0x660, 0x669, 0x1AD },
    { 0x6BA, 0x6BA, 0x1B7 },
    { 0x6D4, 0x6D5, 0x1B8 },
    { 0x6F0, 0x6F9, 0x1BA },
    { 0x1EA0, 0x1EF9, 0x1C4 },
    { 0x2009, 0x2009, 0x21E },
    { 0x200B, 0x2011, 0x21F },
    { 0x2013, 0x2014, 0x226 },
    { 0x2018, 0x201A, 0x228 },
    { 0x201C, 0x201E, 0x22B },
    { 0x2020, 0x2022, 0x22E },
    { 0x2026, 0x2026, 0x231 },
    { 0x202F, 0x2030, 0x232 },
    { 0x2039, 0x203A, 0x234 },
    { 0x2044, 0x2044, 0x236 },
    { 0x204F, 0x204F, 0x237 },
    { 0x20AA, 0x20AA, 0x238 },
    { 0x20AC, 0x20AC, 0x239 },
    { 0x2190, 0x2199, 0x23A },
    { 0x2205, 0x2205, 0x244 },
    { 0x2212, 0x2212, 0x245 },
    { 0x221A, 0x221A, 0x246 },
    { 0x221E, 0x221E, 0x247 },
    { 0x2248, 0x2248, 0x248 },
    { 0x2260, 0x2260, 0x249 },
    { 0x2264, 0x2265, 0x24A },
    { 0xFB56, 0xFB59, 0x24C },
    { 0xFB66, 0xFB69, 0x250 },
    { 0xFB7A, 0xFB7D, 0x254 },
    { 0xFB88, 0xFB95, 0x258 },
    { 0xFB9E, 0xFB9F, 0x266 },
    { 0xFBA6, 0xFBB1, 0x268 },
    { 0xFBFC, 0xFBFF, 0x274 },
    { 0xFE80, 0xFEFC, 0x278 },
};

static const uint16_t leaguemono_8_semiboldKernLeftCodepoints[] = {
    0x05D0, 0x05D1, 0x05D2, 0x05D3, 0x05D5, 0x05D6, 0x05D8, 0x05D9, 0x05DB, 0x05DC, 0x05DE, 0x05E0,
    0x05E1, 0x05E2, 0x05E4, 0x05E6, 0x05E8, 0x05E9, 0x05EA, 0xFB8C, 0xFEAD, 0xFEAE, 0xFEAF,
};

static const uint8_t leaguemono_8_semiboldKernLeftClassIds[] = {
      1,   2,   3,   4,   5,   6,   7,   8,   9,  10,  11,  12,  13,  14,  15,  16,
     17,  18,  19,  20,  20,  20,  20,
};

static const uint16_t leaguemono_8_semiboldKernRightCodepoints[] = {
    0x05D0, 0x05D1, 0x05D2, 0x05D3, 0x05D4, 0x05D6, 0x05D7, 0x05D8, 0x05D9, 0x05DA, 0x05DB, 0x05DC,
    0x05DD, 0x05DE, 0x05E1, 0x05E2, 0x05E3, 0x05E4, 0x05E5, 0x05E7, 0x05E8, 0x05E9, 0x05EA, 0x06D5,
    0xFB8E, 0xFBA6, 0xFBAA, 0xFE8D, 0xFEA3, 0xFEA9, 0xFEB1, 0xFEB3, 0xFEB9, 0xFEBB, 0xFEC1, 0xFEC3,
    0xFECB, 0xFEDB, 0xFEDF, 0xFEE1, 0xFEE3, 0xFEEB,
};

static const uint8_t leaguemono_8_semiboldKernRightClassIds[] = {
      1,   2,   3,   4,   5,   6,   7,   8,   9,  10,  11,  12,  13,  14,  15,  16,
     17,  18,  19,  20,  21,  22,  23,  24,  24,  24,  24,  25,  24,  26,  26,  26,
     26,  26,  26,  26,  25,  24,  25,  24,  24,  24,
};

static const uint16_t leaguemono_8_semiboldKernRowOffsets[] = {
        0,     6,    11,    18,    29,    35,    36,    45,    56,    62,    72,    77,    80,    87,    89,    96,
      103,   113,   120,   130,   133,
};

static const uint8_t leaguemono_8_semiboldKernSparseCols[] = {
      8,  10,  11,  17,  19,  21,   3,   9,  14,  17,  20,   1,   7,   8,  10,  11,
     13,  17,   1,   4,   7,   9,  10,  12,  13,  14,  16,  17,  20,   1,   7,  12,
     14,  17,  20,   1,   3,   7,   9,  10,  16,  17,  18,  19,  20,   1,   4,   6,
      7,  10,  12,  13,  14,  17,  20,  22,   7,  10,  13,  14,  16,  17,   1,   2,
      7,   9,  10,  14,  16,  17,  21,  22,  10,  12,  13,  14,  17,   7,   8,  10,
      7,   9,  11,  14,  16,  17,  20,   7,  14,   9,  10,  11,  14,  16,  17,  21,
      0,   1,   3,   8,  12,  14,  17,   1,   7,   9,  10,  13,  14,  16,  17,  20,
     22,   1,   7,  10,  12,  14,  17,  20,   3,   5,   8,  10,  11,  13,  14,  15,
     17,  21,  23,  24,  25,
};

static const int8_t leaguemono_8_semiboldKernSparseValues[] = {
      -5,   -2,   -2,   -5,   -3,   -5,   -3,   -5,   -9,   -9,   -7,    1,   -5,   -9,   -3,   -4,
      -6,   -7,  -11,   -5,   -5,  -13,  -10,   -7,   -3,   -9,  -13,  -10,  -10,   -2,   -4,   -3,
      -2,   -5,   -3,   -5,   -3,   -5,   -5,   -2,   -3,   -6,   -5,   -5,   -3,  -17,   -5,   -2,
      -2,   -2,   -8,   -2,   -2,   -6,   -5,   -5,   -5,   -3,   -4,   -4,   -7,   -7,  -11,   -1,
      -5,   -8,   -7,   -5,  -10,   -4,    5,   -2,   -5,   -3,   -5,   -6,   -7,   -4,   -4,   -7,
      -1,   -8,   -1,   -1,   -8,   -3,   -3,   -2,   -7,   -2,   -5,   -2,   -2,   -7,   -1,   -2,
      -3,   -7,   -5,   -5,   -7,   -9,   -7,  -11,   -5,   -4,   -5,   -2,   -3,   -8,   -3,   -5,
      -6,   -6,   -1,   -6,   -2,   -3,   -2,   -2,  -12,  -13,   -4,   -5,   -1,   -9,  -11,  -11,
      -7,   -5,  -11,   -7,   -8,
};

static const EpdFontData leaguemono_8_semibold = {
    leaguemono_8_semiboldBitmaps,
    leaguemono_8_semiboldGlyphs,
    leaguemono_8_semiboldIntervals,
    68,
    18,
    14,
    -4,
    false,
    nullptr,
    0,
    nullptr,
    nullptr,  // kernLeftClasses: built-in fonts use the split arrays below
    nullptr,  // kernRightClasses
    leaguemono_8_semiboldKernLeftCodepoints,
    leaguemono_8_semiboldKernLeftClassIds,
    leaguemono_8_semiboldKernRightCodepoints,
    leaguemono_8_semiboldKernRightClassIds,
    nullptr,  // kernMatrix: built-in fonts use the sparse form below
    leaguemono_8_semiboldKernRowOffsets,
    leaguemono_8_semiboldKernSparseCols,
    leaguemono_8_semiboldKernSparseValues,
    23,
    42,
    20,
    26,
    nullptr,
    0,
};
