/**
 * generated by fontconvert.py
 * name: responder_18_italic
 * size: 18
 * mode: 2-bit  compressed: true
 * Command used: fontconvert.py responder_18_italic 18 /Users/mitchelllubbers/Development/XTEINK/Responder_P_Italic.otf --2bit --compress --pnum --zopfli
 */
#pragma once
#include "EpdFontData.h"

static const uint8_t responder_18_italicBitmaps[30558] = {
    0x9D, 0x9B, 0x3F, 0xB0, 0xDD, 0xC6, 0x75, 0xFF, 0x17, 0xF7, 0xFE, 0xDE, 0xC3, 0x88, 0x28, 0xAE,
    0x0B, 0x5B, 0xBF, 0x31, 0x39, 0x63, 0xB4, 0x49, 0x11, 0x6D, 0x5F, 0x2D, 0x9C, 0x94, 0x29, 0xCC,
    0x42, 0x4F, 0x9E, 0x91, 0x0A, 0x36, 0x29, 0x22, 0xB9, 0x60, 0x5F, 0xC4, 0x7B, 0x6D, 0x15, 0x2E,
    0x54, 0x98, 0x85, 0x94, 0x36, 0x2E, 0xE4, 0x19, 0xE9, 0xA5, 0x60, 0xE3, 0x22, 0x4D, 0x82, 0x9B,
    0xB0, 0x50, 0xA1, 0x22, 0x70, 0x32, 0x9A, 0x94, 0x46, 0x64, 0x7A, 0x5C, 0xA8, 0xD0, 0x3A, 0x82,
    0x47, 0x20, 0x09, 0xE0, 0xE4, 0x7C, 0xE6, 0x60, 0xC7, 0xF7, 0xEA, 0x5D, 0x92, 0x33, 0x59, 0xDE,
    0xFB, 0xDD, 0x7D, 0x17, 0x8B, 0xDD, 0xB3, 0xE7, 0xDF, 0x9E, 0x3D, 0x00, 0x9D, 0x96, 0x5B, 0xCE,
    0x85, 0x83, 0x8B, 0x7C, 0x5C, 0x7B, 0x70, 0xA2, 0x9F, 0xBD, 0x7E, 0x0A, 0x69, 0x0A, 0x71, 0x1B,
    0xE1, 0xB3, 0x5D, 0x1C, 0x9F, 0xD9, 0x95, 0x93, 0xAB, 0x26, 0x70, 0x3B, 0x38, 0x97, 0x4B, 0xD5,
    0x30, 0x40, 0xE8, 0x5C, 0xEC, 0x18, 0x40, 0x3F, 0xA1, 0x71, 0xFF, 0xCF, 0xB9, 0x62, 0x7F, 0xE9,
    0xAA, 0xE4, 0x0F, 0xBB, 0x31, 0xF4, 0xBB, 0x21, 0x74, 0xF5, 0x10, 0xBB, 0x3A, 0xC5, 0x83, 0x4F,
    0xED, 0x21, 0xF0, 0xED, 0xE5, 0x10, 0x3A, 0xD9, 0x47, 0xFD, 0x86, 0x83, 0x34, 0xBE, 0xF9, 0xB1,
    0x3B, 0x2D, 0xAF, 0x31, 0xB6, 0x73, 0x6D, 0x13, 0x3A, 0xAD, 0xE8, 0xE9, 0x94, 0x9C, 0x46, 0x67,
    0x70, 0x5B, 0x81, 0x52, 0x57, 0xCD, 0x4A, 0xA7, 0xFB, 0xCE, 0xBD, 0xF9, 0x47, 0xF2, 0x0B, 0x27,
    0x94, 0x69, 0x63, 0x55, 0x61, 0x95, 0xFD, 0x38, 0xB8, 0x42, 0xE7, 0x48, 0x8E, 0xBB, 0x43, 0xCF,
    0xDD, 0x10, 0xEB, 0xCA, 0xC5, 0x06, 0x99, 0x58, 0xF2, 0x4E, 0x28, 0x2E, 0x80, 0xB2, 0x3F, 0xA9,
    0x9A, 0x5B, 0xF2, 0xF4, 0xE1, 0xF2, 0xBE, 0x92, 0xA0, 0x8B, 0x71, 0x50, 0x52, 0x0F, 0xBA, 0x3E,
    0x25, 0x39, 0x31, 0x96, 0x0B, 0x54, 0x8B, 0x0B, 0x8C, 0x3C, 0xC3, 0x0C, 0xB7, 0x99, 0x5C, 0xBD,
    0xD7, 0x9E, 0xDF, 0xCA, 0x4B, 0x79, 0x05, 0x70, 0x61, 0x0F, 0x42, 0x7F, 0x46, 0x01, 0x2F, 0xE5,
    0x31, 0xC3, 0x41, 0x67, 0x25, 0x10, 0xED, 0x15, 0x67, 0x17, 0x85, 0x76, 0xFB, 0xB9, 0x5C, 0xF6,
    0x4E, 0x1E, 0x09, 0xBD, 0xDF, 0x5D, 0xC0, 0x47, 0x33, 0xF8, 0x7B, 0x30, 0xCA, 0xC4, 0xB8, 0x22,
    0x9D, 0x63, 0x05, 0x13, 0xF4, 0x08, 0x5D, 0xEF, 0x2B, 0xF5, 0xFC, 0xC4, 0x04, 0xF5, 0xC0, 0x65,
    0x9F, 0x62, 0x0F, 0x42, 0x66, 0x48, 0x11, 0xEC, 0xDB, 0xEE, 0x56, 0x13, 0x3E, 0x57, 0x39, 0x2C,
    0xAD, 0x48, 0xC3, 0x6A, 0x17, 0x07, 0x8E, 0xAE, 0x16, 0xC6, 0x2C, 0x5A, 0x79, 0xE2, 0x1C, 0x6C,
    0x03, 0x45, 0x81, 0xF5, 0x82, 0x10, 0xC2, 0x6A, 0x29, 0xA3, 0x3B, 0x5B, 0xFE, 0x7F, 0x97, 0x5B,
    0x15, 0x84, 0x59, 0x89, 0x22, 0x6B, 0xAB, 0x10, 0x48, 0xBC, 0xDC, 0x73, 0x5D, 0xA0, 0xB3, 0xEE,
    0x1D, 0x14, 0x3F, 0x90, 0x0E, 0x8E, 0x2A, 0xA9, 0x13, 0x2C, 0x6D, 0xF9, 0x35, 0x24, 0x9A, 0x02,
    0xB3, 0x94, 0xF0, 0x90, 0xB6, 0x02, 0x41, 0x2D, 0x1D, 0x4B, 0x59, 0xB9, 0xA9, 0x5A, 0x36, 0x59,
    0x53, 0xFB, 0x78, 0x68, 0xA2, 0x83, 0x74, 0x31, 0xD1, 0x8C, 0x7A, 0xCF, 0x41, 0xBA, 0xE2, 0x9E,
    0xDE, 0x33, 0xDF, 0x97, 0xBF, 0x94, 0xBD, 0x5F, 0x57, 0x89, 0x2A, 0xC9, 0x0C, 0x0D, 0xD3, 0x6E,
    0x2E, 0x45, 0x50, 0x79, 0x49, 0x7E, 0xAA, 0xE5, 0x99, 0xCE, 0x12, 0x97, 0x26, 0xA6, 0xB0, 0x14,
    0x62, 0xE2, 0xEA, 0xE3, 0x60, 0x64, 0x6C, 0x18, 0xCD, 0x84, 0x58, 0xA2, 0x8B, 0xD6, 0xDC, 0xCD,
    0xAA, 0x1C, 0xD6, 0x0C, 0x23, 0xAA, 0x29, 0x34, 0xDB, 0x94, 0x9B, 0x85, 0x74, 0x5A, 0x6F, 0x10,
    0xCD, 0x56, 0x41, 0xBA, 0x4A, 0xB8, 0x4B, 0x21, 0x2E, 0xED, 0x42, 0x73, 0x42, 0x9A, 0x32, 0xD1,
    0x1C, 0xB8, 0x22, 0x50, 0x5F, 0xA1, 0xAC, 0xB0, 0x28, 0x33, 0x11, 0xA1, 0x9C, 0x29, 0x2D, 0xAB,
    0xA6, 0x27, 0xDC, 0xF1, 0x76, 0x43, 0x10, 0xE9, 0xB9, 0xF4, 0xA4, 0xA5, 0x12, 0x35, 0x3D, 0xAA,
    0xBD, 0x55, 0x58, 0x03, 0x7F, 0x29, 0x59, 0xE8, 0x95, 0x31, 0xD8, 0x6E, 0x0F, 0xCA, 0x93, 0x4D,
    0xEF, 0x6A, 0x19, 0x9C, 0x2A, 0xBD, 0x17, 0x65, 0xF0, 0xE8, 0x04, 0xA2, 0x87, 0xAD, 0x48, 0xB7,
    0x95, 0x4E, 0x89, 0x1B, 0x94, 0x74, 0x3F, 0x85, 0x25, 0xA8, 0xA8, 0x12, 0xC4, 0xBA, 0xA8, 0x57,
    0x8C, 0x1B, 0x22, 0x8E, 0xAA, 0xD5, 0x5B, 0x62, 0xBF, 0xE5, 0x1A, 0x5A, 0xA6, 0xA3, 0x7A, 0x85,
    0x28, 0x0D, 0xDD, 0x77, 0xD2, 0xE8, 0x95, 0xA6, 0x80, 0x01, 0xBA, 0xDC, 0x3F, 0xCF, 0x0B, 0x29,
    0x9A, 0x2A, 0xED, 0x86, 0xDD, 0x50, 0x0F, 0x75, 0xF2, 0x09, 0x9D, 0x0D, 0x7D, 0xEC, 0xDA, 0x83,
    0x7A, 0x8D, 0xFD, 0x2B, 0xB9, 0xCF, 0xE0, 0x70, 0x45, 0xAE, 0x9E, 0xF5, 0xE6, 0xC9, 0x15, 0x3A,
    0x41, 0xA9, 0x33, 0xC3, 0xCC, 0x30, 0xC1, 0x74, 0xE7, 0x74, 0x59, 0xF0, 0x1A, 0x95, 0xAD, 0x66,
    0x63, 0x6E, 0xAD, 0x2C, 0xF2, 0x03, 0x1A, 0xB5, 0x7E, 0xFB, 0x9B, 0xDF, 0x7C, 0x8D, 0x7E, 0xF4,
    0xE7, 0xBE, 0x6A, 0x81, 0xB1, 0x26, 0x36, 0xA4, 0xE8, 0xE0, 0x6A, 0xA4, 0x93, 0xB6, 0x2F, 0x61,
    0x18, 0x65, 0x34, 0xCB, 0xD8, 0x9E, 0x74, 0xCC, 0x23, 0xEA, 0xC5, 0x7A, 0x5A, 0x47, 0xD3, 0x6F,
    0x39, 0xEB, 0x97, 0xCE, 0xA7, 0x5F, 0x7E, 0xCF, 0xD4, 0xF2, 0xCD, 0xD4, 0xA2, 0xF8, 0xE8, 0x10,
    0x0B, 0x82, 0x10, 0x96, 0xCD, 0x90, 0x92, 0x74, 0x2A, 0x96, 0xDD, 0xB8, 0xC0, 0x4F, 0xF4, 0x3E,
    0x28, 0x49, 0x47, 0x6A, 0xB1, 0x49, 0x20, 0xBC, 0x62, 0x66, 0x70, 0x07, 0x22, 0x57, 0x70, 0xA0,
    0x77, 0x9D, 0x9C, 0x2A, 0x83, 0x4F, 0x77, 0x86, 0x20, 0xF7, 0xFF, 0x20, 0x53, 0x10, 0x2D, 0x93,
    0x07, 0xD3, 0x46, 0x61, 0x69, 0x90, 0x5B, 0xCF, 0xBA, 0x66, 0x6E, 0x12, 0xEE, 0xF5, 0x42, 0x3B,
    0x3E, 0x13, 0x45, 0xF9, 0x4F, 0x69, 0x58, 0xB4, 0x40, 0x0B, 0x56, 0x5B, 0x4F, 0x90, 0xBD, 0x4B,
    0xCE, 0xAB, 0x60, 0x0E, 0xE8, 0x70, 0x2E, 0xB7, 0x80, 0x70, 0x00, 0xF8, 0x31, 0xD2, 0x6A, 0x01,
    0x01, 0x64, 0x0F, 0x34, 0xEE, 0xE2, 0x0D, 0xF9, 0xA2, 0x8F, 0x50, 0x01, 0x11, 0x73, 0x4B, 0x0B,
    0xAA, 0x7A, 0xB8, 0x84, 0xEF, 0xC9, 0x6B, 0xAA, 0x56, 0x60, 0x59, 0x79, 0x55, 0xDB, 0x94, 0x27,
    0xFB, 0x18, 0xF6, 0x94, 0xD2, 0xEF, 0xF4, 0x83, 0xCE, 0x1E, 0x2A, 0xC1, 0x00, 0x37, 0xA2, 0xCC,
    0xE7, 0x06, 0x3F, 0x42, 0x66, 0xEC, 0x70, 0xCE, 0xAF, 0x28, 0x6D, 0xD7, 0x78, 0x40, 0x39, 0x44,
    0x91, 0x8E, 0xBA, 0x96, 0xC5, 0xC6, 0x69, 0x74, 0x1F, 0x9B, 0xE2, 0xAC, 0xFF, 0xA6, 0x30, 0x5E,
    0xDE, 0x75, 0x2E, 0x97, 0xDB, 0x80, 0x8B, 0x50, 0x6D, 0x0B, 0x28, 0x84, 0x36, 0x3A, 0x60, 0x6A,
    0x63, 0x62, 0x37, 0xD1, 0x98, 0xCE, 0xAC, 0x1D, 0x11, 0xA5, 0x69, 0x15, 0x9E, 0x03, 0xF4, 0xE3,
    0x51, 0x97, 0xEE, 0x6C, 0x97, 0x70, 0xDA, 0x85, 0x89, 0xCC, 0x85, 0x66, 0xB9, 0xE6, 0x2E, 0x21,
    0x81, 0x9E, 0x89, 0x8E, 0xB5, 0x81, 0xBF, 0x3E, 0x04, 0x5B, 0x49, 0x8C, 0x2C, 0xA8, 0xA5, 0x88,
    0xF9, 0x1D, 0x9D, 0x41, 0x46, 0xE5, 0xCB, 0x46, 0x0D, 0x7C, 0x61, 0xE4, 0xAD, 0x30, 0xB9, 0xA2,
    0x4E, 0xBE, 0x51, 0x9C, 0xC0, 0x7A, 0x04, 0xFD, 0x60, 0x7B, 0x5F, 0xC6, 0x25, 0x63, 0x8F, 0x0A,
    0x2B, 0x6A, 0x67, 0x10, 0xFE, 0xD2, 0x59, 0xD1, 0x1A, 0x4A, 0x75, 0x3D, 0x9B, 0xA9, 0x8A, 0x40,
    0x3F, 0xD3, 0x16, 0xEC, 0x7E, 0xD0, 0xC0, 0x62, 0x8A, 0x0F, 0x33, 0xA5, 0xD3, 0x46, 0x16, 0x2F,
    0x4B, 0xE0, 0x33, 0xFB, 0x2F, 0x88, 0x3F, 0x18, 0x77, 0x37, 0xA2, 0xB6, 0xB5, 0x7E, 0x50, 0x2F,
    0xDB, 0x1E, 0x4E, 0x42, 0x10, 0x0B, 0x63, 0xF0, 0x2C, 0x8D, 0x92, 0x6A, 0x9F, 0x42, 0xA7, 0xF9,
    0x1B, 0x77, 0x5A, 0x5E, 0x65, 0xA6, 0x4B, 0xDC, 0x1A, 0xCB, 0xC7, 0xCA, 0x8E, 0x58, 0xE1, 0x1F,
    0x18, 0x57, 0xB7, 0x37, 0x71, 0x01, 0xB1, 0xD2, 0xCC, 0x73, 0x6F, 0xC2, 0xED, 0xA1, 0x5E, 0x6C,
    0x57, 0xC8, 0x92, 0x37, 0x5F, 0xC4, 0x8E, 0x41, 0x6F, 0x51, 0xC0, 0x5F, 0xF1, 0x83, 0x6D, 0x78,
    0x9F, 0xBD, 0xB1, 0x67, 0x42, 0x49, 0xA0, 0x0C, 0xD6, 0x5E, 0x37, 0xE0, 0x6F, 0x14, 0xD4, 0xAE,
    0x68, 0xF9, 0xBD, 0x46, 0x70, 0x74, 0x5D, 0x40, 0xF8, 0x58, 0xFF, 0xAE, 0x14, 0x53, 0xC2, 0x8C,
    0x59, 0x15, 0x4B, 0x69, 0x88, 0x08, 0x84, 0x29, 0x65, 0x5A, 0x77, 0x15, 0x70, 0x9F, 0x71, 0xC3,
    0x98, 0x74, 0x4F, 0x59, 0x51, 0xB1, 0xA3, 0x53, 0x4F, 0x81, 0x5E, 0xE9, 0x24, 0x6F, 0xAC, 0x74,
    0xF6, 0xA0, 0x1C, 0xC0, 0x05, 0x16, 0x12, 0xC3, 0xB8, 0x8B, 0x2B, 0x77, 0xB3, 0x7C, 0x0B, 0x28,
    0x26, 0xB0, 0x34, 0x73, 0x00, 0x5D, 0x04, 0x1D, 0x7C, 0xCE, 0x3E, 0x65, 0x8D, 0x65, 0x40, 0xF9,
    0x72, 0x84, 0xDA, 0x9F, 0x2B, 0x56, 0x52, 0x0F, 0x30, 0xB2, 0x4E, 0xE8, 0xB4, 0x57, 0x94, 0x03,
    0x9A, 0xC6, 0xE6, 0x85, 0x7D, 0x29, 0xD6, 0xF3, 0x15, 0xB1, 0x80, 0xC0, 0x87, 0xB8, 0x06, 0x6E,
    0x60, 0x0D, 0x32, 0xB9, 0xBC, 0xEF, 0xCC, 0xA9, 0xD0, 0x36, 0x74, 0x86, 0x14, 0xC3, 0x6F, 0x03,
    0x57, 0x57, 0x17, 0xF0, 0x0B, 0x06, 0xA1, 0x9D, 0x03, 0xB8, 0xB6, 0x75, 0x1A, 0xB3, 0x28, 0x90,
    0x59, 0xC1, 0x0E, 0x8C, 0xC7, 0x01, 0x9D, 0xCC, 0x20, 0xB2, 0x03, 0x07, 0x90, 0x15, 0x7D, 0xF7,
    0xAA, 0xE5, 0x02, 0x04, 0x9B, 0x16, 0xDD, 0x0C, 0xA8, 0x0A, 0x34, 0xCA, 0xD5, 0x4F, 0xD0, 0x0E,
    0x0B, 0xC2, 0xB2, 0x26, 0x08, 0x7E, 0xDF, 0x46, 0xBE, 0xBC, 0x6E, 0xDC, 0xF9, 0x72, 0x67, 0xC9,
    0x7B, 0x3F, 0x3C, 0xD8, 0x73, 0x83, 0x34, 0x50, 0x3E, 0xC3, 0x54, 0x08, 0x85, 0x82, 0x55, 0xC6,
    0xDB, 0x23, 0x1D, 0xDD, 0x2D, 0xF7, 0x1F, 0x2B, 0x0A, 0x72, 0xF4, 0xCC, 0x05, 0x22, 0x65, 0xF9,
    0xAC, 0x1D, 0xD9, 0x54, 0x30, 0xE4, 0xC1, 0x55, 0x8A, 0x3D, 0x14, 0x86, 0x94, 0x71, 0x02, 0xCD,
    0x87, 0xA2, 0x1B, 0xF2, 0xFD, 0xCC, 0x2A, 0x1D, 0x9F, 0x71, 0x0A, 0xC6, 0x64, 0xD0, 0x81, 0x89,
    0xDF, 0x76, 0x90, 0xFF, 0xF7, 0xD7, 0x1F, 0x32, 0xFC, 0xCC, 0xDA, 0x16, 0x60, 0xE6, 0x0E, 0x64,
    0x2E, 0xC9, 0x8C, 0xC4, 0xC8, 0xC2, 0xDB, 0x31, 0xAA, 0x59, 0x0F, 0x06, 0x8D, 0x3F, 0xCA, 0x17,
    0xE9, 0xCF, 0xD6, 0x0C, 0x01, 0x66, 0x76, 0xF4, 0x40, 0xDF, 0x19, 0x23, 0x73, 0xB5, 0x5C, 0x4E,
    0x77, 0x86, 0x81, 0x3F, 0x13, 0xB4, 0x68, 0xB7, 0xE3, 0x60, 0xAA, 0x84, 0x61, 0x9E, 0x45, 0xB7,
    0xC8, 0x4C, 0x9E, 0xB6, 0x93, 0x5A, 0xF1, 0x6E, 0xDE, 0x48, 0x53, 0x2A, 0xB8, 0x8A, 0x96, 0xD7,
    0xDF, 0x3A, 0xAE, 0x3E, 0x93, 0x9E, 0x7E, 0xDC, 0x81, 0xF5, 0x29, 0x14, 0xF0, 0xBA, 0x62, 0xCD,
    0xB5, 0x86, 0x96, 0xBD, 0x92, 0x1D, 0x89, 0xB0, 0x39, 0xEA, 0x28, 0x60, 0x25, 0x40, 0x4C, 0x6D,
    0x52, 0xA3, 0x8F, 0xD2, 0xCA, 0xC1, 0x73, 0x07, 0xC2, 0xE1, 0x5E, 0x25, 0xFF, 0xF6, 0x53, 0x68,
    0xF9, 0xD1, 0x87, 0x16, 0x0D, 0x37, 0x39, 0x6E, 0x43, 0x0D, 0x90, 0xA4, 0x4C, 0x88, 0xAC, 0x5E,
    0xB2, 0x37, 0xC6, 0x0F, 0x37, 0x8A, 0x85, 0xA2, 0xB2, 0x21, 0xB7, 0x0D, 0x2B, 0xBA, 0x35, 0x5B,
    0x15, 0x9F, 0x70, 0x2F, 0x26, 0x60, 0xE8, 0x05, 0x82, 0x37, 0xF2, 0x0F, 0xB6, 0xD9, 0x4C, 0x60,
    0x84, 0x29, 0x1B, 0x0B, 0x33, 0xA5, 0x63, 0xD7, 0x95, 0x66, 0x35, 0xEA, 0x08, 0x2F, 0xC0, 0x03,
    0xB7, 0x3E, 0xA1, 0xF7, 0x4D, 0xFB, 0xFE, 0x2E, 0x9C, 0x67, 0x8B, 0x25, 0x98, 0x65, 0x73, 0x25,
    0x36, 0xFF, 0xF6, 0xE9, 0x7E, 0x33, 0x30, 0x57, 0x98, 0x50, 0xEC, 0x76, 0x62, 0xC6, 0x3A, 0x7B,
    0x36, 0x6C, 0x47, 0x52, 0x41, 0x8C, 0xC1, 0xA7, 0xD0, 0x35, 0xBF, 0xF3, 0x0D, 0x05, 0x67, 0x45,
    0x25, 0x23, 0x77, 0xB6, 0x7F, 0xEB, 0xA7, 0x64, 0xFF, 0x86, 0x0F, 0xD8, 0x0B, 0xCA, 0xA9, 0x1A,
    0xC0, 0x48, 0xE1, 0xF8, 0xAE, 0x01, 0xD1, 0xDB, 0x2A, 0x65, 0x52, 0x86, 0xA8, 0x38, 0x38, 0xD6,
    0x12, 0xE9, 0x27, 0x9A, 0x16, 0x2E, 0xE1, 0x44, 0x17, 0xB4, 0x9F, 0x30, 0xB1, 0xA7, 0x2B, 0x2B,
    0xE6, 0x87, 0x83, 0xFD, 0xD0, 0x76, 0xB6, 0x89, 0xAE, 0x65, 0xF3, 0x50, 0x64, 0x44, 0x63, 0xE7,
    0x5A, 0x61, 0xA1, 0x35, 0x95, 0x72, 0x7D, 0x8D, 0xE0, 0x6E, 0x94, 0xDB, 0xD7, 0x0F, 0x11, 0xB7,
    0xDE, 0x21, 0x19, 0x86, 0x20, 0x72, 0xFD, 0xE0, 0xA8, 0xCF, 0x3F, 0xAD, 0xE7, 0x2B, 0x66, 0xA3,
    0x85, 0x68, 0x5A, 0xFE, 0xAE, 0xED, 0xEF, 0x11, 0x26, 0xF1, 0x63, 0x2D, 0x79, 0xFB, 0x80, 0xE0,
    0x02, 0x42, 0x2B, 0xBA, 0x78, 0x3A, 0xB7, 0x13, 0x03, 0x24, 0x5B, 0x88, 0xF3, 0x4B, 0xB6, 0x9D,
    0x00, 0xA3, 0x6F, 0x9D, 0x72, 0xF4, 0xFE, 0x8C, 0x79, 0xE2, 0x1C, 0x7B, 0xF6, 0xBC, 0xB0, 0xC4,
    0x21, 0x74, 0xBB, 0xF1, 0x02, 0x2F, 0xCF, 0x9E, 0x8A, 0x87, 0x63, 0xD9, 0x85, 0x45, 0x9A, 0x76,
    0x26, 0xB1, 0x9F, 0x1C, 0x46, 0xCD, 0x7C, 0x90, 0xF1, 0x77, 0xEE, 0xA4, 0x6C, 0xF4, 0x72, 0x35,
    0x38, 0x46, 0xB1, 0x2F, 0xF1, 0xB9, 0xD2, 0x97, 0xCB, 0xC5, 0xEB, 0x20, 0x5B, 0x85, 0xA9, 0x12,
    0x26, 0x24, 0x9D, 0xE9, 0x3B, 0xFA, 0x0D, 0xDF, 0x29, 0x0D, 0x16, 0xF1, 0xBB, 0x0B, 0x76, 0xA4,
    0x52, 0x18, 0x03, 0x17, 0x28, 0x7B, 0x6E, 0x18, 0xD1, 0x20, 0xD3, 0x5C, 0x49, 0x16, 0x12, 0xE1,
    0x30, 0x6A, 0x55, 0x90, 0xA5, 0xB4, 0x73, 0xDB, 0x56, 0x76, 0xAA, 0x13, 0xC2, 0x21, 0x45, 0x35,
    0x23, 0xD2, 0x10, 0x3F, 0x14, 0x42, 0x43, 0x38, 0x38, 0xF6, 0xF4, 0x89, 0x7D, 0x25, 0xAA, 0x6E,
    0xE5, 0xD2, 0x76, 0xBB, 0x59, 0xF9, 0x56, 0xCD, 0xED, 0xA1, 0x56, 0xB1, 0xA6, 0xDD, 0x24, 0x87,
    0x7A, 0xF0, 0x98, 0xB0, 0x90, 0xA9, 0xA0, 0xBB, 0x36, 0xBE, 0x16, 0xF9, 0xAD, 0x74, 0x58, 0xB7,
    0x60, 0xF8, 0xDA, 0x59, 0xA6, 0x28, 0x8B, 0xD3, 0xDB, 0x65, 0x88, 0x2A, 0x23, 0x06, 0x3C, 0x44,
    0xE9, 0x38, 0x9B, 0xCE, 0x68, 0x16, 0x3E, 0xB1, 0x81, 0xF3, 0x04, 0xEA, 0x56, 0x08, 0xD1, 0x29,
    0x26, 0x69, 0xCA, 0x06, 0x2B, 0x5B, 0x79, 0xF1, 0xF4, 0x7A, 0xA6, 0x91, 0xB7, 0x2C, 0x57, 0x1A,
    0x2F, 0x56, 0xB6, 0x50, 0xB3, 0xF3, 0x9B, 0x9A, 0xBD, 0xBC, 0xBC, 0x76, 0x14, 0x94, 0xB6, 0x16,
    0x94, 0x82, 0x5B, 0xE9, 0x18, 0x7A, 0x0D, 0x3C, 0x12, 0xAC, 0x14, 0x30, 0xC8, 0x40, 0x47, 0x36,
    0x5D, 0x27, 0xFF, 0x3E, 0x41, 0xD9, 0x7B, 0x13, 0xDD, 0xED, 0x30, 0xB2, 0x5D, 0xD0, 0x82, 0xAD,
    0xB0, 0xAA, 0x8D, 0x98, 0xC0, 0xBA, 0x1D, 0x98, 0x0C, 0x2B, 0xB0, 0xDF, 0xCA, 0xD5, 0x55, 0xDB,
    0x73, 0x4B, 0x50, 0x46, 0xA2, 0x47, 0x35, 0x1A, 0x35, 0xA0, 0x4F, 0x64, 0x81, 0x18, 0x24, 0xA0,
    0x25, 0x13, 0x06, 0x55, 0x0E, 0x17, 0x50, 0xB7, 0xF2, 0xE4, 0x7B, 0x6F, 0x36, 0x76, 0xE6, 0xB4,
    0xCD, 0xAB, 0x45, 0x35, 0xE4, 0x0B, 0x25, 0x4E, 0xD9, 0xAA, 0xB0, 0x27, 0x6E, 0x6C, 0xEA, 0xA1,
    0x00, 0x36, 0x04, 0x9C, 0x0A, 0xAD, 0x4A, 0xF2, 0x2D, 0x8E, 0xA2, 0x22, 0x07, 0x00, 0x9E, 0x19,
    0x75, 0xFB, 0x6A, 0x52, 0xC5, 0x50, 0x1A, 0xDA, 0x5E, 0x55, 0x91, 0xFC, 0x93, 0x42, 0x8D, 0x9B,
    0x50, 0x5A, 0xA4, 0xF3, 0xA9, 0x94, 0x43, 0xA0, 0x1F, 0xE0, 0x14, 0x26, 0x3B, 0xDD, 0x5C, 0x5C,
    0x10, 0x28, 0x9C, 0xB3, 0x64, 0x18, 0x8F, 0xC5, 0xE4, 0x3C, 0x0D, 0xB8, 0xEE, 0x93, 0xAD, 0xBC,
    0xFF, 0xEA, 0x83, 0x42, 0xC6, 0xBC, 0xAD, 0xE6, 0x58, 0xDC, 0xE4, 0x39, 0xAE, 0x11, 0x15, 0x98,
    0x23, 0x87, 0x17, 0x61, 0xCA, 0xD1, 0x64, 0x0E, 0x1E, 0x77, 0xAB, 0x3A, 0x3C, 0xBE, 0xFC, 0x05,
    0x76, 0xCB, 0x3C, 0x8A, 0xB0, 0x97, 0x36, 0x4A, 0xDF, 0x9B, 0x75, 0x3D, 0xBF, 0xD4, 0x82, 0xC5,
    0x45, 0x78, 0x0A, 0x67, 0x47, 0x10, 0x9D, 0x62, 0x87, 0x20, 0xD9, 0x57, 0xC2, 0xEC, 0x06, 0x47,
    0xAC, 0x18, 0x94, 0xC9, 0xD0, 0xBD, 0x91, 0x2C, 0xF4, 0x6A, 0xB2, 0x73, 0xE9, 0x8A, 0x33, 0x58,
    0x4E, 0xFC, 0x5E, 0xAD, 0x48, 0x4F, 0x6C, 0xDE, 0x8F, 0x60, 0x48, 0xD8, 0xBE, 0xA4, 0x7A, 0xE0,
    0x44, 0x5E, 0x27, 0x77, 0x5F, 0xE5, 0x97, 0xDE, 0x92, 0x9C, 0x5B, 0x02, 0x3B, 0x70, 0x81, 0x34,
    0x51, 0x6F, 0x58, 0xBC, 0x79, 0xF7, 0xD8, 0x6B, 0x5E, 0x3F, 0x30, 0x99, 0xB4, 0x19, 0x2C, 0x94,
    0xCA, 0x27, 0x43, 0x57, 0x18, 0x60, 0x41, 0x19, 0x60, 0xCD, 0x00, 0x4C, 0x06, 0x25, 0x13, 0x95,
    0x8B, 0x8E, 0x74, 0x7A, 0x32, 0x34, 0xA8, 0x07, 0x20, 0x39, 0x38, 0x7D, 0x75, 0xD7, 0x48, 0x51,
    0x10, 0x83, 0x5A, 0xD8, 0x96, 0xAF, 0xF4, 0x82, 0xBB, 0x65, 0xB4, 0x60, 0xE1, 0x67, 0x68, 0x01,
    0xCE, 0xD3, 0xF2, 0xF0, 0x23, 0x05, 0x11, 0x40, 0x9A, 0xAC, 0x96, 0xF3, 0x0D, 0x5A, 0x86, 0x4C,
    0x8B, 0x4F, 0x19, 0x02, 0x10, 0x7A, 0xA0, 0xCB, 0xE7, 0xB7, 0x0B, 0x77, 0xAE, 0xBC, 0xF9, 0x31,
    0x78, 0x07, 0xE2, 0xD0, 0x4A, 0x41, 0x52, 0x8A, 0x88, 0x30, 0x6F, 0xFA, 0x9F, 0xBD, 0x3A, 0xDB,
    0x16, 0x92, 0x4D, 0x1F, 0xDD, 0xCC, 0xCA, 0x99, 0x35, 0x2C, 0xAB, 0x27, 0x53, 0x07, 0xE9, 0x98,
    0x5C, 0x24, 0x59, 0x85, 0xC9, 0xB8, 0x96, 0xAA, 0x73, 0xB7, 0x5B, 0x7E, 0x84, 0x4C, 0xAA, 0xF5,
    0x3C, 0x47, 0xD3, 0x8F, 0x54, 0x84, 0xF5, 0xD0, 0xBC, 0x93, 0xEE, 0x52, 0xD8, 0x3C, 0x73, 0x08,
    0x48, 0x05, 0x49, 0x70, 0xAB, 0xA4, 0x42, 0xC6, 0xBF, 0x84, 0x6D, 0xC6, 0x38, 0x8A, 0x55, 0xC7,
    0x71, 0xC3, 0x2B, 0xB6, 0x37, 0x86, 0xBD, 0x2B, 0x16, 0x7C, 0x18, 0x9C, 0xA5, 0x42, 0x21, 0x19,
    0x7E, 0x81, 0xFD, 0x56, 0x35, 0x1C, 0x38, 0x0B, 0xAA, 0x89, 0x01, 0xE1, 0xB2, 0x29, 0x2F, 0x9D,
    0xE1, 0x34, 0x8E, 0xE9, 0x1E, 0x15, 0xA2, 0xB3, 0x2A, 0x41, 0x0A, 0x55, 0x25, 0x54, 0xDC, 0x63,
    0x67, 0x56, 0xAB, 0x58, 0x51, 0x47, 0xC5, 0xC2, 0xEB, 0x81, 0x99, 0xD1, 0x17, 0x2A, 0xA4, 0x24,
    0xB9, 0xA2, 0xB3, 0xD2, 0x41, 0x05, 0x1D, 0x48, 0xAB, 0xB5, 0xE3, 0xF6, 0xBA, 0x94, 0xBF, 0x20,
    0x7F, 0x9D, 0xCF, 0xA2, 0x6B, 0x4A, 0x7D, 0x9B, 0x53, 0xEA, 0xA5, 0xA5, 0xD4, 0x5F, 0x7C, 0xAA,
    0xED, 0x21, 0xC1, 0x92, 0xF3, 0x71, 0x6F, 0xD9, 0x06, 0xCB, 0x9A, 0xD6, 0xFD, 0x19, 0x9D, 0x01,
    0xE2, 0x49, 0x56, 0xC5, 0x40, 0x80, 0x17, 0x1B, 0x10, 0x70, 0x94, 0x5A, 0x01, 0x8E, 0xF4, 0x15,
    0xA8, 0x87, 0x3C, 0x59, 0xDB, 0xAF, 0x5B, 0x4A, 0xC9, 0x98, 0xB5, 0xF0, 0xD7, 0x44, 0x83, 0xF4,
    0x13, 0xBF, 0xC7, 0x85, 0xAE, 0x8F, 0xD7, 0x6C, 0x4F, 0x2E, 0x55, 0x03, 0xE9, 0xA1, 0x53, 0xDA,
    0xC1, 0x48, 0xE2, 0xA5, 0x10, 0x62, 0xB7, 0x52, 0x58, 0x61, 0x2D, 0x50, 0x1A, 0x27, 0xC5, 0x9F,
    0x0A, 0x0C, 0xFE, 0x6B, 0x41, 0x85, 0xF2, 0xD1, 0x35, 0x7B, 0x3B, 0xC2, 0x97, 0x23, 0xB4, 0xEC,
    0x28, 0xF1, 0xDE, 0x12, 0x26, 0x48, 0xAD, 0x17, 0xC4, 0x5E, 0x0A, 0x88, 0x4B, 0xAE, 0x49, 0x3A,
    0xC0, 0xD5, 0xD6, 0x18, 0x3B, 0xB0, 0x88, 0x7A, 0x32, 0x81, 0x43, 0x48, 0xA9, 0xA8, 0x3A, 0x35,
    0x39, 0x88, 0xCD, 0xAE, 0xC8, 0xBB, 0xFF, 0x13, 0x1B, 0x17, 0xE0, 0x5C, 0x86, 0xEA, 0xC5, 0xB6,
    0xFF, 0xC7, 0xAB, 0xD7, 0x31, 0x12, 0x69, 0x80, 0x43, 0x00, 0x6A, 0x8C, 0x45, 0xFD, 0xD0, 0x91,
    0x6B, 0xDF, 0x70, 0xEB, 0x65, 0x47, 0xE0, 0xCB, 0x10, 0x6B, 0x3C, 0x38, 0x5A, 0x1D, 0x47, 0x0B,
    0x94, 0xC4, 0xF2, 0xB5, 0x1B, 0xA1, 0xEE, 0x94, 0x43, 0xB8, 0x5C, 0x4E, 0x66, 0xD4, 0xAA, 0x5D,
    0x5A, 0xC7, 0x2F, 0xAD, 0xDD, 0xEA, 0x66, 0x8F, 0x79, 0xCB, 0xA7, 0x73, 0x21, 0xBF, 0xD1, 0xFA,
    0x67, 0xCB, 0x56, 0xEE, 0x0D, 0x85, 0xFC, 0x95, 0xEC, 0x16, 0x76, 0xDA, 0x8D, 0xF8, 0xA9, 0x4E,
    0xDB, 0x85, 0xFC, 0x8C, 0x27, 0xB6, 0x11, 0xE9, 0x75, 0xFB, 0xD4, 0xBB, 0xF0, 0xE9, 0x15, 0xB5,
    0xF3, 0xEC, 0xF6, 0x91, 0xC3, 0x20, 0x9B, 0xED, 0xBA, 0xD5, 0x7A, 0x1C, 0x89, 0x2E, 0xED, 0x02,
    0xA5, 0x44, 0x67, 0xD0, 0xCB, 0xD0, 0x5B, 0x9D, 0xCF, 0xCD, 0x16, 0x58, 0x87, 0x03, 0x06, 0x73,
    0xAC, 0x29, 0x13, 0x60, 0xFC, 0x2C, 0x7A, 0x24, 0xA8, 0xB2, 0x41, 0x4F, 0x60, 0xA7, 0x58, 0x60,
    0x2F, 0x93, 0x55, 0x08, 0x99, 0x6A, 0xAF, 0x6C, 0x2D, 0xD0, 0x85, 0x9D, 0x52, 0x4F, 0xC8, 0x98,
    0x36, 0x12, 0x95, 0x01, 0x5A, 0x21, 0x69, 0x02, 0x43, 0x51, 0x4A, 0xB6, 0xBA, 0xBE, 0x46, 0x2B,
    0x02, 0xC7, 0xD8, 0x95, 0x33, 0x29, 0xFD, 0x43, 0x35, 0x71, 0x36, 0xA3, 0xF2, 0xA3, 0x1C, 0xB0,
    0xC4, 0x59, 0xF6, 0xBA, 0x96, 0x4A, 0xB4, 0xC2, 0x61, 0x10, 0x75, 0xE0, 0xCA, 0xCC, 0xEA, 0xAD,
    0x8A, 0x62, 0xFE, 0x8F, 0x51, 0xC9, 0x69, 0xA0, 0x47, 0x7A, 0x23, 0x3E, 0x00, 0x32, 0x2F, 0x8E,
    0xF3, 0x58, 0xB4, 0x1F, 0xFE, 0x9A, 0xCA, 0x43, 0x22, 0x6A, 0x8C, 0x7A, 0x57, 0x92, 0xB3, 0x38,
    0xC4, 0xEF, 0xED, 0xE2, 0x76, 0xCB, 0x9A, 0xC7, 0x26, 0x92, 0xD0, 0x2F, 0xEE, 0x7A, 0x3D, 0xE9,
    0x11, 0x8E, 0x13, 0x4C, 0x58, 0x2C, 0x44, 0x95, 0x33, 0xF9, 0xFD, 0x71, 0x15, 0x3B, 0x7A, 0x36,
    0x5A, 0xC1, 0x3E, 0xAA, 0xAD, 0x11, 0x58, 0x2D, 0x90, 0xBB, 0x9E, 0xE5, 0x39, 0x8C, 0xE1, 0xFB,
    0x05, 0xAD, 0xD8, 0xDF, 0x91, 0xCE, 0xBC, 0x21, 0x19, 0x6B, 0xB6, 0xC2, 0x7C, 0xF4, 0x73, 0x30,
    0x00, 0xAA, 0x6D, 0x7B, 0xFE, 0x1E, 0xB9, 0x87, 0xB8, 0x86, 0x0F, 0x00, 0x59, 0x36, 0x0C, 0x52,
    0x7E, 0x42, 0xA0, 0xD6, 0x04, 0xC2, 0xB3, 0x5A, 0xA5, 0xA0, 0xA2, 0x20, 0x4D, 0x38, 0x6E, 0xC9,
    0x12, 0x6E, 0x17, 0x02, 0xB5, 0xE5, 0x0E, 0xF1, 0xA1, 0x70, 0x76, 0xB3, 0xA3, 0xF2, 0xC4, 0xE0,
    0x0F, 0x94, 0x9E, 0xBB, 0x2F, 0xDF, 0x0C, 0x33, 0xC0, 0xDA, 0x9C, 0xCB, 0xBC, 0xC1, 0xD9, 0xCC,
    0x5C, 0x8A, 0xF1, 0x97, 0x62, 0x2C, 0xA6, 0x18, 0x97, 0x29, 0xC6, 0x68, 0x2D, 0xC6, 0x6B, 0x5A,
    0xC6, 0x6E, 0xBB, 0x21, 0x3F, 0xEF, 0x5A, 0x99, 0x9E, 0x83, 0x38, 0xA1, 0xB5, 0xB2, 0x3E, 0x93,
    0x66, 0xAD, 0xFE, 0xB8, 0x65, 0x77, 0xAC, 0x62, 0x70, 0xB4, 0x8A, 0x86, 0x91, 0x69, 0x55, 0x89,
    0x16, 0xFD, 0x76, 0xA3, 0x25, 0x82, 0x08, 0x94, 0xD7, 0xA4, 0xED, 0xA0, 0xC1, 0x31, 0x2D, 0x57,
    0xCF, 0xD5, 0xBC, 0x1E, 0x6F, 0xE4, 0x3D, 0x5B, 0x51, 0x16, 0x8F, 0x96, 0x2C, 0xA1, 0x2C, 0xA4,
    0xBC, 0xCA, 0x3E, 0x47, 0x05, 0x2D, 0xC4, 0xDA, 0x8A, 0xD7, 0x7E, 0x76, 0x9A, 0x25, 0xF7, 0xC9,
    0x40, 0x4F, 0xDC, 0x9D, 0x75, 0xF1, 0x94, 0x3C, 0x90, 0x2C, 0x6B, 0xC7, 0xCC, 0xAE, 0xA2, 0xB5,
    0x09, 0xE1, 0x38, 0x07, 0xD6, 0x97, 0x94, 0xDB, 0x6F, 0xE7, 0x63, 0x44, 0x64, 0xA8, 0x96, 0x30,
    0x04, 0x71, 0xE3, 0xC8, 0x09, 0x2E, 0x63, 0x5F, 0x60, 0x77, 0x05, 0xCA, 0x88, 0x62, 0x2A, 0x14,
    0x84, 0xEE, 0x0F, 0xD7, 0xD0, 0x5D, 0x61, 0x66, 0x95, 0x3D, 0xD0, 0xA8, 0x65, 0x93, 0x1F, 0x9E,
    0x5A, 0xB6, 0xE2, 0x30, 0x28, 0xD4, 0x93, 0x2A, 0x88, 0x4A, 0xAD, 0x1E, 0x4A, 0x69, 0x30, 0xEA,
    0x03, 0x91, 0x7C, 0x62, 0x83, 0x1C, 0x14, 0xEA, 0x41, 0x75, 0xA3, 0x4A, 0x97, 0x3C, 0x3A, 0x3A,
    0x21, 0xEB, 0x29, 0x89, 0x30, 0xCB, 0xE3, 0x4D, 0x16, 0xC8, 0xB5, 0x82, 0xB2, 0x0E, 0xA7, 0xE1,
    0xDB, 0x3E, 0x67, 0xD3, 0xED, 0xBC, 0x2D, 0x0A, 0x9E, 0xBF, 0x2B, 0x3A, 0xB2, 0xB5, 0xC1, 0x4D,
    0xD3, 0x8E, 0xAC, 0x1E, 0xDC, 0x93, 0x81, 0xDF, 0xF6, 0xB7, 0xEE, 0xDE, 0x13, 0x0B, 0x25, 0xE3,
    0x3A, 0x19, 0x79, 0x06, 0x8C, 0xEA, 0x9D, 0x33, 0xC7, 0xB6, 0x4A, 0x96, 0xEB, 0x5F, 0x72, 0x1D,
    0x6F, 0x0F, 0xF6, 0x1E, 0xEC, 0x2E, 0xAF, 0x8D, 0xF1, 0xE1, 0x66, 0x9A, 0xF1, 0x66, 0xB2, 0x11,
    0x64, 0xFA, 0xD3, 0xE4, 0xE6, 0xE6, 0x4C, 0x76, 0x31, 0xA3, 0x6D, 0xEC, 0x19, 0xAB, 0xE7, 0x3C,
    0x13, 0x2A, 0x13, 0xE8, 0x9A, 0x93, 0x47, 0x48, 0xBB, 0x7D, 0x35, 0x42, 0x0B, 0x1D, 0xD1, 0x60,
    0xDA, 0x60, 0xEC, 0xB0, 0x5A, 0x1E, 0xEC, 0x43, 0x97, 0x21, 0xD4, 0xCB, 0xC1, 0x82, 0x23, 0xA8,
    0xC7, 0x23, 0x41, 0x5D, 0x3C, 0x40, 0x57, 0xBB, 0x22, 0x14, 0x89, 0xE2, 0x0C, 0x56, 0x13, 0xB8,
    0x03, 0x31, 0x38, 0x0B, 0xB1, 0xDA, 0x8E, 0x00, 0x34, 0x26, 0xFE, 0x0C, 0x73, 0x65, 0x59, 0x3A,
    0x39, 0x7A, 0xD6, 0x3D, 0xC0, 0x0C, 0x81, 0x03, 0x47, 0x47, 0xB7, 0x1D, 0x82, 0x4D, 0xCC, 0x5E,
    0x4E, 0xE6, 0xF4, 0xC0, 0x7A, 0x04, 0x2D, 0x85, 0x1C, 0x7B, 0x3F, 0x40, 0x21, 0x6E, 0x1D, 0x57,
    0x6F, 0x49, 0x35, 0x7B, 0x24, 0xC4, 0xA7, 0x9A, 0xA1, 0xA1, 0xB4, 0x67, 0x1A, 0xA8, 0x2B, 0x08,
    0xA9, 0x9A, 0xE3, 0x44, 0xA3, 0xDE, 0x15, 0x98, 0xFD, 0xC9, 0x62, 0xE7, 0x65, 0x50, 0xC6, 0xFC,
    0x4C, 0xC5, 0x45, 0x8C, 0xD1, 0xC2, 0x20, 0xCB, 0xCE, 0xB8, 0x3A, 0x9F, 0x08, 0xC1, 0x11, 0xDC,
    0x64, 0x93, 0xCA, 0x04, 0x13, 0xEC, 0x96, 0x6C, 0x8C, 0x1B, 0x96, 0x97, 0x6C, 0x5E, 0xD5, 0xEB,
    0xB5, 0xE1, 0x93, 0xA7, 0xD1, 0x40, 0xFF, 0x40, 0xD4, 0x65, 0x6C, 0x87, 0x23, 0xC2, 0x5B, 0x09,
    0x58, 0xB8, 0x2E, 0x64, 0xA2, 0xA1, 0xFA, 0xA9, 0xCC, 0xAC, 0xB1, 0x2C, 0x16, 0x12, 0xA4, 0x23,
    0xD6, 0x5C, 0x68, 0x54, 0xC4, 0xC4, 0x10, 0x68, 0x4B, 0x96, 0x96, 0x43, 0xDA, 0x46, 0x17, 0x75,
    0x9F, 0x19, 0x0B, 0x35, 0x56, 0x9F, 0xD0, 0x33, 0x79, 0x34, 0xD7, 0x03, 0x0B, 0x90, 0x4F, 0xF5,
    0x60, 0x07, 0x7F, 0xDB, 0xDF, 0x8C, 0xBB, 0x45, 0x58, 0x1D, 0x87, 0x7E, 0x16, 0x1E, 0xA4, 0xAF,
    0xCC, 0x32, 0xF0, 0xEA, 0xAC, 0xCA, 0x73, 0x94, 0x4C, 0xB6, 0x5E, 0x4B, 0x72, 0xD4, 0x8B, 0x9D,
    0x89, 0x2D, 0x18, 0x87, 0x15, 0x15, 0xF3, 0x19, 0x07, 0x58, 0xF3, 0x99, 0x12, 0x48, 0x86, 0x25,
    0xD4, 0x03, 0x5E, 0x11, 0x69, 0x7A, 0xF2, 0xA9, 0x24, 0x82, 0xD9, 0xBB, 0x0A, 0x42, 0x39, 0x46,
    0xDB, 0xC3, 0x50, 0x1C, 0x79, 0x25, 0xEC, 0x67, 0x8C, 0x6F, 0x29, 0xE4, 0x47, 0x66, 0xC9, 0x5F,
    0x0A, 0xF3, 0xB5, 0x32, 0xBB, 0xEC, 0x9A, 0x20, 0xAC, 0xCB, 0xA9, 0x18, 0x23, 0x9C, 0x4A, 0x20,
    0xD5, 0x94, 0x89, 0x4B, 0x71, 0xE2, 0xD2, 0x5C, 0xB3, 0x46, 0x19, 0xE0, 0xF0, 0x56, 0x3A, 0xFD,
    0xE8, 0x3C, 0x4D, 0xC1, 0xA9, 0xDF, 0x1E, 0x38, 0x47, 0xCE, 0xBB, 0x8B, 0xD2, 0xC7, 0x3D, 0x98,
    0xA5, 0xEA, 0xB1, 0xE5, 0x5D, 0x7E, 0x75, 0xF2, 0xC8, 0xE6, 0x35, 0x82, 0x97, 0x76, 0xAF, 0xAA,
    0xD8, 0xA2, 0xDE, 0x2D, 0xDA, 0xCD, 0xE3, 0x46, 0x18, 0xDE, 0xF6, 0x21, 0x15, 0xAA, 0x85, 0x63,
    0xC9, 0x1E, 0xAF, 0x6B, 0xA9, 0xE6, 0xC0, 0xD9, 0x55, 0x90, 0xB5, 0x10, 0xFA, 0x42, 0x28, 0x2B,
    0x60, 0xBA, 0xBC, 0x1F, 0x76, 0x37, 0x63, 0x7C, 0xC9, 0x70, 0xEE, 0x60, 0xEA, 0x04, 0xF8, 0x5B,
    0xE0, 0x9D, 0xEB, 0xEB, 0xB6, 0x2F, 0xD6, 0x17, 0x65, 0x40, 0x6B, 0xBB, 0xA8, 0x98, 0xF2, 0x29,
    0x91, 0x85, 0xBA, 0x9C, 0xB8, 0x8A, 0x03, 0x28, 0xFD, 0x69, 0x76, 0xE3, 0xE4, 0x91, 0x26, 0x17,
    0xC9, 0xDC, 0x9F, 0x7D, 0x52, 0xD9, 0xA6, 0xA3, 0x8B, 0x66, 0x0B, 0xD7, 0xD7, 0x1F, 0xD8, 0x11,
    0xF5, 0x10, 0xC1, 0xCE, 0xD0, 0x7E, 0xE1, 0x16, 0x5E, 0x1E, 0x7A, 0xE7, 0x23, 0xD8, 0x8A, 0x05,
    0x00, 0x1E, 0x08, 0x62, 0xE7, 0xCC, 0x17, 0x70, 0xE0, 0x79, 0xA7, 0xF2, 0xED, 0xB9, 0xC8, 0x7C,
    0x06, 0xCE, 0x44, 0xE6, 0x06, 0x7F, 0xCA, 0x10, 0x24, 0xE0, 0xE9, 0x03, 0x08, 0x98, 0x00, 0x92,
    0x7B, 0xB4, 0x2E, 0x85, 0x3E, 0xB9, 0xF8, 0xBD, 0xD1, 0x95, 0x5F, 0x20, 0xF0, 0x39, 0x15, 0x3A,
    0x31, 0x15, 0x24, 0xF0, 0x5D, 0x29, 0x83, 0x58, 0xA8, 0x8E, 0xB9, 0x73, 0xC2, 0xD4, 0x4F, 0xDF,
    0x0D, 0x80, 0xD2, 0x8D, 0xE4, 0x1B, 0xF6, 0x47, 0x37, 0xE9, 0xD7, 0xC3, 0x49, 0xD2, 0x13, 0x77,
    0xA1, 0x0A, 0xA2, 0xF8, 0xDA, 0x8B, 0x36, 0x96, 0x8E, 0x39, 0x4D, 0xC4, 0xD6, 0x36, 0x09, 0xDF,
    0xF5, 0xD4, 0x6E, 0xD4, 0x46, 0xBE, 0xEB, 0xB8, 0xC2, 0x77, 0xBF, 0x7E, 0x1B, 0xB8, 0xC7, 0xFC,
    0x7C, 0xA1, 0x85, 0x2F, 0x8C, 0xBB, 0x23, 0x4C, 0x87, 0xC6, 0xF0, 0x4D, 0xEE, 0xCE, 0xC7, 0x90,
    0xC2, 0xB1, 0x94, 0x01, 0xCC, 0xEC, 0x6B, 0x24, 0x15, 0x49, 0xA2, 0x58, 0x56, 0xEE, 0x11, 0x67,
    0x99, 0x42, 0x7A, 0xD5, 0xED, 0x16, 0xB5, 0x0F, 0x43, 0x50, 0x53, 0x48, 0xB7, 0xD6, 0x83, 0x2C,
    0xCF, 0x0D, 0xDF, 0xB8, 0x7E, 0x80, 0x02, 0x0C, 0xAD, 0xC2, 0x08, 0x0C, 0xFC, 0xD9, 0x17, 0x99,
    0xBB, 0x07, 0x48, 0xE6, 0x6C, 0x31, 0xA1, 0x5D, 0xE5, 0x02, 0x39, 0xC5, 0x9C, 0xDF, 0xB0, 0xCA,
    0xC9, 0x03, 0xA6, 0x7E, 0x1F, 0x96, 0xC9, 0x82, 0xFA, 0x98, 0xD6, 0x80, 0xB2, 0xDC, 0x5B, 0xA0,
    0x8D, 0x7B, 0xA5, 0xF1, 0x0C, 0x82, 0x0D, 0xD7, 0x9C, 0x23, 0x88, 0x51, 0x39, 0x1A, 0xA5, 0x4A,
    0x06, 0x45, 0x2F, 0x9C, 0xBB, 0x5B, 0xF0, 0xAB, 0xF5, 0x31, 0x67, 0xEC, 0x91, 0x38, 0x61, 0x86,
    0xE0, 0x1D, 0x77, 0x84, 0xD9, 0xC8, 0x48, 0x57, 0x51, 0xDC, 0xCD, 0xC7, 0x16, 0xF3, 0x2D, 0x41,
    0xD8, 0x5D, 0x80, 0x00, 0x5C, 0x20, 0xE1, 0x53, 0xA5, 0x85, 0xD9, 0x45, 0x63, 0x7B, 0xA4, 0xFC,
    0x1B, 0x67, 0xAF, 0xF7, 0x48, 0x2A, 0x3D, 0x34, 0x5B, 0x9C, 0x15, 0x3E, 0x9D, 0x37, 0x22, 0xA5,
    0xC2, 0xC4, 0x69, 0x25, 0x95, 0xB3, 0x12, 0xAE, 0xC0, 0xC9, 0x44, 0x89, 0xAF, 0x27, 0xFC, 0xDD,
    0x50, 0xCD, 0x05, 0xE9, 0xEA, 0x3B, 0x96, 0x88, 0x6D, 0x6A, 0x96, 0xAC, 0x40, 0xA4, 0x83, 0xF0,
    0xDE, 0x38, 0x13, 0xB2, 0x5D, 0xCA, 0x13, 0x68, 0x93, 0x06, 0xD3, 0xDF, 0x97, 0xF6, 0x04, 0xEA,
    0xE9, 0xB2, 0x3E, 0x2E, 0x18, 0xF2, 0x83, 0xB4, 0xD6, 0x68, 0x3C, 0x05, 0x7E, 0x8B, 0x89, 0x7E,
    0xCB, 0x5B, 0x9D, 0x3D, 0x2A, 0xDB, 0x01, 0x5B, 0x05, 0xDB, 0x81, 0x61, 0xC5, 0x99, 0x52, 0x61,
    0x2F, 0x50, 0x96, 0x51, 0xEF, 0x03, 0x8B, 0x1F, 0x9E, 0xC6, 0x24, 0xD9, 0x0E, 0x8B, 0x1F, 0x4C,
    0x0A, 0xAD, 0x4C, 0x74, 0x34, 0x3D, 0x12, 0x9C, 0x3E, 0xA8, 0xC1, 0x6B, 0x64, 0xDE, 0xC6, 0x8E,
    0xEF, 0x31, 0x41, 0xB5, 0xF4, 0x90, 0x2D, 0x9D, 0xD2, 0xB8, 0x05, 0x0F, 0xD5, 0x9A, 0x4A, 0x00,
    0x5B, 0xF0, 0x3F, 0x44, 0x31, 0xB2, 0x66, 0xC5, 0x59, 0x31, 0xC8, 0xA0, 0xE8, 0xE5, 0x60, 0x7B,
    0x88, 0x10, 0x35, 0xBA, 0x3F, 0xCB, 0x14, 0xBF, 0x8E, 0x16, 0x73, 0x99, 0xD4, 0x2E, 0x67, 0xCA,
    0x69, 0x2B, 0x3F, 0x50, 0xCE, 0x57, 0xD3, 0x6E, 0xDE, 0x4D, 0xF5, 0x2C, 0x13, 0xCB, 0x0F, 0xB8,
    0x2C, 0xD2, 0x86, 0xCC, 0x9F, 0xED, 0xFE, 0xC9, 0xFD, 0xC6, 0x8B, 0xCA, 0x49, 0xAF, 0x95, 0x4C,
    0x8A, 0x1A, 0x5E, 0x34, 0xEE, 0x4C, 0xF9, 0xCE, 0xAA, 0x32, 0x0B, 0x4B, 0x3E, 0xC9, 0x8D, 0xD5,
    0xB2, 0x3E, 0xFF, 0xFB, 0xE0, 0xED, 0xEC, 0x7E, 0x89, 0x4D, 0xAD, 0xDA, 0x83, 0x78, 0x04, 0x50,
    0xCC, 0xE0, 0x50, 0xD2, 0x5C, 0x21, 0x59, 0xBA, 0xFE, 0x50, 0xAE, 0x8E, 0x5E, 0xD0, 0x2B, 0xD7,
    0x6A, 0x32, 0x89, 0x9C, 0x54, 0xBB, 0xB5, 0x1A, 0x8F, 0xAB, 0x7A, 0xB0, 0x2A, 0x99, 0xF1, 0x9D,
    0x54, 0x81, 0xCA, 0xD6, 0x9B, 0x15, 0xDA, 0x94, 0x24, 0x3B, 0x61, 0x0B, 0xA7, 0x21, 0xC9, 0x86,
    0x5C, 0xEC, 0xEE, 0x93, 0x54, 0x63, 0x6D, 0xB7, 0x15, 0xEE, 0x4C, 0x29, 0xDA, 0xA7, 0x3C, 0x36,
    0xC9, 0xD9, 0x6A, 0x42, 0x2F, 0xB0, 0x92, 0xA7, 0x8A, 0xB5, 0xEC, 0x49, 0x51, 0x92, 0xDE, 0xB7,
    0x77, 0xFA, 0x54, 0xEC, 0x08, 0x1C, 0x0F, 0x43, 0x2A, 0x3B, 0x08, 0x08, 0x07, 0xE5, 0x13, 0x01,
    0xBF, 0x44, 0xDB, 0x44, 0xEF, 0x45, 0x93, 0x7E, 0x2B, 0x30, 0x96, 0xB7, 0x28, 0xFD, 0x8C, 0xE6,
    0x5D, 0x3E, 0x80, 0x35, 0x99, 0x09, 0xF5, 0x88, 0x1F, 0x53, 0x8E, 0xC7, 0xC7, 0x24, 0x1B, 0x5A,
    0xC9, 0x7A, 0xD3, 0xA0, 0xF0, 0xB3, 0x65, 0x9F, 0x70, 0x76, 0x1F, 0xE7, 0xD7, 0x1A, 0xB2, 0xC9,
    0xAF, 0xE0, 0x81, 0x22, 0x3E, 0x3F, 0x1B, 0x57, 0x12, 0xD7, 0xFA, 0x19, 0x0A, 0x15, 0xDE, 0x05,
    0xEE, 0x61, 0xF2, 0x51, 0x30, 0xF9, 0xAF, 0x81, 0x9F, 0xA9, 0xB6, 0x2D, 0x95, 0xC2, 0x04, 0x24,
    0x4C, 0xBE, 0x03, 0x34, 0x48, 0xAD, 0xC4, 0xD5, 0x9C, 0x81, 0xC8, 0xB7, 0x18, 0x90, 0x69, 0x27,
    0x16, 0x4F, 0xCE, 0xE3, 0x53, 0x6E, 0xB1, 0x77, 0xBA, 0x7F, 0x61, 0xC3, 0x27, 0xD9, 0x08, 0x3A,
    0xF7, 0xCF, 0x27, 0xD9, 0x23, 0xDE, 0xE2, 0x9D, 0xCF, 0xA4, 0x1C, 0xFD, 0xD9, 0x17, 0x69, 0xEC,
    0xB3, 0xB7, 0xB0, 0x66, 0xD3, 0x28, 0xA3, 0x2C, 0xFF, 0x9B, 0xBF, 0x68, 0xC8, 0xF1, 0x9B, 0x5D,
    0x4C, 0xCF, 0x53, 0x58, 0xEE, 0xC9, 0x7B, 0x49, 0xF1, 0xDC, 0xBD, 0x84, 0xAF, 0x69, 0x65, 0x65,
    0x5F, 0xC8, 0x39, 0x7E, 0x0A, 0x09, 0x31, 0xF9, 0xB1, 0x23, 0xD1, 0x63, 0x25, 0x08, 0x8E, 0x58,
    0x68, 0xDD, 0x3A, 0xF7, 0xCC, 0x98, 0x0B, 0x16, 0x6F, 0x82, 0x38, 0xC5, 0xCB, 0xB6, 0x3F, 0x7F,
    0x94, 0x42, 0x69, 0xC1, 0xA2, 0xDD, 0x23, 0x16, 0xB4, 0xE8, 0x27, 0x02, 0xBE, 0x47, 0xDE, 0x4D,
    0x5A, 0xF3, 0x3B, 0x8B, 0xC9, 0x1D, 0x5C, 0xED, 0xAD, 0x03, 0x25, 0x81, 0x2D, 0x0F, 0x28, 0x97,
    0x7A, 0x62, 0x19, 0x28, 0x7A, 0x85, 0x87, 0x76, 0x3B, 0xD4, 0x93, 0x85, 0x48, 0x82, 0xBD, 0x71,
    0x00, 0xBD, 0xB2, 0x3A, 0xE9, 0x07, 0x3E, 0x16, 0xFB, 0x75, 0xC3, 0x50, 0x0A, 0xA3, 0x24, 0xC5,
    0xCB, 0xD8, 0x9F, 0x7F, 0x87, 0x09, 0x4A, 0x4E, 0xF3, 0xC6, 0xF3, 0x49, 0xDE, 0xB8, 0xD2, 0x36,
    0xE1, 0x69, 0x22, 0x34, 0x8D, 0x89, 0x1D, 0xF5, 0xAE, 0xBB, 0x70, 0xFA, 0xD9, 0x8E, 0xCE, 0xE3,
    0x9B, 0xB4, 0x13, 0x57, 0x93, 0xEA, 0x93, 0x82, 0x90, 0x71, 0x90, 0xE4, 0xA9, 0x83, 0x0C, 0x51,
    0xEB, 0xB1, 0x95, 0x3F, 0x88, 0xD6, 0x4F, 0xE4, 0xCB, 0xAF, 0x24, 0xA6, 0xDD, 0x33, 0xF1, 0x32,
    0x87, 0x54, 0x0B, 0x1D, 0x02, 0x5D, 0x83, 0xF4, 0xA1, 0xF7, 0x90, 0x7B, 0x08, 0x7D, 0xC0, 0xCA,
    0x94, 0x52, 0x85, 0x38, 0x93, 0xCC, 0x53, 0x18, 0x55, 0xC3, 0x15, 0x5A, 0xC2, 0x76, 0x4E, 0x6B,
    0xBD, 0x52, 0xDF, 0x02, 0x4A, 0x7F, 0x0B, 0x60, 0x9A, 0x0D, 0xB9, 0xF1, 0x16, 0x89, 0x7D, 0x9B,
    0x0F, 0x16, 0x74, 0xD7, 0xB1, 0x94, 0x42, 0x54, 0xAC, 0xBA, 0x40, 0x59, 0x36, 0xA2, 0xDA, 0xBF,
    0x95, 0x9D, 0xC2, 0x12, 0x00, 0x35, 0x8A, 0xAD, 0xC8, 0xBB, 0x73, 0x29, 0x4B, 0x39, 0x57, 0x32,
    0x01, 0x49, 0x79, 0x2D, 0x5D, 0xA5, 0xB0, 0x07, 0x1C, 0x4E, 0x59, 0xB9, 0xCD, 0xAE, 0x3E, 0x78,
    0xB2, 0xE7, 0x01, 0x65, 0xAE, 0xC9, 0x32, 0x5F, 0x92, 0x70, 0xCE, 0x2E, 0x37, 0xC7, 0xB7, 0xDE,
    0x9E, 0xA1, 0xCD, 0x48, 0x91, 0x14, 0xDB, 0x7F, 0x49, 0x53, 0xF3, 0x86, 0x6F, 0x18, 0x9D, 0x02,
    0x4B, 0x68, 0x11, 0x83, 0xE0, 0x5B, 0x80, 0x83, 0x82, 0x28, 0x6C, 0x58, 0x4B, 0x25, 0x4D, 0x4C,
    0x31, 0x3F, 0x34, 0x5C, 0x37, 0x5C, 0xF2, 0x67, 0x38, 0x12, 0x12, 0x64, 0x30, 0x5F, 0xAB, 0x40,
    0xB6, 0x8E, 0xA1, 0x66, 0xC5, 0x47, 0xB2, 0x70, 0x50, 0x34, 0x57, 0x64, 0xF8, 0xB9, 0x80, 0x3F,
    0x45, 0xB6, 0x4B, 0x01, 0x8E, 0x1B, 0x84, 0x9C, 0x10, 0xB2, 0x1C, 0x40, 0x35, 0xF9, 0x45, 0x11,
    0xCF, 0x59, 0xCE, 0x7A, 0x5D, 0xF1, 0x9E, 0x3D, 0xB0, 0xC8, 0xEF, 0xCE, 0x81, 0x03, 0xB8, 0xE0,
    0x30, 0x9F, 0x28, 0x9C, 0xBE, 0xA3, 0x64, 0xD8, 0x67, 0xCC, 0x7A, 0x1F, 0x0E, 0xA0, 0x6F, 0x6E,
    0x7A, 0x5E, 0x1C, 0x5B, 0xC4, 0xE3, 0xB2, 0xB8, 0x1A, 0x88, 0x80, 0xCC, 0x3C, 0x08, 0xEC, 0x3C,
    0x29, 0xF5, 0x30, 0x10, 0x3A, 0xA5, 0x1A, 0xA5, 0xF2, 0xC3, 0x46, 0xFA, 0x90, 0x4A, 0x05, 0x5E,
    0xAE, 0x44, 0x35, 0x54, 0x3F, 0x44, 0xE1, 0x6B, 0x40, 0x16, 0x34, 0x65, 0x94, 0xBD, 0x97, 0xFF,
    0x26, 0xD4, 0xF8, 0xBE, 0xB8, 0xF2, 0x71, 0x8E, 0xC7, 0x33, 0x2C, 0x80, 0x7C, 0x08, 0xCC, 0xC0,
    0xB2, 0xB6, 0x58, 0xF0, 0x9F, 0x8A, 0xEA, 0x79, 0xBF, 0x59, 0x5C, 0x3B, 0x10, 0x11, 0x8D, 0xDB,
    0xA5, 0x56, 0x46, 0x2D, 0x51, 0x9A, 0xED, 0x62, 0x4F, 0x72, 0xF6, 0x26, 0x80, 0x4A, 0x06, 0xA0,
    0x87, 0x27, 0x07, 0xA0, 0x51, 0x58, 0xF2, 0x71, 0xC5, 0x03, 0x7E, 0x30, 0xCE, 0x9C, 0xA4, 0x14,
    0x8F, 0x58, 0x71, 0x05, 0x2B, 0xED, 0x2D, 0x10, 0xFC, 0xA7, 0xA5, 0xA6, 0x90, 0x43, 0xF1, 0x51,
    0x26, 0x96, 0x74, 0x8F, 0x25, 0x90, 0xEC, 0x3C, 0xDC, 0x71, 0x47, 0x82, 0x64, 0x7E, 0xF4, 0xA3,
    0x6D, 0x28, 0xF5, 0x03, 0x6D, 0x05, 0x91, 0x81, 0x91, 0x12, 0xAD, 0x0E, 0x96, 0x72, 0x08, 0x3B,
    0x97, 0x4E, 0xFB, 0x95, 0x6D, 0xD7, 0x2F, 0x39, 0x9C, 0x78, 0x62, 0x84, 0xA8, 0xD0, 0x45, 0x20,
    0xA0, 0x0B, 0x17, 0xF1, 0x8F, 0x57, 0x2F, 0x3D, 0x13, 0x35, 0xA7, 0xD0, 0x01, 0x16, 0xAA, 0x32,
    0x2A, 0x60, 0x27, 0x77, 0x1D, 0x29, 0x73, 0x7C, 0x33, 0x6E, 0xF0, 0x36, 0xBA, 0xE8, 0x0A, 0xD8,
    0xCD, 0x4A, 0x94, 0xE7, 0x61, 0x6F, 0x20, 0x65, 0x19, 0x47, 0xFC, 0xDB, 0x40, 0xA6, 0x37, 0xD5,
    0x43, 0xA9, 0x90, 0x94, 0x09, 0x1E, 0x57, 0xE1, 0xD5, 0x9B, 0xF4, 0xE1, 0x99, 0xB4, 0x04, 0x48,
    0x51, 0x61, 0x04, 0xFA, 0xD8, 0x79, 0xD2, 0x40, 0x7A, 0x5B, 0x60, 0xB3, 0xAA, 0x6D, 0x9E, 0xE0,
    0x54, 0xB4, 0x84, 0x5B, 0x89, 0xCD, 0x16, 0x90, 0x1E, 0x53, 0x3B, 0xE8, 0x6E, 0x49, 0x8E, 0x08,
    0x6D, 0xEB, 0x48, 0x00, 0xF4, 0x91, 0xFD, 0x89, 0xCD, 0xFF, 0x7F, 0xE8, 0xFE, 0xB5, 0xC0, 0xF5,
    0x19, 0x21, 0x4F, 0x40, 0x62, 0x05, 0xFD, 0x7A, 0x48, 0xDD, 0xD8, 0xA2, 0xF3, 0xA9, 0xA0, 0x70,
    0xE6, 0x11, 0xEB, 0x03, 0xBA, 0xEF, 0xC9, 0x4B, 0x09, 0x16, 0x1E, 0x56, 0x4F, 0xE5, 0xED, 0xDD,
    0xA3, 0xBD, 0x57, 0xEB, 0xC3, 0x00, 0x79, 0x3F, 0x60, 0x2C, 0x49, 0x36, 0x56, 0xC2, 0x5A, 0xEB,
    0x41, 0x27, 0xA9, 0x49, 0x43, 0x72, 0x0C, 0xE0, 0x95, 0xB7, 0xF8, 0xFB, 0x39, 0x76, 0x5A, 0xCB,
    0x27, 0x33, 0xA9, 0xAB, 0x59, 0xF7, 0x72, 0x69, 0x50, 0xC4, 0xAD, 0x08, 0x84, 0xCC, 0x1B, 0xD3,
    0xE6, 0x69, 0x23, 0x13, 0xF5, 0x50, 0x58, 0x6A, 0xA2, 0x2F, 0xC4, 0x9E, 0x9C, 0x15, 0xAB, 0x6C,
    0x4C, 0x1E, 0x3F, 0xFE, 0xC6, 0xDB, 0x34, 0x17, 0xEC, 0x6B, 0x90, 0x1B, 0x95, 0x41, 0x50, 0xA6,
    0xC8, 0xC6, 0xC2, 0x3B, 0x2A, 0x68, 0x43, 0x60, 0xC3, 0x59, 0xB7, 0x20, 0x5B, 0xAF, 0x9D, 0xF3,
    0x27, 0x50, 0x06, 0x05, 0x4E, 0x34, 0xB0, 0x65, 0xB6, 0xCC, 0xB7, 0xA2, 0x7C, 0x2D, 0xEC, 0xA2,
    0xFF, 0x2A, 0x3D, 0x76, 0xD1, 0x92, 0xC7, 0xE0, 0x88, 0x1E, 0xEC, 0xFD, 0xFE, 0x8E, 0x9C, 0x1F,
    0x76, 0xD0, 0xE4, 0x8D, 0x9C, 0x68, 0x81, 0x5C, 0x0C, 0xFA, 0x68, 0xA9, 0x3A, 0x27, 0x54, 0xA4,
    0x3F, 0x75, 0x1C, 0x3E, 0xDA, 0x64, 0xFF, 0xB1, 0x37, 0xCF, 0x8E, 0x1E, 0x4D, 0x1C, 0xD6, 0x17,
    0xF2, 0x84, 0x35, 0xB6, 0xBF, 0xB6, 0x8C, 0xF8, 0x57, 0x96, 0xFA, 0x7E, 0xB6, 0x50, 0x79, 0x23,
    0xB5, 0x16, 0xFA, 0x23, 0x3D, 0x2A, 0xE2, 0xB8, 0x6C, 0x60, 0xAC, 0xEF, 0xE4, 0x11, 0xF5, 0x08,
    0x16, 0xD6, 0xF1, 0x1E, 0x1D, 0x57, 0x63, 0xE2, 0xDC, 0x6B, 0x55, 0x4F, 0xE5, 0x17, 0xF0, 0x34,
    0xE8, 0x26, 0x7C, 0xDC, 0x28, 0x0C, 0x5B, 0xA0, 0x00, 0xDC, 0x77, 0xFE, 0xD1, 0x34, 0xE6, 0xC0,
    0x38, 0x90, 0xC7, 0xA9, 0xE3, 0xFC, 0x4F, 0xA8, 0x14, 0x34, 0x7E, 0x70, 0x65, 0x2F, 0x7C, 0x04,
    0x85, 0x31, 0x00, 0x35, 0x7F, 0x16, 0xCD, 0x3A, 0xDB, 0x6D, 0xCC, 0x3A, 0x27, 0xC2, 0xA0, 0xBA,
    0x05, 0xC9, 0x2E, 0x81, 0x27, 0x09, 0xDB, 0x53, 0x84, 0x7F, 0xE0, 0x69, 0xC2, 0x36, 0x67, 0x60,
    0x36, 0x96, 0x6B, 0x90, 0x21, 0xC7, 0xC4, 0x9C, 0x3A, 0x32, 0xD6, 0x88, 0xDF, 0x5E, 0x09, 0xA6,
    0x13, 0xE8, 0xE2, 0xD9, 0x6C, 0x31, 0x78, 0x76, 0x5A, 0xC4, 0x69, 0x3E, 0x17, 0x34, 0xE7, 0x66,
    0x82, 0x13, 0xF0, 0xB2, 0x35, 0x56, 0xD2, 0x73, 0x4F, 0xF8, 0x92, 0x9F, 0x4F, 0xF3, 0x09, 0xCF,
    0x0B, 0x5A, 0x9A, 0xF3, 0xFF, 0x7F, 0x6C, 0x7E, 0xD9, 0xC3, 0xEE, 0x8E, 0x8F, 0x3F, 0x60, 0x00,
    0xB9, 0xBC, 0xD6, 0x80, 0xED, 0x0C, 0x62, 0x64, 0x39, 0xDF, 0xEB, 0x4F, 0x59, 0xF7, 0x82, 0xFF,
    0xA0, 0x54, 0x1A, 0xE6, 0x5C, 0x37, 0xA8, 0x77, 0x81, 0x4F, 0x5C, 0xB6, 0xA3, 0x62, 0x4D, 0xE0,
    0x82, 0xE5, 0x09, 0xB3, 0x91, 0x6A, 0x1C, 0x6F, 0x30, 0xF0, 0xCC, 0xB4, 0xE7, 0xF0, 0x56, 0x0B,
    0x66, 0x91, 0x4D, 0xA0, 0xA5, 0xD8, 0x98, 0x3A, 0x5B, 0x5A, 0xD5, 0x63, 0xE8, 0x71, 0xDE, 0xF0,
    0xC2, 0xBD, 0xFC, 0x5C, 0x37, 0x7E, 0xC9, 0x2F, 0xA3, 0x8C, 0x3A, 0xB7, 0x17, 0x38, 0x03, 0xCD,
    0x75, 0xB3, 0x19, 0xF2, 0x7D, 0xFF, 0x0B, 0x7C, 0x56, 0x37, 0xB0, 0xED, 0x48, 0x11, 0x6D, 0x5D,
    0xED, 0xFF, 0xB7, 0xEA, 0x2B, 0x10, 0xDE, 0x83, 0x42, 0x3C, 0xCA, 0x23, 0x09, 0x36, 0x2F, 0xBC,
    0xF7, 0xDE, 0xF3, 0xF2, 0x48, 0x2A, 0xC8, 0x0B, 0x4F, 0x88, 0xF7, 0x2E, 0xC5, 0x33, 0x02, 0xF2,
    0x2A, 0xE1, 0x53, 0xE1, 0x3D, 0x28, 0x50, 0xA0, 0xB7, 0xAB, 0x51, 0x73, 0xCE, 0x99, 0xF7, 0x2E,
    0xCF, 0x2C, 0xAB, 0x2B, 0x9D, 0xE9, 0x2B, 0x33, 0xDD, 0x73, 0xFA, 0x74, 0x4B, 0x76, 0xB7, 0xB7,
    0x72, 0xB2, 0x7A, 0xB6, 0x06, 0xFB, 0xA4, 0x7D, 0xB4, 0xA2, 0xB5, 0xD3, 0xF6, 0x0C, 0xB3, 0xDD,
    0x0E, 0xCE, 0x3D, 0xDF, 0xB9, 0x1F, 0xA3, 0x15, 0x1B, 0xF7, 0x12, 0xFB, 0x6A, 0xE5, 0x62, 0xD5,
    0x72, 0x65, 0x82, 0xD1, 0x9A, 0xC1, 0xAA, 0x8B, 0x09, 0xB2, 0x1E, 0x70, 0x9C, 0x01, 0xE5, 0x7A,
    0x82, 0x05, 0x50, 0x9D, 0x1B, 0x66, 0x74, 0x3C, 0xE8, 0xBE, 0x99, 0x03, 0x72, 0x42, 0xE9, 0xFE,
    0xE7, 0xCF, 0xD6, 0x3B, 0x27, 0x59, 0x01, 0xDD, 0xDC, 0x0D, 0x16, 0x46, 0xC2, 0x10, 0x06, 0xF3,
    0x21, 0xF4, 0xB0, 0x1C, 0x30, 0x7A, 0x8B, 0xAB, 0x7E, 0x9F, 0x35, 0xEE, 0x6E, 0x25, 0xA0, 0x3D,
    0x12, 0x32, 0x00, 0x66, 0xF7, 0x3F, 0x9A, 0xE5, 0x91, 0xBE, 0x37, 0x40, 0x71, 0x82, 0x23, 0x03,
    0xC8, 0x26, 0xBB, 0xB1, 0x1D, 0x7C, 0x47, 0xC0, 0x35, 0xE3, 0x51, 0x2C, 0x96, 0x0B, 0x0B, 0xFF,
    0x3B, 0xCE, 0x94, 0xD1, 0xB2, 0x17, 0x59, 0xC5, 0x27, 0xB1, 0x52, 0x62, 0x3D, 0xCB, 0x26, 0xC2,
    0xE9, 0x6E, 0xC9, 0xBF, 0x55, 0x44, 0xD9, 0x98, 0x31, 0xEC, 0x5F, 0xE5, 0x5A, 0xAF, 0x3E, 0x25,
    0x6C, 0x66, 0xA2, 0x4F, 0x7A, 0x76, 0xE0, 0x69, 0xFF, 0xE4, 0x97, 0x5E, 0x64, 0x9D, 0xBB, 0xAF,
    0xC2, 0xCD, 0x1A, 0x61, 0xED, 0x0A, 0xE7, 0xE5, 0x66, 0xED, 0xF5, 0x58, 0x7B, 0x0D, 0xE5, 0x9C,
    0x73, 0xEE, 0x6E, 0x3E, 0x3A, 0x56, 0xE4, 0x73, 0xE1, 0x03, 0xA2, 0x1E, 0x8E, 0x3E, 0x3F, 0xF6,
    0x85, 0x4C, 0xD6, 0x39, 0xE7, 0xD0, 0x84, 0xB3, 0x29, 0xB2, 0x11, 0x14, 0x60, 0xC0, 0xD3, 0xB9,
    0xFF, 0xC1, 0x07, 0xFE, 0x6B, 0x79, 0x12, 0xCB, 0xEB, 0x26, 0x84, 0xB1, 0x32, 0x34, 0x1E, 0x1A,
    0x26, 0x0D, 0xDD, 0x78, 0x39, 0xE0, 0x16, 0x1E, 0x3E, 0xF2, 0x16, 0xF8, 0xC1, 0xB0, 0xD4, 0x9E,
    0x48, 0x73, 0x2E, 0x51, 0x3C, 0x30, 0x74, 0x9E, 0x74, 0xF9, 0x3B, 0xFA, 0xDF, 0x3F, 0x06, 0xEF,
    0x15, 0xCE, 0x70, 0x55, 0xD1, 0x78, 0x74, 0x0B, 0x5C, 0x6E, 0xD4, 0x88, 0xE5, 0x8B, 0xDD, 0x33,
    0xBB, 0xB1, 0xBE, 0x3B, 0x76, 0x98, 0x0C, 0x97, 0x8B, 0x15, 0x0E, 0x07, 0x26, 0xCD, 0x89, 0x99,
    0xF7, 0xD0, 0x5D, 0xEE, 0xDC, 0x8B, 0x9D, 0x58, 0xE9, 0x24, 0xA7, 0xF3, 0x81, 0x61, 0x85, 0x5F,
    0x7A, 0xAF, 0x00, 0x8C, 0xB8, 0x69, 0xB5, 0x7B, 0x4A, 0xCA, 0x60, 0xB5, 0x30, 0xD9, 0x77, 0xBF,
    0xE1, 0x5F, 0x27, 0xFB, 0x11, 0x00, 0x7B, 0xD5, 0x43, 0x7B, 0xE2, 0x2A, 0xD9, 0x5A, 0xCE, 0x49,
    0xAA, 0x56, 0x25, 0x9C, 0x89, 0x25, 0x91, 0x45, 0xC3, 0xED, 0x45, 0x58, 0xC2, 0x95, 0x42, 0x48,
    0xB5, 0x30, 0x53, 0x1E, 0x57, 0xCB, 0x41, 0xEA, 0x25, 0xD6, 0x57, 0x96, 0xF9, 0x36, 0x3B, 0x44,
    0xD5, 0x53, 0xBC, 0x52, 0x4F, 0xB7, 0xE7, 0x98, 0xB4, 0x0F, 0x76, 0xAF, 0xB5, 0xDB, 0xDB, 0x93,
    0x1E, 0x90, 0x74, 0x99, 0x8C, 0x4A, 0xF9, 0xED, 0x64, 0x2B, 0x05, 0x07, 0x56, 0x00, 0x69, 0xD2,
    0x4A, 0x4F, 0xC8, 0x33, 0xC2, 0x09, 0x98, 0xF1, 0x46, 0xE2, 0x2C, 0xB2, 0xB6, 0x94, 0x3E, 0xB3,
    0xB0, 0x9F, 0x01, 0x7D, 0xCA, 0xBD, 0x07, 0xC3, 0x46, 0x6C, 0xAF, 0xE0, 0x98, 0xD3, 0x88, 0x95,
    0xCB, 0x61, 0xBC, 0xAC, 0x9B, 0x23, 0x43, 0xE0, 0xC3, 0x22, 0x2B, 0xB9, 0x11, 0x1E, 0xAE, 0xD8,
    0x05, 0xB0, 0x7E, 0xD0, 0xA3, 0x1E, 0xDD, 0x84, 0xB3, 0xDC, 0xF6, 0xBC, 0xA6, 0x62, 0xC9, 0xEC,
    0xC6, 0x76, 0xD7, 0xDE, 0x54, 0xFF, 0x74, 0x6B, 0x7E, 0xB9, 0x77, 0xD8, 0x7F, 0x16, 0x9B, 0xFB,
    0xF1, 0xDC, 0x67, 0x79, 0xE3, 0xB7, 0xDE, 0x93, 0x58, 0xE9, 0x94, 0x32, 0xAD, 0x21, 0xC5, 0xD0,
    0xD1, 0x58, 0xC4, 0xCD, 0xF9, 0x99, 0x47, 0x5E, 0x39, 0xC7, 0x59, 0xFA, 0xA6, 0xA3, 0x23, 0xA0,
    0xDB, 0x44, 0xC0, 0x60, 0xF0, 0xFF, 0x9E, 0x17, 0x59, 0xC0, 0x62, 0x87, 0x12, 0xD3, 0x34, 0xAC,
    0xA7, 0xE0, 0x3E, 0xD4, 0x73, 0x19, 0x0F, 0x0E, 0xA3, 0x5A, 0xAA, 0xF5, 0x28, 0x63, 0x6D, 0xE6,
    0xD2, 0xFB, 0xDA, 0x4A, 0x18, 0xD5, 0xA6, 0xEA, 0xEE, 0xC6, 0x7A, 0xA1, 0xB1, 0x85, 0xA1, 0x99,
    0x75, 0xE6, 0x64, 0xF8, 0x0D, 0xA3, 0x5A, 0xC2, 0x80, 0x22, 0xFB, 0x11, 0x5C, 0x84, 0x81, 0x4A,
    0x84, 0xD1, 0x8D, 0x25, 0x8D, 0x30, 0xC1, 0x2D, 0x0D, 0xDC, 0xBA, 0x64, 0x08, 0x3D, 0x87, 0x9B,
    0xCD, 0xAA, 0xBD, 0x2D, 0xDD, 0x4A, 0xAD, 0xAD, 0x81, 0x48, 0x18, 0x7B, 0x06, 0x92, 0x72, 0xAE,
    0xAD, 0x62, 0x0A, 0xDD, 0xFF, 0xF4, 0x5E, 0xBF, 0x90, 0xBD, 0x52, 0x21, 0x0E, 0x78, 0x45, 0x32,
    0xD8, 0x13, 0x7F, 0xEE, 0x1F, 0xB1, 0x87, 0xDA, 0xEE, 0xB4, 0xBA, 0xBA, 0x72, 0x7A, 0xDE, 0x9B,
    0x7A, 0x67, 0x21, 0xAC, 0xFC, 0x1F, 0x3B, 0xBD, 0xD2, 0x7B, 0x98, 0x6B, 0x4C, 0xED, 0x63, 0xA3,
    0x8A, 0xF3, 0x0D, 0xBC, 0xE6, 0xC2, 0x52, 0xC1, 0x74, 0x40, 0x32, 0xB5, 0x10, 0x3F, 0xB3, 0x70,
    0x1A, 0x56, 0x8C, 0xAF, 0xAC, 0x98, 0x30, 0x94, 0xC0, 0x27, 0xAA, 0x62, 0xAE, 0xBA, 0x7E, 0xF7,
    0xCB, 0x5F, 0xD1, 0xAA, 0x2A, 0x67, 0xC5, 0xBE, 0x08, 0xE7, 0xCB, 0x46, 0x75, 0x6D, 0xFB, 0x2E,
    0xD5, 0x9F, 0x47, 0x96, 0x01, 0xA2, 0xF1, 0x11, 0x51, 0x21, 0x59, 0x9C, 0x9F, 0x3D, 0x7F, 0xEA,
    0x22, 0x9E, 0xFA, 0x20, 0x67, 0x88, 0x6C, 0xA8, 0x0D, 0x92, 0xD5, 0x5A, 0xB3, 0xD1, 0xAE, 0xF6,
    0x03, 0xB8, 0xC0, 0xFF, 0x30, 0x23, 0xB6, 0xA1, 0x59, 0xB9, 0x8A, 0x92, 0xB2, 0x9B, 0x0A, 0x60,
    0x33, 0xE6, 0xC0, 0xA2, 0xA7, 0x9A, 0xB4, 0x65, 0x2D, 0xA0, 0x62, 0x38, 0x6A, 0xC1, 0x82, 0x8A,
    0x90, 0xBD, 0xFC, 0xE5, 0x6F, 0x3C, 0xBD, 0xBF, 0xAA, 0x85, 0x30, 0x5F, 0x42, 0x79, 0x8A, 0x37,
    0xFB, 0xF6, 0xF3, 0x5A, 0x19, 0xC1, 0x3D, 0x9E, 0x04, 0x39, 0xA4, 0x13, 0x12, 0x7A, 0x8E, 0x0B,
    0x35, 0x75, 0x5F, 0x52, 0x90, 0x41, 0xED, 0xA6, 0x7D, 0x8C, 0x32, 0xEB, 0x6B, 0xED, 0x23, 0x82,
    0x44, 0xC4, 0x1D, 0xEE, 0x60, 0x95, 0xF5, 0xCC, 0x60, 0x37, 0x17, 0xAE, 0x92, 0x86, 0xF8, 0x70,
    0xFA, 0x53, 0x50, 0xC6, 0x52, 0xAF, 0xA8, 0x45, 0xEF, 0xAB, 0xA5, 0x99, 0x33, 0x7F, 0x81, 0xF7,
    0x10, 0xE4, 0xC4, 0x0C, 0x48, 0x90, 0x39, 0x9F, 0xA2, 0x0E, 0x61, 0xAC, 0x97, 0xC6, 0x24, 0xE3,
    0xC8, 0x20, 0xA8, 0xC3, 0x62, 0x0B, 0xAB, 0x8C, 0x72, 0x6B, 0xA8, 0x79, 0x18, 0x6B, 0x99, 0x04,
    0x59, 0x2D, 0x60, 0x8E, 0x82, 0xAC, 0xE6, 0x83, 0xFF, 0xC4, 0x07, 0x18, 0x93, 0xF9, 0x87, 0x28,
    0xC8, 0x63, 0x6F, 0xCF, 0xFB, 0xFF, 0x82, 0xAC, 0x93, 0x20, 0xBF, 0x74, 0x43, 0x90, 0xE5, 0xA5,
    0x20, 0xB3, 0x93, 0x20, 0x8B, 0x87, 0x10, 0x64, 0xE5, 0x91, 0x65, 0xAB, 0xA3, 0xC1, 0x71, 0xEF,
    0x93, 0x2F, 0xBB, 0x2C, 0xFF, 0xB3, 0x96, 0xB5, 0x3B, 0x73, 0x82, 0x68, 0x47, 0x2D, 0xD3, 0xFF,
    0xC3, 0x78, 0x0E, 0xAA, 0x2C, 0x14, 0xDC, 0x64, 0xDD, 0xD8, 0x8D, 0x84, 0xC9, 0xC2, 0x48, 0x52,
    0x86, 0x26, 0x3E, 0xD9, 0x7B, 0x55, 0x99, 0x3A, 0x5B, 0x2E, 0xFA, 0x3B, 0x46, 0x76, 0xE7, 0x45,
    0xC6, 0xED, 0x31, 0x42, 0x27, 0x64, 0x09, 0x6F, 0x35, 0xAB, 0x7C, 0x17, 0x46, 0xC0, 0x63, 0x5F,
    0xBB, 0x7F, 0xBD, 0xCF, 0x94, 0xC5, 0xFC, 0x0A, 0xEA, 0xCC, 0x60, 0x8F, 0x91, 0x24, 0xAC, 0xBC,
    0xF2, 0x9E, 0xA8, 0x85, 0x4D, 0xC2, 0x49, 0x38, 0xEA, 0xEA, 0x60, 0xD7, 0x36, 0x28, 0xEB, 0xE5,
    0x2F, 0x53, 0x21, 0x78, 0xE2, 0xAC, 0x4F, 0x58, 0x11, 0x6F, 0x75, 0xC2, 0x9D, 0x0C, 0x33, 0xC3,
    0x0B, 0x8E, 0x8D, 0x87, 0x7D, 0xB1, 0x88, 0xA9, 0xB7, 0x53, 0xD1, 0x15, 0xB5, 0x4D, 0xAD, 0x8F,
    0x56, 0x3A, 0xCC, 0x0D, 0xE6, 0x0C, 0xD3, 0xE7, 0x3A, 0xE9, 0x79, 0x83, 0xBD, 0xC0, 0x67, 0xFB,
    0xBF, 0x39, 0x7F, 0xDC, 0x5A, 0x70, 0xE4, 0xDA, 0x37, 0x1C, 0xBB, 0xF9, 0x37, 0x3C, 0xAD, 0xBF,
    0x70, 0x84, 0x15, 0x8D, 0x3E, 0x48, 0x5E, 0xF0, 0xC9, 0x9E, 0x84, 0x51, 0x9F, 0x31, 0xE8, 0x89,
    0x0F, 0x04, 0x16, 0xC9, 0x8C, 0x63, 0xAC, 0xF9, 0xDD, 0x15, 0xFE, 0x68, 0x57, 0xB7, 0xA2, 0xB5,
    0x6E, 0xC8, 0x7C, 0x54, 0x5B, 0x65, 0x5C, 0xCD, 0x62, 0xF5, 0xC4, 0x62, 0x93, 0xD3, 0xAF, 0x7F,
    0xFD, 0x1B, 0x1F, 0xB1, 0x70, 0x22, 0x72, 0x29, 0x89, 0x0C, 0x52, 0x04, 0xCC, 0xE0, 0x1C, 0x78,
    0x14, 0x16, 0x1B, 0xB1, 0x4C, 0xB8, 0x52, 0x66, 0xE0, 0xB9, 0xF4, 0x11, 0x3C, 0xE7, 0xF0, 0xAD,
    0x1E, 0x93, 0x90, 0x3C, 0x7B, 0x9F, 0x10, 0x72, 0x40, 0x8D, 0x74, 0x03, 0x13, 0x1A, 0x84, 0xFA,
    0x3E, 0xC2, 0x15, 0xA6, 0xD5, 0x5B, 0x50, 0x96, 0x01, 0x8B, 0x0D, 0x57, 0x80, 0x39, 0x71, 0x65,
    0xC2, 0xF3, 0x39, 0x8B, 0xFA, 0x26, 0x79, 0x13, 0xFB, 0x41, 0xB5, 0x35, 0xB1, 0xDB, 0xF1, 0x8B,
    0xCD, 0x96, 0x5A, 0x58, 0x39, 0x31, 0xC3, 0x7A, 0x43, 0xDF, 0x0D, 0x33, 0xA2, 0x69, 0x7C, 0x40,
    0x11, 0x2B, 0xF7, 0xDA, 0xCE, 0xC6, 0x82, 0xFD, 0x23, 0xED, 0xF3, 0xBD, 0xB3, 0xEB, 0x5F, 0xD6,
    0x88, 0x2B, 0x0C, 0xDC, 0x1D, 0x7B, 0xAF, 0xBD, 0xA5, 0x0A, 0x9F, 0xC9, 0x47, 0x1F, 0x41, 0x38,
    0xA8, 0x5A, 0xD4, 0x25, 0x4C, 0x1A, 0x38, 0x5E, 0x7C, 0x56, 0xFE, 0x96, 0xDD, 0x6D, 0x37, 0x60,
    0x58, 0x34, 0x83, 0x66, 0xE3, 0xDF, 0x11, 0x4B, 0x81, 0x01, 0x3C, 0x08, 0x0B, 0xFD, 0x6D, 0xA8,
    0x96, 0x07, 0x6F, 0xBE, 0x65, 0x4B, 0x8F, 0x72, 0x72, 0xB3, 0x02, 0xA1, 0xC3, 0x17, 0xA9, 0xF7,
    0x91, 0xE8, 0x9B, 0x5F, 0xA1, 0x59, 0x7B, 0x45, 0xB1, 0x48, 0x64, 0xAF, 0x7E, 0xCC, 0x2F, 0x3C,
    0xCA, 0x2D, 0x07, 0xE9, 0xAB, 0x65, 0x3E, 0x55, 0xF4, 0xB8, 0xB0, 0x2D, 0xB0, 0x45, 0x8F, 0x6A,
    0xD7, 0xA0, 0x6B, 0xCF, 0x80, 0xDD, 0x76, 0x64, 0x6C, 0x4B, 0xE5, 0x06, 0xA3, 0xDB, 0x28, 0x50,
    0x07, 0x8B, 0xA0, 0x7E, 0xD0, 0x27, 0x25, 0x6B, 0x83, 0xFD, 0xF8, 0x4E, 0x7A, 0xBB, 0x3F, 0x2E,
    0xB9, 0x3C, 0x8A, 0x0D, 0x63, 0xF2, 0x35, 0x76, 0x1C, 0xA3, 0x46, 0xD5, 0x6A, 0x1D, 0xD8, 0xE0,
    0x53, 0x91, 0x95, 0x91, 0xE3, 0x88, 0x39, 0xED, 0xF4, 0xE9, 0x2A, 0xA2, 0x26, 0x8D, 0x99, 0x5A,
    0xB1, 0x0F, 0xB9, 0xB7, 0x1C, 0xFB, 0x62, 0xB7, 0x8C, 0x19, 0xA8, 0x10, 0xCB, 0x0C, 0xD6, 0xA0,
    0xD0, 0x6E, 0xCD, 0xDC, 0x02, 0x8A, 0x61, 0x91, 0x60, 0x90, 0xC8, 0xCC, 0xF9, 0x2E, 0x86, 0xB3,
    0x58, 0xE0, 0x0A, 0x9D, 0x57, 0x90, 0x0C, 0x47, 0xBE, 0x68, 0xBA, 0xC9, 0x70, 0x7B, 0x19, 0xE1,
    0x94, 0x3D, 0x67, 0x81, 0x53, 0xCC, 0x1E, 0xCE, 0xC3, 0xA4, 0xB5, 0xBB, 0x47, 0x04, 0x93, 0x61,
    0x24, 0x4F, 0x1C, 0x77, 0x65, 0x8D, 0x8D, 0x99, 0xB9, 0xB8, 0xC8, 0xBD, 0x11, 0x9E, 0x91, 0xC6,
    0xB4, 0x3D, 0x26, 0xBD, 0x9C, 0x55, 0x2A, 0x5A, 0xB8, 0x14, 0xB1, 0x24, 0x85, 0x34, 0x34, 0x62,
    0x32, 0x52, 0xA7, 0xAA, 0x70, 0xCF, 0x71, 0x4F, 0x6D, 0x27, 0xB1, 0xC0, 0xB5, 0xD7, 0xAB, 0x8C,
    0x09, 0xAE, 0x65, 0x8C, 0xF4, 0x2D, 0x66, 0xA0, 0x12, 0x19, 0x83, 0x9E, 0xD6, 0x4B, 0x7A, 0x97,
    0xE1, 0x03, 0x57, 0x97, 0xCA, 0x68, 0x81, 0x04, 0x69, 0x84, 0x29, 0xB8, 0xC3, 0x78, 0xBE, 0x0F,
    0x30, 0x10, 0xF0, 0xFD, 0xA0, 0xEA, 0x1F, 0x08, 0xFF, 0xC7, 0x60, 0xE4, 0x3E, 0x3C, 0x92, 0xDA,
    0x8E, 0x0C, 0x50, 0x68, 0x19, 0x2E, 0x89, 0x72, 0x4E, 0x4E, 0x4F, 0x8A, 0x88, 0x2F, 0x65, 0x7D,
    0xFB, 0xD3, 0xD3, 0x81, 0x81, 0x34, 0x1B, 0x03, 0x6F, 0x49, 0x20, 0x8E, 0xF8, 0x32, 0x63, 0x78,
    0xA0, 0xD6, 0x35, 0x43, 0x2E, 0xD1, 0xEF, 0x96, 0x0C, 0x12, 0x92, 0x91, 0xBD, 0x87, 0xDF, 0xD0,
    0xF2, 0x93, 0x91, 0xF9, 0x25, 0x6B, 0xEA, 0x91, 0xF6, 0xBC, 0x64, 0x45, 0x31, 0x6E, 0xD9, 0xF9,
    0x93, 0xF7, 0x14, 0xA6, 0x91, 0xB6, 0x0B, 0x12, 0xCE, 0xA2, 0x15, 0x72, 0x10, 0x7C, 0xD3, 0x8A,
    0x38, 0xCB, 0xC2, 0x25, 0xC9, 0x1A, 0x19, 0xA7, 0xAE, 0x4E, 0x5A, 0xAA, 0x32, 0x03, 0x6D, 0x18,
    0xF3, 0xA4, 0xAF, 0xC6, 0xE3, 0x6A, 0x77, 0x60, 0x95, 0x51, 0xED, 0x8E, 0xED, 0x6C, 0xB5, 0xB0,
    0x31, 0xDB, 0x53, 0x87, 0x3B, 0x65, 0x0D, 0x3E, 0x96, 0xCE, 0x26, 0xB6, 0xF3, 0xE5, 0x05, 0xCB,
    0xDE, 0xF3, 0x11, 0x7D, 0x70, 0xD2, 0x8B, 0xF1, 0x8B, 0xF3, 0x3F, 0xF2, 0x42, 0x71, 0xD5, 0xB2,
    0x24, 0x2F, 0x5A, 0x99, 0x8F, 0xCD, 0x2A, 0x0B, 0x5E, 0x83, 0xC8, 0x50, 0x0D, 0x89, 0x1F, 0x6A,
    0x5E, 0x96, 0x48, 0xEE, 0xD2, 0xD5, 0x90, 0x74, 0xAF, 0x4C, 0x5F, 0x5A, 0xFF, 0xED, 0xDE, 0x3C,
    0xA2, 0x24, 0x57, 0x9A, 0x2A, 0x9C, 0x25, 0x75, 0x8F, 0x0E, 0x68, 0xA1, 0x0D, 0xDE, 0x09, 0xEF,
    0x41, 0xFB, 0x05, 0xA4, 0xF0, 0x3B, 0xEC, 0xCC, 0x06, 0xEF, 0xBD, 0x59, 0xE2, 0x91, 0xF0, 0x1E,
    0x7E, 0xBB, 0xC5, 0xFE, 0xF6, 0xD9, 0xFD, 0x82, 0x49, 0xE1, 0x97, 0x4F, 0x78, 0x0F, 0xC2, 0x7B,
    0x46, 0x03, 0x6A, 0xD0, 0xCC, 0xA4, 0x14, 0xE4, 0x77, 0x42, 0x25, 0xA9, 0xBA, 0xA7, 0x9F, 0xF7,
    0x3A, 0xA7, 0x6E, 0xD6, 0xD4, 0xA8, 0x94, 0xF7, 0x46, 0x66, 0x65, 0x44, 0x46, 0x46, 0x63, 0x09,
    0x53, 0xD5, 0x20, 0xD7, 0xFB, 0xAF, 0x61, 0x4F, 0xD6, 0x9D, 0x44, 0x35, 0xC5, 0x0A, 0x59, 0x7B,
    0x35, 0x28, 0xFF, 0x01, 0x3E, 0xA2, 0xB3, 0x14, 0x28, 0x30, 0x20, 0x5A, 0x62, 0xDD, 0x64, 0xF2,
    0x0C, 0x7F, 0xDC, 0xF0, 0xC2, 0x98, 0x49, 0x78, 0x0E, 0x14, 0x38, 0x6C, 0x69, 0x50, 0x47, 0x08,
    0x2C, 0x75, 0xC6, 0xA0, 0xC4, 0x82, 0x7C, 0xC7, 0x80, 0xDC, 0x78, 0x9B, 0x59, 0x17, 0x42, 0x26,
    0xF9, 0xEA, 0x92, 0x75, 0x2A, 0xA9, 0x19, 0x68, 0x54, 0x9C, 0x3E, 0x5E, 0x39, 0x6F, 0x9E, 0x56,
    0xC7, 0x07, 0x36, 0x34, 0xA9, 0x36, 0x19, 0x53, 0x12, 0xAE, 0x6A, 0x5F, 0x6D, 0x9C, 0x36, 0x72,
    0x07, 0xA6, 0x91, 0x84, 0x18, 0x8F, 0xAF, 0xE5, 0x34, 0xE9, 0x94, 0xA1, 0x21, 0xF3, 0x99, 0x4A,
    0xC1, 0xCD, 0x42, 0x59, 0x70, 0x4A, 0x5C, 0xC7, 0xA6, 0x00, 0x09, 0x4C, 0x1E, 0x79, 0x54, 0xDE,
    0x10, 0xBE, 0xCD, 0xCC, 0x62, 0x5A, 0xC1, 0x02, 0x9F, 0xCC, 0x3A, 0xE8, 0xE1, 0x4B, 0xE0, 0xC8,
    0x6F, 0x11, 0xAB, 0xAA, 0x4B, 0x60, 0x72, 0xD9, 0x16, 0xF6, 0x26, 0xC5, 0x98, 0x10, 0x3D, 0xBD,
    0x92, 0x76, 0x53, 0x57, 0x29, 0x57, 0x30, 0x46, 0xA1, 0x5A, 0x9A, 0x87, 0x83, 0xA3, 0x4A, 0x06,
    0x19, 0x19, 0xE4, 0xD4, 0xBB, 0x3B, 0xDB, 0xD5, 0x04, 0x6A, 0x01, 0x35, 0x80, 0x13, 0xBE, 0x26,
    0x7F, 0xE3, 0xB9, 0xFD, 0xF3, 0x3C, 0xB7, 0xA3, 0x33, 0x9D, 0xE0, 0x9F, 0xF9, 0x58, 0x50, 0x1E,
    0xE3, 0x50, 0x84, 0xC1, 0x02, 0x1B, 0x45, 0x3E, 0xC1, 0xBB, 0x3F, 0xF2, 0x88, 0xEB, 0xF8, 0x0A,
    0xD1, 0x29, 0x88, 0xC6, 0x62, 0x60, 0x54, 0xF2, 0xB1, 0xEA, 0x78, 0x48, 0xD5, 0x80, 0xB6, 0xC6,
    0xC1, 0x9E, 0xC3, 0x0E, 0xCF, 0x73, 0x63, 0xD9, 0xB9, 0xB5, 0xCA, 0xB7, 0xD7, 0xA5, 0xDE, 0x1F,
    0x23, 0x41, 0xCD, 0x24, 0xD0, 0x54, 0xFF, 0x23, 0x34, 0xF6, 0xD7, 0x85, 0xE6, 0x03, 0xCC, 0x77,
    0xE9, 0x38, 0x97, 0xAF, 0xB3, 0x71, 0x2E, 0x93, 0x1A, 0x2A, 0x05, 0xF7, 0x0A, 0x64, 0x9D, 0xA0,
    0x43, 0xF3, 0x35, 0xE2, 0xB0, 0xC8, 0xED, 0xA4, 0xE3, 0x97, 0xB1, 0x8B, 0x5B, 0xA3, 0x57, 0xFF,
    0x38, 0xAB, 0x0B, 0xAB, 0x71, 0x6E, 0x59, 0x2F, 0xB0, 0xBA, 0x0B, 0xDA, 0xFF, 0x16, 0xF0, 0xEF,
    0xC0, 0xEC, 0xD7, 0x67, 0x83, 0xCB, 0xFB, 0x5A, 0xD0, 0x95, 0x3A, 0xAE, 0x2B, 0xE2, 0x2A, 0xA0,
    0xDB, 0xA3, 0x4E, 0xC0, 0x4C, 0x06, 0x9E, 0xB3, 0x6C, 0x5B, 0x3D, 0x5F, 0xFA, 0x0B, 0xEC, 0x23,
    0xBF, 0x8B, 0x67, 0x09, 0xDE, 0x89, 0xDB, 0x63, 0x41, 0x1D, 0x06, 0xCA, 0x3D, 0x2E, 0x7F, 0xA7,
    0x05, 0x94, 0x4E, 0xE3, 0xF7, 0x08, 0x5D, 0xBD, 0xCA, 0x4F, 0x66, 0xB4, 0xA0, 0x2E, 0xF3, 0xF9,
    0x08, 0x16, 0x3D, 0x0F, 0x61, 0xFC, 0x92, 0x29, 0x27, 0x5F, 0xE5, 0xD1, 0xA5, 0xBB, 0xC5, 0xCD,
    0xFE, 0xB9, 0x74, 0x30, 0x51, 0x0B, 0x8B, 0x07, 0x7F, 0x1C, 0x94, 0x18, 0x94, 0x5F, 0x04, 0x71,
    0xF8, 0x1A, 0xB3, 0xC0, 0x1C, 0x5D, 0x99, 0xD4, 0x7C, 0x57, 0x78, 0x6F, 0x05, 0xAC, 0x04, 0x14,
    0xF4, 0x1E, 0x40, 0x76, 0xD6, 0x74, 0x3D, 0xDB, 0x1E, 0x32, 0x6A, 0x6A, 0xB0, 0xE8, 0x0B, 0x26,
    0x58, 0x97, 0x8F, 0x3A, 0x35, 0x47, 0x07, 0x7A, 0xC5, 0x0A, 0x1C, 0xD3, 0x39, 0x4C, 0xD2, 0x32,
    0xF5, 0x4C, 0xD3, 0x0C, 0x2C, 0xF3, 0x81, 0x89, 0x52, 0xB0, 0x8B, 0xD2, 0x38, 0xB9, 0xE1, 0xB7,
    0xE7, 0x5A, 0xD7, 0xF0, 0x28, 0x1C, 0x82, 0x6D, 0xF1, 0x0D, 0x39, 0xB4, 0x8E, 0xFA, 0xDE, 0xF1,
    0xF6, 0x5B, 0xDF, 0x6C, 0xB8, 0x74, 0x2E, 0xF0, 0xCE, 0xEE, 0xF3, 0x0B, 0xB2, 0x0C, 0x0E, 0x57,
    0xAD, 0xB7, 0x19, 0xBD, 0xEC, 0xEA, 0xAB, 0xDD, 0x83, 0x89, 0x06, 0x51, 0xFF, 0xEC, 0x69, 0xF9,
    0xC2, 0x4F, 0x7B, 0x5A, 0xBE, 0x80, 0xBD, 0xB9, 0x0A, 0x9F, 0x2D, 0x0F, 0xAE, 0x06, 0xDE, 0x31,
    0xC6, 0xD2, 0xE6, 0xC2, 0x3B, 0x12, 0x89, 0xA8, 0x43, 0x7B, 0x68, 0xEE, 0xDF, 0x7F, 0x37, 0x4E,
    0x47, 0x6F, 0x57, 0x4A, 0x47, 0x9F, 0xB0, 0xBC, 0x43, 0xA4, 0xBA, 0x3B, 0xA4, 0x1B, 0x98, 0xEB,
    0x6A, 0x09, 0x4B, 0x5D, 0x31, 0xE5, 0xAD, 0x6C, 0x82, 0x2C, 0xD9, 0x0A, 0x1E, 0xA4, 0xBB, 0x26,
    0xA1, 0x0F, 0xD7, 0xF2, 0x19, 0xEF, 0xB0, 0x8A, 0x13, 0x84, 0x7F, 0x00, 0x5F, 0x7B, 0xEF, 0x5B,
    0xE6, 0x99, 0xAE, 0xC3, 0x93, 0xFF, 0x82, 0x16, 0x11, 0x9E, 0xC1, 0x23, 0x54, 0x8A, 0x15, 0x50,
    0xA4, 0xCC, 0xBB, 0x48, 0x50, 0x96, 0x5C, 0x59, 0xBF, 0x97, 0x60, 0xED, 0xCA, 0xAE, 0x51, 0x91,
    0xB1, 0xE2, 0xFD, 0x0E, 0xFB, 0xED, 0x5B, 0xF9, 0xA4, 0xB6, 0x2C, 0xC3, 0xD4, 0x4C, 0xE4, 0xDE,
    0x97, 0x78, 0xA4, 0xC8, 0x04, 0x79, 0xF1, 0x4C, 0x32, 0x19, 0x30, 0xC9, 0x5C, 0x9E, 0x3E, 0xEF,
    0xDC, 0x6D, 0x93, 0xCF, 0x49, 0x0D, 0xEA, 0x5A, 0x3B, 0x80, 0x67, 0x7B, 0x5D, 0x9F, 0x04, 0x10,
    0x3B, 0xA9, 0x69, 0x79, 0xAF, 0xCF, 0x51, 0xA6, 0xC3, 0xE6, 0x81, 0x52, 0xDE, 0x7F, 0xC0, 0xA3,
    0xF7, 0xDF, 0xB5, 0xE4, 0x53, 0xE1, 0xC0, 0x10, 0x1C, 0x71, 0xD6, 0x41, 0xC0, 0x47, 0x5D, 0xBB,
    0xE7, 0x06, 0x6F, 0x3D, 0x82, 0x95, 0xB0, 0x3D, 0xD8, 0xB1, 0x8B, 0x67, 0x81, 0x65, 0xA2, 0x69,
    0x4F, 0x0B, 0xE6, 0xD7, 0xED, 0xB9, 0x2F, 0x18, 0x5F, 0x2B, 0x7C, 0x17, 0xEC, 0xB7, 0x04, 0x13,
    0x02, 0xCE, 0xF7, 0x63, 0xA9, 0x59, 0x68, 0x0D, 0x92, 0x90, 0x07, 0x17, 0x30, 0x13, 0x9D, 0x99,
    0xBB, 0xA7, 0xB6, 0xA8, 0x73, 0xFF, 0xF6, 0x10, 0x75, 0x06, 0xD4, 0x00, 0x73, 0xF3, 0xC0, 0xCF,
    0xAC, 0x2E, 0xBD, 0x4E, 0xDD, 0xB0, 0xA9, 0x2B, 0xAE, 0x57, 0xC7, 0x6E, 0x62, 0x55, 0xD7, 0x69,
    0x9A, 0x7B, 0x9B, 0xA9, 0x6F, 0xDB, 0xF2, 0xBE, 0xE4, 0xEA, 0xA1, 0xDB, 0x40, 0x48, 0xA3, 0x73,
    0xE9, 0x21, 0xC1, 0x03, 0x63, 0x9F, 0xF1, 0xD8, 0x37, 0x44, 0xE1, 0x9E, 0x0F, 0x79, 0xE4, 0x91,
    0x55, 0x9D, 0x5C, 0x52, 0xF7, 0x8C, 0xA3, 0x06, 0x26, 0xA7, 0xEA, 0xD0, 0xB5, 0xA9, 0xBB, 0x76,
    0xD4, 0x4E, 0xD4, 0xFD, 0xE3, 0xAD, 0x20, 0x60, 0xA7, 0x0E, 0xBC, 0xA2, 0xEE, 0xDC, 0x84, 0x44,
    0x8E, 0xFD, 0x61, 0x8E, 0x09, 0x7E, 0x97, 0x1F, 0x34, 0x20, 0x2C, 0x2C, 0x15, 0x87, 0x3C, 0x67,
    0x51, 0xB7, 0x8C, 0xED, 0x23, 0xFF, 0xF6, 0x06, 0x9E, 0xE5, 0x19, 0xAB, 0x19, 0x98, 0xD0, 0xE2,
    0x99, 0x86, 0xE8, 0x01, 0x54, 0x0D, 0x62, 0x80, 0x19, 0xE0, 0xDE, 0x64, 0x3D, 0x55, 0x42, 0x87,
    0xC9, 0xA6, 0x5B, 0x37, 0xAF, 0x1C, 0x63, 0x01, 0x6B, 0xAC, 0x0C, 0xFF, 0x9B, 0x7A, 0x06, 0x02,
    0x34, 0x80, 0xA6, 0x7A, 0xD7, 0x94, 0x4B, 0x61, 0x58, 0x98, 0x1C, 0x0B, 0x8E, 0xB1, 0xA3, 0xC9,
    0x48, 0xFC, 0xE3, 0xA3, 0xD8, 0xA6, 0x5D, 0xCE, 0x0B, 0xB0, 0x9F, 0xD7, 0x73, 0x37, 0xD1, 0xA3,
    0x82, 0x6B, 0x8F, 0xDE, 0x4E, 0x8F, 0xEF, 0xD6, 0x45, 0xFC, 0x2B, 0x4D, 0xE4, 0xD9, 0x7D, 0x15,
    0x93, 0xA9, 0x46, 0x43, 0x7A, 0xB1, 0x46, 0xA7, 0x18, 0xED, 0x6B, 0xDF, 0xDD, 0x81, 0xEE, 0x76,
    0x7D, 0x05, 0xF5, 0xC7, 0xEE, 0xB2, 0xA7, 0xED, 0x6E, 0x3B, 0xEC, 0xE3, 0x4A, 0x3B, 0x83, 0x2C,
    0xA3, 0x51, 0x3D, 0x63, 0x5E, 0xE7, 0x33, 0x39, 0x74, 0x69, 0xB2, 0xD6, 0x96, 0x87, 0xFC, 0x33,
    0x0D, 0xDF, 0xA0, 0x7F, 0x7A, 0xA7, 0x7B, 0xFA, 0xE7, 0xC5, 0x58, 0xF0, 0x82, 0x61, 0x7C, 0x7C,
    0xB1, 0x01, 0xDC, 0xF2, 0x5B, 0xBC, 0xE0, 0x02, 0x19, 0xD8, 0x40, 0x07, 0x32, 0xBC, 0x8E, 0xC7,
    0x56, 0xFA, 0xE2, 0x5C, 0x6B, 0x65, 0xC5, 0x49, 0x93, 0x2D, 0x53, 0x5F, 0x35, 0xE4, 0xE9, 0x49,
    0x84, 0xA6, 0xBD, 0xAB, 0x0F, 0xB5, 0x0D, 0xB3, 0x5D, 0x77, 0x43, 0x0F, 0xE7, 0x62, 0x36, 0x2E,
    0xB3, 0xBE, 0x12, 0xB8, 0xAC, 0x3C, 0x36, 0x2E, 0xF9, 0x75, 0x5C, 0x5A, 0xD6, 0x5A, 0x95, 0x8C,
    0x95, 0xF6, 0xD7, 0xE1, 0x9B, 0xDF, 0x46, 0x93, 0xAB, 0xCB, 0x62, 0x86, 0x6A, 0x23, 0x4B, 0xD3,
    0xF0, 0xF5, 0x44, 0xF4, 0xF8, 0xCD, 0x0D, 0x70, 0x64, 0x2D, 0xA2, 0xC9, 0x26, 0xD8, 0x6A, 0xF0,
    0x59, 0x43, 0xF0, 0x5C, 0xDE, 0x02, 0x57, 0x2B, 0xC2, 0x8C, 0x61, 0x9F, 0xB9, 0x35, 0x7C, 0xC8,
    0xA0, 0xCA, 0x4D, 0x1D, 0x5B, 0x62, 0x1A, 0x8C, 0x0A, 0x79, 0xF4, 0x58, 0xAF, 0xE1, 0x6B, 0x4F,
    0x43, 0xBA, 0x25, 0xF3, 0x07, 0x27, 0xE4, 0xDA, 0x45, 0x44, 0x5D, 0x3F, 0x0A, 0x05, 0x9E, 0xFC,
    0xEB, 0x9E, 0xC1, 0x2E, 0xF7, 0x51, 0x73, 0xDD, 0xF5, 0xFE, 0xC6, 0xD3, 0xC8, 0x9F, 0xAC, 0x3F,
    0x25, 0xBE, 0x29, 0x5E, 0xE5, 0xF6, 0x34, 0xFF, 0x8B, 0xA5, 0xAB, 0xB4, 0xFD, 0xC6, 0xC3, 0x80,
    0x14, 0x13, 0x7B, 0x23, 0x1D, 0xC6, 0x45, 0x2A, 0x4C, 0x9C, 0x9A, 0x59, 0x66, 0x88, 0xE2, 0x3B,
    0x31, 0xB4, 0xC0, 0x0B, 0x4F, 0x4A, 0x90, 0x7D, 0x10, 0xC7, 0x6C, 0x8C, 0xC4, 0x7A, 0x1A, 0xC9,
    0x66, 0xF2, 0x48, 0x92, 0x48, 0x30, 0x7D, 0x3C, 0xC7, 0xD2, 0xD8, 0x36, 0xC8, 0x94, 0xB6, 0x6A,
    0x83, 0x4C, 0xD7, 0x57, 0x0D, 0x99, 0xC4, 0xD1, 0xD1, 0xE4, 0x93, 0x34, 0xFC, 0xF4, 0x84, 0xDC,
    0x39, 0x0C, 0xEB, 0x9C, 0x48, 0x40, 0x4A, 0x96, 0xA4, 0xD0, 0x14, 0x58, 0x5D, 0x74, 0x18, 0x69,
    0xE0, 0xCD, 0x80, 0x92, 0xBD, 0x28, 0x5A, 0x68, 0x72, 0x26, 0x61, 0x0E, 0xBF, 0xB4, 0x9B, 0x62,
    0xC8, 0x82, 0xAB, 0x36, 0x13, 0xA8, 0x1E, 0x1E, 0x13, 0xEC, 0xF7, 0x2B, 0xC6, 0x69, 0x63, 0x6B,
    0xCD, 0x22, 0xFC, 0xB1, 0xAE, 0xCC, 0x82, 0x7C, 0x8D, 0x77, 0x30, 0xB6, 0x87, 0xC1, 0xBF, 0x7D,
    0x05, 0x23, 0x4D, 0xA6, 0x9D, 0x5D, 0x4E, 0x78, 0x91, 0x47, 0x21, 0xEE, 0xCC, 0x30, 0x69, 0x20,
    0xEF, 0x69, 0x38, 0x56, 0x5A, 0xB2, 0xA0, 0x34, 0x76, 0x69, 0xBA, 0x2B, 0x8D, 0xEC, 0x1A, 0xB6,
    0x2F, 0xDC, 0x19, 0x07, 0x61, 0x03, 0x3D, 0x33, 0xB9, 0xE0, 0xCD, 0xA3, 0x2B, 0x6C, 0xD3, 0x92,
    0x3B, 0x8E, 0x45, 0x07, 0x9E, 0xA6, 0x5C, 0xA7, 0x69, 0xC2, 0x67, 0xB8, 0xC2, 0xB7, 0x5D, 0xCD,
    0x0B, 0x68, 0x5C, 0x8C, 0x78, 0x6D, 0x72, 0x51, 0xB5, 0x5E, 0xB5, 0xF7, 0x7B, 0x4B, 0x54, 0xE5,
    0x32, 0x5F, 0x76, 0x96, 0xA8, 0xD4, 0x3D, 0x3D, 0x3F, 0x4B, 0xE4, 0xAF, 0x12, 0x4B, 0xE4, 0xED,
    0x4E, 0x6D, 0x24, 0x5E, 0xED, 0x01, 0x55, 0x24, 0xD1, 0xD8, 0xFB, 0x52, 0xD3, 0xF4, 0xBA, 0x89,
    0xA8, 0x2B, 0x35, 0xC1, 0xBF, 0xBD, 0x0E, 0x4C, 0x10, 0xA1, 0x21, 0x1E, 0xF3, 0x5E, 0xD5, 0xD2,
    0x58, 0x6D, 0x74, 0x59, 0xA3, 0x31, 0x10, 0x49, 0x07, 0x9A, 0xF7, 0x33, 0xAF, 0xB7, 0xE1, 0x8F,
    0x86, 0x1C, 0x29, 0x89, 0xB7, 0xA8, 0xC5, 0xF1, 0xE8, 0x19, 0x31, 0x4D, 0x3A, 0x38, 0x9A, 0xA8,
    0x5D, 0x72, 0x18, 0x67, 0xAF, 0xB7, 0xA9, 0x9F, 0xB4, 0x68, 0x0A, 0x83, 0xEF, 0x0C, 0x0F, 0xD5,
    0x23, 0x76, 0x36, 0xDC, 0x9C, 0x5B, 0x64, 0xC2, 0x4A, 0x60, 0xF1, 0x3E, 0xBB, 0xA2, 0x81, 0x48,
    0x34, 0x25, 0x8F, 0x1E, 0x94, 0x42, 0x48, 0xD4, 0x67, 0x34, 0xCB, 0xDC, 0x39, 0xC8, 0xE0, 0x70,
    0x4F, 0x6D, 0x21, 0x64, 0x8D, 0x53, 0xE1, 0x00, 0x32, 0xD2, 0xB5, 0xF9, 0xBB, 0x4C, 0xA1, 0xA9,
    0x41, 0x73, 0xF5, 0xBA, 0x0D, 0xA0, 0x13, 0xE4, 0xB9, 0xE0, 0x19, 0xFA, 0xE8, 0xFC, 0x02, 0x2F,
    0xA3, 0x31, 0x26, 0xF7, 0xA8, 0x4A, 0x4D, 0x82, 0x30, 0x00, 0xFF, 0xF4, 0x8B, 0xA2, 0x27, 0x9D,
    0x94, 0x0D, 0x20, 0x83, 0x3D, 0x3A, 0x3B, 0x04, 0x78, 0x45, 0x52, 0xC7, 0xA2, 0xE3, 0x91, 0x4A,
    0xD5, 0xE2, 0x8D, 0x73, 0x1F, 0x5A, 0xBC, 0xCC, 0x60, 0x5B, 0x3C, 0x81, 0xF4, 0x55, 0x68, 0xC7,
    0x48, 0x1A, 0xDA, 0x21, 0x91, 0x32, 0xB4, 0xF9, 0x10, 0x3A, 0x77, 0x4D, 0x68, 0xC9, 0xD9, 0xD2,
    0x72, 0x34, 0x50, 0x87, 0x56, 0x5A, 0xE8, 0x65, 0x0F, 0xA4, 0x4E, 0x68, 0x89, 0x9F, 0x88, 0x7B,
    0xC8, 0x44, 0x8D, 0x50, 0x1F, 0x19, 0x0B, 0x6A, 0x95, 0x70, 0xCF, 0x4A, 0xB7, 0xE4, 0x73, 0x1D,
    0x8E, 0xE3, 0xFE, 0xB9, 0xF0, 0xDF, 0x71, 0x6F, 0xDD, 0x95, 0xD1, 0x76, 0x4B, 0xDB, 0x68, 0x7B,
    0x7E, 0xF9, 0x78, 0x1D, 0x88, 0xE6, 0xA3, 0x9F, 0x02, 0x75, 0x87, 0xD7, 0xEE, 0x76, 0x78, 0x98,
    0x67, 0xC8, 0xFB, 0x1F, 0x30, 0xB1, 0x4F, 0x6A, 0x29, 0x89, 0x81, 0xA4, 0x4E, 0xC1, 0x32, 0x1B,
    0x09, 0x97, 0xB2, 0x01, 0xCC, 0x7B, 0xB0, 0x00, 0x4B, 0xAB, 0xD8, 0x61, 0x7B, 0xDB, 0x82, 0x55,
    0xCB, 0x88, 0xAD, 0x67, 0x72, 0xB1, 0xE2, 0x6C, 0xC0, 0x09, 0x53, 0x24, 0x1E, 0xCC, 0x14, 0x07,
    0x3E, 0x67, 0x1A, 0xB5, 0x48, 0xA8, 0xF4, 0xCD, 0x48, 0xB6, 0xAB, 0x38, 0x06, 0x26, 0x44, 0x63,
    0xCB, 0xE6, 0x56, 0x5A, 0xF2, 0xFF, 0x08, 0x5F, 0xFD, 0x89, 0x53, 0x49, 0xF5, 0xEA, 0x8A, 0xF2,
    0x59, 0x53, 0xEB, 0xA0, 0xEB, 0xCE, 0x82, 0x22, 0xD7, 0xB8, 0xA0, 0xC8, 0x9A, 0x87, 0x29, 0xCA,
    0x9F, 0x87, 0xA2, 0xF9, 0x99, 0x15, 0x15, 0x3B, 0x45, 0x42, 0xB9, 0x42, 0xFC, 0x50, 0x45, 0x46,
    0x33, 0x2A, 0x37, 0xDE, 0xAE, 0x6B, 0xE3, 0x1B, 0xB6, 0x02, 0x32, 0xF1, 0xC8, 0x3A, 0xC6, 0x54,
    0x25, 0xF3, 0x94, 0x01, 0x2B, 0x46, 0x30, 0xEB, 0x2A, 0xB6, 0x35, 0xE5, 0xFB, 0x9F, 0x99, 0x88,
    0x90, 0x91, 0xB8, 0xEA, 0x44, 0x1D, 0x01, 0x0F, 0x48, 0xF4, 0x7C, 0x8D, 0x3A, 0xF0, 0x99, 0xC7,
    0x0B, 0x5C, 0xD5, 0xB9, 0xEB, 0xD4, 0xF9, 0x13, 0x75, 0x1E, 0xE2, 0x32, 0xAC, 0xF9, 0x06, 0xB2,
    0xFD, 0x24, 0x0A, 0x19, 0xAF, 0x64, 0xA8, 0x4A, 0xAD, 0x9F, 0x01, 0x05, 0xEC, 0xB9, 0x29, 0xED,
    0x9C, 0xE1, 0xFA, 0x38, 0xC6, 0xEB, 0x55, 0xA7, 0x68, 0x7A, 0xA8, 0x22, 0xCD, 0x11, 0xC2, 0x74,
    0x0D, 0x05, 0xAD, 0x07, 0x9D, 0x1E, 0x26, 0x69, 0xD6, 0x0C, 0xB9, 0x3F, 0x3C, 0x9B, 0xEF, 0x33,
    0xB6, 0xF5, 0xCC, 0xA8, 0x0E, 0x3E, 0xB6, 0x67, 0x21, 0x29, 0x7A, 0x38, 0xE4, 0x23, 0x93, 0x15,
    0x32, 0x3D, 0xC9, 0x4C, 0xA6, 0x93, 0xB0, 0xF4, 0xC7, 0xC2, 0x4C, 0x8E, 0x34, 0xA9, 0x28, 0x9A,
    0xE0, 0xD5, 0x44, 0xA2, 0x26, 0x2C, 0xE8, 0x90, 0x2F, 0x6F, 0x5B, 0xEC, 0xA7, 0x2D, 0x49, 0xA8,
    0x14, 0x1B, 0xD0, 0xED, 0xB0, 0xAA, 0x35, 0xE5, 0xBE, 0x5E, 0x45, 0xB9, 0x3F, 0x4A, 0x52, 0x10,
    0x40, 0xFE, 0xAC, 0x84, 0xC8, 0xA8, 0x15, 0x44, 0x40, 0x1D, 0x69, 0xDA, 0xF8, 0x20, 0x5D, 0x4C,
    0x58, 0x0E, 0x70, 0x9E, 0x5F, 0xF4, 0xC1, 0xC2, 0x96, 0x33, 0xFD, 0xAA, 0xCF, 0x82, 0xEA, 0x2E,
    0x9B, 0x9F, 0xD4, 0x54, 0x73, 0x49, 0x05, 0xA1, 0xE6, 0xAA, 0x0A, 0xC1, 0xC4, 0x7D, 0xB9, 0x1D,
    0x1E, 0x2D, 0x54, 0xD5, 0x9D, 0xEE, 0x77, 0x1E, 0x9F, 0x70, 0x4F, 0x9D, 0x45, 0xA3, 0x91, 0xC6,
    0xB1, 0xAC, 0x4C, 0x66, 0xE7, 0x49, 0x1D, 0xA7, 0x13, 0x76, 0x8E, 0xE7, 0xDD, 0x96, 0x76, 0x66,
    0x81, 0xCE, 0x26, 0xCC, 0x5A, 0x78, 0xF6, 0x14, 0x6E, 0x0C, 0x98, 0x08, 0x85, 0x31, 0xB9, 0xB0,
    0xE2, 0x10, 0xB0, 0x16, 0x01, 0xE1, 0x90, 0x32, 0xE4, 0x5D, 0xE0, 0xB9, 0xCC, 0x00, 0xDB, 0xC2,
    0xA9, 0x6A, 0x40, 0x77, 0xC4, 0xAA, 0xD3, 0xBA, 0xB8, 0x80, 0x39, 0x6F, 0x3E, 0x47, 0x84, 0xE2,
    0x28, 0xF1, 0x8C, 0x14, 0x75, 0x90, 0x54, 0x51, 0x51, 0x6A, 0xC0, 0x88, 0xFB, 0x7D, 0x29, 0xE8,
    0x75, 0x75, 0x21, 0x4C, 0x9F, 0x58, 0x7D, 0xEC, 0x71, 0xAA, 0x30, 0xFC, 0xBA, 0x28, 0xD3, 0xDF,
    0x62, 0x95, 0xAC, 0x5E, 0x0B, 0xAA, 0x58, 0x28, 0x9C, 0xA6, 0x92, 0x06, 0xAC, 0x30, 0x1C, 0xB4,
    0xBA, 0xE2, 0x9E, 0xA3, 0x68, 0x4D, 0xFA, 0x7C, 0x0A, 0x2A, 0x58, 0x6D, 0xDA, 0x0A, 0x55, 0x54,
    0x9E, 0x35, 0xAE, 0xB1, 0x80, 0x93, 0x46, 0x7E, 0x43, 0xA4, 0x76, 0x7F, 0x03, 0xC8, 0x24, 0x75,
    0x25, 0x03, 0x75, 0x18, 0x2D, 0x79, 0x8C, 0x4F, 0x93, 0x92, 0x1C, 0x3A, 0x6B, 0xD0, 0xF7, 0xEF,
    0x39, 0xEA, 0x91, 0xF5, 0x41, 0x8E, 0x2C, 0x33, 0xC0, 0xFA, 0x63, 0xD4, 0xAB, 0x74, 0xE1, 0xF7,
    0xA9, 0xE6, 0x95, 0x24, 0x19, 0x0F, 0x5B, 0x8A, 0xB4, 0x12, 0x18, 0x8B, 0xD6, 0x00, 0xEA, 0x76,
    0xD6, 0x75, 0x8C, 0x0C, 0xC6, 0x8C, 0xFB, 0xFD, 0x18, 0xDC, 0x04, 0x9C, 0xFC, 0xC3, 0xB1, 0x1E,
    0xCE, 0x82, 0xB0, 0x15, 0xD6, 0xDE, 0x2F, 0x21, 0xB5, 0xD1, 0xA4, 0x33, 0xCF, 0xCD, 0x70, 0xCF,
    0x08, 0x67, 0x62, 0x78, 0x7E, 0x4D, 0xC2, 0xF2, 0x11, 0xCB, 0x18, 0x30, 0x13, 0x90, 0x83, 0x7A,
    0xF7, 0x7B, 0x8B, 0xE6, 0x5F, 0x04, 0x67, 0x52, 0x28, 0x32, 0x06, 0x2C, 0xA8, 0x64, 0x21, 0x1E,
    0xC9, 0x7A, 0xCA, 0x8C, 0xB7, 0x3A, 0xB9, 0xAF, 0x8D, 0x58, 0x10, 0x3E, 0x6F, 0x64, 0x99, 0x21,
    0xD3, 0xCF, 0xB7, 0x21, 0x5D, 0xFD, 0x05, 0xF3, 0xF3, 0xD3, 0xFE, 0xE1, 0x95, 0x33, 0x6A, 0xD2,
    0xFD, 0x00, 0xE9, 0x17, 0x0E, 0x57, 0x80, 0xE2, 0x2E, 0xEF, 0x3A, 0xE1, 0x54, 0xEF, 0xD7, 0x5E,
    0x39, 0x56, 0xBA, 0xEE, 0x31, 0xB8, 0xB1, 0xA6, 0x8D, 0xE9, 0xDC, 0x17, 0x01, 0x46, 0x60, 0x96,
    0x8E, 0xCF, 0x9A, 0x25, 0xD8, 0x74, 0xDC, 0x9C, 0x5E, 0x84, 0xE9, 0x70, 0x95, 0x64, 0xB2, 0x92,
    0x2C, 0x4E, 0x49, 0xBA, 0x17, 0x4E, 0x92, 0x09, 0x78, 0xD3, 0x14, 0xF8, 0xF3, 0x4A, 0xFE, 0x4C,
    0xBC, 0xEE, 0xF9, 0x65, 0xD6, 0x03, 0x0D, 0xA8, 0xB9, 0x80, 0xFF, 0xCE, 0x32, 0x32, 0x7F, 0x85,
    0x94, 0xC4, 0x98, 0x6D, 0x2E, 0x07, 0xA9, 0x89, 0x78, 0xE7, 0xEF, 0x90, 0x32, 0x9B, 0x20, 0x2A,
    0xAC, 0xEF, 0x5A, 0xA0, 0x33, 0x44, 0x70, 0x66, 0x79, 0xA5, 0xDE, 0x39, 0xB4, 0xB9, 0xDC, 0x35,
    0xAC, 0x0F, 0x95, 0x74, 0x7A, 0xD4, 0x26, 0xDD, 0x21, 0xB4, 0x22, 0xEE, 0xE2, 0x3B, 0x5A, 0x4A,
    0x0F, 0x2C, 0xA6, 0xC9, 0x65, 0x2C, 0x68, 0x33, 0x2A, 0x12, 0x48, 0xD5, 0x92, 0xEF, 0x9C, 0x0C,
    0x73, 0xD0, 0x50, 0x57, 0xFB, 0x6C, 0xAF, 0x68, 0xE1, 0xDE, 0x60, 0xBA, 0x2E, 0x11, 0xE1, 0x79,
    0xB3, 0xAB, 0x0B, 0x29, 0x35, 0xD6, 0xD2, 0x10, 0xD2, 0xB5, 0x27, 0x1E, 0xC3, 0x01, 0x7C, 0xA6,
    0xFF, 0x6B, 0xA7, 0x1B, 0x5E, 0x4B, 0xC8, 0x33, 0x20, 0x5E, 0x76, 0x3E, 0x2D, 0x6E, 0x6C, 0x5F,
    0x91, 0x90, 0x6A, 0x1D, 0x53, 0x0B, 0x34, 0x74, 0x4B, 0x82, 0x37, 0x2C, 0x96, 0x7A, 0xA0, 0x5C,
    0xF0, 0x79, 0xAF, 0xBD, 0x06, 0xEB, 0x23, 0x49, 0x8B, 0x50, 0xB8, 0xCD, 0x2F, 0xC6, 0x7F, 0x9B,
    0x9E, 0x94, 0x38, 0x08, 0x33, 0x1F, 0x65, 0x48, 0xE7, 0x62, 0xC8, 0x7C, 0x3E, 0x14, 0xA3, 0x1D,
    0xEC, 0x03, 0xE9, 0xF9, 0x95, 0x51, 0xE9, 0x02, 0x09, 0xA6, 0x13, 0x3D, 0xF1, 0x72, 0x17, 0xB7,
    0x31, 0x7D, 0x69, 0xF5, 0x88, 0xD4, 0x44, 0xF8, 0xDF, 0xF3, 0x2B, 0xA3, 0x4B, 0x56, 0xDD, 0x2B,
    0x01, 0xAB, 0x79, 0xB5, 0x48, 0x4B, 0xCF, 0xB4, 0x92, 0x70, 0xD8, 0x16, 0x98, 0x04, 0xE7, 0x22,
    0x3D, 0xA7, 0xB3, 0x07, 0xA1, 0x9C, 0xEF, 0xE7, 0x7D, 0x32, 0xA7, 0x3E, 0x70, 0xF1, 0xD9, 0x2C,
    0x0C, 0x4F, 0x6F, 0x35, 0x8B, 0x6C, 0xEC, 0x3F, 0xFF, 0x03, 0x2B, 0x8B, 0xBE, 0x2E, 0xAA, 0x9A,
    0xCF, 0x31, 0x3A, 0x09, 0xD6, 0x18, 0x1E, 0xEF, 0x7D, 0x9A, 0x7F, 0x23, 0x14, 0x62, 0xB7, 0x44,
    0x69, 0x10, 0x0B, 0x8D, 0x96, 0xF1, 0x3D, 0x35, 0x71, 0x2A, 0x69, 0x3E, 0x76, 0xC9, 0x5B, 0x11,
    0x4B, 0x14, 0x6C, 0xCB, 0xD8, 0xA0, 0x51, 0x52, 0xF8, 0xE4, 0x98, 0x48, 0x36, 0x66, 0x53, 0x1E,
    0x5E, 0x6E, 0x38, 0xE9, 0xFF, 0xCE, 0xB0, 0xF5, 0xDF, 0x7D, 0x80, 0xD1, 0xCF, 0x75, 0xEA, 0x24,
    0xC2, 0x66, 0x71, 0x57, 0x4F, 0xF6, 0x1E, 0x21, 0x33, 0x6F, 0x7F, 0xD3, 0x93, 0x97, 0x37, 0x12,
    0x5E, 0x64, 0xE5, 0x49, 0xCA, 0x9F, 0xAD, 0xFD, 0x9A, 0xE7, 0xD4, 0xEF, 0xEF, 0x5D, 0xED, 0x37,
    0xA7, 0x5F, 0xD6, 0x65, 0xB7, 0xA5, 0xE0, 0xA2, 0x37, 0x10, 0xB2, 0x91, 0xAA, 0x9E, 0x75, 0xAF,
    0x5C, 0xE2, 0x7F, 0x5C, 0xAD, 0x35, 0x2F, 0xD4, 0x94, 0x4C, 0xDB, 0xDF, 0xB1, 0x3C, 0x73, 0x3E,
    0x7D, 0x57, 0xC1, 0x9F, 0xD6, 0xC7, 0xF3, 0x94, 0x44, 0x93, 0xF5, 0x6C, 0xED, 0x22, 0x69, 0x96,
    0x7C, 0xEA, 0xF8, 0x62, 0x3C, 0xFF, 0x3D, 0x6B, 0x9D, 0xBC, 0x42, 0x3E, 0x72, 0x32, 0x4C, 0x30,
    0xE2, 0x20, 0x7B, 0x21, 0x75, 0xD1, 0xBA, 0xF2, 0x06, 0x83, 0x7A, 0xB6, 0x94, 0x3E, 0xB8, 0x46,
    0x5F, 0x52, 0xEB, 0x6B, 0x97, 0x39, 0x8F, 0x9E, 0x21, 0x73, 0xBE, 0xCF, 0x9E, 0x47, 0x9D, 0x9E,
    0x90, 0x94, 0x5F, 0x5B, 0xFC, 0xFE, 0x64, 0xFF, 0x7E, 0xA9, 0xAF, 0x2F, 0xA8, 0xAF, 0xFF, 0x4A,
    0xE4, 0xCC, 0x78, 0xF7, 0x67, 0x3E, 0x81, 0x38, 0xFD, 0x9B, 0x07, 0x2D, 0xF2, 0x54, 0x83, 0xDC,
    0x7E, 0xC3, 0xC1, 0x47, 0x32, 0xE7, 0x13, 0x7B, 0x54, 0xAF, 0x35, 0xE2, 0x4F, 0xF2, 0x93, 0x4A,
    0x81, 0x5C, 0x98, 0x9F, 0x23, 0xA7, 0xA4, 0x0D, 0x9B, 0xD5, 0xF7, 0x2E, 0x46, 0x2D, 0xD6, 0xAD,
    0x96, 0x9B, 0x3D, 0xAE, 0x77, 0xCA, 0xA5, 0x2C, 0x26, 0x3B, 0x86, 0x9E, 0x2D, 0x29, 0x6A, 0xD7,
    0x6A, 0x26, 0x25, 0xF3, 0x04, 0x6B, 0x63, 0x00, 0x3B, 0x10, 0x83, 0xF5, 0xAE, 0x33, 0xD2, 0x55,
    0xF7, 0x52, 0x3D, 0x76, 0x29, 0x33, 0x3D, 0xC1, 0x59, 0x2B, 0x8B, 0xCE, 0xDF, 0x02, 0x27, 0x25,
    0x16, 0x51, 0x04, 0x9A, 0xF7, 0x1A, 0x6D, 0x5A, 0xAD, 0x6E, 0x65, 0x3E, 0xDE, 0xE1, 0x64, 0x84,
    0x80, 0xE1, 0xEC, 0x58, 0x0F, 0x1E, 0x51, 0x26, 0xCD, 0xA6, 0xC0, 0x27, 0x3E, 0x09, 0x84, 0x7C,
    0x0E, 0x54, 0xE2, 0x33, 0xAF, 0xC5, 0xB4, 0x3F, 0x1F, 0x60, 0xA6, 0x78, 0x7A, 0xCC, 0xC6, 0x5C,
    0xBA, 0x7C, 0x28, 0xA4, 0xC9, 0x7B, 0xCB, 0x16, 0xC4, 0x12, 0xF3, 0x5A, 0xCF, 0x4A, 0x3C, 0x00,
    0x44, 0x8F, 0x81, 0x7D, 0xD5, 0x40, 0xB7, 0xA9, 0x4A, 0x63, 0x9B, 0x73, 0x8D, 0xAF, 0x35, 0xDC,
    0x03, 0xAE, 0x0D, 0xF7, 0x8A, 0x4B, 0xE1, 0x1E, 0xEC, 0x84, 0x84, 0xB4, 0xAE, 0x94, 0x0C, 0x92,
    0x90, 0x37, 0xF8, 0x27, 0xD6, 0x04, 0xFE, 0xA0, 0xC0, 0xD3, 0x39, 0x23, 0x12, 0xBA, 0x2C, 0x7A,
    0xCC, 0xB4, 0x42, 0xD5, 0x05, 0x90, 0xC0, 0x85, 0x42, 0xCC, 0x21, 0xF8, 0x14, 0x8B, 0xAD, 0x0A,
    0xA1, 0x5C, 0x9C, 0x31, 0xD1, 0xCD, 0xE5, 0x23, 0x3B, 0x27, 0xF0, 0x5D, 0x27, 0x91, 0x5E, 0xFE,
    0xB0, 0x48, 0x8F, 0xBB, 0x3F, 0x85, 0x7B, 0xB7, 0x0D, 0xAB, 0x1B, 0x97, 0xA4, 0xA7, 0xD5, 0x3F,
    0xCC, 0xE2, 0x27, 0x7B, 0xC1, 0x9A, 0x51, 0xBA, 0xAE, 0xF0, 0xF0, 0x1B, 0x02, 0x04, 0x79, 0x45,
    0xEF, 0xA0, 0xA6, 0x00, 0x3F, 0xA7, 0xFC, 0x48, 0x9C, 0x10, 0x88, 0x33, 0xA0, 0x0C, 0x96, 0x87,
    0x5F, 0x8F, 0xD4, 0x92, 0xC2, 0x39, 0x5D, 0xF7, 0xD5, 0x35, 0x1C, 0x0B, 0xD0, 0x34, 0xB3, 0x14,
    0x3E, 0xE2, 0x1E, 0x7E, 0x3C, 0xA6, 0x68, 0xA5, 0x0C, 0x73, 0xFC, 0xE3, 0x5E, 0x76, 0xAB, 0x69,
    0x00, 0xF7, 0x15, 0xCF, 0x18, 0xC0, 0xDD, 0xE8, 0x60, 0xE5, 0xB1, 0x95, 0xC0, 0x4A, 0xEA, 0xC5,
    0x56, 0x83, 0x60, 0xAB, 0xAA, 0x3F, 0xDA, 0xAA, 0x58, 0x6C, 0xD5, 0x9E, 0xDA, 0xAA, 0xE5, 0x8C,
    0x83, 0xFC, 0x9A, 0x0D, 0xAC, 0x36, 0x5B, 0xF1, 0xB8, 0x0E, 0xF7, 0x8C, 0xAD, 0x3E, 0x7F, 0x5D,
    0x24, 0xD9, 0x6C, 0xA7, 0xBD, 0x2B, 0x09, 0xE0, 0x48, 0x3A, 0x01, 0xE4, 0xA0, 0xD3, 0x56, 0x34,
    0xA6, 0xBF, 0xCE, 0x4C, 0x8D, 0x9A, 0x69, 0x1B, 0xBC, 0x7E, 0x25, 0xD4, 0x04, 0xB8, 0x6C, 0xA6,
    0xEE, 0xC4, 0x4C, 0xF9, 0xF5, 0x66, 0x5A, 0x96, 0xA1, 0x74, 0xBC, 0x5C, 0xCC, 0x96, 0x0E, 0xDB,
    0xFF, 0x5E, 0xB9, 0x2E, 0x97, 0xCD, 0x97, 0x8A, 0x85, 0xEC, 0x4F, 0x5B, 0xAF, 0x1E, 0x4D, 0x48,
    0x79, 0x05, 0x01, 0x64, 0xAF, 0x95, 0x90, 0x69, 0xAF, 0x07, 0xBB, 0xBA, 0x1E, 0xBF, 0xB7, 0xC3,
    0x88, 0xD2, 0xE8, 0x8C, 0x72, 0x6A, 0x0C, 0x52, 0x7E, 0x77, 0xA4, 0xCE, 0x66, 0x2B, 0x4D, 0xE1,
    0x2B, 0x69, 0x82, 0x74, 0x69, 0xAB, 0xBF, 0x15, 0xD7, 0xBA, 0xDF, 0x9C, 0xAB, 0xD6, 0xFD, 0xAE,
    0x77, 0xAD, 0x3C, 0x35, 0x4A, 0xE3, 0xEE, 0xDC, 0x0D, 0x20, 0xFF, 0x4C, 0x78, 0xA8, 0x5C, 0xA7,
    0x6D, 0xCE, 0x04, 0x20, 0x78, 0x9A, 0x3F, 0x5F, 0xBB, 0xC2, 0xCB, 0x2D, 0x1B, 0xEC, 0xE2, 0x32,
    0xFF, 0x59, 0xAB, 0x0A, 0x00, 0xFE, 0x5F, 0x2B, 0x65, 0xFA, 0xE3, 0x56, 0x32, 0x03, 0xE0, 0xED,
    0x4D, 0x39, 0xB0, 0x5C, 0x7B, 0xB2, 0x92, 0x53, 0x3C, 0x9B, 0x6C, 0x8A, 0xA9, 0x47, 0xA5, 0x94,
    0xDE, 0x73, 0xAA, 0x36, 0x06, 0x90, 0x21, 0xF3, 0x71, 0x80, 0x31, 0x95, 0x9E, 0x55, 0xAB, 0xCF,
    0x07, 0xCB, 0xD2, 0x25, 0x01, 0x1E, 0x48, 0xD5, 0x16, 0x32, 0x01, 0x63, 0xD5, 0x14, 0xD2, 0xB9,
    0x00, 0xB5, 0x6B, 0xF2, 0xC9, 0x54, 0x75, 0xD2, 0xB2, 0x5C, 0xED, 0x8A, 0x26, 0x20, 0xAB, 0x8C,
    0x62, 0x20, 0x13, 0xAD, 0x97, 0x40, 0x0E, 0xD0, 0xEE, 0x0B, 0x8A, 0xC2, 0xC7, 0x2F, 0x17, 0xB5,
    0x68, 0xD8, 0x25, 0x5E, 0x04, 0x14, 0xA9, 0xE1, 0xA8, 0xE9, 0x5D, 0xA7, 0x75, 0x5D, 0x01, 0xE3,
    0x21, 0x87, 0x63, 0x79, 0xD0, 0x9A, 0xEB, 0x6F, 0xC4, 0xCE, 0x46, 0x58, 0xEA, 0x62, 0xC6, 0x99,
    0xE5, 0x0E, 0xA2, 0x20, 0xD9, 0x43, 0xA8, 0xE2, 0xFF, 0xD8, 0x3D, 0x90, 0xBD, 0xC0, 0x05, 0xC6,
    0xE0, 0x90, 0x09, 0x8E, 0xC2, 0x82, 0xBD, 0x23, 0x85, 0xF1, 0x7F, 0xEC, 0xF3, 0x0A, 0x11, 0xFC,
    0xA2, 0x78, 0x50, 0x7A, 0x0B, 0x36, 0xE0, 0x6C, 0x6C, 0xC7, 0xA0, 0x11, 0xB1, 0x96, 0x6B, 0x46,
    0x83, 0x14, 0x6B, 0x49, 0x3E, 0xB2, 0xE1, 0xCC, 0xA0, 0x05, 0x1A, 0x93, 0x8C, 0x01, 0xA2, 0xCE,
    0x96, 0x2F, 0xB7, 0x15, 0xB9, 0xE2, 0x0E, 0x84, 0xE9, 0x96, 0x39, 0x25, 0xA2, 0x5D, 0x0B, 0xF3,
    0xB4, 0xAE, 0x1B, 0x73, 0x82, 0x81, 0x2C, 0xF8, 0xFE, 0x87, 0xEE, 0x86, 0xD6, 0xF2, 0x91, 0x97,
    0x97, 0x1A, 0xB1, 0x34, 0xC4, 0xFB, 0x6B, 0x3C, 0x7D, 0x60, 0x44, 0x1C, 0x21, 0x14, 0x4D, 0xC2,
    0xFC, 0xE6, 0x7C, 0x9E, 0xA6, 0x2D, 0x78, 0x8C, 0xED, 0x74, 0x12, 0xF5, 0x0E, 0x12, 0xC5, 0x05,
    0x5F, 0x33, 0x81, 0x7E, 0x79, 0x2C, 0x34, 0xA3, 0xF1, 0xCA, 0x41, 0x8B, 0x5F, 0x8F, 0xC4, 0x9A,
    0x8D, 0x18, 0xA3, 0xC6, 0x55, 0xF9, 0xED, 0x0E, 0x4E, 0xB7, 0xB7, 0x02, 0x53, 0x27, 0xA3, 0x36,
    0xCD, 0x26, 0x71, 0x2B, 0x7E, 0x2A, 0x81, 0xB8, 0xDF, 0x2D, 0x50, 0xE0, 0x33, 0x55, 0xB1, 0x04,
    0x53, 0x83, 0xB0, 0xB3, 0x7F, 0x20, 0x44, 0xC7, 0x77, 0x44, 0xB6, 0x92, 0xA1, 0xBF, 0x23, 0x32,
    0x95, 0x1F, 0x04, 0xA7, 0x03, 0x38, 0x82, 0x6C, 0x46, 0xC8, 0x0D, 0x26, 0x82, 0x84, 0x6C, 0x0A,
    0x58, 0x56, 0xA4, 0x90, 0xC8, 0xFA, 0xC7, 0x61, 0xEB, 0xD7, 0x2E, 0xB5, 0xF0, 0xC9, 0x31, 0x4D,
    0xDC, 0xA9, 0x7B, 0x65, 0xA6, 0xC3, 0xF3, 0x4A, 0xE1, 0xD0, 0x33, 0xFD, 0x29, 0x52, 0x0D, 0x72,
    0xED, 0x35, 0x57, 0xAA, 0x56, 0x7E, 0x7E, 0xDC, 0x9A, 0x83, 0xE8, 0x53, 0xE7, 0xAC, 0xA7, 0xF9,
    0xC8, 0xA4, 0xD3, 0x4D, 0xC6, 0xEB, 0x63, 0x94, 0xFF, 0x1F, 0xD4, 0x59, 0x31, 0xB0, 0xDE, 0xD8,
    0x59, 0xFD, 0xF4, 0xCB, 0xEF, 0x69, 0x58, 0x15, 0x4A, 0xC1, 0x06, 0xF0, 0xCE, 0xAC, 0x5A, 0x26,
    0x33, 0x41, 0x7D, 0x13, 0x89, 0xA5, 0xA0, 0x5C, 0x17, 0x79, 0x30, 0x83, 0x1B, 0x0A, 0x0A, 0x26,
    0x14, 0x6E, 0xA1, 0x60, 0xA4, 0x90, 0x22, 0x33, 0x50, 0xF0, 0x0A, 0x7A, 0x5C, 0x90, 0xC1, 0x79,
    0x14, 0x6E, 0x28, 0x68, 0x62, 0xC9, 0xDE, 0x82, 0x56, 0x1B, 0xA0, 0xA2, 0x88, 0x02, 0xDE, 0x09,
    0x40, 0xE1, 0x9B, 0x41, 0x4B, 0xE4, 0x5D, 0x49, 0x87, 0x7B, 0x8E, 0xAE, 0xE6, 0xFF, 0xED, 0xE7,
    0x67, 0xCC, 0xCC, 0xC2, 0xE2, 0x3B, 0xFF, 0x7F, 0xCE, 0x6F, 0x5B, 0x92, 0xEE, 0x77, 0xBE, 0xF3,
    0xDD, 0xFB, 0x49, 0x36, 0xB3, 0x77, 0xEF, 0x78, 0x28, 0xB1, 0x7A, 0x6C, 0x81, 0x1D, 0xC3, 0xDF,
    0x9C, 0xFD, 0x01, 0xFF, 0xD5, 0x40, 0x38, 0xA0, 0x12, 0x36, 0x1E, 0x63, 0x74, 0x1E, 0x53, 0xF4,
    0x1E, 0x33, 0x0C, 0x1E, 0x0B, 0x38, 0x9E, 0x25, 0x6C, 0x31, 0x79, 0xC4, 0x8F, 0x66, 0x1E, 0xFE,
    0xA1, 0xC7, 0x18, 0xE9, 0x62, 0x96, 0x2E, 0xC9, 0x6A, 0x96, 0xCD, 0x31, 0xCC, 0x8A, 0x31, 0x46,
    0x95, 0x02, 0x40, 0x93, 0x11, 0xBB, 0x0D, 0x53, 0x62, 0x1F, 0xE3, 0xEA, 0xAA, 0x1D, 0x78, 0x4A,
    0xE9, 0xB2, 0x99, 0x98, 0x8F, 0x3C, 0xA5, 0x74, 0x66, 0xF9, 0x54, 0x0F, 0xBC, 0x48, 0xDD, 0x11,
    0xCB, 0xC6, 0x2C, 0x9D, 0xCE, 0xCC, 0x2C, 0xBA, 0x34, 0xBB, 0xB8, 0xE0, 0x6C, 0xD0, 0x58, 0x01,
    0x74, 0x02, 0xFE, 0xB1, 0xB2, 0xA8, 0xB2, 0x7D, 0x9C, 0x7D, 0x4F, 0xF3, 0x1B, 0x2C, 0x05, 0x46,
    0xAB, 0x3D, 0x44, 0x00, 0x5C, 0x8C, 0xE7, 0xAD, 0xCB, 0xD0, 0xC0, 0xE5, 0x4B, 0x84, 0xA1, 0x9C,
    0x62, 0xF4, 0xB5, 0x4B, 0xD1, 0xD5, 0x7D, 0x86, 0xAE, 0xED, 0x4A, 0x42, 0x8B, 0x0E, 0x4F, 0x80,
    0xA6, 0xFD, 0x11, 0x01, 0x0B, 0x9A, 0x1A, 0x23, 0x9A, 0x12, 0x3D, 0xAA, 0x12, 0xBF, 0x8A, 0x2A,
    0x9F, 0x0D, 0x76, 0x7E, 0x69, 0x7F, 0x68, 0x61, 0x44, 0xF6, 0x15, 0x8F, 0x79, 0x33, 0x53, 0x9A,
    0xC7, 0x2B, 0xF1, 0x23, 0xE1, 0xBF, 0xCF, 0x44, 0x10, 0x73, 0x49, 0x96, 0x4A, 0x50, 0x03, 0x21,
    0x92, 0xC4, 0x89, 0xFE, 0x26, 0x13, 0x16, 0xC2, 0x52, 0x72, 0xB7, 0x92, 0x1B, 0x70, 0x14, 0xB7,
    0xF6, 0x18, 0xA3, 0x74, 0x14, 0xB7, 0x18, 0xA9, 0x48, 0x3E, 0x51, 0x23, 0xA2, 0xB4, 0x2B, 0x28,
    0xE8, 0x5C, 0x13, 0x97, 0x0D, 0x4B, 0xE2, 0x9C, 0xE0, 0xEA, 0xAF, 0x50, 0xF9, 0x7C, 0x30, 0x0D,
    0x33, 0xB3, 0x4A, 0xA1, 0xD1, 0xE5, 0x23, 0xB1, 0x70, 0x66, 0x6D, 0x5F, 0x0E, 0x66, 0xF5, 0x50,
    0xF7, 0xBC, 0x54, 0xD9, 0x79, 0x1C, 0x72, 0xCE, 0xA8, 0xB1, 0x30, 0xBE, 0x12, 0x11, 0xE7, 0xB4,
    0x37, 0x3B, 0x2C, 0x99, 0x23, 0x16, 0x44, 0xB4, 0x3D, 0x83, 0xD0, 0x9C, 0x21, 0xD3, 0x94, 0x8B,
    0x07, 0x2A, 0xC3, 0xF1, 0x4D, 0x42, 0x8B, 0xA7, 0x0C, 0x9A, 0x56, 0x2B, 0x89, 0x11, 0x88, 0x31,
    0xD6, 0xBB, 0x60, 0xCC, 0xE9, 0x6A, 0xF9, 0x62, 0xD9, 0x62, 0xE5, 0x64, 0xE5, 0x6C, 0x3E, 0xC0,
    0x7A, 0xB6, 0xBA, 0x37, 0xCC, 0xD6, 0x76, 0x31, 0x26, 0x8F, 0x99, 0xB0, 0xC4, 0x68, 0xED, 0xC7,
    0x21, 0x97, 0x7F, 0x4E, 0x5C, 0x0B, 0x67, 0x25, 0x26, 0x8F, 0x05, 0xFA, 0xDC, 0x59, 0xB6, 0x5A,
    0xE6, 0x2C, 0xBA, 0x63, 0xE7, 0x9A, 0xF8, 0xCF, 0x13, 0x82, 0xD0, 0xC1, 0xD2, 0xC1, 0xD3, 0xC1,
    0xD4, 0xC1, 0xD5, 0xC1, 0xD6, 0xC1, 0xD7, 0xC1, 0xD8, 0xC1, 0xD9, 0xB2, 0x76, 0xF0, 0x76, 0x30,
    0x77, 0x70, 0x77, 0xB0, 0x77, 0xF0, 0xB7, 0x6D, 0x06, 0xB7, 0xCD, 0xDB, 0x3B, 0x6D, 0x1E, 0xB7,
    0xCD, 0xE4, 0xB6, 0xB9, 0xDC, 0x9F, 0x26, 0xDA, 0x7C, 0x6E, 0x9B, 0xD1, 0x6D, 0x73, 0xBA, 0xD5,
    0x9D, 0xA8, 0x6C, 0x44, 0x34, 0x7B, 0xA6, 0x59, 0xE8, 0x68, 0xD2, 0x22, 0xCA, 0x14, 0x85, 0x9C,
    0x74, 0x0C, 0xC6, 0xDA, 0xC6, 0xAE, 0x8D, 0x6B, 0x59, 0x58, 0xCD, 0xEA, 0x63, 0x16, 0x12, 0x9F,
    0x85, 0x95, 0x97, 0xF3, 0xD2, 0x15, 0x0B, 0x2F, 0x5F, 0xFA, 0x29, 0xCD, 0x9C, 0x4E, 0x4B, 0xFD,
    0x23, 0x4C, 0x86, 0x2E, 0x16, 0x66, 0x18, 0x3D, 0x2A, 0x0B, 0x8F, 0xE9, 0xC9, 0xF6, 0x19, 0xEE,
    0xB9, 0x3D, 0x0B, 0x18, 0x6B, 0x65, 0x01, 0xCC, 0x42, 0x04, 0x66, 0x61, 0x5F, 0x3E, 0xEC, 0x04,
    0x9D, 0x3C, 0xAF, 0x90, 0x5A, 0x61, 0x31, 0x12, 0xA3, 0xC6, 0x44, 0xC2, 0xAC, 0x27, 0x96, 0x8E,
    0x88, 0xE1, 0x64, 0x05, 0x32, 0x69, 0x7E, 0x54, 0x23, 0x1B, 0x78, 0xCE, 0xC3, 0xCF, 0x2A, 0xA6,
    0x0E, 0x93, 0x1D, 0xE8, 0x79, 0xCB, 0x84, 0xA5, 0xC7, 0xD9, 0x80, 0xCB, 0xE8, 0xFE, 0x01, 0xE3,
    0xB1, 0xC6, 0x4E, 0x2F, 0x32, 0x85, 0xFB, 0x1C, 0x71, 0x78, 0x2D, 0xBA, 0xE3, 0x84, 0xF3, 0x99,
    0x98, 0xA1, 0xD2, 0x95, 0x9F, 0x9F, 0x3D, 0xD2, 0xCD, 0x51, 0x59, 0x2B, 0xCC, 0x3D, 0xD2, 0x34,
    0xD4, 0xDC, 0xCE, 0xA8, 0xFF, 0x8B, 0xE3, 0x3E, 0xA3, 0x9A, 0xF7, 0x99, 0x94, 0x04, 0x38, 0x2A,
    0xD3, 0x31, 0xDA, 0xCA, 0xC3, 0xCA, 0xD0, 0x26, 0x3B, 0x1D, 0xE7, 0x78, 0xAE, 0xDC, 0x55, 0x4C,
    0x5D, 0x97, 0xEC, 0xEB, 0xA9, 0x15, 0xAB, 0xDD, 0x62, 0xDA, 0x8C, 0x59, 0x63, 0x31, 0x13, 0xBA,
    0x13, 0x08, 0x7F, 0x57, 0x6B, 0xD5, 0x5E, 0xEF, 0x0E, 0x9B, 0x5A, 0x19, 0x21, 0x06, 0xC5, 0x69,
    0x71, 0xE9, 0xA7, 0x79, 0xC7, 0x5E, 0x1A, 0x15, 0x21, 0x1D, 0x89, 0xE5, 0x4C, 0x04, 0x94, 0x0D,
    0xD0, 0x9D, 0x00, 0xAD, 0xBA, 0xA0, 0xF7, 0x38, 0x72, 0xC9, 0x48, 0xFA, 0xBC, 0x32, 0x8B, 0xEE,
    0x3D, 0xB7, 0x37, 0x4F, 0x47, 0xFA, 0xFF, 0x22, 0x1D, 0xBF, 0x42, 0xD8, 0xA4, 0x77, 0xBC, 0xCA,
    0x14, 0xD6, 0xEB, 0x96, 0xC5, 0x82, 0xBF, 0xF3, 0x50, 0x7F, 0xB0, 0x70, 0x39, 0xB9, 0xF3, 0x65,
    0x65, 0xE2, 0xA4, 0x2E, 0x0A, 0x17, 0xF0, 0x28, 0x41, 0xAF, 0x39, 0x55, 0x2A, 0x86, 0x7F, 0xD9,
    0xD4, 0xEF, 0x55, 0xDF, 0x4E, 0xEA, 0x8F, 0x56, 0x0A, 0x81, 0x2A, 0x1F, 0x6E, 0x52, 0xBF, 0x78,
    0xAD, 0xFA, 0x75, 0x7F, 0x83, 0xFA, 0x3A, 0x2B, 0x5B, 0x76, 0xF5, 0xEF, 0x53, 0xFD, 0xBB, 0xB3,
    0x6E, 0xBE, 0x30, 0x1A, 0xCA, 0x98, 0x2B, 0xB2, 0x08, 0xAB, 0x66, 0x48, 0x78, 0xC5, 0xF8, 0x25,
    0x42, 0xDD, 0xEC, 0x32, 0x81, 0xA0, 0xF5, 0xAC, 0xE6, 0x09, 0xB7, 0xBE, 0xA4, 0x1A, 0x88, 0xEC,
    0xE7, 0x24, 0x3C, 0x27, 0x51, 0xFC, 0x14, 0x9D, 0xB4, 0x6D, 0x14, 0x92, 0xF4, 0x9B, 0xC3, 0xA2,
    0xA6, 0x19, 0x0B, 0xDF, 0xBE, 0xC5, 0x88, 0x7D, 0x4B, 0x69, 0xCC, 0x16, 0xFB, 0x15, 0x3C, 0xD3,
    0x06, 0x31, 0x87, 0x6D, 0x30, 0x07, 0x2B, 0x9B, 0xF3, 0x3C, 0xCC, 0x5F, 0xEE, 0x62, 0xA4, 0x51,
    0x54, 0x8F, 0x48, 0xF5, 0x47, 0x10, 0x7D, 0x2E, 0x2A, 0xB1, 0x90, 0x0A, 0x6C, 0x66, 0x44, 0x4F,
    0x8A, 0xA5, 0xC6, 0xFB, 0xBF, 0x27, 0xAA, 0xA1, 0x7F, 0x93, 0x1C, 0x22, 0x1E, 0x03, 0xE8, 0x76,
    0x68, 0x22, 0xCC, 0x24, 0x4E, 0xDD, 0xB4, 0x91, 0x5B, 0x04, 0xED, 0x58, 0x07, 0xD0, 0xB6, 0x15,
    0xC9, 0xD0, 0xC4, 0x81, 0xD6, 0x53, 0x4A, 0x96, 0x8D, 0x66, 0x1D, 0x99, 0xAA, 0xFF, 0x55, 0x46,
    0x13, 0x4F, 0x93, 0x4A, 0x23, 0x1B, 0xB5, 0x7C, 0xE6, 0xA3, 0x71, 0x5B, 0xCC, 0xFD, 0x07, 0x3E,
    0x68, 0x77, 0x9B, 0x46, 0x2A, 0x65, 0x0F, 0x91, 0xDB, 0x68, 0xB3, 0x8F, 0x36, 0xB6, 0xDF, 0x7A,
    0x49, 0x83, 0xAF, 0x3D, 0x10, 0x01, 0xD5, 0x5F, 0xF3, 0x6E, 0xF8, 0xA3, 0x45, 0xF4, 0x9D, 0x55,
    0x11, 0xFE, 0xFA, 0xC2, 0x24, 0x21, 0x9B, 0x45, 0x2A, 0xCC, 0x78, 0x2D, 0x9D, 0x48, 0x8A, 0xFF,
    0xC2, 0xC2, 0xE6, 0xE2, 0x3D, 0xCC, 0x85, 0x4E, 0x9B, 0x65, 0x60, 0x51, 0xB9, 0xC9, 0x03, 0x3C,
    0x1C, 0x79, 0xAE, 0xCB, 0x1D, 0xE7, 0xDF, 0xF0, 0xE4, 0x6C, 0x55, 0xA6, 0xD8, 0xED, 0x7A, 0x2A,
    0xDC, 0x01, 0x03, 0xBD, 0x97, 0xA0, 0xA7, 0x11, 0x33, 0x51, 0x5F, 0xA2, 0xF3, 0xF4, 0x63, 0xE0,
    0xC9, 0x6C, 0xE5, 0xE7, 0x00, 0x56, 0x85, 0x22, 0x9A, 0x81, 0x99, 0x11, 0x03, 0x03, 0x1D, 0x5A,
    0x7B, 0xD7, 0x1C, 0xFE, 0xC2, 0xDE, 0x39, 0x59, 0x05, 0x92, 0xAB, 0x4B, 0x92, 0x9A, 0xF9, 0x50,
    0x3B, 0x22, 0x6C, 0x33, 0xD3, 0xB5, 0x87, 0xF7, 0xE0, 0x48, 0x06, 0x8A, 0xD9, 0x5B, 0x31, 0x6B,
    0x4D, 0xCA, 0x16, 0x59, 0x2A, 0x59, 0x45, 0x4C, 0x10, 0x48, 0x3C, 0xDB, 0x1D, 0xA0, 0xB4, 0x7B,
    0x6A, 0x45, 0xBC, 0xD6, 0x18, 0xC3, 0x12, 0x5C, 0x5D, 0x86, 0xDC, 0xA6, 0x8B, 0xCE, 0xC9, 0x66,
    0x2F, 0x91, 0x72, 0xC4, 0x6C, 0x62, 0xB4, 0xC4, 0xFF, 0xE2, 0x63, 0xC3, 0x6C, 0xF5, 0xDE, 0xCA,
    0x99, 0x68, 0xDE, 0x68, 0x08, 0x8D, 0x54, 0x68, 0x3E, 0x6E, 0x1E, 0x33, 0xE1, 0x00, 0xC2, 0x5F,
    0x12, 0x33, 0x9E, 0x1B, 0xD6, 0xC3, 0x4C, 0x81, 0x26, 0x4C, 0x3C, 0x65, 0xF6, 0x1A, 0x44, 0x1F,
    0xCA, 0x45, 0x98, 0xF6, 0x43, 0x5A, 0x22, 0x4B, 0xD9, 0xB1, 0xAC, 0x6B, 0x47, 0x01, 0x4B, 0xC7,
    0xE0, 0xDB, 0x81, 0x0B, 0x00, 0x7A, 0xAB, 0x87, 0xC8, 0x23, 0xFB, 0xE4, 0x4E, 0x1D, 0x1A, 0xB1,
    0x10, 0xB6, 0x68, 0xAC, 0xFD, 0x5B, 0x10, 0x41, 0xAC, 0xB1, 0xA0, 0xB2, 0x12, 0x3F, 0xF5, 0x58,
    0xE0, 0xDB, 0xA8, 0xA8, 0x1E, 0xB4, 0x20, 0xFF, 0xB2, 0x85, 0xC1, 0x9B, 0xF5, 0x0A, 0xCE, 0xED,
    0x98, 0x68, 0xCA, 0x7A, 0xDC, 0x0A, 0xE3, 0xF6, 0xD5, 0xD5, 0x83, 0xD0, 0x43, 0x86, 0x8A, 0x92,
    0x40, 0x44, 0xCA, 0xA7, 0x45, 0x5E, 0xA8, 0xC0, 0x03, 0xC6, 0x1B, 0xAE, 0x1B, 0x5E, 0x5C, 0xE9,
    0xC2, 0xA1, 0x41, 0x1E, 0x84, 0xBD, 0xA4, 0x6D, 0x42, 0xBF, 0x9B, 0x8D, 0xC4, 0x5C, 0x78, 0x7D,
    0xC7, 0x2B, 0x3F, 0xBD, 0xB8, 0x60, 0x2C, 0xA0, 0x02, 0xD2, 0xA7, 0xD4, 0x75, 0x8A, 0xCD, 0x2E,
    0xEF, 0x6A, 0xB2, 0xDF, 0x6A, 0x2F, 0x0F, 0x4A, 0x39, 0x26, 0x2D, 0x2C, 0x0A, 0x2D, 0x8C, 0x84,
    0x22, 0xE8, 0x64, 0x67, 0x72, 0xC7, 0x43, 0x7F, 0x4C, 0x36, 0xA7, 0x4B, 0x3E, 0x65, 0x4B, 0x3B,
    0xE6, 0x80, 0x2B, 0xC0, 0x5E, 0x17, 0x56, 0x3E, 0x9B, 0xAC, 0xFE, 0x58, 0x76, 0xF3, 0x6A, 0xBF,
    0x63, 0x25, 0xA8, 0x30, 0xFA, 0xCC, 0x73, 0xA2, 0x45, 0xF6, 0xBE, 0x1D, 0xC7, 0x1D, 0xEE, 0x6F,
    0xD1, 0x9C, 0xE9, 0x39, 0x29, 0x77, 0xC4, 0x62, 0xD8, 0x9E, 0x93, 0x88, 0xE1, 0x39, 0x89, 0x2A,
    0x02, 0xDF, 0x0F, 0x15, 0xAF, 0x10, 0x9A, 0xA3, 0x96, 0xAB, 0x56, 0x23, 0x13, 0x4A, 0x4B, 0xE2,
    0x75, 0x2D, 0x71, 0x71, 0x55, 0x79, 0x64, 0x58, 0x49, 0xF0, 0xC8, 0xAE, 0x65, 0x17, 0x36, 0x15,
    0x69, 0x79, 0xB3, 0xA2, 0xBB, 0x8A, 0x18, 0x84, 0x2E, 0x60, 0x0E, 0x49, 0x75, 0x76, 0x4C, 0x79,
    0xDA, 0xFC, 0xBE, 0x59, 0xDE, 0xAF, 0x66, 0xC5, 0xC7, 0xF0, 0xF0, 0xCF, 0xFC, 0xC5, 0x6C, 0xE7,
    0x34, 0x6B, 0x0A, 0xA7, 0x69, 0x9E, 0x3E, 0x6E, 0x9C, 0xA3, 0xE7, 0x21, 0x63, 0xD8, 0x4B, 0xE0,
    0xE1, 0x80, 0x3F, 0x61, 0xBD, 0xA5, 0xB3, 0x79, 0x99, 0x67, 0xCB, 0x56, 0x4C, 0x46, 0xA1, 0xB7,
    0x76, 0xA5, 0x04, 0xDD, 0xF9, 0x93, 0xA7, 0xAA, 0xF2, 0x1D, 0x3E, 0xBD, 0xA7, 0x25, 0xB2, 0xD7,
    0x21, 0xDB, 0x0A, 0x11, 0x83, 0xFD, 0xE5, 0xBB, 0xAF, 0xD8, 0xC3, 0xA8, 0xFB, 0xA9, 0xC9, 0x84,
    0x8B, 0x70, 0x26, 0xDA, 0x6F, 0x13, 0x34, 0xDE, 0x7F, 0x13, 0x0B, 0xDB, 0xCB, 0x16, 0x5E, 0x6F,
    0xB6, 0x70, 0xFF, 0xBF, 0x63, 0x61, 0x8D, 0x32, 0x38, 0x21, 0x7C, 0x35, 0xBD, 0xAF, 0xEF, 0x52,
    0x4B, 0x69, 0x0A, 0x2D, 0x9D, 0x81, 0x99, 0x2A, 0x53, 0x64, 0x6A, 0x4C, 0x89, 0x83, 0x95, 0x7B,
    0xEA, 0x4B, 0x79, 0x29, 0x2C, 0xBF, 0xD4, 0x96, 0xD2, 0x06, 0x2B, 0x37, 0xD4, 0x95, 0xB2, 0xBE,
    0x45, 0x1A, 0x9D, 0xDD, 0x55, 0x76, 0xD3, 0xCD, 0xEA, 0xC2, 0x34, 0xF4, 0x40, 0xC3, 0x49, 0x5F,
    0x36, 0x10, 0xDF, 0x6B, 0xBE, 0x50, 0xB5, 0x0E, 0x54, 0x0B, 0x9D, 0x12, 0x22, 0x66, 0x1D, 0xB4,
    0xDC, 0xC9, 0x17, 0x4D, 0xE5, 0x68, 0xB6, 0x83, 0xCB, 0x7C, 0xE0, 0xB3, 0x0F, 0x28, 0x5D, 0x55,
    0xA3, 0x7A, 0x1D, 0xC0, 0x69, 0x82, 0xB3, 0xAF, 0x47, 0xB3, 0x77, 0xDA, 0xCF, 0x2E, 0x19, 0xD9,
    0xC2, 0x20, 0x57, 0x6B, 0x09, 0x00, 0x66, 0x5D, 0x9C, 0xC0, 0xE2, 0x22, 0xEC, 0x32, 0xC7, 0x1B,
    0x00, 0x82, 0x26, 0xD9, 0xC1, 0xD2, 0xE5, 0xE2, 0x9B, 0xBA, 0xBD, 0xE4, 0x0D, 0x30, 0x06, 0x85,
    0x29, 0xAD, 0xE0, 0x5D, 0xC9, 0xD8, 0x10, 0x3A, 0x41, 0xA6, 0xF4, 0x52, 0xEB, 0x6D, 0xBC, 0xC3,
    0xB7, 0x5A, 0xE5, 0x63, 0x98, 0xD5, 0x3F, 0xF1, 0x50, 0xC2, 0x43, 0xB1, 0x6D, 0x7E, 0x4E, 0xBD,
    0xEB, 0x9E, 0xEE, 0xDF, 0x39, 0x5D, 0x4F, 0xB5, 0xA0, 0x6A, 0x45, 0xB5, 0xAD, 0xFF, 0x7D, 0x38,
    0x1B, 0x17, 0x55, 0x1F, 0x78, 0x3E, 0x19, 0x97, 0xD5, 0x17, 0xCB, 0xDD, 0x3C, 0x4C, 0xA1, 0xD2,
    0xEB, 0x5E, 0x49, 0xBF, 0xAD, 0x6C, 0x77, 0xA1, 0xDC, 0xF9, 0x2B, 0x91, 0x54, 0xF7, 0xEE, 0xDB,
    0x6B, 0x9E, 0x88, 0x82, 0x5B, 0xD4, 0xC6, 0x71, 0x2A, 0x2B, 0x29, 0xD3, 0x89, 0x6A, 0xD7, 0x75,
    0x84, 0x28, 0xFF, 0x37, 0x54, 0x24, 0xCE, 0x2F, 0xBC, 0x00, 0xD9, 0xDF, 0xDB, 0x94, 0x08, 0x1E,
    0xFF, 0xE4, 0x37, 0xD8, 0x1C, 0x4C, 0x7C, 0xDC, 0x8B, 0x19, 0x10, 0x8F, 0x20, 0xFA, 0x08, 0x44,
    0xF9, 0x2C, 0x2A, 0xC6, 0xFD, 0xD6, 0x5F, 0xFD, 0x9E, 0x82, 0x90, 0x3D, 0x87, 0x08, 0x34, 0xD7,
    0x60, 0xA2, 0xDE, 0x5A, 0xFD, 0x25, 0x55, 0xD7, 0x24, 0xCB, 0x40, 0x83, 0x1A, 0x98, 0x92, 0x31,
    0x2A, 0xF6, 0x14, 0x4F, 0xCF, 0xD5, 0xB9, 0x6C, 0xC6, 0x0E, 0x54, 0x40, 0x93, 0x3F, 0x88, 0xD8,
    0x12, 0x87, 0x25, 0x16, 0xC2, 0xB0, 0x6B, 0x9F, 0x09, 0xEB, 0x4E, 0xDE, 0x18, 0x34, 0x5B, 0xE5,
    0x5A, 0x62, 0xD4, 0xD2, 0xA2, 0xFD, 0x19, 0xF8, 0xFB, 0xC9, 0xAA, 0x47, 0xDD, 0xBF, 0x39, 0xCA,
    0x77, 0xF6, 0x67, 0x94, 0xAD, 0x65, 0x94, 0x19, 0x98, 0xB7, 0x9A, 0x18, 0x85, 0xCD, 0x64, 0x6C,
    0xD5, 0xB1, 0x81, 0x93, 0x8D, 0x98, 0xB2, 0x91, 0x4D, 0x46, 0x3D, 0xA4, 0x1E, 0xDB, 0x2E, 0xF7,
    0x48, 0xFB, 0x34, 0x1E, 0x41, 0xFC, 0x48, 0xF2, 0x3D, 0xDB, 0x96, 0x8B, 0xCF, 0x18, 0x17, 0xFE,
    0x49, 0x39, 0xFE, 0xB5, 0x95, 0xA2, 0x71, 0x25, 0x8E, 0x2E, 0x4F, 0x6B, 0x35, 0x9F, 0xEC, 0x36,
    0x25, 0x91, 0x6A, 0x8E, 0xB6, 0xE7, 0xE5, 0x95, 0x85, 0x02, 0x58, 0x99, 0x49, 0x85, 0x72, 0xFB,
    0x85, 0x16, 0x2B, 0xE9, 0xBF, 0x41, 0xCA, 0x5C, 0x5B, 0x89, 0x20, 0xFA, 0x4F, 0x18, 0x49, 0xE1,
    0x86, 0xC7, 0x32, 0x8B, 0x79, 0x36, 0xC3, 0xD7, 0xF9, 0xA9, 0x96, 0x2D, 0xDD, 0x45, 0x57, 0x26,
    0xE5, 0x1B, 0xD5, 0xF8, 0xFB, 0xE8, 0x77, 0xC3, 0x5B, 0xA9, 0x63, 0xCE, 0xAB, 0xD7, 0xE5, 0xFC,
    0x6B, 0x57, 0xF7, 0x49, 0xC0, 0xAC, 0xD9, 0x8B, 0x2C, 0x50, 0x2D, 0x62, 0xF5, 0xF1, 0x10, 0xD1,
    0xC8, 0x0A, 0xD4, 0x55, 0xF8, 0x92, 0x12, 0xF2, 0x43, 0x8A, 0x4F, 0xBE, 0x0A, 0xA7, 0x9C, 0x33,
    0x6F, 0x1B, 0x85, 0xC5, 0xCE, 0xCE, 0x45, 0xCC, 0x39, 0x33, 0xCB, 0x79, 0x6F, 0x54, 0x37, 0xA2,
    0xDB, 0x84, 0x5B, 0xA6, 0xB7, 0xF9, 0x07, 0x4E, 0xBB, 0xFE, 0xCE, 0x4C, 0xFC, 0xAE, 0xF0, 0xD9,
    0x44, 0x0C, 0xEF, 0xE8, 0xFB, 0xF0, 0x64, 0xA8, 0xE5, 0xEF, 0x38, 0x6E, 0xFF, 0xAB, 0x0C, 0xA3,
    0x76, 0x54, 0xA9, 0x6F, 0x89, 0x7B, 0xAF, 0x39, 0xB4, 0x9A, 0xA6, 0x52, 0x4F, 0x57, 0x31, 0xF5,
    0xEC, 0x35, 0x33, 0x66, 0xA8, 0x2F, 0x64, 0x80, 0x9A, 0xF8, 0x58, 0x8D, 0xCB, 0x3F, 0x0A, 0xD5,
    0x5F, 0xD6, 0xF8, 0x54, 0x49, 0xFF, 0x21, 0x83, 0x44, 0x0C, 0xC6, 0xAF, 0xED, 0xA0, 0x4A, 0xC2,
    0x62, 0x1D, 0xF4, 0xCC, 0x1B, 0xAE, 0x7D, 0xE5, 0xF3, 0x73, 0x38, 0x25, 0xBD, 0x0B, 0xBD, 0x50,
    0xAE, 0x3C, 0x45, 0xC0, 0x70, 0xFD, 0x61, 0x35, 0x19, 0x44, 0xD9, 0xF8, 0x2A, 0x72, 0xA2, 0xB8,
    0x17, 0x9D, 0x7F, 0x5F, 0xFB, 0xC0, 0x69, 0xCE, 0xE3, 0x97, 0x72, 0xFE, 0x34, 0x7A, 0x60, 0x86,
    0xF9, 0x7F, 0x98, 0xF3, 0xE1, 0x34, 0xE7, 0x75, 0xFF, 0x9A, 0x9C, 0x3B, 0xE5, 0xBC, 0x98, 0x95,
    0xEC, 0x6C, 0x25, 0xB1, 0xCE, 0x4F, 0x72, 0x1E, 0x9D, 0xE6, 0x3C, 0xEC, 0x94, 0xFA, 0x4F, 0x9A,
    0xF6, 0x55, 0x39, 0x7F, 0xDF, 0x8E, 0xA3, 0x16, 0xA2, 0xBA, 0x86, 0x61, 0x61, 0x78, 0xBB, 0x4B,
    0x9C, 0xE3, 0xFF, 0x3C, 0x89, 0xF5, 0x17, 0x9B, 0xC4, 0xC2, 0xB5, 0xA4, 0x72, 0xA7, 0xBA, 0x21,
    0x0D, 0x4A, 0x62, 0xDB, 0x13, 0x23, 0x74, 0xFB, 0x7B, 0x0A, 0x45, 0x69, 0x27, 0x9D, 0xAA, 0x2A,
    0xFB, 0x38, 0x0E, 0x8E, 0x98, 0xCC, 0xAF, 0x7E, 0x5B, 0x57, 0xF7, 0x47, 0xB3, 0xA0, 0xB9, 0x66,
    0x86, 0xB7, 0xBD, 0xE8, 0x8B, 0x5E, 0xD4, 0xBA, 0x4D, 0xAD, 0x4D, 0x84, 0xFD, 0x8D, 0x0F, 0x48,
    0xE5, 0xE7, 0xA8, 0x48, 0x3F, 0x06, 0x63, 0xCC, 0x9B, 0x47, 0xBF, 0x68, 0xC6, 0x17, 0xD2, 0xAD,
    0xF6, 0x45, 0xAA, 0xD1, 0x6E, 0x84, 0xCE, 0x22, 0x48, 0xA4, 0x03, 0xA9, 0x22, 0x45, 0x9E, 0x62,
    0x92, 0xDA, 0xD6, 0x03, 0x69, 0x7B, 0x2B, 0x90, 0x90, 0x2E, 0x2E, 0xEE, 0xCE, 0x5B, 0xA6, 0x67,
    0x4B, 0x4E, 0x68, 0xB2, 0x74, 0xA3, 0x6C, 0xB9, 0x63, 0xF9, 0x48, 0xAF, 0x04, 0x92, 0x51, 0x46,
    0x51, 0x3E, 0x2A, 0x45, 0x45, 0xD8, 0xF1, 0x49, 0xBD, 0x72, 0x56, 0x7B, 0x1A, 0x94, 0xB2, 0x9D,
    0x7A, 0x95, 0x79, 0xD1, 0xA9, 0xCC, 0xA3, 0x63, 0x05, 0x54, 0xC4, 0x62, 0x20, 0x62, 0x52, 0xFC,
    0x8B, 0xC2, 0xC7, 0x16, 0x7D, 0xC5, 0xCE, 0x14, 0xCD, 0x59, 0x55, 0xF4, 0xA8, 0x6A, 0xFC, 0x71,
    0xF5, 0x75, 0x93, 0x0B, 0x03, 0xD6, 0xE8, 0xA8, 0x67, 0x4B, 0xB4, 0x0D, 0xB1, 0x61, 0xB3, 0x61,
    0x54, 0x51, 0x86, 0xC2, 0x51, 0x05, 0xBD, 0x6A, 0x88, 0x85, 0x99, 0xC7, 0x18, 0x25, 0x71, 0x05,
    0x51, 0xFF, 0xDD, 0x96, 0x60, 0x2D, 0x46, 0x4B, 0x31, 0xA9, 0x06, 0x1C, 0xE3, 0x44, 0x57, 0x12,
    0x1B, 0x21, 0x83, 0xC9, 0x97, 0xF0, 0x76, 0x86, 0x21, 0x8E, 0x0A, 0xCD, 0x19, 0x14, 0x27, 0x18,
    0x1F, 0x45, 0x3F, 0x37, 0xFB, 0xC6, 0x71, 0x49, 0x6F, 0x8C, 0xAF, 0x58, 0x73, 0x56, 0x50, 0x23,
    0x8D, 0x74, 0x0E, 0xC9, 0xB7, 0xC5, 0x57, 0x0F, 0x31, 0x15, 0xE0, 0x58, 0xCA, 0x8D, 0x0A, 0xD1,
    0x9C, 0x8A, 0x2E, 0x79, 0xB0, 0x52, 0x29, 0x8A, 0xF0, 0x0F, 0x17, 0xBF, 0x89, 0x2D, 0x33, 0xE8,
    0x73, 0x91, 0xCB, 0x44, 0x43, 0x2A, 0xEA, 0x62, 0xC8, 0x8D, 0x34, 0x67, 0x16, 0x68, 0x62, 0xC2,
    0x49, 0xC9, 0xA2, 0x1C, 0x26, 0xDB, 0x2E, 0x9D, 0x86, 0x9A, 0xF7, 0xC4, 0xE8, 0xD4, 0xA8, 0xEE,
    0xA4, 0xFC, 0x76, 0x96, 0x3A, 0xD3, 0x8B, 0xAC, 0x2A, 0x24, 0xAB, 0x39, 0xEE, 0x43, 0xB9, 0xB0,
    0x70, 0x15, 0xBB, 0x7B, 0xD0, 0x07, 0xA0, 0x73, 0xEB, 0x1D, 0xD9, 0x10, 0xE0, 0x93, 0x0F, 0x2E,
    0xE9, 0xD0, 0x62, 0x66, 0xB4, 0xED, 0xE2, 0xF1, 0x89, 0x9E, 0xFD, 0xBF, 0x0B, 0x78, 0xFC, 0x53,
    0x61, 0xFD, 0x1F, 0x8C, 0x0B, 0x4F, 0x84, 0x1F, 0x80, 0xC5, 0x7A, 0x00, 0xCB, 0x40, 0x38, 0x0A,
    0x9D, 0xDE, 0x6A, 0xF5, 0x3E, 0x9A, 0x14, 0x9D, 0x90, 0x75, 0x97, 0x81, 0x31, 0x64, 0x8B, 0x70,
    0xFB, 0xF8, 0xEC, 0x4D, 0x76, 0xB8, 0xB4, 0x78, 0x78, 0xE1, 0xD1, 0xF9, 0x30, 0x1C, 0xF0, 0xE1,
    0x98, 0x41, 0x5A, 0x8F, 0x35, 0xD0, 0xD7, 0xCF, 0x50, 0x95, 0xDF, 0x1E, 0xD9, 0x68, 0xC8, 0x98,
    0xD4, 0xF9, 0xF8, 0xB8, 0xD3, 0xD0, 0x2E, 0xAA, 0x18, 0x95, 0xCB, 0xFE, 0x5D, 0x55, 0x33, 0xFA,
    0x52, 0x3C, 0x7E, 0xB3, 0x59, 0xCA, 0x4A, 0xB0, 0x5C, 0x45, 0xA1, 0xEF, 0xDE, 0x04, 0x6F, 0xBE,
    0xEF, 0xB7, 0x6A, 0x2D, 0x82, 0x8C, 0xDC, 0x43, 0xA2, 0x35, 0x9D, 0x52, 0x60, 0x66, 0xA3, 0x5E,
    0x02, 0xCE, 0x7F, 0x9B, 0xF2, 0xC9, 0x62, 0x67, 0x5B, 0xDF, 0x43, 0xAF, 0x50, 0xB9, 0x37, 0x9E,
    0x57, 0x7C, 0x7D, 0x5E, 0xFC, 0x52, 0x0E, 0x3B, 0x04, 0x31, 0x32, 0xA0, 0x2A, 0x80, 0x8E, 0xDF,
    0x1C, 0xA8, 0x22, 0xFF, 0x28, 0x65, 0xB9, 0x85, 0xA5, 0xE4, 0x0D, 0xEE, 0xB5, 0x5E, 0xD7, 0x20,
    0x3B, 0xD1, 0x20, 0x7F, 0x59, 0x83, 0x21, 0x7C, 0x43, 0xFC, 0x79, 0x88, 0xFF, 0xEC, 0xEA, 0x01,
    0xDD, 0xA2, 0x77, 0xEB, 0xE4, 0x42, 0x25, 0x1F, 0xC6, 0x6A, 0xE1, 0x9E, 0xFA, 0xBE, 0x3E, 0xBE,
    0xE9, 0xE4, 0xBE, 0xEE, 0x45, 0xED, 0xB9, 0xA2, 0xA4, 0xB4, 0x6B, 0x75, 0xCB, 0x12, 0x57, 0x56,
    0xA9, 0xAB, 0x9B, 0x6C, 0x6C, 0x9B, 0x6C, 0x45, 0x95, 0x02, 0x5A, 0x66, 0x22, 0xBD, 0xBC, 0xB9,
    0x39, 0xF6, 0xC3, 0x4D, 0xB1, 0xFF, 0x37, 0x73, 0x28, 0x5F, 0x11, 0x7B, 0xD1, 0xD8, 0x3E, 0xB2,
    0xEE, 0x07, 0x45, 0x8F, 0xE2, 0x87, 0x6B, 0xF1, 0xB3, 0xA5, 0xC0, 0x9C, 0x61, 0xE4, 0xBB, 0xE6,
    0x6F, 0xED, 0x2F, 0x79, 0x16, 0xDE, 0x93, 0xAE, 0x5F, 0xF5, 0x59, 0x2C, 0x91, 0xC1, 0x83, 0xC7,
    0x27, 0x3A, 0x8D, 0x1B, 0xB6, 0xE3, 0xA7, 0xDC, 0x3E, 0x03, 0x6F, 0xA3, 0x68, 0xB5, 0xDC, 0x64,
    0xEE, 0xE4, 0x9F, 0x07, 0x7E, 0xEA, 0xDE, 0xC7, 0xC9, 0x10, 0xB1, 0x7D, 0x1A, 0x1F, 0x9E, 0xFF,
    0x84, 0x1B, 0xE1, 0x86, 0x1B, 0x4D, 0xBC, 0x91, 0xAE, 0xA1, 0x0B, 0xF8, 0xDF, 0xAB, 0x15, 0x60,
    0xD9, 0x1D, 0xD6, 0xCD, 0xC6, 0x03, 0xB5, 0x48, 0xC3, 0x87, 0xBF, 0xA3, 0x93, 0xBA, 0x4B, 0x3B,
    0xCB, 0x4F, 0xA7, 0xD1, 0xEB, 0x71, 0x31, 0x4C, 0x83, 0x1A, 0x5F, 0x9B, 0x43, 0xB6, 0x70, 0x0B,
    0x2D, 0xC7, 0xFD, 0x8E, 0xEE, 0xE5, 0x3B, 0x72, 0x31, 0x2A, 0xB8, 0xB5, 0x84, 0x0B, 0xE6, 0x5D,
    0xE8, 0x1B, 0xEB, 0xEE, 0xB5, 0x57, 0xE6, 0xE7, 0x95, 0xD1, 0x9D, 0x4E, 0x50, 0x97, 0x64, 0xB2,
    0xF2, 0xEA, 0x0B, 0xCA, 0x85, 0xD9, 0x0F, 0xBC, 0x0A, 0x11, 0xAC, 0x18, 0x0E, 0x1E, 0x9C, 0x87,
    0x72, 0x88, 0x05, 0xAB, 0x95, 0xBD, 0xBF, 0x5E, 0xDD, 0x27, 0x1E, 0x3A, 0xAF, 0x5C, 0xDB, 0xF9,
    0xAB, 0x42, 0xD0, 0x64, 0x82, 0xC9, 0x50, 0x65, 0xA3, 0x0F, 0x24, 0x1F, 0x75, 0xB6, 0x20, 0x9C,
    0x1D, 0x40, 0x67, 0xF3, 0x9C, 0x92, 0x90, 0x57, 0xC7, 0x17, 0x23, 0xF4, 0xA1, 0x95, 0x84, 0x76,
    0x08, 0x9D, 0x58, 0x42, 0x6B, 0xE7, 0xE0, 0x9F, 0x16, 0xFE, 0xD0, 0x9A, 0xDD, 0x7B, 0x58, 0xC3,
    0x0E, 0x1C, 0x9E, 0xB4, 0x6F, 0x91, 0x1F, 0x69, 0x2B, 0x53, 0x07, 0x59, 0x11, 0x2C, 0x80, 0x8F,
    0x48, 0xA2, 0x9F, 0x8E, 0xC3, 0x64, 0x8F, 0x28, 0x0E, 0xBC, 0x3C, 0xFA, 0x2F, 0xA2, 0x03, 0x4C,
    0x90, 0xCD, 0x4C, 0xEA, 0x44, 0x18, 0xE3, 0xC5, 0x4B, 0xE5, 0xA7, 0x5B, 0xB8, 0x64, 0xF6, 0xC0,
    0x39, 0xFF, 0x57, 0x37, 0x57, 0x01, 0x6B, 0x39, 0x92, 0x5D, 0x9F, 0xFD, 0xA6, 0xBF, 0x95, 0xB6,
    0x24, 0x2F, 0xF3, 0xAE, 0xC3, 0x9C, 0x58, 0xCC, 0x8A, 0x1D, 0x16, 0x67, 0x29, 0x4C, 0xE2, 0x30,
    0x33, 0xDA, 0x61, 0x61, 0x98, 0x19, 0x06, 0x7B, 0xC4, 0x14, 0x8E, 0x3D, 0x1A, 0x61, 0xD0, 0x61,
    0x4E, 0x1C, 0xE6, 0xC4, 0x9B, 0x75, 0xB2, 0xEE, 0x1E, 0xDB, 0x77, 0xEB, 0x9C, 0x53, 0x6E, 0xBB,
    0xFD, 0xFF, 0x5F, 0xDE, 0x21, 0xB7, 0xFA, 0x94, 0xF5, 0x1F, 0x55, 0xDD, 0x5B, 0x70, 0xEB, 0x9E,
    0x53, 0x26, 0x74, 0x89, 0x83, 0xD6, 0xD5, 0xB9, 0x6C, 0x13, 0x2C, 0xA7, 0x29, 0x20, 0xEB, 0x1D,
    0xE4, 0x0E, 0x2A, 0xF7, 0x8B, 0x1F, 0xAE, 0x70, 0x52, 0x39, 0x99, 0x4A, 0xC3, 0x91, 0x91, 0x2A,
    0x29, 0x7B, 0x85, 0x4D, 0xD6, 0x1E, 0x78, 0x54, 0xA9, 0x73, 0x94, 0x76, 0xAB, 0x45, 0x18, 0x89,
    0xCF, 0xB4, 0x82, 0xA1, 0x61, 0xE3, 0x70, 0x04, 0x26, 0x5D, 0x59, 0x21, 0x0C, 0x79, 0xD9, 0xB6,
    0x03, 0xC9, 0x1B, 0x60, 0x49, 0xAC, 0x77, 0x68, 0xD5, 0x86, 0x6F, 0x0B, 0x09, 0x30, 0x6F, 0x31,
    0xED, 0xB6, 0x65, 0x38, 0x24, 0xAB, 0x2F, 0x67, 0x04, 0xDB, 0x43, 0x28, 0x13, 0xEC, 0x34, 0x26,
    0xD1, 0xB2, 0x85, 0xFC, 0xF9, 0xC8, 0x17, 0x37, 0xB9, 0x55, 0x2E, 0x22, 0x70, 0xDE, 0x18, 0x54,
    0x36, 0x67, 0xBB, 0x5E, 0xC0, 0x0F, 0xAC, 0xEF, 0xCF, 0x0C, 0x91, 0x99, 0xF5, 0xE2, 0x63, 0x42,
    0x88, 0x80, 0x02, 0xC3, 0x72, 0xF1, 0x4B, 0xEB, 0x7A, 0xA1, 0x30, 0x2D, 0x69, 0x55, 0xCF, 0x7D,
    0x9F, 0x52, 0xEE, 0xBA, 0x95, 0x95, 0xF6, 0x7C, 0x36, 0xEB, 0x7A, 0x48, 0xE5, 0x2D, 0xA8, 0xF8,
    0xBC, 0x1A, 0x21, 0x01, 0xA4, 0x87, 0x2E, 0xDA, 0xEE, 0x85, 0x21, 0x31, 0x43, 0xBF, 0x89, 0xA9,
    0x43, 0x00, 0x7F, 0xAB, 0x62, 0xF7, 0xDC, 0xAE, 0xD4, 0xBD, 0xAF, 0xC0, 0xAF, 0xE7, 0x9A, 0x53,
    0x80, 0xF8, 0x0A, 0x04, 0x40, 0x15, 0x46, 0x0F, 0xC3, 0xDF, 0x12, 0x6D, 0xFA, 0x28, 0xB6, 0x31,
    0x61, 0x04, 0x55, 0x8A, 0x26, 0x1E, 0xB9, 0xCF, 0xEA, 0x88, 0x05, 0x70, 0x56, 0x5A, 0x8D, 0xC8,
    0x3A, 0x2C, 0x64, 0x89, 0x26, 0xEB, 0xA9, 0xCB, 0xE3, 0x24, 0x9F, 0xCE, 0xF0, 0x1A, 0x6A, 0x97,
    0x62, 0x13, 0x89, 0xFA, 0x5B, 0x07, 0x2C, 0x35, 0xF2, 0x47, 0x98, 0x05, 0x22, 0xB5, 0xF6, 0xD5,
    0xB1, 0x8B, 0x43, 0x3E, 0x72, 0x82, 0x88, 0x6F, 0x9F, 0x2E, 0x8E, 0x88, 0xF1, 0xBC, 0xF3, 0xE1,
    0xB0, 0x05, 0xFE, 0xA5, 0x9F, 0xCB, 0x0E, 0x57, 0x6A, 0xED, 0x2A, 0xD8, 0xF2, 0x98, 0x11, 0x2F,
    0xEA, 0xCB, 0x14, 0x7A, 0xBB, 0xEF, 0xB7, 0x17, 0x64, 0xCD, 0xE0, 0x60, 0xFB, 0x2D, 0x03, 0xBA,
    0xAB, 0x03, 0xFE, 0xD0, 0x89, 0x29, 0x3C, 0x60, 0x25, 0xC6, 0x66, 0x67, 0x8D, 0x81, 0x9C, 0xEA,
    0x04, 0x8F, 0x25, 0x8B, 0xC3, 0x29, 0x02, 0x5F, 0x3C, 0xA1, 0xBD, 0x98, 0x9A, 0x18, 0x27, 0xD6,
    0x23, 0x30, 0x27, 0xEF, 0x4B, 0x3D, 0xDA, 0x73, 0x5C, 0x57, 0x0F, 0xBF, 0x65, 0x3A, 0x0D, 0xC7,
    0xF4, 0xF8, 0xD6, 0xDE, 0xC4, 0xF7, 0x59, 0x60, 0xB9, 0x6B, 0x6F, 0x76, 0x15, 0xA3, 0xC8, 0xA8,
    0x95, 0x7C, 0x25, 0x8D, 0x03, 0xBF, 0xBE, 0xDC, 0x0A, 0x4E, 0x54, 0xF5, 0x3F, 0x1E, 0x96, 0xEA,
    0xE2, 0xDA, 0xA5, 0x9A, 0x21, 0xC3, 0x74, 0x7D, 0xA8, 0xC6, 0xE5, 0xFA, 0xCE, 0x27, 0xBE, 0x3A,
    0xF7, 0xB1, 0x37, 0xFE, 0x27, 0x66, 0x77, 0xF7, 0xA7, 0x21, 0x66, 0x79, 0xD4, 0xA1, 0x1E, 0x02,
    0x6B, 0xCF, 0xA4, 0xC7, 0x83, 0xC9, 0x13, 0x31, 0x39, 0x34, 0x93, 0x2D, 0x02, 0x49, 0x6B, 0x5F,
    0xE6, 0x97, 0x9E, 0xEB, 0x57, 0x9F, 0xAB, 0x17, 0x0E, 0xDE, 0x58, 0x15, 0x5B, 0x77, 0xB6, 0x0E,
    0x5D, 0xF8, 0xA2, 0x60, 0x38, 0x9A, 0x33, 0x1C, 0x7D, 0xB7, 0xB7, 0x93, 0x73, 0x7E, 0xBE, 0xC5,
    0x2B, 0xA8, 0x41, 0xC8, 0x1C, 0x6D, 0xA1, 0xEF, 0x1D, 0x29, 0x90, 0xD2, 0xB4, 0x36, 0xC6, 0x36,
    0x27, 0x36, 0x47, 0x36, 0x9F, 0x3E, 0xFB, 0xDA, 0x05, 0x70, 0x5B, 0x45, 0x0F, 0xEB, 0x31, 0x8D,
    0x42, 0x1C, 0x41, 0x0A, 0x94, 0xCB, 0xA9, 0x9E, 0x03, 0xBB, 0xDF, 0x1B, 0xC8, 0x4E, 0xB1, 0x16,
    0xFE, 0x91, 0x9B, 0xC9, 0x46, 0xF3, 0x0E, 0x0D, 0x0D, 0x83, 0xBF, 0x07, 0x5A, 0x98, 0x57, 0x5C,
    0xEA, 0x12, 0x2C, 0x94, 0x6E, 0xF6, 0xE0, 0xB6, 0xCC, 0xAA, 0xBA, 0x73, 0xDF, 0x6B, 0x8D, 0xB3,
    0x4C, 0x09, 0x83, 0xBF, 0x60, 0x4F, 0x1E, 0x2C, 0x00, 0x8E, 0x6B, 0x02, 0xC5, 0x00, 0x84, 0xEB,
    0xC8, 0x03, 0xCD, 0x71, 0xFF, 0xF7, 0xF9, 0x8F, 0x14, 0x24, 0x09, 0x01, 0x43, 0x06, 0x10, 0x21,
    0xEE, 0xAF, 0xFB, 0x20, 0xA5, 0x2C, 0xDD, 0x5B, 0x7A, 0xF0, 0x0B, 0x83, 0x55, 0x99, 0xFD, 0xAF,
    0x15, 0x17, 0xF5, 0x1B, 0x8D, 0x32, 0x0D, 0xC0, 0x04, 0x80, 0x4D, 0xFF, 0xB6, 0x3D, 0x91, 0x58,
    0x3D, 0xD5, 0xD7, 0xCE, 0x92, 0x85, 0xFC, 0xF9, 0x56, 0x2A, 0x1E, 0xF1, 0x6F, 0x46, 0x9A, 0x75,
    0xD0, 0x4E, 0x59, 0x6E, 0xD3, 0x96, 0x8C, 0x57, 0xA6, 0x41, 0xF5, 0xD6, 0x7E, 0x6D, 0x9B, 0x98,
    0x61, 0x30, 0xFC, 0xDA, 0x6F, 0x00, 0xCC, 0xFD, 0x64, 0x60, 0xEE, 0xD7, 0x02, 0x6E, 0xAA, 0x08,
    0xEF, 0x0B, 0x27, 0x5F, 0xC5, 0xB1, 0x90, 0x58, 0x7D, 0xBD, 0x32, 0x1B, 0x1B, 0xC7, 0x92, 0x3A,
    0xA8, 0x82, 0x4F, 0xC4, 0xA6, 0x42, 0x03, 0xE4, 0x84, 0xA4, 0x1C, 0x99, 0x2D, 0xF7, 0xFF, 0x86,
    0xBD, 0xC5, 0x1E, 0xFD, 0x9C, 0xB3, 0x05, 0xD3, 0x79, 0x39, 0xCF, 0xF8, 0x8F, 0x7F, 0xD1, 0x74,
    0x9E, 0x5C, 0x1D, 0x7E, 0xF6, 0x10, 0x68, 0xB3, 0x22, 0x2C, 0xA9, 0x44, 0x6D, 0xC9, 0x84, 0x05,
    0x98, 0x23, 0x5F, 0xA6, 0xAE, 0xEA, 0x25, 0xBD, 0xD9, 0x46, 0xB1, 0x6E, 0x6B, 0xD5, 0x55, 0x0B,
    0xD6, 0x5F, 0x00, 0x90, 0x36, 0x01, 0xA4, 0x00, 0x52, 0x0A, 0xD4, 0x25, 0x97, 0x06, 0x5E, 0xED,
    0x5E, 0x7F, 0xEC, 0xFA, 0x10, 0x61, 0x76, 0xBA, 0x81, 0x64, 0x6D, 0x7E, 0x47, 0x10, 0x3F, 0xFD,
    0x89, 0x5E, 0x50, 0x10, 0x93, 0x6F, 0x9E, 0xF8, 0x3F, 0xB1, 0xD1, 0x09, 0x2A, 0xD8, 0x8A, 0x2B,
    0xB6, 0x0C, 0x7F, 0x0F, 0x8E, 0x0C, 0xC4, 0x1D, 0x48, 0xBA, 0x21, 0xE7, 0xE4, 0x32, 0xD0, 0x90,
    0x37, 0xAF, 0xDB, 0xF9, 0x99, 0xEF, 0x11, 0x36, 0x29, 0xCC, 0x49, 0x27, 0x6C, 0x2E, 0x0F, 0xD3,
    0x29, 0x3B, 0x15, 0x8B, 0x44, 0x45, 0x3E, 0x6D, 0x09, 0xA7, 0x29, 0x50, 0x60, 0x85, 0x38, 0xAF,
    0x38, 0x5B, 0xB5, 0x38, 0x0B, 0x85, 0xD6, 0xBE, 0x2F, 0x07, 0x6F, 0x4F, 0x2B, 0xD9, 0x48, 0x8F,
    0xD9, 0xAC, 0xC2, 0xE8, 0x3B, 0xF8, 0x9A, 0x5B, 0xF6, 0x36, 0x64, 0xD1, 0x73, 0xC2, 0xCB, 0x07,
    0x0E, 0xE8, 0x74, 0xC2, 0xAC, 0x67, 0xC9, 0x82, 0x4C, 0xD3, 0x72, 0xB6, 0xC8, 0x15, 0x73, 0x68,
    0xDF, 0x45, 0xFD, 0x89, 0xFD, 0x16, 0xB7, 0x0A, 0xF5, 0x13, 0x9C, 0x47, 0x72, 0x98, 0x05, 0xD6,
    0x19, 0x35, 0x1D, 0xB2, 0x88, 0x6C, 0x80, 0x89, 0xCE, 0xAE, 0x90, 0xA8, 0x88, 0x46, 0x62, 0xC1,
    0x6A, 0x33, 0xC5, 0xD4, 0x31, 0x71, 0xE6, 0xA3, 0xED, 0x8B, 0xD3, 0xE1, 0x0A, 0x61, 0x85, 0x78,
    0x58, 0x17, 0x9D, 0x9A, 0x0B, 0x1E, 0xD7, 0xB8, 0x0A, 0xCB, 0xFB, 0x3A, 0xB2, 0xC2, 0x9E, 0x73,
    0xFD, 0x45, 0x11, 0x22, 0x20, 0xC5, 0x18, 0x18, 0xA2, 0x39, 0x76, 0x30, 0x65, 0x36, 0xC4, 0x53,
    0xED, 0x60, 0xD6, 0x14, 0xF0, 0xD9, 0x0E, 0xA6, 0xAC, 0x4F, 0x6C, 0x00, 0xB4, 0x79, 0x9F, 0x5A,
    0x05, 0x70, 0x1D, 0x2C, 0x9B, 0x1D, 0xE4, 0x13, 0x00, 0x9C, 0x58, 0xDE, 0x3B, 0x28, 0x3B, 0x40,
    0xE3, 0xC0, 0x4D, 0xE7, 0x79, 0xE3, 0x32, 0x40, 0x37, 0x0F, 0x3E, 0xE1, 0x20, 0xA4, 0xCD, 0x4F,
    0xB2, 0xF9, 0xE9, 0x69, 0x6E, 0xF3, 0x9B, 0xB2, 0x79, 0xDE, 0xD0, 0xE6, 0x65, 0x73, 0xB1, 0x4B,
    0xE1, 0xDB, 0x56, 0x28, 0x8C, 0x3B, 0xB2, 0x8A, 0xF2, 0x85, 0x74, 0xD0, 0xBA, 0x29, 0x42, 0x6C,
    0xC1, 0x5C, 0xAD, 0x6C, 0x42, 0x98, 0x31, 0xC5, 0x53, 0x0A, 0x28, 0x6D, 0x4A, 0x26, 0x73, 0x60,
    0xF6, 0x3D, 0x0E, 0x96, 0x64, 0x4C, 0x6C, 0x4C, 0xC6, 0xD4, 0xBA, 0x74, 0xC8, 0xAC, 0x49, 0xFB,
    0x1C, 0xF9, 0xBC, 0x7C, 0x71, 0x15, 0xA2, 0xC9, 0xCB, 0x01, 0xE0, 0xEA, 0xD7, 0xD6, 0x58, 0x77,
    0xEA, 0xC6, 0x41, 0x59, 0x38, 0x93, 0xDF, 0x88, 0xAB, 0x97, 0xF9, 0x59, 0x3D, 0xDF, 0x60, 0x95,
    0xEC, 0x85, 0xF7, 0x0A, 0x91, 0xC3, 0x69, 0x4B, 0x4A, 0x07, 0x92, 0x6A, 0xA6, 0x2D, 0x76, 0x06,
    0x14, 0x45, 0x6E, 0x34, 0x6B, 0x62, 0xB6, 0x11, 0x70, 0xD3, 0xD9, 0x7A, 0xFA, 0xD1, 0x2A, 0xFA,
    0xF1, 0x9B, 0xBD, 0x1F, 0x9F, 0xE1, 0x63, 0x27, 0xAC, 0x92, 0xC2, 0x45, 0x75, 0x39, 0x34, 0x36,
    0x2B, 0x4B, 0x1D, 0x8B, 0x9B, 0x58, 0x65, 0xDC, 0x9A, 0x46, 0x5F, 0xE6, 0xCD, 0xE5, 0x1C, 0x99,
    0x75, 0xE7, 0x29, 0xB0, 0x1E, 0x8E, 0x1C, 0x9C, 0x23, 0x01, 0xA5, 0x0D, 0x89, 0x1F, 0x3B, 0x5F,
    0xD2, 0x27, 0x36, 0x73, 0xEC, 0x60, 0xC4, 0xF8, 0xB1, 0xD3, 0x65, 0x86, 0x11, 0x83, 0x7C, 0x6A,
    0x3E, 0xDE, 0x1D, 0x36, 0xBD, 0xF3, 0x0E, 0xA3, 0x79, 0xC6, 0x0F, 0x65, 0xE5, 0x7E, 0xE9, 0x55,
    0x5B, 0xEA, 0xE8, 0x99, 0x3D, 0x80, 0x18, 0xFA, 0x66, 0x2D, 0xED, 0x1F, 0x33, 0xC8, 0xBB, 0x4C,
    0x93, 0x24, 0xB6, 0x9F, 0xA2, 0x6D, 0x50, 0xE1, 0x19, 0x02, 0x59, 0xE1, 0x05, 0x0A, 0x8E, 0x82,
    0x57, 0x23, 0x41, 0x91, 0x8E, 0xB0, 0x43, 0x8D, 0x1C, 0x7E, 0x68, 0xA8, 0x3F, 0xB3, 0x5B, 0x4B,
    0x06, 0x9C, 0xCB, 0xFF, 0xC7, 0xA9, 0x18, 0x7B, 0xCC, 0xA1, 0x59, 0x81, 0x50, 0x73, 0xE1, 0xDE,
    0x68, 0x0C, 0xAC, 0x48, 0xAC, 0x27, 0xB6, 0x0E, 0x53, 0x73, 0xE6, 0x73, 0xCD, 0xA1, 0xB2, 0x70,
    0x01, 0x42, 0x2A, 0x68, 0x98, 0x3A, 0x63, 0x0C, 0x34, 0x36, 0x96, 0x59, 0xEF, 0x40, 0xBB, 0x32,
    0xDF, 0x0B, 0x22, 0x56, 0xEC, 0x4B, 0xAC, 0x5A, 0x99, 0x8A, 0x5A, 0x3D, 0xC4, 0x38, 0xCA, 0x16,
    0x32, 0x32, 0xAF, 0xF6, 0x39, 0xBF, 0xFB, 0x15, 0x15, 0xF0, 0x8F, 0xB5, 0xD9, 0x56, 0x28, 0x6C,
    0xDA, 0xAE, 0xE7, 0x10, 0x53, 0xFB, 0x13, 0x44, 0x2B, 0x1B, 0xE7, 0xD4, 0xF3, 0x37, 0xE0, 0xD6,
    0xD2, 0x7E, 0xFC, 0x4B, 0x26, 0xDA, 0x26, 0x41, 0x5D, 0xA9, 0x87, 0x8C, 0xD8, 0x3D, 0x39, 0xB1,
    0x87, 0xC6, 0x3C, 0x08, 0x9A, 0x35, 0xB2, 0x60, 0xC4, 0x62, 0x05, 0xEC, 0xCF, 0x6C, 0x86, 0x8A,
    0x96, 0x45, 0xD9, 0xB2, 0x1F, 0xA1, 0x38, 0xAB, 0x88, 0x96, 0xF5, 0xA4, 0x0A, 0xDE, 0x99, 0x4E,
    0x5A, 0x9B, 0x45, 0x91, 0x59, 0xC7, 0xA4, 0x33, 0xC7, 0xC3, 0x1D, 0xCF, 0xD6, 0xB1, 0xF2, 0xA8,
    0xDF, 0x36, 0x49, 0x04, 0xD8, 0xA5, 0xF8, 0x2B, 0xC6, 0x9F, 0x18, 0x57, 0x10, 0xA8, 0xF0, 0x0A,
    0x36, 0xAD, 0x21, 0x0F, 0x7B, 0x19, 0x7E, 0xCF, 0xE7, 0xCD, 0x4F, 0xA1, 0xD4, 0xC6, 0xFF, 0x0C,
    0xD1, 0x4A, 0x51, 0x77, 0x19, 0x2A, 0x40, 0x8E, 0xA5, 0xEC, 0xC8, 0xB9, 0x39, 0x00, 0xDD, 0x00,
    0x28, 0x3B, 0x07, 0xD6, 0xD6, 0x5D, 0x64, 0x4D, 0x39, 0x7C, 0x09, 0x83, 0xB1, 0x45, 0xDA, 0x8F,
    0x84, 0x2A, 0x1C, 0x5A, 0xFB, 0x56, 0xE1, 0x75, 0x7B, 0x40, 0x0A, 0xF7, 0xC0, 0xC2, 0xA5, 0x1D,
    0x8B, 0x9C, 0x05, 0xB5, 0x7B, 0xDA, 0x0A, 0xB2, 0x31, 0xA2, 0x60, 0x27, 0x9F, 0x49, 0x21, 0xD2,
    0x1D, 0xA8, 0xA0, 0xF6, 0x89, 0xCA, 0xEF, 0x9B, 0x2A, 0xFD, 0xEF, 0x9F, 0x3D, 0x53, 0xEC, 0x13,
    0x1B, 0x39, 0x4A, 0xBA, 0xA3, 0xA0, 0x1F, 0x24, 0x21, 0x4E, 0x26, 0x14, 0x0D, 0xDC, 0xC1, 0xE4,
    0x0E, 0x8B, 0xDC, 0x17, 0xDD, 0xA5, 0xC2, 0xF6, 0x45, 0x40, 0xEE, 0x85, 0x5D, 0x72, 0x20, 0x89,
    0x98, 0x4D, 0xD2, 0x1C, 0x2F, 0xAC, 0x61, 0x6C, 0x6D, 0x48, 0xAA, 0x72, 0x53, 0x3C, 0x17, 0x2B,
    0x17, 0x41, 0x29, 0x12, 0xFB, 0xE0, 0xFD, 0xDB, 0xDC, 0x86, 0x53, 0x5F, 0x11, 0x4E, 0x73, 0xC4,
    0x43, 0xE9, 0x60, 0xB4, 0x8A, 0x49, 0x21, 0xD9, 0x2A, 0x94, 0xA6, 0xA4, 0x7D, 0xD2, 0xBD, 0xB3,
    0xA9, 0xBF, 0x29, 0x38, 0x2A, 0x1F, 0x9B, 0x51, 0xD8, 0xE3, 0x0B, 0xDD, 0xF2, 0x3D, 0x33, 0x9D,
    0x94, 0xB2, 0x4D, 0x33, 0x0D, 0x97, 0x4C, 0xCC, 0x8B, 0xC4, 0x23, 0x93, 0x55, 0xE7, 0x5E, 0x13,
    0xE4, 0xAB, 0x9F, 0x55, 0x43, 0xC7, 0x69, 0xB4, 0xC0, 0xDE, 0x9D, 0x41, 0xD8, 0x71, 0x7E, 0xCD,
    0xC0, 0x46, 0x92, 0xAB, 0xAA, 0x5B, 0x1A, 0x1A, 0xE0, 0x96, 0xAA, 0xC6, 0x49, 0xE6, 0x83, 0x27,
    0xDD, 0x61, 0xC7, 0xEB, 0x0B, 0xEE, 0xBF, 0x71, 0xEB, 0x07, 0xD9, 0x12, 0xF5, 0xC2, 0x90, 0xA5,
    0xC6, 0xBC, 0x6E, 0x72, 0xDD, 0xA0, 0xCD, 0x34, 0x30, 0x63, 0xF7, 0x74, 0x3D, 0x2D, 0x91, 0x2A,
    0x95, 0xA7, 0x0D, 0xC1, 0x4A, 0xCB, 0x29, 0x57, 0xC6, 0xF1, 0x90, 0x89, 0x64, 0x1B, 0xB4, 0x90,
    0x98, 0xC9, 0xCA, 0xF5, 0xEE, 0x66, 0xE0, 0x8D, 0xFD, 0xFB, 0x0F, 0x15, 0xBA, 0x11, 0x23, 0x0F,
    0x5F, 0x31, 0xFC, 0xE1, 0xF6, 0x81, 0x37, 0x21, 0x6F, 0xB2, 0x49, 0x3B, 0x4E, 0xF6, 0x05, 0xAF,
    0x2B, 0xFA, 0xC7, 0x97, 0xDB, 0xAD, 0x5B, 0x15, 0x9D, 0x23, 0xC7, 0xE8, 0x46, 0x3F, 0xAD, 0x9B,
    0x0B, 0x94, 0xD2, 0xEE, 0x5C, 0x67, 0x8A, 0x17, 0x9E, 0x82, 0xFB, 0xA9, 0x57, 0x48, 0xA8, 0x83,
    0x18, 0x6B, 0x18, 0xD6, 0x16, 0x1E, 0x4D, 0xE5, 0xB7, 0xC4, 0xF6, 0xA7, 0xB6, 0xA4, 0x63, 0xBA,
    0x04, 0x36, 0xA5, 0x83, 0x5B, 0x66, 0x6C, 0xCC, 0x07, 0x24, 0x7C, 0x9F, 0xB0, 0xBE, 0xA6, 0x14,
    0xB2, 0xB5, 0x06, 0x4D, 0x2A, 0x5C, 0x81, 0x16, 0xB2, 0xA8, 0x5C, 0x11, 0x6A, 0x1F, 0x19, 0xA1,
    0x28, 0xFB, 0xD2, 0x6E, 0xFF, 0x86, 0xAF, 0x59, 0x95, 0xA9, 0x48, 0xCC, 0xFE, 0x92, 0xC7, 0xFE,
    0xE6, 0xC0, 0xC6, 0xCB, 0xEE, 0xBA, 0x0F, 0x50, 0xAE, 0xC9, 0xDB, 0x08, 0x90, 0xD8, 0xBA, 0xE0,
    0x96, 0x9A, 0x93, 0xC0, 0x28, 0x57, 0x68, 0xF1, 0x40, 0x43, 0xD3, 0xB6, 0xCD, 0x49, 0xF9, 0xB3,
    0xEF, 0xB0, 0x1E, 0x03, 0x82, 0x2B, 0xE8, 0xC8, 0x1C, 0x37, 0xE1, 0x6C, 0x4C, 0x74, 0x43, 0x52,
    0xB0, 0x20, 0x0E, 0x82, 0x85, 0x00, 0x15, 0x65, 0xF4, 0x0E, 0x3A, 0x4D, 0xFD, 0xC9, 0x1D, 0xDC,
    0x0D, 0xF4, 0x7B, 0x3E, 0x3B, 0x9F, 0xA7, 0x18, 0x64, 0x11, 0x62, 0xA2, 0xD0, 0x86, 0x1C, 0x67,
    0x12, 0x1D, 0xA4, 0x93, 0x1B, 0x63, 0xD1, 0x94, 0xBA, 0x4A, 0xEC, 0x37, 0x73, 0xD7, 0x57, 0xBC,
    0x56, 0xC5, 0x7D, 0x12, 0xFC, 0x39, 0x88, 0x5F, 0x67, 0x17, 0x96, 0x81, 0x7A, 0x98, 0x43, 0x0B,
    0xCD, 0x41, 0x62, 0xAE, 0x92, 0x25, 0x12, 0x59, 0x76, 0x1B, 0xFE, 0x55, 0x7F, 0x66, 0xD4, 0xA2,
    0x75, 0x3C, 0xD6, 0x57, 0xB2, 0xEF, 0x11, 0x8E, 0xAA, 0x4A, 0xDF, 0x0F, 0xD3, 0xD6, 0xF3, 0xF6,
    0x12, 0x50, 0xBF, 0x75, 0x33, 0x4D, 0xEF, 0x4E, 0x33, 0xFD, 0x92, 0x33, 0xD3, 0xB7, 0x98, 0x33,
    0xD3, 0x21, 0x83, 0x12, 0xCF, 0xEA, 0xE1, 0x9C, 0x80, 0xD6, 0x11, 0x44, 0xB1, 0x80, 0x36, 0x1F,
    0xFE, 0x74, 0x65, 0x8D, 0x1D, 0x42, 0x6C, 0x20, 0xE6, 0x73, 0xCC, 0x27, 0x6F, 0xA0, 0x48, 0xFB,
    0x8D, 0xF6, 0xAF, 0x8A, 0x55, 0x80, 0x03, 0x51, 0x6A, 0x83, 0x02, 0xA8, 0x10, 0x66, 0xDA, 0xE2,
    0x33, 0xEB, 0x89, 0xAD, 0x0F, 0xE6, 0xC8, 0x53, 0x10, 0x0B, 0x56, 0x89, 0x3F, 0x38, 0x03, 0x25,
    0x27, 0xD5, 0x25, 0x99, 0x62, 0xB8, 0xEC, 0xF5, 0xEE, 0xC7, 0xAC, 0x69, 0xB6, 0xCB, 0x12, 0x97,
    0x9D, 0xE7, 0x26, 0xD4, 0x86, 0xED, 0x1A, 0xA3, 0xDE, 0x7D, 0x28, 0x45, 0xE4, 0x59, 0x02, 0x38,
    0x6A, 0x39, 0x4A, 0xCC, 0xBD, 0xB3, 0x9C, 0xA8, 0x42, 0x7D, 0xDA, 0x74, 0x64, 0x8E, 0xC0, 0xB4,
    0xAA, 0x91, 0xEF, 0xB0, 0x82, 0xCA, 0x16, 0x59, 0x3A, 0x91, 0xD0, 0x7E, 0xDD, 0xA2, 0x9F, 0x16,
    0x86, 0x82, 0x4F, 0x4A, 0x47, 0xDE, 0xAE, 0xE0, 0x67, 0x37, 0xCE, 0x26, 0x25, 0x96, 0x44, 0xEB,
    0xE9, 0xCF, 0x66, 0xF3, 0xD2, 0x0C, 0x0C, 0x86, 0xDD, 0xD2, 0x6D, 0xFF, 0x88, 0xB7, 0xA8, 0x29,
    0xD4, 0xFE, 0x12, 0x4B, 0x7B, 0x74, 0x26, 0x09, 0x77, 0x94, 0xA6, 0xE8, 0xBE, 0xDB, 0x7E, 0x23,
    0x97, 0x80, 0xD7, 0x07, 0xD6, 0xD3, 0x16, 0x89, 0xA5, 0xBE, 0x1F, 0xE9, 0x13, 0xED, 0xEE, 0xB4,
    0xE2, 0xEE, 0x1E, 0x0B, 0xC8, 0x3F, 0x7D, 0xBA, 0xC3, 0xF5, 0x67, 0x6D, 0xD6, 0x72, 0x21, 0xD2,
    0x4B, 0x8F, 0x46, 0xB8, 0xFA, 0xFA, 0x5C, 0xF5, 0x43, 0xBF, 0x61, 0x4F, 0xEF, 0x32, 0x6B, 0xA6,
    0x28, 0x0C, 0xA0, 0xD5, 0x78, 0xBD, 0x3E, 0x8F, 0x1C, 0xDA, 0xBC, 0x9D, 0x8E, 0xAB, 0xCE, 0x82,
    0x8F, 0x64, 0x2E, 0x91, 0x1E, 0x04, 0x8C, 0x2B, 0xC9, 0x50, 0x52, 0x90, 0x25, 0xD2, 0xE1, 0xAE,
    0x4B, 0x62, 0x9C, 0xFE, 0xD6, 0xA1, 0xFE, 0x89, 0x35, 0x05, 0x74, 0x14, 0xFD, 0xDC, 0x1B, 0x06,
    0xC8, 0xD2, 0xEB, 0xA0, 0xC8, 0x8D, 0x86, 0xA9, 0xE8, 0x7A, 0x9D, 0x2E, 0x8A, 0x11, 0x14, 0x44,
    0x23, 0xFC, 0xF9, 0x6A, 0xF8, 0xF3, 0xE5, 0x4B, 0x21, 0xA9, 0x55, 0xAC, 0xC3, 0x1E, 0x92, 0xD5,
    0x93, 0xC2, 0xA6, 0xB9, 0x2E, 0x9F, 0xD2, 0x23, 0x1F, 0xB5, 0xE8, 0xD8, 0xB9, 0xEF, 0x45, 0xA2,
    0xD6, 0x4A, 0xBE, 0xB2, 0xD5, 0x79, 0x0F, 0xEC, 0x22, 0x37, 0x3F, 0xB1, 0x1E, 0xF1, 0xED, 0x94,
    0x7B, 0xF9, 0x43, 0x1E, 0x19, 0x5B, 0x0E, 0x2B, 0xED, 0xAF, 0x8C, 0xBF, 0xD9, 0xCB, 0x30, 0x12,
    0x78, 0x65, 0x66, 0x14, 0x77, 0x79, 0x69, 0x57, 0x56, 0x2D, 0x4F, 0xA1, 0x89, 0xB7, 0xEB, 0x69,
    0x61, 0x3F, 0x4E, 0x78, 0x5B, 0xD2, 0x26, 0x28, 0x1D, 0xE4, 0xD2, 0xDF, 0x37, 0x80, 0x42, 0x3F,
    0xBB, 0x9F, 0x0B, 0x29, 0x54, 0x0F, 0x7D, 0xC8, 0xD5, 0xFA, 0x3A, 0x9B, 0x81, 0x1E, 0xBC, 0xB1,
    0xD6, 0x99, 0xB3, 0xF9, 0x02, 0x90, 0x62, 0x74, 0xB8, 0x1B, 0xF5, 0x8B, 0xFD, 0xA3, 0x69, 0x75,
    0x17, 0xFB, 0xF0, 0x6F, 0x02, 0x0C, 0xFA, 0xCE, 0xA0, 0xBE, 0xCD, 0xD9, 0x64, 0x3F, 0xA5, 0xC4,
    0x0A, 0xB0, 0x51, 0x3F, 0x12, 0xAB, 0x24, 0x10, 0xEF, 0xF7, 0x5B, 0x75, 0x4C, 0x28, 0x76, 0x66,
    0x50, 0xFD, 0x3D, 0x44, 0xBF, 0x43, 0x66, 0x3D, 0x7C, 0x66, 0x49, 0x0C, 0xF1, 0x95, 0x93, 0x48,
    0xF6, 0xB4, 0x9F, 0x44, 0x02, 0x78, 0x20, 0x6D, 0x91, 0x72, 0x7B, 0x03, 0x4F, 0x19, 0x68, 0xBF,
    0xEB, 0x43, 0x70, 0x66, 0xC8, 0xB4, 0x28, 0x7E, 0xF3, 0xBD, 0x9F, 0xFB, 0xB4, 0xFB, 0xB9, 0x39,
    0xF1, 0x91, 0x7F, 0x0D, 0xD0, 0x43, 0x1B, 0xAA, 0x17, 0x78, 0xA6, 0x82, 0xB5, 0x64, 0x1B, 0x6A,
    0x63, 0x38, 0xD6, 0xAD, 0xDA, 0xFF, 0x1A, 0x8E, 0x4F, 0xB7, 0x6E, 0xB4, 0xEF, 0xE1, 0xDC, 0xA2,
    0xB2, 0x1B, 0x5D, 0xDC, 0xDB, 0xC3, 0x2F, 0x6E, 0xDD, 0x7A, 0xE0, 0x13, 0x15, 0x9D, 0xB7, 0x39,
    0xB0, 0x27, 0x76, 0x09, 0xB0, 0xA1, 0x09, 0x0E, 0xB4, 0xBF, 0xBD, 0x13, 0xB4, 0xFF, 0xDB, 0x42,
    0xFE, 0x0B, 0x7B, 0x85, 0x22, 0x5B, 0x58, 0x72, 0x10, 0xDB, 0x5D, 0x75, 0x70, 0x28, 0xB5, 0x4E,
    0x5D, 0x98, 0xD8, 0x00, 0x17, 0x7E, 0x68, 0xE7, 0x9E, 0x70, 0xD8, 0xF3, 0x5E, 0x47, 0x2E, 0x27,
    0x73, 0x90, 0xAE, 0x87, 0x64, 0x5A, 0x02, 0x0F, 0x1D, 0xDD, 0xA8, 0xFF, 0xE9, 0x13, 0x0F, 0xEC,
    0x11, 0xE1, 0xC8, 0x55, 0xED, 0xE1, 0x4F, 0x40, 0xB3, 0xA3, 0xAB, 0x10, 0x72, 0x9D, 0x88, 0xFF,
    0xDE, 0x8D, 0xE1, 0x17, 0x90, 0xC9, 0x66, 0x65, 0x4B, 0xBA, 0x73, 0x3E, 0xEC, 0x20, 0x82, 0x21,
    0xEE, 0x60, 0x3E, 0x7C, 0x2A, 0x32, 0x4D, 0x94, 0xD6, 0x69, 0x7E, 0xF3, 0xE9, 0x24, 0x0D, 0xF9,
    0x9B, 0xB7, 0xEA, 0x3B, 0x8F, 0x5C, 0xE1, 0xC8, 0xF8, 0xDD, 0xE7, 0xC8, 0xF8, 0x1D, 0x75, 0x24,
    0xAF, 0x49, 0xDF, 0xB9, 0x45, 0xA6, 0xE1, 0x90, 0x20, 0x9D, 0x08, 0xB1, 0xE9, 0x54, 0x22, 0xBB,
    0x56, 0xB7, 0xEE, 0x0B, 0xCB, 0xCA, 0x7D, 0x9F, 0x0B, 0xDD, 0xD3, 0xA3, 0x6B, 0x04, 0xCD, 0x45,
    0xFD, 0xEF, 0x8F, 0x5C, 0xEF, 0x9A, 0xE0, 0x4A, 0xD7, 0xFC, 0xF0, 0x78, 0xC9, 0x35, 0x31, 0x7B,
    0xCD, 0xEB, 0xDF, 0x75, 0x03, 0x22, 0x32, 0xFB, 0x37, 0xCD, 0x57, 0x1C, 0xF9, 0xD6, 0xF8, 0xFB,
    0xF0, 0x51, 0x5B, 0xDE, 0x75, 0x03, 0x22, 0xA0, 0x15, 0x67, 0xC2, 0xD5, 0x1D, 0x3B, 0x5D, 0x8F,
    0x65, 0x57, 0x04, 0x34, 0xAC, 0xB8, 0x28, 0xEF, 0xDC, 0xBF, 0x3F, 0x81, 0x55, 0xFF, 0x53, 0xC1,
    0x33, 0xCA, 0x5A, 0x72, 0x08, 0x29, 0x45, 0xEE, 0x32, 0x26, 0x81, 0xEB, 0xC4, 0xB6, 0xAC, 0x69,
    0xC8, 0x90, 0x52, 0x3A, 0x3E, 0xCD, 0x21, 0xEB, 0x98, 0x92, 0xDD, 0x4E, 0x31, 0xC9, 0x1A, 0x5C,
    0x49, 0x16, 0xCE, 0x54, 0xE7, 0x51, 0xCA, 0xBF, 0x57, 0xDF, 0x3D, 0xDD, 0xF1, 0xB5, 0xFC, 0xB2,
    0xC0, 0xD8, 0x5A, 0x6A, 0xBA, 0x58, 0xE4, 0x9D, 0x92, 0x5C, 0x5B, 0x36, 0xE5, 0xBC, 0xC0, 0xEA,
    0x87, 0x22, 0x9A, 0x59, 0xBF, 0x78, 0xDA, 0x0A, 0x36, 0x5E, 0x05, 0xDF, 0x92, 0x0E, 0x2C, 0xF2,
    0x5E, 0x45, 0xC7, 0x2F, 0xAB, 0x25, 0xC8, 0xB6, 0x46, 0xDB, 0xFF, 0x02, 0xCD, 0x8A, 0x8C, 0x4F,
    0xDB, 0xA1, 0xAE, 0xC5, 0x7E, 0xC8, 0x8B, 0x62, 0x34, 0x5F, 0xD3, 0xFF, 0x62, 0x42, 0x15, 0x94,
    0x6B, 0x31, 0xD3, 0xA5, 0xFB, 0x5F, 0x42, 0x7E, 0x6A, 0xC6, 0x47, 0x16, 0x58, 0xD4, 0x2F, 0x92,
    0xE9, 0x13, 0x70, 0x7F, 0xFB, 0xEB, 0x5B, 0xCF, 0xA7, 0x82, 0x77, 0x22, 0xC9, 0x4F, 0x89, 0x1F,
    0x84, 0x60, 0x93, 0x6B, 0x46, 0x0E, 0x7A, 0xB7, 0x1E, 0x1D, 0xD8, 0x90, 0x4C, 0x67, 0x07, 0x63,
    0x6C, 0x3D, 0x88, 0x9E, 0x3E, 0x1D, 0x72, 0xB0, 0x3D, 0xE6, 0xE0, 0x09, 0x83, 0x30, 0x7F, 0x06,
    0x8C, 0x65, 0x93, 0x59, 0x57, 0x3B, 0xA8, 0xEA, 0xC6, 0x55, 0xBA, 0xAC, 0xA2, 0x96, 0x14, 0x84,
    0x8E, 0xF5, 0x9D, 0x4D, 0x5A, 0x28, 0x15, 0x11, 0x0B, 0xC6, 0x88, 0xCF, 0x16, 0xBB, 0xBF, 0x10,
    0xCD, 0x0C, 0xD7, 0x23, 0xEB, 0x83, 0x50, 0x93, 0x24, 0xB7, 0x4A, 0x7A, 0xE7, 0xE7, 0x72, 0xE7,
    0x44, 0xB9, 0xBF, 0x9E, 0x01, 0x10, 0x49, 0x5A, 0x49, 0x4C, 0x29, 0x83, 0xCC, 0xA9, 0x45, 0xA9,
    0x67, 0x37, 0x72, 0x02, 0x9B, 0xB0, 0xDD, 0x03, 0x0E, 0x89, 0x81, 0x8F, 0xCB, 0x81, 0x3D, 0x14,
    0xDD, 0xD9, 0x9B, 0xEC, 0x67, 0x1C, 0x9A, 0x65, 0xBD, 0xC3, 0x89, 0xD8, 0xE7, 0xC0, 0x06, 0xB8,
    0x48, 0x27, 0x4E, 0x3E, 0xA3, 0x80, 0x18, 0x6B, 0x7B, 0xD8, 0x4C, 0x20, 0x81, 0xCF, 0x47, 0x4F,
    0x28, 0xEA, 0xEF, 0x52, 0xF1, 0x3D, 0xD2, 0xFE, 0x70, 0x54, 0x68, 0x2D, 0x8F, 0xBA, 0xCC, 0x1A,
    0xB8, 0xE5, 0x62, 0x7E, 0x06, 0xBB, 0xE5, 0x2B, 0x43, 0xCC, 0xC0, 0x7A, 0x62, 0xD8, 0x22, 0x54,
    0x1B, 0x14, 0xBE, 0x68, 0x36, 0x51, 0x08, 0x36, 0x3E, 0x0D, 0x5C, 0x24, 0x75, 0x46, 0x6C, 0xD5,
    0xEE, 0x39, 0x60, 0x66, 0x03, 0x8B, 0xFF, 0x99, 0xB8, 0x28, 0x46, 0x2A, 0x62, 0x15, 0x36, 0xEA,
    0x2D, 0xF2, 0xA9, 0x86, 0x53, 0xBA, 0x68, 0x38, 0x15, 0xCF, 0x60, 0xBF, 0xDD, 0xBC, 0x5F, 0x8E,
    0xD1, 0x86, 0x81, 0x54, 0x41, 0x3C, 0x83, 0x98, 0x1B, 0x33, 0x07, 0x13, 0xEE, 0x8C, 0x09, 0x72,
    0x6A, 0x2F, 0xA4, 0x91, 0x7D, 0x32, 0x67, 0x35, 0x09, 0x59, 0x4B, 0x2A, 0xAA, 0xED, 0xE3, 0x19,
    0x4A, 0x7F, 0x82, 0x43, 0x66, 0xC1, 0x95, 0x06, 0x67, 0x1E, 0x1C, 0x86, 0xB2, 0x66, 0x3D, 0x2E,
    0x1A, 0x55, 0x1F, 0x76, 0x1F, 0xF7, 0xCA, 0x35, 0x0F, 0x5A, 0x59, 0x11, 0x01, 0xAB, 0x98, 0x98,
    0x8C, 0xC4, 0x01, 0x7F, 0x4F, 0x7B, 0xA6, 0xF7, 0x89, 0xB9, 0xB0, 0x23, 0xB6, 0x0E, 0x61, 0xEA,
    0xD0, 0x61, 0x03, 0xAC, 0x61, 0x03, 0xE2, 0x42, 0x9C, 0x81, 0x11, 0x3D, 0x46, 0x35, 0x16, 0xFA,
    0x01, 0xD3, 0xE8, 0xDE, 0x39, 0x65, 0x4F, 0xF7, 0x4C, 0xD8, 0xA0, 0x66, 0xEB, 0x73, 0x45, 0x66,
    0x89, 0x0B, 0x15, 0xCA, 0x3B, 0xBC, 0xB8, 0x7F, 0x4B, 0xC6, 0xE6, 0x78, 0xD8, 0x4B, 0xFD, 0x38,
    0xF4, 0xF8, 0xBF, 0x35, 0xAB, 0x95, 0xD1, 0x92, 0x8D, 0x3A, 0x52, 0x9E, 0x4C, 0x38, 0x3C, 0x0C,
    0xBE, 0x26, 0x6C, 0x5F, 0xF6, 0x64, 0x9A, 0xFF, 0xF4, 0xE4, 0x2C, 0xD8, 0xF6, 0xCE, 0xF5, 0x74,
    0xCF, 0xEE, 0x84, 0xFB, 0x9E, 0xBE, 0xEE, 0x0E, 0xF0, 0x09, 0x16, 0x3D, 0x8B, 0x5C, 0x45, 0xB6,
    0xB0, 0x48, 0x4D, 0xDB, 0x0B, 0x7E, 0x8C, 0xF9, 0x4A, 0x5C, 0x5F, 0x4C, 0x7C, 0x57, 0x19, 0xB9,
    0xBE, 0x6C, 0xE4, 0x6F, 0x33, 0x67, 0xE4, 0xD8, 0x9C, 0x91, 0x93, 0x45, 0x33, 0x22, 0x9B, 0xBF,
    0xDE, 0x59, 0xE1, 0xAB, 0x14, 0x01, 0x02, 0xDB, 0x54, 0xBF, 0x37, 0x0B, 0x16, 0x34, 0x0F, 0xAF,
    0x80, 0xBD, 0x69, 0xDB, 0xE5, 0xE2, 0xD3, 0x8B, 0x7F, 0x8B, 0x99, 0xBF, 0x71, 0xCA, 0x3C, 0xDD,
    0x34, 0x26, 0x39, 0xF3, 0xCD, 0xFB, 0x3E, 0x10, 0xEF, 0x6C, 0x78, 0xE6, 0x27, 0x98, 0xBC, 0x85,
    0xCF, 0x33, 0x87, 0x40, 0xAB, 0x9B, 0xD0, 0x5A, 0xC5, 0xE6, 0x67, 0xC3, 0x44, 0xE0, 0x6A, 0x76,
    0xA6, 0xEE, 0x15, 0x21, 0x3B, 0x6E, 0x5C, 0x9B, 0xB9, 0x0D, 0xCD, 0xFA, 0x78, 0x66, 0xD6, 0x32,
    0xEF, 0xA3, 0x85, 0xBB, 0xDD, 0xBC, 0x05, 0x7F, 0xEE, 0x9F, 0xEA, 0xE8, 0xF2, 0x3A, 0x90, 0xF1,
    0x3B, 0xD7, 0xE5, 0x7F, 0x3A, 0xF3, 0xBC, 0x45, 0x55, 0x3F, 0xBE, 0xE8, 0x2C, 0x97, 0xB3, 0x03,
    0xB6, 0x02, 0xF6, 0x98, 0x7D, 0x34, 0xA7, 0xD9, 0xFA, 0x0F, 0x4D, 0xCF, 0x35, 0x2A, 0xFF, 0x65,
    0x09, 0xEC, 0xB3, 0x07, 0x45, 0xEA, 0x56, 0xF7, 0xCA, 0xDD, 0x9A, 0xB5, 0x92, 0xFD, 0xC2, 0xCB,
    0xF4, 0x6E, 0xBD, 0x5A, 0xAA, 0x36, 0x9F, 0x74, 0x29, 0x67, 0xDE, 0xF8, 0x8C, 0x8B, 0x9E, 0xC3,
    0xC8, 0xF8, 0x73, 0x3D, 0x5F, 0x58, 0xAC, 0x42, 0x0F, 0x4A, 0x0F, 0xB6, 0x8C, 0x32, 0x8F, 0x85,
    0xEF, 0x0D, 0x99, 0x9A, 0xAD, 0x66, 0x2C, 0xF6, 0x56, 0xA4, 0x11, 0xE9, 0x90, 0x17, 0xDC, 0x0D,
    0x81, 0x9F, 0x03, 0x79, 0x78, 0x5D, 0x9D, 0x26, 0xAA, 0xA1, 0x9B, 0x70, 0xE1, 0x11, 0x85, 0x86,
    0x07, 0x14, 0x22, 0x6B, 0xA3, 0x59, 0x8F, 0x50, 0xA2, 0xD0, 0x3F, 0xB3, 0x2E, 0x41, 0x99, 0xBB,
    0x72, 0x74, 0x65, 0x6D, 0x3D, 0x1F, 0x0E, 0x69, 0x58, 0xB2, 0xF0, 0x2B, 0x5F, 0xD2, 0xE3, 0x4C,
    0xDD, 0x9B, 0x2C, 0xC3, 0x84, 0x96, 0xD9, 0x9C, 0xDE, 0xE6, 0x86, 0x62, 0x4A, 0x34, 0x89, 0x0C,
    0x89, 0xD2, 0x22, 0x7D, 0xAC, 0x5D, 0x4C, 0xE7, 0x33, 0xBE, 0xCD, 0xD9, 0x27, 0x8D, 0xCF, 0x52,
    0xB2, 0xF9, 0xBC, 0xBB, 0x0B, 0x41, 0x7F, 0xF9, 0x32, 0xF3, 0xC3, 0xB3, 0x5E, 0x74, 0xB1, 0xF2,
    0x36, 0xDB, 0x73, 0x04, 0xC8, 0x45, 0xFE, 0xC7, 0xE2, 0xB0, 0xFE, 0x36, 0xE0, 0x47, 0x04, 0xA3,
    0xB4, 0x84, 0xDF, 0x88, 0x31, 0xAE, 0xC3, 0x0F, 0x67, 0x83, 0x55, 0xA3, 0x45, 0xE7, 0xE6, 0xD0,
    0x69, 0xF3, 0x91, 0xB3, 0x20, 0x72, 0x90, 0x21, 0x97, 0x91, 0x88, 0x5C, 0x72, 0xBA, 0xAC, 0x3A,
    0x73, 0xBF, 0x72, 0xD6, 0xDA, 0xA4, 0x8B, 0x77, 0x9B, 0x15, 0x0D, 0x10, 0xAF, 0xDC, 0xDF, 0x1F,
    0x14, 0xDD, 0xC7, 0x7D, 0x98, 0x50, 0x4D, 0xD9, 0x26, 0xAB, 0xE7, 0x10, 0xCF, 0x33, 0x8B, 0xC4,
    0xFB, 0x6C, 0x65, 0xF4, 0xBB, 0x2D, 0x42, 0x26, 0x4D, 0x80, 0x37, 0x26, 0x3D, 0x77, 0xDD, 0x51,
    0x2B, 0x5F, 0x5E, 0x48, 0x61, 0x92, 0x49, 0x9F, 0xE9, 0x09, 0xC4, 0xBA, 0x65, 0x61, 0x14, 0x6E,
    0x72, 0x40, 0xB2, 0x6F, 0xA3, 0x88, 0x16, 0xD6, 0x2A, 0x11, 0x65, 0x9E, 0x8D, 0xAC, 0xB5, 0xDF,
    0xED, 0xD7, 0x1D, 0x45, 0xA2, 0xFC, 0xF5, 0x54, 0x87, 0x57, 0xE1, 0x45, 0x16, 0x93, 0x3A, 0xDB,
    0xB8, 0x3D, 0x2E, 0x53, 0x99, 0x75, 0x91, 0x5A, 0xCA, 0x40, 0x2B, 0xA1, 0xB5, 0xBD, 0x23, 0x58,
    0xED, 0x67, 0xBB, 0xE7, 0x96, 0xEA, 0x6F, 0x70, 0x81, 0xDC, 0xBB, 0xBF, 0x92, 0x0A, 0xF4, 0x4A,
    0xFE, 0x87, 0xB0, 0x46, 0xF9, 0x87, 0x0B, 0xF0, 0xF1, 0x99, 0x38, 0x41, 0x65, 0x1F, 0xCA, 0xB7,
    0xAF, 0x7E, 0x66, 0xF8, 0x76, 0x3B, 0x24, 0xBD, 0x29, 0xE9, 0x89, 0xCC, 0x66, 0x06, 0x72, 0x2E,
    0x6D, 0x47, 0x9F, 0xE8, 0x8C, 0xF5, 0xC5, 0xA3, 0xB7, 0x3F, 0xF1, 0xB4, 0x7F, 0xB4, 0x8C, 0xC7,
    0xCC, 0xD4, 0x1B, 0x22, 0xAF, 0x67, 0xDB, 0x7D, 0x1B, 0x2D, 0xCD, 0xA1, 0x21, 0x0A, 0x26, 0xB6,
    0xE3, 0x51, 0x05, 0x7E, 0x52, 0xDE, 0x8A, 0x3C, 0x75, 0xBC, 0xF1, 0x54, 0xE5, 0xF1, 0xF3, 0xEA,
    0x84, 0xD9, 0xF6, 0xB8, 0x34, 0xA1, 0xFE, 0xE2, 0xC8, 0x43, 0xAF, 0x15, 0xD6, 0x15, 0xB5, 0x9B,
    0xCD, 0x4A, 0xA2, 0xF5, 0x57, 0x3E, 0x19, 0x95, 0x7B, 0xF1, 0xC3, 0x09, 0x4F, 0xFA, 0xC2, 0x26,
    0x2E, 0x84, 0x0B, 0xD1, 0xF8, 0x17, 0x57, 0xBB, 0x17, 0x7E, 0x3E, 0x7B, 0x5C, 0xB8, 0x3F, 0x29,
    0xB3, 0xEC, 0x8E, 0x1B, 0x77, 0x77, 0x2B, 0x9A, 0xCF, 0x2B, 0xA5, 0x47, 0x19, 0x0B, 0x17, 0xD9,
    0xE0, 0xD5, 0xAC, 0xF3, 0x44, 0x9C, 0xFD, 0x7D, 0xEA, 0x70, 0x54, 0x28, 0xB9, 0xF5, 0xBC, 0xFA,
    0xAD, 0x3E, 0xB1, 0xE0, 0xE2, 0xD6, 0x23, 0xCF, 0x0C, 0x8F, 0x04, 0xD2, 0xCE, 0x5E, 0xD6, 0xC9,
    0xC7, 0xFD, 0x3E, 0x27, 0x63, 0x14, 0xD0, 0xE9, 0xE1, 0x63, 0x36, 0x05, 0x34, 0xCA, 0x0B, 0x3F,
    0x89, 0xFB, 0x53, 0xAD, 0x53, 0x7E, 0x10, 0x07, 0x57, 0xFD, 0xA9, 0xF3, 0xED, 0x4D, 0xEC, 0xD6,
    0x03, 0xAC, 0x44, 0x03, 0x68, 0x09, 0x4C, 0x7E, 0x1D, 0x9E, 0x8A, 0xA8, 0xC1, 0xCB, 0x99, 0xE7,
    0x7F, 0x80, 0x12, 0x8D, 0x65, 0xC6, 0x5A, 0x5A, 0xAB, 0xD9, 0x03, 0xBD, 0xDE, 0x3E, 0xF5, 0x19,
    0xD4, 0xEB, 0xBF, 0x29, 0x18, 0x19, 0xDE, 0xCF, 0xC0, 0xBF, 0x25, 0x6A, 0x39, 0xF2, 0x4B, 0x53,
    0xA3, 0xCA, 0x6A, 0x21, 0xC7, 0x55, 0x3C, 0xD5, 0xFD, 0xFD, 0xCD, 0x7D, 0x96, 0x3F, 0x8C, 0xDC,
    0xD4, 0x1A, 0xC5, 0x3F, 0x8F, 0xDF, 0xEE, 0x48, 0x99, 0xE2, 0x16, 0xEF, 0xE5, 0x49, 0x2F, 0x4F,
    0xE2, 0xB6, 0x40, 0x81, 0xFB, 0x06, 0x9B, 0x02, 0x51, 0xD0, 0x6C, 0x91, 0xAD, 0xA9, 0x49, 0x93,
    0xBE, 0x20, 0xD7, 0x1D, 0x25, 0x69, 0x52, 0x43, 0x41, 0x81, 0x96, 0xBE, 0xC5, 0x13, 0x52, 0x50,
    0x62, 0x21, 0xA5, 0x40, 0x14, 0x18, 0x69, 0x25, 0x04, 0x14, 0x71, 0x88, 0x23, 0x39, 0xC4, 0xF6,
    0xC1, 0xE7, 0xDC, 0x6B, 0x65, 0x57, 0x02, 0x6E, 0xF1, 0x3B, 0xD7, 0x33, 0x9E, 0xEF, 0xBF, 0xAF,
    0xC7, 0xCC, 0xCE, 0xB2, 0x7A, 0xE5, 0x6E, 0x72, 0xFD, 0x2A, 0xF9, 0x52, 0x0E, 0x14, 0x80, 0x57,
    0x3B, 0xA0, 0x5D, 0xC5, 0x80, 0x9A, 0x12, 0x16, 0xD2, 0xCA, 0xA5, 0x5A, 0xB9, 0x07, 0xE6, 0x55,
    0x1A, 0x00, 0xBA, 0xA0, 0xF8, 0x28, 0x01, 0x97, 0xD9, 0x17, 0x96, 0x61, 0x32, 0x99, 0x92, 0x89,
    0x03, 0x2A, 0x8A, 0x9B, 0x49, 0xF3, 0x93, 0xA4, 0x18, 0x24, 0x65, 0x6F, 0x6F, 0x5E, 0x7C, 0x66,
    0x65, 0x67, 0xC0, 0xB4, 0x4A, 0x46, 0x09, 0x6D, 0xBA, 0xB2, 0x10, 0xC5, 0xDC, 0xC8, 0x3B, 0x37,
    0xF1, 0x83, 0x15, 0x93, 0x59, 0xD1, 0x9B, 0x5B, 0x24, 0x07, 0x5C, 0xFE, 0x17, 0x3D, 0x43, 0x07,
    0x3A, 0xCB, 0xA2, 0x58, 0x09, 0xE5, 0xC0, 0x00, 0x8F, 0x66, 0x76, 0xF3, 0xAC, 0xA1, 0x98, 0x25,
    0x09, 0xB5, 0xE4, 0x35, 0x51, 0xEB, 0x46, 0xF5, 0x16, 0x23, 0x6B, 0x19, 0x6F, 0xF9, 0x0C, 0xB5,
    0x4C, 0x30, 0x72, 0xCC, 0x4A, 0x63, 0x78, 0x95, 0x13, 0x2A, 0xF2, 0x3F, 0x44, 0x5A, 0xB7, 0x7E,
    0x51, 0xD5, 0xE8, 0xD8, 0xAB, 0x84, 0x0D, 0xB9, 0x03, 0xB9, 0x47, 0xD7, 0xF4, 0xE6, 0x60, 0xE8,
    0xAC, 0x98, 0x76, 0x2B, 0xCB, 0x81, 0x86, 0x42, 0xE7, 0x70, 0xB4, 0xD0, 0x16, 0x2B, 0x9B, 0x63,
    0x20, 0x1F, 0xB2, 0xE0, 0xCD, 0x0F, 0x22, 0x66, 0x54, 0x16, 0xF0, 0x1C, 0x0C, 0xE4, 0xBB, 0x95,
    0x05, 0x72, 0xB0, 0x0A, 0x39, 0xBB, 0x51, 0xED, 0x67, 0x55, 0x77, 0x4A, 0x55, 0xF5, 0xB5, 0x85,
    0xC1, 0xCA, 0x17, 0xA7, 0xE8, 0x2D, 0x28, 0xE7, 0x72, 0x65, 0x65, 0x5E, 0xDD, 0xCA, 0x14, 0x99,
    0x9D, 0xDC, 0xB6, 0xAB, 0xEB, 0x50, 0x93, 0x45, 0x47, 0x36, 0xB1, 0xED, 0xDC, 0xEF, 0xD5, 0x74,
    0xB7, 0xE8, 0x03, 0xDA, 0xF7, 0x9A, 0x89, 0x52, 0x15, 0x00, 0x26, 0xF2, 0x63, 0x31, 0x17, 0x3F,
    0x15, 0x31, 0xAE, 0x0C, 0xBA, 0xB3, 0x50, 0xC5, 0x9D, 0xCC, 0x78, 0xED, 0x4B, 0x31, 0x88, 0x6A,
    0x4B, 0x26, 0xE6, 0x08, 0x9D, 0xD9, 0x7E, 0x51, 0x77, 0x27, 0xD2, 0x8F, 0x64, 0xD1, 0x73, 0x40,
    0x42, 0xE7, 0x47, 0x65, 0x81, 0xB1, 0x21, 0xA7, 0xC8, 0x40, 0x8E, 0x87, 0xE5, 0xE2, 0x4B, 0x54,
    0x6B, 0xFA, 0x39, 0xCC, 0x91, 0x95, 0x1F, 0x6C, 0x87, 0xBA, 0xE8, 0x2D, 0xC3, 0x91, 0x53, 0x83,
    0x63, 0x68, 0xCD, 0x9A, 0xB6, 0x39, 0xD2, 0x54, 0x60, 0x3F, 0x5B, 0x76, 0xD8, 0xAF, 0xBB, 0xEB,
    0xEB, 0x1E, 0x91, 0xE1, 0xD5, 0xB4, 0x7A, 0xED, 0x4B, 0xE6, 0x55, 0x28, 0x23, 0xCD, 0x50, 0x2E,
    0xEE, 0x81, 0x8E, 0x75, 0x2F, 0xC8, 0x51, 0x5C, 0xC0, 0x2C, 0xF4, 0xED, 0x0E, 0x32, 0xD0, 0xC4,
    0xE6, 0x3C, 0xA7, 0xDD, 0x46, 0xF7, 0x03, 0xCC, 0x88, 0xCC, 0xD2, 0x50, 0xBC, 0xD0, 0x50, 0xD4,
    0xEB, 0xBE, 0x98, 0x33, 0x0E, 0xC5, 0xA8, 0xA1, 0xE8, 0x0F, 0x1C, 0x84, 0xD6, 0x91, 0xC7, 0x52,
    0x6C, 0x56, 0xE2, 0x6B, 0x0D, 0xC5, 0x8F, 0x22, 0xE6, 0x95, 0x01, 0xC3, 0xCA, 0x12, 0x2D, 0xAA,
    0x95, 0xEF, 0xA0, 0xE2, 0x18, 0xC0, 0xEC, 0xF4, 0xBE, 0x7D, 0x64, 0xD7, 0xD7, 0xFF, 0xB6, 0x4D,
    0x53, 0x49, 0x58, 0x28, 0xA9, 0xF2, 0xD5, 0xF2, 0x4B, 0x54, 0x2B, 0xC7, 0xB4, 0x09, 0xFD, 0xB6,
    0x39, 0x46, 0x7D, 0x10, 0x1E, 0x54, 0xD4, 0x3D, 0x00, 0xDD, 0xE4, 0xD8, 0x0E, 0xFD, 0x66, 0xDB,
    0xA8, 0x35, 0xB2, 0x8F, 0x3A, 0xD9, 0x4F, 0x0E, 0x3C, 0x90, 0xEC, 0xBF, 0x4C, 0x1B, 0x3C, 0x5B,
    0x52, 0x2C, 0x8F, 0x66, 0x8B, 0x76, 0xDF, 0x8B, 0xBF, 0x76, 0xF3, 0x01, 0x98, 0x15, 0x8B, 0x03,
    0x96, 0x74, 0xD8, 0xA4, 0x39, 0xC6, 0x1F, 0x17, 0x9F, 0xAB, 0x17, 0x50, 0x7C, 0x6E, 0xDB, 0x14,
    0x88, 0x33, 0xCE, 0xC7, 0x20, 0xB4, 0x72, 0xD0, 0xC5, 0x87, 0x7D, 0xA7, 0x22, 0xCA, 0x81, 0x19,
    0x1E, 0x9F, 0x9F, 0xE9, 0x30, 0x52, 0xC8, 0xC5, 0x24, 0x93, 0x8B, 0x95, 0xFD, 0xB6, 0x69, 0xD3,
    0x57, 0xAE, 0x32, 0xFB, 0x97, 0xFD, 0xED, 0x7A, 0x23, 0x29, 0x44, 0xCE, 0x9F, 0xD4, 0xA5, 0xEB,
    0x62, 0x26, 0x15, 0x8C, 0x56, 0xD3, 0x26, 0xAD, 0xA3, 0xBE, 0x2D, 0x6E, 0x2B, 0xBB, 0x6D, 0xC5,
    0x7D, 0xDE, 0x8D, 0xEF, 0x31, 0xA9, 0xC0, 0x4A, 0xBB, 0xA0, 0xA2, 0x52, 0xF6, 0xBF, 0xA1, 0xCE,
    0xB0, 0x7C, 0x80, 0x0A, 0x75, 0x8E, 0xD6, 0x23, 0x43, 0x7D, 0x80, 0x95, 0xCB, 0x5D, 0x54, 0x6E,
    0xD6, 0x13, 0x6F, 0x7E, 0x4C, 0x49, 0x0D, 0xF1, 0xDC, 0x29, 0xFB, 0x3D, 0xB0, 0x54, 0xAB, 0x7A,
    0x3C, 0x65, 0x35, 0xBB, 0x80, 0x8E, 0xFA, 0x3B, 0xD0, 0x65, 0xEA, 0x5A, 0xF3, 0xFC, 0x6E, 0x6B,
    0x05, 0x96, 0x92, 0xB5, 0xF3, 0x18, 0x0B, 0xAA, 0x43, 0xEB, 0x38, 0xCC, 0x87, 0xC5, 0xF6, 0x2A,
    0xFA, 0x99, 0xD9, 0x9D, 0xCA, 0xFE, 0x71, 0x9D, 0x24, 0x2D, 0x8E, 0xD7, 0xF2, 0xDD, 0x41, 0x9A,
    0x8E, 0x14, 0x1D, 0x2A, 0xB7, 0xA8, 0x7E, 0xE4, 0x54, 0xE9, 0xF4, 0xC6, 0x51, 0xD7, 0xFF, 0xA6,
    0x32, 0x6E, 0xA4, 0x5E, 0x4E, 0x69, 0x9C, 0x06, 0x35, 0xFB, 0x25, 0x23, 0x77, 0xB8, 0xCC, 0xA9,
    0x05, 0xCC, 0xB1, 0xE9, 0x61, 0x5C, 0xB7, 0x83, 0xCE, 0xAE, 0x80, 0xD1, 0x68, 0x0A, 0x4F, 0xD8,
    0xD1, 0x3A, 0xC7, 0x27, 0x93, 0xED, 0x78, 0x5B, 0x3C, 0x21, 0x8A, 0x89, 0xBA, 0x58, 0x18, 0xA2,
    0xA2, 0xA3, 0xCE, 0x39, 0x6A, 0x37, 0xD9, 0x7E, 0x3E, 0xC4, 0x33, 0x64, 0xE1, 0x39, 0x3A, 0xAE,
    0x1A, 0x06, 0x2B, 0x06, 0xBA, 0xED, 0x2C, 0xF0, 0x14, 0xA7, 0xE1, 0x96, 0x03, 0x62, 0x39, 0xC3,
    0xC4, 0x6C, 0x9E, 0xFD, 0x0E, 0xF8, 0x15, 0xCB, 0xAB, 0xA9, 0xCF, 0xA9, 0xAD, 0x66, 0x5E, 0x59,
    0xF8, 0xF9, 0x14, 0xDD, 0xF6, 0x44, 0x51, 0xBB, 0xA8, 0xFE, 0x18, 0x35, 0x13, 0xB5, 0x5E, 0xDF,
    0x0E, 0xA0, 0x3D, 0xE1, 0x88, 0x72, 0xDA, 0x4E, 0x65, 0x3C, 0xAC, 0x56, 0xBC, 0xBF, 0x6E, 0xEF,
    0xF9, 0x21, 0xBE, 0x35, 0xED, 0x66, 0xD3, 0xC5, 0xB8, 0x8A, 0x34, 0x20, 0xAA, 0x9D, 0x1D, 0xF0,
    0x04, 0xB5, 0x5B, 0x4A, 0x1C, 0x8B, 0x29, 0xE0, 0x58, 0xF6, 0x40, 0x1B, 0x7E, 0x42, 0xD3, 0x36,
    0x8F, 0x96, 0xD0, 0x36, 0xDF, 0x4C, 0x4D, 0x8B, 0x6F, 0x47, 0x1C, 0x9B, 0x27, 0x4F, 0x57, 0xE0,
    0x67, 0xD4, 0x9A, 0x9C, 0x12, 0x98, 0x69, 0x69, 0x34, 0xC7, 0x0C, 0x9C, 0x86, 0x6F, 0x39, 0x8B,
    0xAE, 0xF4, 0x34, 0xA5, 0x76, 0xFD, 0xE5, 0x14, 0xFC, 0x7F, 0xA9, 0xE2, 0x0B, 0xE6, 0xC0, 0xA9,
    0xF3, 0x44, 0x49, 0x33, 0x61, 0xD8, 0x7E, 0xDC, 0x1C, 0x09, 0x99, 0xE9, 0xB7, 0x82, 0x14, 0xCB,
    0xF6, 0x8E, 0xD8, 0xC7, 0x17, 0x82, 0x5C, 0xE9, 0x1B, 0x66, 0xEE, 0x88, 0xC3, 0x75, 0xF8, 0xC9,
    0x6E, 0x9C, 0x37, 0x23, 0xAD, 0xB3, 0xE3, 0x68, 0xB9, 0xAB, 0xAC, 0xC0, 0xB8, 0x39, 0x2A, 0x89,
    0xE8, 0x92, 0xD0, 0xA9, 0x4D, 0x17, 0x07, 0xD0, 0xC6, 0xCC, 0x02, 0xEB, 0x81, 0x3C, 0xB3, 0xEB,
    0xEB, 0xC3, 0xCA, 0xCC, 0x63, 0xD6, 0x41, 0x53, 0x65, 0x00, 0x27, 0x08, 0xA8, 0x72, 0xBC, 0xFB,
    0x95, 0xED, 0xE7, 0xF8, 0x7C, 0x13, 0x23, 0x03, 0xE5, 0xB6, 0x41, 0x97, 0xDE, 0x8B, 0x99, 0xBC,
    0xFB, 0x14, 0xF3, 0x09, 0xA1, 0x4A, 0x96, 0x5B, 0x1D, 0x62, 0x8B, 0x4E, 0x9A, 0xCB, 0x6B, 0xA1,
    0xA9, 0x24, 0x71, 0xE6, 0xB7, 0xF8, 0x1C, 0x1D, 0x1D, 0x74, 0x7C, 0xB6, 0x96, 0x56, 0x76, 0x7E,
    0xE7, 0xE2, 0xDC, 0xBC, 0x26, 0xAB, 0x24, 0xFB, 0xC8, 0xF8, 0x49, 0x26, 0x83, 0xC9, 0x58, 0x22,
    0x44, 0x1A, 0x4D, 0xCC, 0x50, 0x89, 0x46, 0xC3, 0x57, 0x98, 0x47, 0x2E, 0xE2, 0x4C, 0x5E, 0xF9,
    0x4B, 0x91, 0xE8, 0x22, 0x47, 0x71, 0x20, 0x7D, 0x64, 0x4F, 0x3A, 0xF1, 0x94, 0x4E, 0xD2, 0x72,
    0x72, 0xAE, 0xA9, 0xD9, 0xD8, 0x91, 0x41, 0x54, 0x68, 0xEA, 0x87, 0xE6, 0x7C, 0x73, 0xBB, 0x93,
    0xC9, 0x6D, 0x55, 0xFC, 0x7C, 0xD8, 0x2A, 0xE1, 0x12, 0x92, 0xE3, 0xA2, 0x4F, 0x86, 0x35, 0xB1,
    0x00, 0x10, 0x11, 0x80, 0xC5, 0x4E, 0xF0, 0xF8, 0x2C, 0x39, 0x41, 0x4D, 0x54, 0x4A, 0x5E, 0xF9,
    0x26, 0xE4, 0xD7, 0xA1, 0xDA, 0x67, 0xD0, 0xA8, 0x68, 0xFC, 0x08, 0xDF, 0x31, 0xA9, 0x6A, 0xFB,
    0x83, 0x07, 0x93, 0x15, 0xE1, 0xAA, 0x95, 0xC3, 0x92, 0x46, 0x35, 0x8D, 0x73, 0xB7, 0xFD, 0xA1,
    0xD2, 0xFA, 0x13, 0x3C, 0xCC, 0x31, 0xAE, 0xD3, 0x40, 0x18, 0x45, 0xE1, 0x13, 0x9B, 0x28, 0x02,
    0x17, 0x93, 0x36, 0x95, 0x5B, 0xBA, 0x59, 0xC2, 0x3F, 0x62, 0x25, 0xAF, 0x84, 0x45, 0xC0, 0x8C,
    0xC4, 0x66, 0x10, 0x2B, 0xA0, 0xB3, 0x45, 0x43, 0x3B, 0x52, 0x16, 0x80, 0x11, 0x25, 0x8D, 0x79,
    0x72, 0x61, 0x89, 0x99, 0xB9, 0xE8, 0x45, 0x51, 0xCE, 0x6D, 0xAF, 0x3E, 0x60, 0x48, 0xF8, 0x05,
    0xDB, 0xF0, 0x05, 0x57, 0x39, 0x89, 0x4E, 0x20, 0x78, 0xCF, 0xBD, 0x0B, 0x4C, 0xA1, 0x57, 0x1A,
    0x14, 0xC6, 0x86, 0xED, 0xC4, 0x85, 0x38, 0xE3, 0x79, 0xE4, 0x13, 0x68, 0xA1, 0xD7, 0x86, 0x53,
    0xC1, 0xD4, 0x88, 0xFF, 0x44, 0xBC, 0x0A, 0x0B, 0x95, 0x57, 0x9C, 0x01, 0xE0, 0x63, 0xB7, 0xF7,
    0xFA, 0x59, 0x9C, 0x54, 0xBC, 0xB4, 0x99, 0x94, 0xFD, 0xB5, 0x31, 0x84, 0x27, 0x00, 0x8E, 0x5F,
    0xBF, 0xE0, 0x25, 0x4C, 0x4A, 0x26, 0x85, 0x51, 0x0D, 0x80, 0xD7, 0x3C, 0xD9, 0xBB, 0x12, 0x3F,
    0x97, 0xF8, 0xA3, 0x44, 0xED, 0xA6, 0xD5, 0x2B, 0x9F, 0x14, 0x38, 0x73, 0xC4, 0xD2, 0x34, 0xBF,
    0x2C, 0x86, 0x0B, 0x07, 0xCE, 0xB8, 0x5C, 0xF1, 0xCF, 0xC2, 0x7E, 0x0B, 0xBB, 0x36, 0xEC, 0x7B,
    0xE5, 0xC8, 0xCE, 0xA3, 0x29, 0x73, 0x52, 0xE1, 0x05, 0x37, 0x09, 0xFB, 0x25, 0x6C, 0x16, 0xF6,
    0x47, 0x98, 0x1A, 0xA3, 0x0A, 0x27, 0x2D, 0xF0, 0x01, 0x00, 0x0E, 0xA5, 0x4B, 0x7D, 0x75, 0xEB,
    0x50, 0x6D, 0x75, 0x65, 0x5A, 0xFD, 0xA6, 0xD9, 0x9E, 0x95, 0xE2, 0x55, 0x37, 0x7B, 0x0C, 0xDF,
    0xB8, 0xFD, 0xB8, 0x30, 0xE6, 0x18, 0xEC, 0xAF, 0x66, 0x2F, 0xA5, 0x51, 0x62, 0x50, 0xA1, 0xD7,
    0xCA, 0x41, 0x33, 0x7C, 0x02, 0xDE, 0x82, 0xE8, 0x14, 0x7A, 0x31, 0x54, 0x5C, 0x61, 0xDC, 0xF0,
    0x2B, 0xB6, 0xE2, 0x33, 0x2E, 0x71, 0xAF, 0xD0, 0x35, 0x7A, 0xD1, 0xB7, 0xFB, 0xCD, 0xEF, 0xF7,
    0xCF, 0x9B, 0x00, 0x43, 0xC0, 0x32, 0xB6, 0x60, 0x99, 0x29, 0x9B, 0xE6, 0x49, 0x69, 0x12, 0x71,
    0xE7, 0x18, 0x38, 0x80, 0x5B, 0x18, 0x6F, 0xA6, 0x2D, 0xC4, 0x4C, 0x5C, 0xB0, 0x8A, 0x09, 0x77,
    0x03, 0xF9, 0x3F, 0x11, 0x06, 0x00, 0xE5, 0x9C, 0x3F, 0x90, 0xE5, 0x58, 0x75, 0xFF, 0xAF, 0xDE,
    0xDB, 0x9E, 0x57, 0xB4, 0x02, 0x4D, 0xB0, 0x4B, 0xFD, 0x76, 0xA8, 0x5A, 0x25, 0x04, 0xFC, 0x02,
    0x7C, 0xF3, 0xC0, 0x96, 0x28, 0xAA, 0x4C, 0xB8, 0x13, 0x6C, 0xE3, 0x2A, 0x26, 0x18, 0x87, 0x78,
    0x03, 0x4F, 0xEA, 0xC8, 0x92, 0xBD, 0x81, 0x03, 0x02, 0x4F, 0xC0, 0x3A, 0x70, 0x02, 0x01, 0x54,
    0xB1, 0xBD, 0x41, 0x27, 0x0E, 0x08, 0xB0, 0x25, 0xD8, 0x72, 0x11, 0x10, 0x20, 0x70, 0x19, 0x02,
    0x82, 0x15, 0x78, 0xB6, 0x5C, 0x5E, 0x82, 0x11, 0xA0, 0xF1, 0x6A, 0x06, 0x49, 0xC7, 0xE7, 0x53,
    0xE7, 0xF6, 0xED, 0x7E, 0xAF, 0x7B, 0x66, 0x5C, 0xC6, 0xAC, 0x59, 0x5B, 0xF5, 0xFA, 0x7B, 0x34,
    0xDD, 0x92, 0xEE, 0xB9, 0xE7, 0x9C, 0x7B, 0xFE, 0x5D, 0xBD, 0x71, 0xE1, 0xF8, 0x34, 0xE0, 0xA4,
    0x04, 0xA5, 0x05, 0xA5, 0x07, 0xAB, 0x01, 0xF4, 0x13, 0x98, 0xCD, 0xE0, 0x8E, 0xF3, 0x5B, 0x6F,
    0x3F, 0x79, 0xCB, 0xB9, 0x42, 0x44, 0xEF, 0xA8, 0x14, 0x6B, 0xD7, 0x08, 0xE7, 0x0A, 0xAB, 0xDE,
    0x5A, 0x3B, 0x17, 0x30, 0x91, 0x12, 0x14, 0x7E, 0xB1, 0x11, 0x70, 0x1B, 0xF0, 0xE4, 0xB4, 0x54,
    0x14, 0xE9, 0xDC, 0x4E, 0x71, 0x00, 0x75, 0xC8, 0x54, 0xB1, 0x0D, 0x23, 0x65, 0xD3, 0x25, 0x1C,
    0xC1, 0x1C, 0x74, 0xDE, 0x78, 0x7A, 0x74, 0x72, 0x52, 0xC2, 0x82, 0xF4, 0xA0, 0x0C, 0x01, 0x73,
    0xE1, 0x99, 0xEE, 0xE8, 0xC4, 0x71, 0x1C, 0xB9, 0x9B, 0x7A, 0xE9, 0x5F, 0xEA, 0xF3, 0xAA, 0x77,
    0x16, 0xE7, 0x9A, 0xEF, 0x2E, 0x00, 0xFF, 0xFC, 0x9C, 0xC2, 0x0B, 0x1B, 0x1E, 0xC5, 0x65, 0xAF,
    0x9F, 0xDE, 0xE6, 0xFE, 0x99, 0xD9, 0xAC, 0xAE, 0x01, 0x84, 0x7F, 0x4A, 0xAD, 0x0F, 0x60, 0x0E,
    0x89, 0x01, 0xD3, 0x00, 0xB6, 0x06, 0xB2, 0x02, 0x52, 0xC2, 0x7C, 0x0D, 0xB8, 0x74, 0x3D, 0xFD,
    0x06, 0xFC, 0xC3, 0xB8, 0x01, 0x6C, 0x1B, 0xC0, 0xBA, 0xC1, 0x0B, 0x26, 0x3B, 0xA0, 0x2D, 0x00,
    0xB8, 0x2E, 0x93, 0x13, 0xE5, 0x42, 0x59, 0x39, 0x55, 0xD1, 0x78, 0x89, 0x33, 0x63, 0x6A, 0x46,
    0x72, 0x48, 0x87, 0x5A, 0x5A, 0xC7, 0xD1, 0x18, 0x91, 0x40, 0xEA, 0x48, 0x60, 0xF5, 0x4D, 0x23,
    0xB2, 0xC0, 0x33, 0xF7, 0x19, 0x19, 0xE1, 0x5B, 0x64, 0x51, 0xB2, 0x7E, 0xA6, 0x11, 0x25, 0x8B,
    0x4A, 0xBD, 0x74, 0xBB, 0x45, 0xFF, 0xDC, 0xBA, 0x9D, 0xB2, 0xAE, 0x24, 0x55, 0xD2, 0x74, 0x2E,
    0x43, 0x52, 0x4A, 0xA6, 0xCB, 0x84, 0x99, 0x40, 0x06, 0x18, 0x60, 0x36, 0xDC, 0x90, 0xF7, 0x3A,
    0x56, 0xED, 0x6E, 0xD4, 0x6E, 0x6B, 0x56, 0x94, 0x09, 0xE8, 0xAA, 0x05, 0xDC, 0xC9, 0x04, 0x30,
    0x07, 0x97, 0x21, 0x2B, 0x08, 0xA6, 0x82, 0xC2, 0x7B, 0xF8, 0x3C, 0x7B, 0xCF, 0x5D, 0x73, 0xDC,
    0xE0, 0x51, 0xBE, 0x63, 0xAA, 0x3D, 0xEC, 0xF7, 0x3C, 0x85, 0x9B, 0xB9, 0x35, 0x47, 0xCA, 0x70,
    0x91, 0xDC, 0x7D, 0x0F, 0xED, 0xC9, 0x82, 0xE2, 0x64, 0x5F, 0x7B, 0x0E, 0x78, 0x8A, 0xF6, 0x80,
    0x15, 0x58, 0x60, 0x11, 0x60, 0xDA, 0x06, 0x97, 0x54, 0x78, 0xA0, 0x3D, 0xA0, 0x00, 0x8A, 0x1E,
    0xE8, 0x00, 0x14, 0x70, 0xEC, 0xAE, 0x3D, 0x5E, 0xFF, 0x32, 0xE8, 0x05, 0x25, 0x6D, 0x4C, 0x02,
    0xB9, 0x11, 0x16, 0x0E, 0x52, 0x93, 0xFB, 0xB7, 0x90, 0xDA, 0xE0, 0x18, 0xDB, 0xB4, 0x97, 0x2D,
    0xA0, 0xAD, 0x3B, 0x46, 0x33, 0x51, 0x3E, 0x3A, 0x79, 0xCD, 0x6E, 0x16, 0x5B, 0x7B, 0x52, 0xEF,
    0x11, 0x65, 0x41, 0xF6, 0xEC, 0xA2, 0xEA, 0x8C, 0xD8, 0xED, 0xC5, 0x68, 0xCF, 0x64, 0xC6, 0x88,
    0xBF, 0x53, 0x5D, 0x99, 0x4E, 0xA2, 0x61, 0xC0, 0xD2, 0x80, 0x2C, 0xCC, 0xCA, 0xDC, 0x4B, 0xB7,
    0xDD, 0x33, 0x8E, 0x4F, 0xAC, 0xF7, 0xB9, 0x71, 0x44, 0x95, 0x33, 0x2C, 0x4C, 0xAE, 0xE1, 0x7E,
    0x79, 0xB0, 0x27, 0x75, 0x53, 0x42, 0x07, 0x4C, 0x0C, 0x21, 0x30, 0x21, 0x1D, 0x73, 0x1D, 0xF9,
    0xF3, 0x0C, 0x6F, 0x66, 0x0A, 0xE8, 0x27, 0xEA, 0x2C, 0x02, 0xBF, 0x3B, 0xBE, 0x7D, 0x57, 0x18,
    0x62, 0x85, 0x45, 0x06, 0xB3, 0xD5, 0x50, 0x9B, 0x7C, 0xF7, 0x0E, 0x7C, 0x59, 0x53, 0x72, 0xA3,
    0x94, 0x09, 0x1F, 0x74, 0xBE, 0xD5, 0xCF, 0xCA, 0x67, 0xB7, 0x60, 0xE2, 0x29, 0x1F, 0x74, 0x9C,
    0x4D, 0xE8, 0x37, 0xD7, 0xCF, 0x80, 0x66, 0x0B, 0xFD, 0xF4, 0xFA, 0x41, 0x74, 0x55, 0x8B, 0x1C,
    0xAB, 0xDA, 0xDD, 0xB2, 0xC7, 0x6E, 0xC7, 0xA2, 0x4C, 0xE7, 0xAA, 0xCD, 0xE6, 0xA6, 0xCD, 0xA6,
    0xA6, 0x4D, 0x87, 0xA6, 0x4E, 0xEA, 0xC2, 0xB9, 0x57, 0x98, 0x55, 0x6D, 0x52, 0x17, 0x7E, 0x6A,
    0x7E, 0x98, 0x3D, 0x26, 0xC7, 0xE8, 0x0C, 0xCF, 0xE0, 0xFC, 0xC0, 0x01, 0x2C, 0xC0, 0x00, 0x1C,
    0xD8, 0xCF, 0x84, 0x89, 0xD9, 0x8F, 0x1F, 0xEC, 0xA7, 0xE0, 0xA7, 0xC7, 0xC2, 0xD0, 0xA4, 0x19,
    0x59, 0x5E, 0xC6, 0x59, 0xA2, 0x3D, 0x56, 0xDD, 0x55, 0x8B, 0x04, 0xAA, 0xE8, 0x25, 0x9A, 0x08,
    0x02, 0xC0, 0xDC, 0x15, 0x87, 0x06, 0x3C, 0x73, 0x49, 0x64, 0x11, 0xE0, 0xD0, 0x06, 0x6B, 0x7A,
    0xEE, 0x6F, 0xC3, 0x8A, 0xCC, 0x25, 0xE8, 0x32, 0x47, 0xAB, 0x05, 0xBF, 0xAF, 0x78, 0x50, 0xF1,
    0xE0, 0xF2, 0xD2, 0xF8, 0x5A, 0xA0, 0xDB, 0x19, 0xE4, 0xE9, 0x8B, 0x51, 0x5B, 0xD1, 0x1C, 0xB9,
    0x9D, 0xF0, 0x0C, 0xD0, 0x2C, 0xC6, 0x0E, 0x11, 0xA3, 0x89, 0x9D, 0xC0, 0x6F, 0x38, 0x21, 0x6C,
    0x3C, 0xB6, 0xC7, 0x88, 0x39, 0x14, 0xFF, 0x18, 0x0F, 0xC0, 0xDD, 0xBF, 0x10, 0x3D, 0xB8, 0xFB,
    0x07, 0xF2, 0xFE, 0x99, 0x94, 0x78, 0x39, 0xA9, 0x31, 0x33, 0x9D, 0xAD, 0x22, 0xE1, 0x66, 0x09,
    0x27, 0x7E, 0xE6, 0x44, 0x6A, 0x96, 0x0C, 0xD7, 0x94, 0xD8, 0xAD, 0xB4, 0x3B, 0xEC, 0x87, 0x0B,
    0x74, 0xED, 0x60, 0xA4, 0xF2, 0x23, 0x7D, 0xB2, 0x57, 0xCE, 0x05, 0x33, 0xAC, 0x46, 0x4E, 0x44,
    0x4D, 0x45, 0xC7, 0x6D, 0x70, 0xAC, 0x45, 0x0D, 0xF7, 0xF7, 0x9D, 0x7B, 0x99, 0xD0, 0x12, 0xD7,
    0xD0, 0x4D, 0xC0, 0xAB, 0xD4, 0x99, 0x33, 0xCA, 0x41, 0xFA, 0xE8, 0xC6, 0x84, 0xCF, 0x09, 0x0A,
    0x40, 0x51, 0xA6, 0x04, 0x38, 0xB1, 0x13, 0xF3, 0xCF, 0xA6, 0x34, 0x6C, 0x47, 0x4F, 0x4C, 0x33,
    0xDC, 0x6A, 0x8A, 0xD9, 0x5E, 0x9C, 0x70, 0xAC, 0xA5, 0x9D, 0x20, 0x04, 0x4E, 0x38, 0xDC, 0x0E,
    0x84, 0xD7, 0x74, 0x3D, 0x13, 0xD1, 0x9F, 0x8E, 0x67, 0x14, 0xBD, 0xEA, 0x52, 0x6F, 0x35, 0xD3,
    0xC7, 0x14, 0x8B, 0x4E, 0x55, 0x6C, 0xDE, 0x9E, 0xDF, 0x8C, 0x70, 0xAB, 0xA2, 0x30, 0x8F, 0xBF,
    0x53, 0x39, 0x0C, 0x08, 0xA1, 0x91, 0x92, 0x13, 0x82, 0x09, 0xB7, 0x72, 0x32, 0xDA, 0x09, 0x0B,
    0x33, 0x6B, 0x11, 0xC2, 0x14, 0x34, 0xF6, 0x1A, 0x68, 0x07, 0xB1, 0xF9, 0xE4, 0xE4, 0xF5, 0xFB,
    0xF8, 0x44, 0x5B, 0xCB, 0xF6, 0x04, 0xFB, 0x57, 0x0E, 0x19, 0xA3, 0xF3, 0x82, 0x44, 0x8F, 0x16,
    0x89, 0x3C, 0x1C, 0x21, 0xC4, 0x4C, 0x23, 0x98, 0x22, 0xF7, 0x41, 0x9E, 0xC8, 0x8C, 0x58, 0x08,
    0x0F, 0x08, 0x05, 0x0B, 0xB3, 0xA5, 0x1F, 0xC9, 0x02, 0x41, 0x8E, 0x7A, 0x86, 0x14, 0x77, 0x46,
    0xC2, 0x82, 0x84, 0xE0, 0x16, 0x20, 0xA3, 0x9E, 0x19, 0x19, 0x95, 0x0C, 0x7C, 0xDC, 0x46, 0x97,
    0xB6, 0x2D, 0xC3, 0x4F, 0x05, 0xB3, 0x04, 0x0E, 0xC2, 0x1E, 0xD6, 0x01, 0xF7, 0x23, 0x68, 0xDE,
    0x6F, 0xD7, 0xAA, 0x54, 0x6E, 0xEB, 0x23, 0x0A, 0x97, 0xE2, 0x6F, 0x54, 0x3C, 0x33, 0x6B, 0x37,
    0x91, 0x89, 0x05, 0x95, 0xCA, 0x80, 0xF0, 0xBC, 0xD4, 0xCC, 0x59, 0x16, 0x26, 0xBB, 0x15, 0xE4,
    0xDB, 0x66, 0xE6, 0x51, 0x0A, 0x4C, 0x41, 0x4A, 0x9B, 0xE5, 0x67, 0x2D, 0x9E, 0xF3, 0x27, 0x1D,
    0xDA, 0x4B, 0xCB, 0xF4, 0x1A, 0x88, 0x25, 0x55, 0xE8, 0xBA, 0x19, 0x58, 0x19, 0xE2, 0x21, 0x32,
    0xE7, 0xCC, 0x44, 0xC6, 0x6C, 0x81, 0xF4, 0xA9, 0x40, 0x5A, 0xEC, 0x3A, 0xC7, 0x49, 0x32, 0xB2,
    0x3E, 0x7D, 0x84, 0x29, 0x7E, 0x0A, 0xAE, 0x86, 0x3F, 0x04, 0x85, 0xB3, 0x71, 0xC9, 0x57, 0xDD,
    0xE1, 0x91, 0x4C, 0xA0, 0x39, 0x0B, 0x46, 0x0C, 0x82, 0x08, 0x09, 0x48, 0x50, 0x19, 0x73, 0x4F,
    0x6B, 0x9D, 0xDA, 0xDF, 0xA9, 0xBB, 0xF2, 0x9D, 0x0A, 0xDB, 0x0F, 0x37, 0xCA, 0xDC, 0x6C, 0xA6,
    0x9A, 0x21, 0x89, 0x8C, 0x4C, 0x7A, 0x27, 0x03, 0x86, 0x96, 0x2B, 0xC1, 0xF3, 0x2A, 0x4F, 0xD2,
    0x26, 0x4C, 0x86, 0xDC, 0x4A, 0x1F, 0x27, 0x65, 0x2E, 0xFC, 0x46, 0xEF, 0x62, 0x75, 0x26, 0x32,
    0x40, 0xB6, 0xF2, 0x6D, 0x29, 0xB7, 0x6B, 0x26, 0x09, 0x3E, 0xBE, 0x98, 0x37, 0xA2, 0x0A, 0x95,
    0x61, 0xAB, 0x44, 0xA4, 0xDB, 0xB2, 0x64, 0xA5, 0x54, 0x16, 0x33, 0x51, 0xD7, 0x0F, 0x99, 0x50,
    0x71, 0x2E, 0x3D, 0x04, 0xC1, 0x65, 0x13, 0x73, 0x87, 0x30, 0xF7, 0x7C, 0x24, 0x52, 0xA2, 0x1F,
    0xDF, 0x39, 0x14, 0x7E, 0xC4, 0x2A, 0x2B, 0x5D, 0x3C, 0x36, 0xDD, 0x2B, 0x90, 0x74, 0x28, 0x6A,
    0xC8, 0x58, 0xB5, 0x90, 0x49, 0x6A, 0x88, 0x88, 0xE2, 0x8B, 0x3B, 0x59, 0x5D, 0xE9, 0x9A, 0xAD,
    0xCC, 0xDB, 0x49, 0x99, 0x6F, 0x58, 0x66, 0x3A, 0x10, 0x02, 0xC5, 0x82, 0xFD, 0x64, 0x0E, 0x9D,
    0x78, 0x83, 0x80, 0x62, 0x0E, 0x35, 0x39, 0x7C, 0x4E, 0x36, 0x23, 0x4A, 0x0C, 0x37, 0xC3, 0x76,
    0xCF, 0x2D, 0xB9, 0xE4, 0x62, 0x95, 0x2A, 0x7E, 0xD7, 0x49, 0x2F, 0x0C, 0x5B, 0xFD, 0x0A, 0xAB,
    0x63, 0xED, 0x98, 0xED, 0xCD, 0xE6, 0x0C, 0x47, 0x88, 0x65, 0x14, 0xB8, 0x3B, 0x53, 0x4E, 0x0D,
    0xF1, 0xA2, 0x90, 0xFF, 0xAD, 0x05, 0x5D, 0x0B, 0xF6, 0x15, 0xA2, 0xE5, 0x5F, 0xAB, 0xDD, 0xDC,
    0x43, 0xAE, 0x3F, 0x0A, 0xFD, 0xF9, 0x96, 0x72, 0x4C, 0x70, 0x53, 0x1E, 0xCC, 0x71, 0x99, 0x27,
    0xC5, 0x33, 0x6D, 0x57, 0x7E, 0x0F, 0xD9, 0x88, 0x2D, 0x33, 0x25, 0x3B, 0x5B, 0x6D, 0xE9, 0xC5,
    0x6A, 0x3B, 0x5C, 0x66, 0x10, 0x0B, 0x80, 0x46, 0x86, 0x10, 0x06, 0xF9, 0x18, 0x89, 0xB2, 0xC2,
    0x43, 0x59, 0x48, 0x84, 0x54, 0x1D, 0x1F, 0x44, 0x1A, 0x48, 0x23, 0x7A, 0x04, 0x52, 0x1B, 0x29,
    0xCF, 0x73, 0xA3, 0xA3, 0xCF, 0xCB, 0x9B, 0xAF, 0xC5, 0x8A, 0x04, 0x0E, 0x4D, 0x48, 0xD7, 0x91,
    0xD5, 0xAC, 0x7B, 0x06, 0x0F, 0x8F, 0xDF, 0x03, 0x88, 0xF7, 0xE6, 0x8E, 0x78, 0x20, 0xB8, 0xB5,
    0x35, 0x2E, 0x48, 0x2F, 0x13, 0xE4, 0xEA, 0x05, 0x2C, 0x64, 0xE4, 0xC2, 0x87, 0x93, 0xA2, 0x7C,
    0x7F, 0x66, 0xE0, 0x2F, 0xA1, 0x4E, 0xD9, 0x21, 0x8D, 0x85, 0xA1, 0xB2, 0x99, 0x71, 0xFD, 0xB4,
    0x11, 0xEC, 0x47, 0xA4, 0xCB, 0xC0, 0xC1, 0x30, 0x05, 0x7B, 0x2D, 0x97, 0x4E, 0x9A, 0x5E, 0x6F,
    0xC1, 0x2F, 0xCF, 0x48, 0x25, 0x47, 0x52, 0xA3, 0x1F, 0x90, 0x5E, 0xD1, 0xF3, 0x90, 0xA2, 0x43,
    0xBC, 0x9E, 0x80, 0x3C, 0x62, 0xB3, 0x6A, 0x81, 0xC7, 0x6F, 0x92, 0x31, 0x5A, 0x99, 0xD6, 0x04,
    0x99, 0x80, 0x0A, 0x12, 0xCB, 0xB4, 0x32, 0x0A, 0x05, 0x99, 0x80, 0x2F, 0xBD, 0x06, 0x83, 0x5C,
    0x08, 0x8E, 0xA0, 0x60, 0x93, 0xA4, 0x5F, 0xBB, 0xF5, 0x76, 0x2E, 0x0E, 0x6D, 0x4A, 0xA9, 0x9C,
    0x24, 0x8A, 0xD3, 0x25, 0x1C, 0xF5, 0x76, 0xD4, 0xB7, 0x13, 0xD4, 0x96, 0x2F, 0x5A, 0xA6, 0x7D,
    0x5C, 0xE6, 0x4B, 0x05, 0x5A, 0x0B, 0xAE, 0xCA, 0xBB, 0x85, 0xE9, 0x8F, 0x1F, 0x66, 0x6F, 0xAF,
    0x7C, 0xA1, 0x84, 0xE3, 0x05, 0xBB, 0x34, 0x7E, 0x3B, 0x27, 0x3F, 0x27, 0xAB, 0x6C, 0x2B, 0x85,
    0xDA, 0x8F, 0xB8, 0x81, 0x31, 0x01, 0x36, 0xA2, 0xE2, 0x50, 0x68, 0x74, 0xB1, 0xDF, 0x91, 0x0E,
    0x36, 0x5B, 0x00, 0x56, 0x4D, 0x96, 0x75, 0x3A, 0xAB, 0xFD, 0xB3, 0xEC, 0x88, 0x6B, 0x84, 0x32,
    0x05, 0x65, 0xAF, 0xEA, 0x95, 0x3B, 0xE9, 0xFC, 0xB0, 0xB3, 0xFA, 0xAB, 0x06, 0xAC, 0x00, 0xF4,
    0x30, 0x76, 0x74, 0x14, 0xF9, 0x4A, 0x4E, 0x4E, 0x7E, 0x17, 0x8B, 0x0B, 0x1E, 0x6B, 0x6B, 0xDE,
    0x68, 0x1E, 0x68, 0x21, 0xA5, 0x19, 0x68, 0xA0, 0x12, 0xBC, 0xB1, 0x51, 0x54, 0xD9, 0x42, 0xD3,
    0x15, 0x0A, 0x27, 0x46, 0xFD, 0x68, 0xA1, 0xB5, 0x1A, 0x9A, 0x0E, 0x2A, 0x5D, 0x05, 0xDD, 0x08,
    0x8E, 0x9B, 0xDB, 0x8C, 0xA1, 0x6C, 0x35, 0x9A, 0xCF, 0x81, 0xCB, 0x31, 0xE6, 0x82, 0xC1, 0x3B,
    0x31, 0x05, 0x6C, 0x03, 0xCA, 0xE5, 0x0E, 0x7A, 0x6F, 0x3D, 0x3D, 0x6D, 0x1E, 0x95, 0x99, 0x70,
    0xC8, 0x90, 0x1B, 0x1D, 0x7D, 0xA0, 0x85, 0xD1, 0x81, 0x47, 0x33, 0x7D, 0x86, 0x46, 0x02, 0x55,
    0x6B, 0xB4, 0x31, 0xDA, 0x89, 0xB1, 0xD8, 0xA9, 0xFF, 0x81, 0xB6, 0x05, 0xC4, 0xE4, 0x83, 0xE5,
    0xA8, 0x94, 0x4E, 0x4F, 0xEF, 0x9B, 0x16, 0x9B, 0x08, 0x0C, 0xF0, 0xBC, 0xAC, 0x57, 0x46, 0x60,
    0x36, 0xD8, 0x09, 0xB0, 0xEA, 0x93, 0xD0, 0xD5, 0xF5, 0xB5, 0x7C, 0xD0, 0xD5, 0x4D, 0x33, 0x0C,
    0x05, 0x31, 0xC8, 0x45, 0x56, 0xB3, 0x18, 0x4B, 0x4B, 0x4B, 0x47, 0xF8, 0xA8, 0x82, 0x2A, 0x7D,
    0x6B, 0xB5, 0x41, 0xC7, 0x0F, 0x9F, 0x44, 0x7F, 0xB6, 0x9C, 0x0E, 0x4A, 0x34, 0x10, 0x49, 0x8D,
    0x44, 0x53, 0x16, 0x09, 0x92, 0x23, 0x4A, 0xB5, 0xC4, 0x46, 0x02, 0x41, 0x41, 0x10, 0x24, 0xAE,
    0x63, 0x83, 0x75, 0x6E, 0x8C, 0x7F, 0x86, 0x26, 0x82, 0xE5, 0x83, 0x6F, 0x88, 0x38, 0x2E, 0xC5,
    0xCD, 0x88, 0x98, 0x3B, 0x42, 0x02, 0x92, 0x99, 0x25, 0x14, 0xF2, 0xC1, 0xEA, 0xC5, 0xD9, 0xE9,
    0x8F, 0x97, 0x60, 0x1F, 0xB9, 0x7C, 0x69, 0x11, 0x98, 0xE2, 0x94, 0x15, 0x63, 0xA2, 0x9E, 0x33,
    0x91, 0xA6, 0xE7, 0x14, 0x3F, 0x34, 0xA3, 0x5B, 0x38, 0xCC, 0x55, 0x57, 0x0C, 0xA1, 0x8F, 0xF4,
    0xD2, 0xE7, 0xB3, 0xD5, 0xF7, 0x5E, 0x5A, 0x02, 0x15, 0x8C, 0x16, 0x52, 0xA6, 0x84, 0x2E, 0xE9,
    0x98, 0x01, 0x99, 0x00, 0x43, 0x56, 0x33, 0x33, 0x85, 0xB8, 0x66, 0x24, 0x76, 0x39, 0x32, 0x13,
    0x7E, 0xAA, 0x01, 0x4F, 0x8A, 0x0A, 0x89, 0xB6, 0x2F, 0x9B, 0xA1, 0x53, 0xF5, 0xEF, 0x77, 0x01,
    0x1A, 0x38, 0xF4, 0x14, 0x98, 0x26, 0x66, 0x10, 0x79, 0xBD, 0xFF, 0xF6, 0x5E, 0x97, 0x2A, 0x22,
    0xBF, 0xE1, 0x3E, 0xAB, 0x32, 0x85, 0xA7, 0x8B, 0x38, 0xCB, 0x47, 0x39, 0x9F, 0x19, 0x48, 0x16,
    0x8B, 0x77, 0x17, 0xD1, 0x20, 0xB9, 0xE2, 0x0B, 0x77, 0x20, 0x6E, 0xEC, 0xF8, 0xF6, 0x8D, 0xE8,
    0xC6, 0x2A, 0xC5, 0xEE, 0xC2, 0x8D, 0x3D, 0xA0, 0xC8, 0xFF, 0xBA, 0xBB, 0xFE, 0x48, 0x11, 0x2D,
    0x89, 0x8F, 0xC3, 0x07, 0xC0, 0xDB, 0x47, 0x37, 0xF1, 0x49, 0x86, 0xAC, 0xC4, 0x0E, 0x26, 0xDF,
    0x22, 0x9A, 0xB9, 0x68, 0x21, 0x4B, 0x63, 0xE1, 0x0F, 0x15, 0xA5, 0x6A, 0x84, 0xCC, 0xF6, 0xA7,
    0x32, 0x33, 0xDB, 0xC1, 0xF7, 0x1F, 0xD9, 0xD9, 0xEE, 0x98, 0x15, 0xD9, 0xBA, 0xFB, 0xDF, 0x93,
    0xAD, 0xCF, 0x17, 0x26, 0x9D, 0x09, 0x98, 0x87, 0xEC, 0x11, 0x23, 0xAD, 0xAC, 0x3D, 0x00, 0xA2,
    0x0C, 0x38, 0x13, 0xAC, 0x76, 0xAD, 0x2C, 0xBB, 0x18, 0x48, 0x51, 0xC0, 0x62, 0x00, 0x9B, 0xCE,
    0x8F, 0xF8, 0xFB, 0x1C, 0xD7, 0x49, 0xE6, 0x9A, 0xAE, 0x88, 0x36, 0x9F, 0xE1, 0xA3, 0x18, 0xC1,
    0x46, 0xC5, 0x34, 0xEB, 0x25, 0x8A, 0x5B, 0x29, 0x15, 0x53, 0xC1, 0x5E, 0xF2, 0x19, 0xD4, 0x4B,
    0xC0, 0x9E, 0x48, 0x96, 0xB7, 0xB1, 0x23, 0xF0, 0xC7, 0x91, 0xDB, 0xCD, 0xC4, 0x0A, 0xEE, 0x48,
    0x83, 0xAD, 0x02, 0x13, 0x58, 0x9D, 0x8C, 0x56, 0x3A, 0x12, 0x5C, 0x0B, 0x3A, 0x25, 0x0D, 0x55,
    0x8A, 0x2F, 0x45, 0x39, 0x32, 0xE8, 0x35, 0x50, 0x55, 0x9B, 0xD2, 0xEA, 0xA1, 0x9D, 0x37, 0x9A,
    0x7C, 0x35, 0x4A, 0xE5, 0x7B, 0x4B, 0x22, 0xEF, 0x2A, 0xFD, 0xAB, 0x75, 0x2B, 0x77, 0x47, 0x74,
    0x93, 0xAD, 0xE4, 0x12, 0x1B, 0xF1, 0x73, 0x3E, 0x6C, 0xD7, 0x84, 0xC8, 0x34, 0xA8, 0x25, 0x89,
    0xF4, 0x9A, 0x20, 0x70, 0x57, 0xED, 0x87, 0x14, 0xEA, 0x3C, 0xD9, 0x17, 0xC6, 0x3C, 0x60, 0x46,
    0x21, 0x99, 0xF0, 0x9D, 0x52, 0x8F, 0x05, 0x29, 0x45, 0x36, 0xC4, 0xA8, 0xA2, 0x0F, 0xB4, 0xB3,
    0x58, 0xE5, 0xCD, 0xB1, 0xB6, 0x37, 0x20, 0x97, 0xC2, 0xF9, 0x2D, 0x52, 0xEA, 0xD8, 0x0D, 0xB0,
    0x5E, 0x00, 0x64, 0x2B, 0xB1, 0x0F, 0x20, 0x35, 0x24, 0xF4, 0x00, 0x42, 0x07, 0x20, 0xD4, 0xFF,
    0x56, 0xFD, 0x73, 0xB1, 0x91, 0xD3, 0xD3, 0xB3, 0x49, 0x49, 0xCC, 0xDA, 0xAC, 0xAF, 0x0E, 0x49,
    0x03, 0xB1, 0x32, 0x3F, 0x33, 0x72, 0xD8, 0xD7, 0x65, 0xE4, 0xBD, 0xBE, 0x6E, 0x24, 0x4C, 0x47,
    0x6A, 0x08, 0x7C, 0xA0, 0xB0, 0x4A, 0xED, 0xE4, 0xD0, 0xC0, 0x9A, 0x1F, 0x60, 0x4F, 0x3E, 0xF6,
    0x9A, 0xAD, 0xDB, 0x6B, 0x6E, 0xFB, 0xC9, 0x3D, 0x3A, 0xCB, 0x0B, 0x39, 0x01, 0x7D, 0xDC, 0xAD,
    0x10, 0x1E, 0x20, 0x58, 0x05, 0xA9, 0xE3, 0x0C, 0xA9, 0x73, 0xD4, 0x8E, 0xC0, 0x1D, 0xA4, 0x08,
    0xA4, 0x8F, 0x44, 0xAF, 0xAC, 0xBA, 0x48, 0x74, 0xFE, 0x10, 0x4B, 0x4F, 0x30, 0x41, 0x6E, 0x60,
    0x21, 0x8C, 0xD8, 0x8A, 0xCB, 0x91, 0x17, 0xE6, 0x70, 0x3F, 0x97, 0xCE, 0x04, 0x42, 0xE9, 0x62,
    0x9D, 0xE7, 0xCA, 0xFA, 0x0C, 0xB8, 0x8D, 0xD8, 0xEB, 0xA4, 0x35, 0x61, 0xBB, 0x0A, 0x58, 0x8E,
    0x22, 0x5A, 0x07, 0xC5, 0xB0, 0xE5, 0xE1, 0x52, 0x23, 0x31, 0x29, 0x15, 0xD1, 0x06, 0xC9, 0x28,
    0x8E, 0x04, 0x5D, 0xA8, 0xDD, 0x18, 0xAE, 0xC8, 0x77, 0xBB, 0x80, 0x3B, 0xB0, 0xDB, 0xCD, 0xC8,
    0x18, 0xF1, 0x37, 0x6D, 0x66, 0x38, 0x21, 0xD9, 0x6C, 0x64, 0x66, 0x39, 0x58, 0xE2, 0x5E, 0x02,
    0x32, 0x91, 0x8D, 0x22, 0x82, 0xD2, 0xBB, 0x31, 0x80, 0x42, 0x6D, 0x63, 0xC1, 0x72, 0x62, 0x17,
    0xED, 0x95, 0xD3, 0x92, 0x69, 0x4C, 0x0E, 0x26, 0x4B, 0xA0, 0x85, 0x51, 0xD2, 0xE4, 0x66, 0x44,
    0x88, 0xF0, 0x07, 0x93, 0xCA, 0xF5, 0x06, 0xD8, 0x2A, 0x4C, 0xFA, 0x28, 0x3F, 0x2A, 0x34, 0xCA,
    0xE5, 0x1D, 0xE9, 0xB1, 0x8F, 0x16, 0xEB, 0x28, 0x15, 0x66, 0xF4, 0xA5, 0x06, 0xF1, 0xF8, 0xB5,
    0xDF, 0xAC, 0xEF, 0x7D, 0x0B, 0x16, 0x49, 0xF1, 0x43, 0x5B, 0x26, 0x05, 0x31, 0x0C, 0x7C, 0xBE,
    0x7C, 0xF9, 0xE3, 0xF7, 0x71, 0xA3, 0xE8, 0xAD, 0x8D, 0x21, 0x38, 0x5B, 0xC0, 0x7C, 0x8A, 0xAD,
    0x6A, 0x06, 0x03, 0xFB, 0x67, 0xA2, 0xC5, 0xFC, 0x11, 0xCC, 0x67, 0x30, 0x0B, 0x81, 0xFB, 0xC1,
    0x8D, 0xAF, 0xA2, 0x71, 0xC6, 0x41, 0x77, 0x21, 0x7F, 0xC0, 0x2C, 0x7B, 0xF4, 0xFC, 0xDA, 0x41,
    0x8A, 0x71, 0x7A, 0xFA, 0xF5, 0x13, 0xEB, 0x48, 0x75, 0x05, 0x38, 0x80, 0xD2, 0x67, 0x20, 0xD6,
    0x1E, 0x96, 0x31, 0xD8, 0x80, 0x4E, 0x0C, 0x6B, 0xF0, 0xA9, 0x95, 0x14, 0xB8, 0x35, 0x5C, 0x2F,
    0xB2, 0xF6, 0x9D, 0xE1, 0x0C, 0xA6, 0xC6, 0x34, 0x78, 0xB8, 0xD5, 0x05, 0x0E, 0x60, 0xD6, 0x83,
    0x34, 0x9D, 0xE2, 0xF1, 0x07, 0xFC, 0xA2, 0x67, 0x48, 0x3C, 0x27, 0xBC, 0xE0, 0xA0, 0xAC, 0xC5,
    0x00, 0xAF, 0x1E, 0xDF, 0x14, 0xCB, 0x66, 0x61, 0x71, 0xE3, 0xAD, 0xCD, 0x4B, 0x94, 0x38, 0xD5,
    0xDD, 0x8A, 0x94, 0xF8, 0x05, 0xBF, 0xF1, 0x93, 0xE3, 0xEF, 0xB6, 0xDE, 0x3A, 0xE9, 0xAC, 0x71,
    0xCA, 0x14, 0x8B, 0x5F, 0x87, 0x50, 0xB1, 0xC6, 0x16, 0x03, 0x77, 0xC0, 0x1E, 0x0B, 0xD9, 0x88,
    0xD5, 0x14, 0x42, 0xBA, 0x6B, 0x6D, 0x5F, 0x13, 0x36, 0x0B, 0xA9, 0x37, 0x02, 0xF3, 0xB8, 0x63,
    0xF8, 0xC6, 0x6C, 0xF7, 0x8E, 0x2F, 0x06, 0x1A, 0xFB, 0xBB, 0xA0, 0xC9, 0x2F, 0x4A, 0x10, 0xBA,
    0xEE, 0xD1, 0xA4, 0x11, 0x04, 0x6F, 0x66, 0xC5, 0xD5, 0xA6, 0xE7, 0x5C, 0x49, 0xB3, 0xB2, 0x30,
    0x64, 0x26, 0xF7, 0x95, 0x95, 0x25, 0xD0, 0x6E, 0x85, 0xEA, 0xAF, 0xE9, 0x94, 0xCB, 0x1C, 0xE1,
    0xA8, 0xBD, 0xE5, 0x48, 0x27, 0x9F, 0xAD, 0xC7, 0xE0, 0x47, 0xA3, 0x88, 0xAC, 0x87, 0xF6, 0x91,
    0xD2, 0x6E, 0x80, 0x56, 0x81, 0x92, 0xB5, 0xE0, 0xE8, 0x95, 0x4A, 0xA7, 0xB6, 0x2A, 0xAD, 0x4A,
    0xC0, 0xE3, 0x18, 0xF4, 0xE1, 0x99, 0xA8, 0x56, 0x0A, 0xD2, 0x91, 0xF7, 0xE4, 0x0F, 0xAD, 0xA6,
    0x30, 0xFE, 0x20, 0x96, 0x8A, 0xC6, 0x3D, 0x39, 0x13, 0xDF, 0x27, 0xE4, 0xC1, 0x5E, 0x49, 0xB7,
    0x3B, 0xA7, 0xB3, 0xD1, 0xF4, 0x80, 0xEE, 0x26, 0xA3, 0xC9, 0xFD, 0xBD, 0xDE, 0x0C, 0xA6, 0x00,
    0x4F, 0xD8, 0x91, 0x6B, 0x7A, 0x6B, 0x33, 0x59, 0x9E, 0x5D, 0xA0, 0xFC, 0x8E, 0x05, 0x82, 0xCF,
    0xCD, 0x70, 0xC2, 0xA8, 0xCB, 0x15, 0xA6, 0x7C, 0x93, 0xDE, 0x3B, 0xB6, 0x47, 0xF3, 0x10, 0x55,
    0x59, 0x1F, 0x1B, 0xC5, 0x99, 0x19, 0x4A, 0x07, 0x89, 0x95, 0x44, 0x0B, 0x81, 0xFB, 0x50, 0x3C,
    0xF1, 0xA7, 0x0A, 0xEE, 0x8A, 0x25, 0x47, 0x37, 0x32, 0xA6, 0xF8, 0x76, 0xE9, 0xF4, 0x83, 0x59,
    0x24, 0x2C, 0x7E, 0x4A, 0xFA, 0x99, 0xC8, 0xED, 0xFC, 0x0A, 0x7F, 0xAC, 0xD4, 0xAA, 0x65, 0xDA,
    0xF4, 0x54, 0xC8, 0x92, 0x0F, 0x0E, 0x42, 0xE3, 0x88, 0x93, 0x51, 0x13, 0xB7, 0x98, 0xB8, 0x40,
    0x54, 0x3E, 0x71, 0x8B, 0x52, 0xEA, 0x73, 0x62, 0xBD, 0x08, 0xA6, 0x8E, 0xF5, 0x58, 0x1F, 0xC2,
    0xE5, 0x81, 0x0C, 0xCE, 0xDC, 0x32, 0x96, 0x13, 0x08, 0xEB, 0xC2, 0xFC, 0x33, 0x72, 0x46, 0xC5,
    0x69, 0x24, 0xB0, 0x65, 0x3E, 0x5A, 0x9F, 0x67, 0x64, 0xB4, 0x06, 0x1D, 0xA4, 0x76, 0xF9, 0xE3,
    0x93, 0x13, 0xF9, 0x32, 0x8A, 0xB4, 0xD6, 0x01, 0x47, 0xEB, 0x8D, 0x64, 0x46, 0x1C, 0x11, 0x45,
    0xEA, 0x58, 0x55, 0x40, 0xCC, 0xA6, 0x9F, 0xD5, 0x69, 0xBA, 0x19, 0xFB, 0xAA, 0xE8, 0xD3, 0xA6,
    0x6B, 0xC8, 0x9C, 0xE9, 0x66, 0x80, 0xB1, 0xED, 0x82, 0x4F, 0xB7, 0xF4, 0x6B, 0xE0, 0x49, 0xE0,
    0x02, 0x8F, 0xA9, 0xE2, 0x8C, 0xB0, 0x61, 0x66, 0xC6, 0xF9, 0x8A, 0x65, 0x05, 0xB0, 0x0F, 0xAA,
    0xBB, 0xBB, 0x37, 0x5C, 0xEF, 0x62, 0x71, 0x1E, 0x0C, 0x68, 0x78, 0x8D, 0x8B, 0x03, 0x01, 0xF7,
    0x22, 0x10, 0x0F, 0x7A, 0xA2, 0x33, 0xCD, 0x71, 0x84, 0xC7, 0x24, 0x33, 0x6C, 0x11, 0xE6, 0xE0,
    0x88, 0xB3, 0x15, 0x45, 0x20, 0xC5, 0xA0, 0x04, 0xA9, 0x4D, 0x01, 0x83, 0x65, 0x36, 0x30, 0x80,
    0xA8, 0x2C, 0x43, 0xB1, 0xFC, 0x06, 0x76, 0x2C, 0xC5, 0x41, 0x27, 0x3C, 0xCB, 0xF4, 0xC1, 0x13,
    0xE2, 0x99, 0x29, 0x07, 0x39, 0xF1, 0x7C, 0x8A, 0x88, 0x99, 0xE7, 0x9F, 0xCB, 0xCB, 0x82, 0x2A,
    0x67, 0x05, 0x67, 0xDC, 0xC7, 0x54, 0x37, 0xE1, 0xAC, 0x33, 0x29, 0x32, 0x12, 0xCC, 0xA2, 0x61,
    0x63, 0x96, 0x27, 0x98, 0xCD, 0xF1, 0xA6, 0x81, 0xFC, 0x33, 0x2C, 0x16, 0x62, 0xC7, 0x7C, 0xED,
    0x99, 0x59, 0x00, 0xF2, 0x4D, 0xC8, 0x25, 0xC8, 0x24, 0x7E, 0xD7, 0x25, 0x54, 0xFE, 0xB6, 0x24,
    0x24, 0x53, 0x3C, 0x9B, 0x2F, 0xCE, 0x7C, 0x3C, 0x3B, 0x97, 0xD0, 0xDD, 0xD8, 0x63, 0xCD, 0x2E,
    0xCE, 0xA6, 0x78, 0x36, 0x1A, 0x45, 0x42, 0xF1, 0x6C, 0x30, 0x8A, 0xFC, 0x8C, 0x22, 0xD3, 0xE3,
    0x53, 0x9C, 0x61, 0x11, 0x1A, 0xDA, 0x63, 0x74, 0x5D, 0xB9, 0x5C, 0x69, 0x0D, 0x14, 0x86, 0xC4,
    0x0E, 0x70, 0xE2, 0x06, 0x59, 0x41, 0x21, 0x89, 0xFA, 0xB7, 0x33, 0x61, 0xE3, 0x77, 0xA3, 0xC8,
    0x89, 0xA2, 0x95, 0x78, 0xA5, 0x9E, 0x27, 0x02, 0x22, 0x6F, 0x01, 0x37, 0x52, 0x53, 0x7E, 0x4A,
    0x89, 0x30, 0x44, 0x05, 0x41, 0x8F, 0x60, 0x17, 0x13, 0x9E, 0x0E, 0x94, 0xE8, 0x22, 0xBF, 0xF0,
    0x96, 0x7B, 0xCA, 0xE1, 0x4B, 0xE6, 0xD0, 0x5B, 0x3A, 0x95, 0x4E, 0xD8, 0x47, 0xDC, 0x2B, 0x40,
    0x1A, 0x72, 0x4E, 0x6B, 0xE8, 0x68, 0x34, 0x57, 0x5A, 0x42, 0x87, 0x44, 0x64, 0xA5, 0xDF, 0x66,
    0x01, 0xA5, 0x18, 0x2C, 0xEB, 0x29, 0x7A, 0xE8, 0x02, 0x95, 0xAF, 0x37, 0x42, 0x0A, 0xBA, 0xE0,
    0x8B, 0x2B, 0x52, 0x51, 0xE5, 0xBC, 0x69, 0xD1, 0xF8, 0x05, 0x95, 0xD6, 0xFC, 0x8A, 0xD4, 0x78,
    0x16, 0xA5, 0x34, 0x73, 0x77, 0x92, 0x08, 0xE1, 0x32, 0x5F, 0x37, 0xC2, 0x48, 0xCD, 0xAC, 0xD4,
    0x3F, 0xBA, 0x27, 0xE4, 0xB9, 0xE8, 0x15, 0xF3, 0x82, 0x06, 0xDD, 0x8F, 0x38, 0xD3, 0x1C, 0x76,
    0x70, 0xD9, 0xD8, 0xBF, 0xBB, 0x52, 0x87, 0xFA, 0x1A, 0x2C, 0xDA, 0xC3, 0x84, 0x0A, 0xBC, 0xF6,
    0xDD, 0x21, 0x76, 0x76, 0x37, 0xB1, 0x1D, 0x3D, 0x80, 0x32, 0x29, 0xBE, 0x6F, 0x95, 0x7E, 0xBE,
    0x32, 0xE8, 0xCE, 0x9A, 0xD2, 0xA0, 0x59, 0x2E, 0xB8, 0xE7, 0x23, 0x47, 0xEA, 0x83, 0xDC, 0x9A,
    0xD2, 0x63, 0x12, 0x56, 0xEE, 0x08, 0x4A, 0x07, 0x92, 0xCA, 0x0B, 0xE6, 0x70, 0x74, 0x8B, 0x04,
    0xE5, 0x39, 0x47, 0x72, 0xA6, 0x5C, 0x59, 0xB3, 0x18, 0xCB, 0x59, 0x40, 0x1E, 0xE1, 0x11, 0x4A,
    0xDC, 0x09, 0x20, 0xF8, 0x5A, 0xD9, 0x7A, 0x91, 0x9F, 0x82, 0x70, 0x99, 0xC9, 0xE9, 0x99, 0x31,
    0xB1, 0x8F, 0xC7, 0x02, 0x17, 0x3C, 0x1C, 0x0C, 0xE6, 0xDA, 0x80, 0xD4, 0xFD, 0x3C, 0x99, 0xE7,
    0x7B, 0x29, 0x8F, 0xDF, 0xBC, 0x23, 0x6B, 0xAC, 0x55, 0xE0, 0x24, 0xB2, 0xC0, 0x75, 0xB4, 0xFE,
    0x9F, 0x72, 0x7C, 0x9A, 0x8C, 0x77, 0x55, 0x07, 0xDE, 0x94, 0xC8, 0x77, 0xB5, 0xA8, 0xC6, 0xCD,
    0xD8, 0x14, 0x4F, 0xC1, 0xD4, 0x37, 0x22, 0x4F, 0xA4, 0x4B, 0xB0, 0xF0, 0x51, 0x19, 0x40, 0x92,
    0x6C, 0xA7, 0xA0, 0x7A, 0x3F, 0x63, 0x80, 0xE8, 0x7E, 0xC4, 0x32, 0xB7, 0x8B, 0x05, 0x74, 0xBA,
    0x3E, 0x70, 0xA7, 0x27, 0x73, 0x82, 0x0E, 0xA9, 0xF9, 0x79, 0x6A, 0x38, 0x71, 0xFC, 0x29, 0xBB,
    0x7A, 0xF2, 0xF8, 0xCE, 0x8A, 0x7C, 0x26, 0x7D, 0xA4, 0x30, 0xB7, 0x31, 0x67, 0x10, 0xE6, 0x8E,
    0x55, 0x97, 0xB4, 0x0C, 0x0B, 0x35, 0x73, 0xDC, 0x66, 0xAB, 0x9E, 0x89, 0x9E, 0x8E, 0xD4, 0x24,
    0x62, 0x8F, 0x5D, 0x43, 0x05, 0x68, 0x92, 0xC3, 0x9A, 0x78, 0xA6, 0xB9, 0x55, 0x7B, 0x2F, 0xA6,
    0x0E, 0x05, 0x12, 0xAD, 0xC5, 0xE4, 0x4F, 0xAE, 0x53, 0xEB, 0x3D, 0x79, 0x82, 0x3E, 0xC4, 0xFC,
    0x81, 0x69, 0x4F, 0x20, 0xD8, 0xDC, 0xA9, 0xA5, 0x31, 0x88, 0x47, 0x8D, 0xC7, 0x9C, 0xAF, 0x25,
    0x18, 0x7B, 0xB5, 0x77, 0x1A, 0x76, 0x94, 0xA5, 0x84, 0x6C, 0xE5, 0xC9, 0xE7, 0xE8, 0x87, 0xC2,
    0x13, 0x36, 0x6E, 0x24, 0x37, 0xB2, 0x31, 0x92, 0xCA, 0xBB, 0xD6, 0x8A, 0x7C, 0x75, 0x54, 0x22,
    0x73, 0x3E, 0x72, 0x3B, 0x5D, 0x04, 0x7A, 0x4A, 0x78, 0x64, 0x59, 0x0E, 0xFA, 0x4C, 0x64, 0xA1,
    0x98, 0x59, 0x87, 0x1F, 0x63, 0xFD, 0xD0, 0x5D, 0xCE, 0xAF, 0x4E, 0xE9, 0x45, 0x20, 0xD7, 0xFC,
    0x24, 0xA8, 0xD6, 0xC4, 0x5C, 0x08, 0x28, 0xEB, 0xDD, 0xD5, 0x91, 0x09, 0x2F, 0x30, 0xAB, 0x5A,
    0xD4, 0x93, 0x6A, 0xC6, 0x32, 0x65, 0xA6, 0x2A, 0x14, 0x9A, 0x5B, 0xA9, 0x8C, 0x48, 0x5E, 0x18,
    0xB9, 0x01, 0x7F, 0x15, 0xDE, 0x44, 0xAB, 0x60, 0x64, 0x2E, 0x7A, 0xBC, 0x2A, 0x6D, 0x03, 0xA9,
    0x15, 0x59, 0xF8, 0x2D, 0x11, 0xEF, 0xA0, 0x0E, 0xF4, 0x6D, 0xAC, 0x10, 0xC8, 0xD4, 0xBB, 0xF8,
    0x12, 0x94, 0x63, 0xB5, 0x40, 0xA4, 0x83, 0xB0, 0xBA, 0x21, 0xFB, 0x6F, 0x2E, 0x41, 0xDC, 0x51,
    0xD3, 0x99, 0xC4, 0x20, 0xDE, 0x88, 0x84, 0xDE, 0x14, 0x84, 0x1C, 0x9B, 0x1B, 0x72, 0x71, 0x10,
    0x6F, 0x85, 0x10, 0xE1, 0x12, 0xB5, 0x13, 0x2B, 0xE9, 0x53, 0xA1, 0x20, 0x32, 0x28, 0x23, 0x3A,
    0x61, 0x88, 0x9F, 0x21, 0x5D, 0x33, 0x32, 0xD8, 0x07, 0xA1, 0x48, 0x09, 0xD5, 0x44, 0x28, 0x74,
    0x26, 0x48, 0x2A, 0x36, 0x0D, 0xEE, 0xDA, 0x3F, 0x6C, 0x6A, 0xB9, 0xAD, 0x7C, 0x44, 0xAB, 0x90,
    0xC8, 0xBF, 0x4A, 0x49, 0x57, 0x5E, 0x21, 0x51, 0x58, 0x09, 0x0F, 0x4B, 0xAA, 0x30, 0xFB, 0x45,
    0xAD, 0x44, 0x68, 0x5F, 0x19, 0xAC, 0x80, 0xE8, 0xFD, 0x3F, 0xA7, 0xDD, 0x99, 0xD8, 0xC6, 0x56,
    0x5D, 0x0C, 0x40, 0x9F, 0x00, 0x5B, 0x7C, 0x75, 0x4A, 0x8E, 0x4C, 0xBE, 0xFC, 0xA3, 0xB8, 0x95,
    0x81, 0x10, 0x1B, 0x0B, 0x58, 0xFD, 0x61, 0x21, 0x9B, 0xBC, 0x05, 0x4B, 0x38, 0x35, 0xDC, 0x31,
    0x8F, 0x17, 0x5A, 0x78, 0x17, 0x2F, 0x1B, 0x15, 0x23, 0x92, 0x41, 0xDC, 0x34, 0x5B, 0x82, 0xF1,
    0xDA, 0x9F, 0xF2, 0xF1, 0x65, 0x84, 0x4C, 0xF3, 0xB5, 0xCE, 0xF4, 0x67, 0xCB, 0x18, 0xF7, 0x08,
    0xAB, 0x57, 0xD7, 0xCC, 0xCA, 0xDA, 0xB6, 0x97, 0xD8, 0xC0, 0x44, 0xC0, 0x9D, 0xAC, 0xCD, 0x40,
    0x9B, 0x52, 0x51, 0x9D, 0x2C, 0x36, 0x33, 0x6D, 0x42, 0x44, 0x62, 0xA7, 0x56, 0xFF, 0x82, 0xE4,
    0x05, 0x6C, 0xC0, 0x1F, 0x8A, 0x62, 0xC5, 0xCA, 0x53, 0x5C, 0xF0, 0x2D, 0xF2, 0x48, 0xD1, 0xCB,
    0xB7, 0x59, 0x5A, 0xEB, 0x46, 0x68, 0x63, 0xC2, 0x22, 0x73, 0x08, 0xBE, 0xF3, 0xB8, 0x44, 0xCF,
    0x14, 0x5D, 0xC3, 0xA5, 0x97, 0x3F, 0xF1, 0x5E, 0xB0, 0x4B, 0xEF, 0x0E, 0xDF, 0x76, 0xE1, 0xC0,
    0x6F, 0xC3, 0x28, 0x6C, 0xD2, 0x62, 0x26, 0x34, 0x8E, 0xE9, 0xEA, 0xC7, 0x4C, 0x17, 0x9C, 0x9F,
    0x8A, 0xB1, 0xF8, 0x77, 0x19, 0x2A, 0x91, 0x8E, 0x4A, 0x12, 0xB3, 0x14, 0xB9, 0xAF, 0x0A, 0x30,
    0x6B, 0x6C, 0x1E, 0xFD, 0x29, 0xCC, 0x95, 0x85, 0xC9, 0x83, 0x26, 0xA3, 0xE6, 0xF4, 0xF6, 0xE0,
    0x98, 0xAD, 0x83, 0xEA, 0x18, 0x16, 0xB7, 0x99, 0x2D, 0x1B, 0xC8, 0x96, 0x8D, 0x74, 0x68, 0x6D,
    0x51, 0x0E, 0x09, 0x9B, 0x14, 0x61, 0xC5, 0xCA, 0x8E, 0x88, 0x9F, 0x9A, 0xC5, 0xAF, 0xCC, 0x4C,
    0xE6, 0x6A, 0x82, 0x2F, 0x59, 0xEC, 0x8D, 0x46, 0xF3, 0x3A, 0x5B, 0xA3, 0x18, 0x7C, 0x30, 0xF2,
    0x33, 0x11, 0xDC, 0xAA, 0x14, 0x26, 0xEA, 0xB9, 0x10, 0x8F, 0xDF, 0x19, 0xAA, 0x39, 0x5B, 0xD9,
    0x1B, 0x6A, 0xC6, 0x8C, 0x30, 0xAC, 0x23, 0xED, 0xA4, 0xAE, 0x26, 0x2B, 0x44, 0x8B, 0x0E, 0xB7,
    0x2E, 0xA5, 0xB6, 0x23, 0xFF, 0x9F, 0x73, 0xFF, 0x7F, 0xBF, 0xCB, 0xC1, 0x8A, 0x40, 0x44, 0x48,
    0x0B, 0xAD, 0x95, 0x66, 0x4F, 0x2F, 0xDA, 0xFA, 0x6B, 0x22, 0x18, 0x3F, 0x35, 0xEE, 0x11, 0x06,
    0x16, 0xD6, 0xC5, 0x08, 0xC0, 0x0F, 0x67, 0x49, 0x13, 0x37, 0xC7, 0xC8, 0x4C, 0xF1, 0x7F, 0x01,
    0xB0, 0x27, 0x74, 0x74, 0xFC, 0x37, 0x78, 0x13, 0x38, 0xAF, 0x6C, 0xDB, 0x77, 0x7D, 0xCA, 0xDB,
    0x05, 0x3A, 0xA5, 0x69, 0xA3, 0x6E, 0x69, 0xA1, 0x89, 0x0F, 0x64, 0x0B, 0xBB, 0x07, 0x73, 0x3A,
    0xB3, 0x11, 0x45, 0xC9, 0x48, 0xEE, 0x33, 0x66, 0x93, 0xCE, 0x3C, 0x1F, 0x77, 0x0A, 0x43, 0x2E,
    0x1A, 0x19, 0x0A, 0xE9, 0xFD, 0x2F, 0x44, 0x7A, 0xED, 0x50, 0x34, 0x9D, 0x3E, 0xBE, 0x52, 0x98,
    0x80, 0xBE, 0xEA, 0x3C, 0x8B, 0x87, 0x1E, 0x6D, 0x9B, 0x94, 0x2E, 0x77, 0xE1, 0xF8, 0xE6, 0xB6,
    0x56, 0x5D, 0x65, 0x83, 0xAE, 0xE7, 0x5C, 0x61, 0x2D, 0xFA, 0xE0, 0x5D, 0x60, 0x90, 0x50, 0x42,
    0x10, 0xFA, 0xD0, 0xB8, 0xC2, 0x76, 0xF8, 0xAC, 0x6E, 0x43, 0x50, 0xB1, 0xCE, 0xA8, 0xAB, 0xC0,
    0x8D, 0x10, 0x58, 0x30, 0x9A, 0xED, 0xEA, 0x85, 0x1A, 0xB9, 0xB1, 0x17, 0x68, 0x7B, 0xDB, 0xD0,
    0x02, 0xE1, 0x3B, 0x43, 0xBC, 0xE0, 0x68, 0x01, 0x06, 0x0D, 0xE5, 0x2B, 0x75, 0x78, 0x26, 0x8A,
    0x13, 0xB9, 0x02, 0x5B, 0xE4, 0x2C, 0x3F, 0xA7, 0x58, 0xD4, 0xB8, 0xD6, 0x23, 0x6A, 0xEB, 0x83,
    0xA3, 0x2A, 0xA3, 0xD6, 0xBB, 0xA0, 0xA7, 0x1C, 0xA8, 0x18, 0x40, 0x14, 0xB6, 0x40, 0x2A, 0x9E,
    0xB5, 0x4D, 0x77, 0x69, 0xCA, 0x59, 0x83, 0x34, 0xCE, 0xDB, 0x7C, 0xA2, 0x91, 0x34, 0x65, 0x8B,
    0x02, 0x1D, 0xFA, 0xB9, 0x1A, 0x80, 0x56, 0xA1, 0x28, 0x49, 0x68, 0xC9, 0x6E, 0x29, 0xE8, 0x4B,
    0x77, 0x54, 0xBA, 0xD8, 0x5D, 0x86, 0x21, 0xBD, 0x92, 0x78, 0xC4, 0x6A, 0x26, 0xFE, 0x6D, 0xA1,
    0xEC, 0x77, 0x40, 0xD9, 0x62, 0x84, 0x56, 0x2A, 0x4C, 0xE3, 0xA2, 0x87, 0x87, 0x8D, 0x34, 0x3F,
    0x95, 0x77, 0x71, 0x37, 0xC5, 0xBF, 0x48, 0xAE, 0x23, 0x2D, 0xC5, 0xC3, 0x55, 0x69, 0x31, 0x15,
    0x32, 0x2B, 0x6D, 0x86, 0x02, 0x65, 0xB0, 0x12, 0x78, 0x65, 0x6D, 0x27, 0x65, 0x41, 0x44, 0xCD,
    0x49, 0x95, 0xE8, 0xE7, 0x4C, 0x2A, 0x1D, 0x28, 0x77, 0x38, 0xDF, 0x6B, 0x9C, 0x22, 0x29, 0xEC,
    0x8E, 0xE8, 0xB0, 0xD9, 0xD6, 0xA3, 0xA5, 0x48, 0xBC, 0xDE, 0x25, 0x7C, 0xE2, 0x7B, 0xA4, 0xFA,
    0xD9, 0xC4, 0xB7, 0x49, 0x05, 0x6B, 0xE7, 0x43, 0x12, 0xAA, 0xCC, 0x58, 0xF3, 0x14, 0xF4, 0x60,
    0xC8, 0xCB, 0x8A, 0xF5, 0xF4, 0x8C, 0x68, 0xAA, 0x63, 0x80, 0x5E, 0xB1, 0x07, 0x2B, 0xDC, 0x22,
    0x4A, 0xB1, 0x76, 0x92, 0x62, 0x45, 0x84, 0xA7, 0x48, 0x24, 0xAC, 0x87, 0xE3, 0xA5, 0xF3, 0x30,
    0xE3, 0xAD, 0xC9, 0xBB, 0x60, 0xAE, 0x74, 0xCC, 0x7F, 0x2C, 0x75, 0xB6, 0x26, 0x34, 0x9D, 0xF4,
    0x6E, 0x1E, 0xD4, 0x55, 0xBD, 0x42, 0xD3, 0x1A, 0x34, 0x9D, 0x50, 0xBD, 0x68, 0xC1, 0xA2, 0xD0,
    0xE1, 0x1B, 0x86, 0x7B, 0x62, 0x7B, 0xD5, 0xDE, 0xE2, 0x0F, 0x96, 0x25, 0xAC, 0x56, 0xEA, 0x26,
    0x8C, 0xF0, 0xB6, 0x5B, 0x1C, 0x49, 0x9B, 0xF3, 0x8B, 0x4E, 0x50, 0x56, 0x36, 0xDC, 0xD6, 0xAD,
    0x64, 0x0A, 0x6B, 0x01, 0xC8, 0x07, 0xCB, 0x56, 0xE4, 0x8D, 0x65, 0x27, 0x2B, 0x21, 0x6D, 0x06,
    0x86, 0xDD, 0x9C, 0x49, 0x97, 0x2A, 0xD4, 0x80, 0xEA, 0x3B, 0xC7, 0x06, 0xC8, 0x2B, 0x46, 0xCF,
    0xAE, 0x59, 0xC1, 0x94, 0xF3, 0xCE, 0xE5, 0xBD, 0x0A, 0x96, 0x6D, 0x29, 0x8E, 0x23, 0x46, 0xD3,
    0x35, 0x60, 0x9D, 0x96, 0x6A, 0x55, 0xFC, 0x21, 0x71, 0xAA, 0xF9, 0x9E, 0x80, 0x0F, 0xCD, 0x2B,
    0x3D, 0x92, 0x5A, 0xB1, 0x15, 0xD0, 0x81, 0x33, 0x4A, 0x90, 0x61, 0x03, 0x12, 0xD4, 0x55, 0xC1,
    0x29, 0x7A, 0x28, 0xF3, 0x05, 0x6D, 0xA8, 0x3F, 0xA2, 0x9F, 0x6D, 0x1B, 0x1E, 0x1D, 0x48, 0x6C,
    0x63, 0xB6, 0x4C, 0xB7, 0x54, 0x5C, 0x14, 0x94, 0xBB, 0xC3, 0xEE, 0xAA, 0xBF, 0xDA, 0x09, 0xE9,
    0xC0, 0x1C, 0x76, 0xAF, 0x0B, 0xFB, 0x6B, 0xC8, 0x64, 0x44, 0x61, 0x0B, 0xA4, 0xF2, 0xA4, 0x29,
    0xC9, 0x8D, 0x71, 0x7B, 0x3C, 0x2A, 0x42, 0xBF, 0x0F, 0x03, 0xC0, 0xD0, 0x7E, 0xFD, 0x7C, 0x0F,
    0x5B, 0x13, 0x7C, 0xE2, 0xD2, 0x85, 0xB8, 0x2C, 0xAA, 0x0B, 0x0A, 0xE3, 0x78, 0x20, 0xA8, 0x84,
    0x45, 0xB3, 0xC5, 0x52, 0xD9, 0x4B, 0x98, 0x9D, 0x0C, 0x2A, 0x04, 0x76, 0xD4, 0xF0, 0x39, 0x48,
    0x7D, 0xCC, 0x65, 0xC8, 0x66, 0x2F, 0x63, 0x05, 0x6D, 0x64, 0x14, 0xA5, 0x8F, 0xE5, 0xE1, 0x07,
    0x72, 0x36, 0x64, 0xBF, 0x16, 0x2F, 0x8B, 0x67, 0x0F, 0xDF, 0xCB, 0x54, 0x0C, 0xB9, 0x8C, 0x9E,
    0x5C, 0xDA, 0xD3, 0xE5, 0x6E, 0xA1, 0x75, 0xC1, 0x2E, 0x03, 0xB0, 0x42, 0x49, 0x07, 0xD9, 0xB5,
    0x52, 0xBB, 0x1A, 0x51, 0x0E, 0xCB, 0x49, 0x4D, 0xAC, 0xEA, 0xED, 0x4D, 0xD8, 0x8A, 0x72, 0x98,
    0x14, 0xA5, 0x76, 0x0D, 0x3E, 0xE3, 0x05, 0xD2, 0x4D, 0x3E, 0xB1, 0x07, 0xD9, 0xB0, 0xBC, 0x55,
    0x47, 0x8A, 0x5B, 0x45, 0x5A, 0xA2, 0x60, 0x26, 0x64, 0xCF, 0x5E, 0x1C, 0x1E, 0x4E, 0x40, 0x21,
    0x11, 0xDD, 0x80, 0xEB, 0x4E, 0x16, 0xC5, 0x8C, 0xE2, 0x79, 0xF1, 0x02, 0x36, 0xA0, 0xC8, 0xF7,
    0x41, 0x79, 0x15, 0x29, 0x2D, 0x54, 0x71, 0x6C, 0xCC, 0x29, 0x76, 0xF4, 0x29, 0xAC, 0x87, 0x78,
    0x33, 0xB1, 0x6A, 0x2B, 0xA4, 0x6E, 0xE8, 0x07, 0x2F, 0x78, 0x74, 0x26, 0xE4, 0xC8, 0xC1, 0xAD,
    0xAF, 0x0E, 0xEC, 0x61, 0xF0, 0xF1, 0x9E, 0x74, 0x8F, 0x8C, 0x14, 0x35, 0x18, 0xBF, 0x54, 0xF1,
    0xF4, 0xEF, 0x56, 0x24, 0x46, 0x2A, 0xF9, 0x8A, 0xE5, 0x3F, 0xE6, 0x9D, 0x50, 0x23, 0xEB, 0xB2,
    0x31, 0x37, 0x90, 0x91, 0xDA, 0xBD, 0xB1, 0x6E, 0x59, 0x4A, 0x5B, 0x92, 0x98, 0x62, 0xDC, 0x2D,
    0xEC, 0x57, 0xA9, 0xF6, 0x94, 0x34, 0x5D, 0x0A, 0xA1, 0xEC, 0xDE, 0x08, 0x09, 0x29, 0xBB, 0x32,
    0x55, 0xAF, 0xEE, 0x93, 0x6A, 0x2A, 0x1B, 0xD9, 0xCD, 0x5D, 0xEF, 0x3E, 0x11, 0x76, 0x38, 0x6D,
    0xCB, 0x2E, 0x56, 0x23, 0x62, 0x9D, 0xF5, 0x90, 0x52, 0x8F, 0xC6, 0xFB, 0x33, 0x5E, 0x93, 0x6D,
    0x6A, 0xBB, 0xE4, 0x60, 0xCA, 0xAA, 0xB4, 0x5C, 0x1D, 0x05, 0xF6, 0xC8, 0x84, 0x0A, 0x5C, 0xA4,
    0xCB, 0x27, 0x55, 0x11, 0x0E, 0x7B, 0x46, 0x9A, 0x82, 0x5B, 0x3E, 0x4F, 0x46, 0xB8, 0x4D, 0x66,
    0x50, 0x18, 0x93, 0x22, 0x21, 0xE4, 0x04, 0x48, 0x58, 0x51, 0x3E, 0xD0, 0x2B, 0xD9, 0x9F, 0xC7,
    0xA6, 0xCB, 0x86, 0x5E, 0xAF, 0xC3, 0xCD, 0x8E, 0xAC, 0x36, 0xAF, 0x6B, 0x71, 0xC0, 0xAF, 0xBA,
    0xF2, 0x22, 0xE0, 0x27, 0x48, 0x2C, 0xBC, 0x21, 0x98, 0x62, 0x02, 0x14, 0x22, 0x34, 0x2F, 0x55,
    0xE1, 0xC4, 0x57, 0xF2, 0xD5, 0x8A, 0x48, 0xC2, 0x0E, 0x2F, 0x21, 0x56, 0x1F, 0x85, 0xBD, 0xEB,
    0xC2, 0xCD, 0xC0, 0xA1, 0x10, 0x3C, 0x0B, 0xA2, 0xF0, 0x1A, 0x67, 0x75, 0x69, 0x10, 0x68, 0x71,
    0x93, 0xD5, 0x13, 0xC5, 0xBE, 0x92, 0x36, 0x97, 0x52, 0x91, 0x60, 0x2B, 0x44, 0x5B, 0x92, 0xCF,
    0xAB, 0x3B, 0x35, 0xA0, 0xE3, 0xF8, 0x7B, 0x20, 0x1E, 0x69, 0x87, 0x78, 0x72, 0xC4, 0xA3, 0x88,
    0x71, 0xF9, 0xC1, 0x93, 0x9F, 0xFE, 0x32, 0x94, 0x52, 0x2B, 0x28, 0x0B, 0x68, 0x41, 0xF7, 0x2B,
    0x8A, 0xE9, 0x74, 0xD9, 0xB9, 0xF8, 0xE1, 0x5B, 0xE0, 0x2F, 0x25, 0x88, 0x09, 0x34, 0x91, 0x4D,
    0xA0, 0xF4, 0xF6, 0x92, 0x16, 0xB8, 0x44, 0x07, 0xC4, 0xFB, 0x22, 0xF1, 0xD8, 0x8E, 0x6E, 0xA7,
    0x12, 0x55, 0x43, 0xB1, 0xE8, 0xA1, 0xB4, 0xA0, 0x10, 0xCF, 0x26, 0xC2, 0xA6, 0x40, 0x71, 0x87,
    0x7D, 0x3E, 0x26, 0x44, 0xCE, 0x8E, 0xCD, 0xC7, 0x3E, 0xE5, 0xED, 0xEC, 0x54, 0xBA, 0x9C, 0xE5,
    0x0D, 0x50, 0x31, 0x2B, 0x34, 0x94, 0x14, 0xA2, 0x3A, 0x92, 0x1A, 0x6F, 0xFB, 0x8E, 0xA8, 0x78,
    0x7E, 0x22, 0xF2, 0xD7, 0xAB, 0x52, 0x99, 0x71, 0xB7, 0xF4, 0xCD, 0x44, 0x7E, 0x06, 0xED, 0x44,
    0xBE, 0x43, 0xBC, 0x28, 0x45, 0xB0, 0xDF, 0xC5, 0x35, 0x93, 0x52, 0x98, 0xE8, 0x08, 0x83, 0x58,
    0x91, 0xFB, 0xB3, 0xDF, 0x94, 0xCF, 0xEE, 0xBF, 0x89, 0xCF, 0x29, 0xF0, 0xB9, 0x06, 0x3E, 0x57,
    0x98, 0xE0, 0x9D, 0x0C, 0xE3, 0xB3, 0x7A, 0xCA, 0x6E, 0x4A, 0x76, 0x4E, 0x27, 0xA3, 0xE9, 0x18,
    0x77, 0x55, 0xF4, 0x2E, 0xAC, 0x26, 0x38, 0x0D, 0x01, 0xAC, 0xD6, 0x6A, 0xDE, 0x2B, 0x39, 0x5D,
    0x01, 0xE9, 0xEC, 0xDB, 0x2E, 0x56, 0x94, 0x75, 0xD5, 0x84, 0x97, 0xB3, 0x0D, 0x57, 0x64, 0x05,
    0x54, 0x3A, 0x51, 0x92, 0x1A, 0xD6, 0x2F, 0x9E, 0xC1, 0x29, 0x4C, 0x40, 0xAD, 0xD6, 0xFF, 0xB5,
    0x4B, 0x9B, 0x5F, 0x2C, 0x49, 0xC1, 0x12, 0xCA, 0x0D, 0x44, 0xEA, 0x40, 0xB6, 0x81, 0x50, 0xD9,
    0x50, 0x53, 0x4A, 0x9D, 0xD8, 0x43, 0x36, 0x02, 0x59, 0x94, 0xE0, 0x1D, 0x28, 0x3B, 0x34, 0xF4,
    0xE9, 0x65, 0x8C, 0xAD, 0xCB, 0x08, 0x42, 0x67, 0x6C, 0xD4, 0xF1, 0x51, 0x4A, 0xB6, 0xF2, 0x0E,
    0xCC, 0x23, 0x21, 0x6F, 0x2D, 0x84, 0xA4, 0x15, 0xD2, 0x65, 0x23, 0xEB, 0xC6, 0x29, 0x21, 0xD5,
    0xB3, 0x76, 0x2A, 0xFD, 0x69, 0xF7, 0x49, 0x4E, 0xD6, 0xEB, 0xBE, 0x1A, 0x72, 0x53, 0x01, 0xFE,
    0x77, 0xA1, 0xC9, 0x39, 0x03, 0xAC, 0xDE, 0x3B, 0x64, 0x80, 0x30, 0x32, 0x32, 0xFB, 0x11, 0xEF,
    0xA7, 0xC3, 0xEA, 0xA0, 0x8D, 0x0D, 0x09, 0xF4, 0x40, 0x69, 0xDB, 0x80, 0x57, 0x0E, 0xE2, 0x5E,
    0x23, 0x0F, 0x62, 0x69, 0x42, 0x80, 0xE5, 0x96, 0x97, 0xEE, 0x58, 0x53, 0x97, 0x7B, 0x72, 0x9A,
    0x8B, 0x67, 0x33, 0xD2, 0x07, 0xC8, 0xAF, 0x80, 0x5B, 0x67, 0x32, 0x5A, 0x8F, 0x8C, 0x6C, 0xE9,
    0x63, 0xE5, 0x3D, 0xCC, 0x09, 0xC3, 0x61, 0x89, 0x2A, 0x8C, 0x36, 0x6E, 0x42, 0xAE, 0x73, 0xCD,
    0xF1, 0x29, 0xAB, 0x9B, 0x9D, 0x58, 0xF1, 0x8F, 0x85, 0x73, 0x37, 0x32, 0xB6, 0x10, 0x8F, 0x27,
    0x26, 0xE5, 0x20, 0x46, 0x4A, 0xCF, 0xD6, 0x39, 0x66, 0xBE, 0xA5, 0xD7, 0xA5, 0x94, 0x8B, 0x70,
    0x10, 0xD6, 0xE0, 0xBA, 0xA0, 0x99, 0xB9, 0x09, 0x95, 0xC2, 0xDB, 0x46, 0x47, 0xF4, 0xD8, 0xF4,
    0x08, 0x87, 0xBD, 0xD6, 0x7C, 0x20, 0x83, 0x21, 0x35, 0x4D, 0x34, 0x7F, 0x10, 0x1C, 0x40, 0x68,
    0xD8, 0x9A, 0xC0, 0xD8, 0x8B, 0xE2, 0xC9, 0x59, 0xAD, 0x77, 0x5D, 0x95, 0x58, 0x72, 0x82, 0x54,
    0x2C, 0x31, 0x0F, 0x6D, 0x05, 0x0F, 0x14, 0x0B, 0x6A, 0x1D, 0xEC, 0x25, 0x57, 0xD2, 0x4D, 0x60,
    0x21, 0x11, 0x13, 0x94, 0x2C, 0xE4, 0x46, 0x80, 0xA7, 0xC9, 0x67, 0x96, 0x39, 0xB1, 0x7B, 0xD5,
    0x49, 0xDB, 0x2C, 0xF4, 0x83, 0xD9, 0x6D, 0xA8, 0x6A, 0x27, 0xF4, 0xCC, 0x7E, 0xFF, 0xB2, 0x53,
    0xEC, 0xCD, 0xB5, 0xE5, 0xB4, 0x12, 0x6C, 0xF3, 0x98, 0x3E, 0xB1, 0x79, 0xD3, 0x86, 0xC6, 0xD3,
    0x6F, 0xBD, 0xE4, 0xB6, 0x23, 0xEB, 0xD4, 0x5B, 0xE7, 0xBF, 0xC0, 0x13, 0xFF, 0x12, 0xF8, 0x19,
    0xE2, 0xFE, 0xCE, 0xCA, 0x9B, 0x08, 0xF3, 0x65, 0x6B, 0x82, 0x09, 0xB8, 0x70, 0xB0, 0x61, 0x5D,
    0x78, 0x18, 0x71, 0x70, 0xE2, 0x60, 0xC5, 0xC1, 0x4B, 0x5C, 0xCA, 0xB5, 0x35, 0xA6, 0xE0, 0x07,
    0x86, 0x8C, 0x23, 0x58, 0xE2, 0x21, 0x38, 0x7F, 0x2E, 0x81, 0x2B, 0x63, 0xEB, 0x90, 0xAF, 0xE3,
    0xD8, 0xD5, 0xAE, 0x80, 0xE6, 0x1F, 0x31, 0x74, 0x6B, 0x52, 0x4C, 0x11, 0x34, 0x10, 0x4A, 0x79,
    0xB1, 0xAC, 0x68, 0x73, 0xAA, 0x6E, 0xE9, 0x13, 0x69, 0x0F, 0x35, 0x23, 0xA9, 0x2E, 0x00, 0x11,
    0xDA, 0xA5, 0xEF, 0x02, 0xAF, 0x4E, 0x99, 0x2C, 0x99, 0xC2, 0x44, 0xE8, 0x53, 0xE3, 0xC9, 0x71,
    0xF0, 0x5E, 0x65, 0xA4, 0x40, 0xC6, 0x76, 0x9E, 0xAE, 0xB5, 0x3A, 0x1F, 0x7C, 0xA9, 0xAA, 0xA4,
    0xE8, 0x54, 0x37, 0x47, 0xF6, 0x46, 0x05, 0xF1, 0x3C, 0x91, 0x01, 0x69, 0x74, 0x2C, 0xB0, 0xF2,
    0xBC, 0x9A, 0x1F, 0x80, 0x3A, 0xF8, 0xBF, 0x64, 0x2F, 0xF6, 0xD9, 0xCE, 0xCE, 0x40, 0xBF, 0x99,
    0x26, 0x00, 0xDA, 0xC6, 0x5D, 0xC6, 0x6F, 0xBF, 0xBC, 0x5E, 0x5E, 0x69, 0x32, 0xED, 0x75, 0x92,
    0xFC, 0x68, 0xE1, 0x4C, 0xBA, 0xD8, 0x64, 0xDA, 0x9D, 0x3F, 0x62, 0x7A, 0x99, 0xEB, 0x6B, 0xFD,
    0x69, 0x9F, 0xD5, 0x64, 0x3A, 0xBA, 0x8D, 0x80, 0x58, 0x57, 0xA6, 0x1D, 0xF3, 0xA2, 0x9D, 0x36,
    0xFC, 0xBE, 0x70, 0x39, 0xD3, 0x5E, 0xDF, 0xEE, 0x6C, 0x81, 0x2B, 0x4C, 0x5C, 0x36, 0x02, 0xF7,
    0x43, 0x23, 0xA3, 0xE7, 0x92, 0xE5, 0x33, 0xDF, 0xB4, 0x88, 0x9D, 0x99, 0x07, 0x66, 0x40, 0xDB,
    0x03, 0x7D, 0xCA, 0x3B, 0x9B, 0xE6, 0x27, 0x72, 0x61, 0xB1, 0x8A, 0xF9, 0x02, 0x58, 0x59, 0x99,
    0xC7, 0x8B, 0x00, 0x9C, 0x75, 0x48, 0x15, 0xF9, 0xC2, 0xA3, 0x45, 0x73, 0xDA, 0xA6, 0x61, 0xA5,
    0x32, 0x53, 0x20, 0x7F, 0xEF, 0xDE, 0x7C, 0xA1, 0x7B, 0xA0, 0x75, 0x29, 0x0F, 0xB6, 0x3A, 0x38,
    0x1E, 0xD6, 0x05, 0x08, 0x15, 0x26, 0xC8, 0x3B, 0x61, 0xF1, 0xD8, 0x4E, 0xD7, 0x7F, 0x65, 0xD1,
    0x5F, 0xFE, 0xCA, 0x22, 0x15, 0xBE, 0x4E, 0x9B, 0x4F, 0xD8, 0xB9, 0x2A, 0xD9, 0x56, 0xE7, 0xD8,
    0xD5, 0x5F, 0x54, 0xD5, 0x89, 0xF3, 0xBA, 0x64, 0x58, 0x31, 0xC5, 0x0F, 0xC5, 0x65, 0x7F, 0xB1,
    0xD8, 0x8A, 0x7D, 0x01, 0x83, 0x75, 0xFF, 0xC5, 0x2F, 0x2D, 0xEE, 0x7F, 0x71, 0x11, 0xF3, 0xB0,
    0x1A, 0x8F, 0x6C, 0x2F, 0xEF, 0x30, 0x82, 0xF8, 0x03, 0xAB, 0x7C, 0x27, 0x2C, 0x1E, 0x71, 0x60,
    0xF3, 0x20, 0x0C, 0xBC, 0xB9, 0x66, 0xE0, 0xED, 0xB2, 0x3F, 0x78, 0x7A, 0x30, 0xB0, 0x0F, 0x8F,
    0x8F, 0x4D, 0x4D, 0x32, 0x51, 0x8C, 0xDC, 0x4C, 0xBF, 0x62, 0xB7, 0x12, 0x4E, 0x4A, 0x46, 0xBC,
    0xFA, 0x6A, 0x6E, 0xAC, 0xF9, 0x30, 0x78, 0xA3, 0x62, 0x74, 0x83, 0x3A, 0x2D, 0xDD, 0x65, 0xA5,
    0x63, 0x3E, 0x28, 0x1C, 0x83, 0x34, 0x9D, 0x43, 0x69, 0x1D, 0xFD, 0x5C, 0xCC, 0xBD, 0x7C, 0x77,
    0x2D, 0x2B, 0xB2, 0xF5, 0xDD, 0x0A, 0x53, 0xE4, 0xFE, 0xD0, 0x6A, 0x52, 0xCA, 0xAA, 0xEC, 0x69,
    0x09, 0x77, 0x29, 0xF1, 0xE4, 0x1E, 0xFE, 0x16, 0x87, 0x24, 0x54, 0x5B, 0xEC, 0x08, 0x60, 0xAB,
    0x09, 0xFE, 0x99, 0x52, 0x04, 0x03, 0xF9, 0xD8, 0xA1, 0x83, 0xF9, 0x64, 0xF0, 0xAF, 0x62, 0x81,
    0xD9, 0x6C, 0x05, 0x2E, 0xF9, 0x44, 0x6A, 0x9D, 0x09, 0x28, 0xE6, 0x7A, 0x5A, 0x22, 0xBE, 0x3F,
    0xC2, 0xDA, 0x77, 0xC2, 0xB1, 0x18, 0xA5, 0x85, 0x60, 0xD4, 0x3A, 0x16, 0x1B, 0x29, 0xB3, 0xF5,
    0xAD, 0x57, 0x2D, 0x79, 0x21, 0x82, 0xDB, 0x9E, 0xDF, 0xB8, 0x13, 0xFB, 0x5A, 0xEC, 0x3D, 0x9B,
    0x11, 0x7C, 0x62, 0x6D, 0x3C, 0x0F, 0x93, 0x63, 0xFA, 0xBE, 0xB3, 0x95, 0x72, 0xE3, 0xDA, 0xF0,
    0xEA, 0xCB, 0xE8, 0x13, 0xC3, 0x9B, 0xD8, 0xB6, 0x10, 0x00, 0xBB, 0xFF, 0x58, 0xDE, 0xBC, 0x78,
    0x29, 0x3F, 0xEF, 0xA9, 0x88, 0xC6, 0xAD, 0x6C, 0x45, 0x63, 0x65, 0x06, 0x14, 0xA2, 0xC5, 0x93,
    0x28, 0xA8, 0x3B, 0x1C, 0x53, 0x11, 0x9C, 0xE0, 0x9C, 0x0F, 0x19, 0x9D, 0xB6, 0x0C, 0x4F, 0x98,
    0x4B, 0x59, 0x28, 0x10, 0xE7, 0x66, 0x60, 0xC2, 0x1D, 0x8E, 0xD6, 0x15, 0x11, 0x7A, 0xA1, 0x52,
    0x7B, 0x5D, 0x0C, 0xEE, 0xC8, 0x5A, 0xA1, 0xC1, 0x08, 0x1A, 0x80, 0xE0, 0x05, 0x57, 0x60, 0xBE,
    0xC6, 0x7D, 0x3A, 0x0C, 0x01, 0x6C, 0x63, 0x5B, 0xEC, 0xE6, 0x0B, 0xBF, 0x03, 0x6D, 0xBA, 0x9B,
    0xC0, 0x62, 0xAA, 0x06, 0x5A, 0x44, 0xD6, 0x45, 0x37, 0x07, 0xCF, 0x39, 0xC0, 0xCB, 0x62, 0x73,
    0xF2, 0x61, 0x75, 0x54, 0x93, 0x29, 0xA5, 0x48, 0x9C, 0x73, 0x5E, 0xE4, 0x9D, 0x3D, 0xA8, 0x77,
    0xC1, 0x9F, 0x31, 0x28, 0x25, 0x1C, 0xC2, 0xB6, 0xBB, 0xD5, 0x7F, 0xE4, 0x3A, 0x04, 0xB1, 0x5A,
    0xDD, 0x08, 0xC2, 0xA4, 0x56, 0x45, 0x98, 0x0B, 0x95, 0xEA, 0x4C, 0xA1, 0xAA, 0x12, 0x45, 0x98,
    0xB3, 0x09, 0x53, 0x01, 0x61, 0xAA, 0x8D, 0x22, 0xD1, 0x02, 0x89, 0x8A, 0x4A, 0x94, 0x02, 0x55,
    0x85, 0x89, 0x08, 0x27, 0x05, 0x84, 0x99, 0xEF, 0x09, 0xB3, 0xA4, 0x7E, 0x72, 0x78, 0x75, 0x60,
    0xEF, 0x4B, 0xD6, 0x15, 0x7F, 0x30, 0x51, 0xC2, 0xBF, 0x84, 0x7C, 0x75, 0xDF, 0x8D, 0x22, 0xD6,
    0xAB, 0x2F, 0x26, 0xF2, 0x3D, 0x14, 0xC5, 0xF0, 0xED, 0xAF, 0x88, 0xF6, 0x85, 0xDD, 0xE7, 0xFD,
    0x27, 0x1D, 0xCF, 0x7C, 0x73, 0x31, 0xFD, 0x4F, 0xBC, 0xB9, 0xE8, 0x9F, 0xD9, 0x5B, 0xC3, 0x27,
    0x5C, 0x7D, 0x73, 0x34, 0x6F, 0xE3, 0x15, 0x86, 0x96, 0x4A, 0x9D, 0x30, 0x2F, 0xAA, 0xA6, 0xD0,
    0xC9, 0x63, 0x09, 0xF1, 0x6C, 0x2B, 0xA7, 0x1F, 0x95, 0x57, 0xDE, 0x5D, 0xDA, 0x9F, 0x98, 0xFF,
    0xAC, 0xF0, 0xB7, 0x77, 0x56, 0xF0, 0x27, 0x56, 0x82, 0xCF, 0x20, 0xAB, 0x91, 0x44, 0x28, 0xBE,
    0xE0, 0x66, 0x3D, 0x82, 0xD4, 0xA4, 0xF1, 0x8D, 0xC8, 0xD6, 0xFF, 0xB5, 0xEF, 0xF2, 0xAC, 0xCF,
    0xFD, 0x2E, 0x8F, 0x74, 0xF1, 0xBB, 0x3C, 0x32, 0xC4, 0xEF, 0xF2, 0xC8, 0x10, 0xBF, 0xCB, 0x23,
    0x43, 0xFC, 0x2E, 0x4F, 0x08, 0xAB, 0xD1, 0x1A, 0x62, 0xD0, 0xBD, 0xEE, 0xB4, 0xBB, 0xF6, 0xB4,
    0x8D, 0xA7, 0x79, 0x79, 0x90, 0x35, 0x19, 0x86, 0x1D, 0x38, 0x7B, 0x21, 0x07, 0x01, 0xC7, 0x3D,
    0xB8, 0xB8, 0x09, 0x17, 0x77, 0xE1, 0xE2, 0x36, 0x5C, 0xDC, 0x87, 0x8B, 0x1B, 0x71, 0x71, 0x27,
    0xCE, 0x6D, 0xED, 0x24, 0xEE, 0xC5, 0xC5, 0xCD, 0xB8, 0xB8, 0x1B, 0x17, 0xB7, 0xE3, 0x6C, 0x3F,
    0x8E, 0x5C, 0x3B, 0x6C, 0xC8, 0xFD, 0xC3, 0xF9, 0x8E, 0x5C, 0xDC, 0x92, 0x93, 0xDA, 0xF6, 0xE4,
    0xF4, 0xC4, 0x36, 0xE5, 0xBC, 0x29, 0x8C, 0x7B, 0xC1, 0xB8, 0xD4, 0xE2, 0x6A, 0x8B, 0x0B, 0x8E,
    0x6B, 0x2E, 0x8A, 0x9A, 0x8F, 0xD6, 0xB7, 0x53, 0x84, 0x5E, 0x26, 0x8B, 0xAD, 0xE0, 0x6A, 0xDA,
    0xD0, 0x3C, 0x69, 0x21, 0x45, 0x4C, 0xC4, 0x26, 0x95, 0x1A, 0xC9, 0x02, 0x99, 0x8C, 0x8C, 0xA6,
    0xEB, 0x40, 0x06, 0x90, 0xB0, 0xC6, 0x91, 0x94, 0x1F, 0xC6, 0xA6, 0x99, 0xD4, 0x44, 0x63, 0xE9,
    0x10, 0x9E, 0xF4, 0x44, 0x63, 0x61, 0x7F, 0xE8, 0x13, 0xF2, 0xBC, 0xF7, 0xBF, 0x41, 0x00, 0x25,
    0x93, 0xE5, 0xB3, 0xEF, 0xC5, 0x4E, 0x07, 0xF6, 0x67, 0xEF, 0x59, 0x81, 0x89, 0x2E, 0x7F, 0x5A,
    0x9F, 0xD6, 0xFD, 0x04, 0xF3, 0x99, 0x5F, 0x56, 0x23, 0x17, 0xC0, 0x6E, 0xF3, 0x4F, 0x3C, 0xB2,
    0x12, 0x89, 0xDE, 0x2A, 0x17, 0x5B, 0xAC, 0x9D, 0xB2, 0x71, 0x26, 0xEF, 0x7F, 0xF5, 0xD2, 0xB7,
    0x13, 0x56, 0xCE, 0x65, 0x61, 0x2E, 0x32, 0x3D, 0xC3, 0x3B, 0x83, 0x48, 0x35, 0x62, 0x36, 0x80,
    0xE8, 0xC3, 0x8E, 0x8D, 0x06, 0xD0, 0x91, 0x52, 0x83, 0xB0, 0x96, 0x91, 0x28, 0xF8, 0x99, 0x20,
    0x35, 0xF1, 0xE2, 0xF4, 0x48, 0x3B, 0x74, 0xA0, 0x77, 0x37, 0xF0, 0x8A, 0x48, 0x5F, 0xF4, 0xB9,
    0x74, 0x05, 0x9D, 0xD6, 0xAA, 0x13, 0x85, 0xEF, 0x62, 0xEF, 0x0F, 0x57, 0x29, 0x1B, 0x79, 0x2C,
    0xAE, 0xB1, 0x06, 0xDD, 0x1B, 0x0A, 0xE4, 0x1F, 0xC5, 0xA0, 0x13, 0x3E, 0x3A, 0x46, 0xFC, 0x31,
    0x01, 0x34, 0x38, 0x3E, 0x7B, 0x5C, 0xEE, 0x7F, 0xAB, 0x32, 0x02, 0x1A, 0xA7, 0x62, 0xF8, 0xE8,
    0xBC, 0xE5, 0x4C, 0xDA, 0x8F, 0xDA, 0x1E, 0xE0, 0x56, 0xBC, 0xCC, 0xCA, 0x1F, 0x86, 0x5F, 0xB1,
    0x92, 0x64, 0xA6, 0x1C, 0x73, 0xCD, 0x73, 0x2D, 0xDE, 0x66, 0x1F, 0x49, 0xD6, 0x99, 0xE1, 0x7F,
    0x28, 0xAD, 0x7B, 0xE9, 0x68, 0xDD, 0xCB, 0x40, 0xEB, 0x5E, 0x06, 0x5A, 0xF7, 0x32, 0x50, 0xCC,
    0x55, 0xFD, 0x61, 0x04, 0xAF, 0x0C, 0xDB, 0x43, 0x7C, 0xE5, 0x7F, 0xF4, 0x15, 0xE6, 0xEE, 0xFA,
    0x57, 0x98, 0xB9, 0x01, 0x9C, 0x0F, 0xF0, 0xD6, 0xD9, 0xF3, 0xB3, 0x17, 0xD0, 0xD4, 0xB0, 0xD7,
    0x23, 0xF9, 0x73, 0xE5, 0x95, 0x7C, 0x15, 0x0D, 0x58, 0x2B, 0xE6, 0x67, 0xA2, 0x20, 0xB2, 0x02,
    0x33, 0x00, 0x7C, 0x65, 0x62, 0x63, 0xDC, 0xAC, 0xFB, 0x99, 0xFF, 0x55, 0x8F, 0x94, 0x40, 0x07,
    0xE0, 0x32, 0x38, 0x4B, 0x81, 0xA7, 0xFE, 0xD7, 0x3D, 0x38, 0x9A, 0xD8, 0x85, 0xFF, 0x0F, 0x4D,
    0xD0, 0xB1, 0x6D, 0x85, 0x30, 0x14, 0x85, 0xE1, 0x9F, 0x47, 0x12, 0x0A, 0x0A, 0xFA, 0x34, 0x34,
    0xE9, 0x3D, 0x82, 0x19, 0x2C, 0x12, 0x6C, 0x94, 0x11, 0xF0, 0x08, 0x8C, 0xC0, 0x08, 0x2E, 0x5E,
    0x41, 0x24, 0xF0, 0x49, 0x8E, 0x5C, 0x3C, 0x2C, 0xF4, 0x1D, 0x24, 0xEC, 0x7B, 0xCD, 0x85, 0x09,
    0xA0, 0xCF, 0x76, 0x38, 0xB0, 0x17, 0x56, 0xB6, 0x95, 0x3F, 0x37, 0x5A, 0x60, 0x58, 0xB4, 0x7C,
    0x13, 0xB7, 0xB9, 0x11, 0x71, 0x7F, 0x6B, 0xFF, 0xCD, 0x74, 0x85, 0x90, 0x19, 0x4E, 0xC6, 0x83,
    0x78, 0xF8, 0x65, 0xCD, 0xF4, 0xD7, 0x43, 0x89, 0x4E, 0x9D, 0x26, 0x5A, 0x8D, 0x05, 0x1E, 0x92,
    0x4B, 0x4B, 0x6E, 0xB3, 0x2A, 0x01, 0x51, 0x00, 0xC1, 0xBD, 0x7C, 0xD8, 0x66, 0x1B, 0x6E, 0xC6,
    0xEA, 0x8E, 0xDD, 0xEC, 0x5C, 0x4D, 0x76, 0xBD, 0x39, 0x2F, 0xF6, 0x93, 0xFB, 0x62, 0x48, 0xBC,
    0x6A, 0x11, 0x9F, 0x96, 0x70, 0xF2, 0xFA, 0x49, 0x3A, 0x59, 0x1E, 0x35, 0x28, 0x35, 0xBE, 0xCC,
    0xC7, 0x64, 0x09, 0x89, 0x2E, 0xFB, 0x12, 0x9E, 0x8E, 0x6F, 0x34, 0x3A, 0xB2, 0x1F, 0x57, 0x9E,
    0x77, 0x18, 0x9F, 0x28, 0x39, 0xEA, 0x9C, 0x8E, 0x56, 0x6E, 0x70, 0xF6, 0xAE, 0xD6, 0x9F, 0xE3,
    0xE9, 0x3E, 0x97, 0xDB, 0xD3, 0x96, 0x39, 0x3B, 0xA4, 0x0D, 0x77, 0xF5, 0x7E, 0x1A, 0x09, 0x2F,
    0x5D, 0x96, 0xF5, 0xA8, 0x91, 0xAD, 0x07, 0xE9, 0xE3, 0x9A, 0x1C, 0xA1, 0xD8, 0x46, 0xAE, 0xF8,
    0xFE, 0x23, 0xEF, 0x88, 0xF2, 0x0E, 0x66, 0x15, 0x70, 0xEC, 0x8E, 0xF0, 0xCB, 0x6D, 0xFD, 0x01,
    0x7D, 0x54, 0x21, 0xAC, 0xEC, 0x44, 0x14, 0x3D, 0xDD, 0xF2, 0xDF, 0x06, 0x2A, 0xFA, 0x05, 0x09,
    0xC9, 0x47, 0x8C, 0x46, 0xF0, 0xC7, 0x1B, 0x66, 0x80, 0x10, 0x2C, 0x24, 0x38, 0x04, 0x5E, 0x3D,
    0x2F, 0xC8, 0x14, 0xBC, 0x78, 0xDE, 0x80, 0x40, 0xC0, 0x37, 0x58, 0x0C, 0xCC, 0x80, 0x17, 0xE3,
    0x0D, 0x35, 0x84, 0x04, 0x35, 0xA2, 0xA2, 0x3C, 0xDA, 0x1E, 0xE6, 0xA4, 0xBB, 0xE9, 0xE6, 0x13,
    0xFE, 0xC9, 0xCB, 0x99, 0x77, 0x3A, 0xE7, 0xDE, 0x3D, 0x37, 0x77, 0xB7, 0x6F, 0xBC, 0x78, 0xF1,
    0xAD, 0x23, 0x97, 0x40, 0x6E, 0x81, 0x5C, 0x0D, 0x39, 0xA3, 0xE2, 0x7F, 0x9E, 0x1F, 0x30, 0xDC,
    0x31, 0x38, 0xEE, 0xC8, 0x81, 0x3B, 0xC6, 0xEB, 0x93, 0x54, 0x9B, 0x08, 0x3F, 0x40, 0xFF, 0x3C,
    0xE8, 0x71, 0x91, 0x69, 0x16, 0x4D, 0x46, 0x35, 0xA8, 0xB0, 0x40, 0x1C, 0x4E, 0x4C, 0x2D, 0x7D,
    0xBF, 0xA1, 0x5F, 0x60, 0x27, 0xB8, 0x02, 0x37, 0xC2, 0x65, 0xB8, 0x84, 0xDE, 0xE3, 0x02, 0xEB,
    0x11, 0x12, 0x62, 0x02, 0x13, 0x58, 0x4B, 0x7C, 0x4B, 0xD4, 0x12, 0xBB, 0xC8, 0x6F, 0x33, 0xEE,
    0x76, 0xE7, 0x73, 0x20, 0x7A, 0x70, 0x00, 0x7D, 0x43, 0xB4, 0xC4, 0x79, 0x83, 0xA9, 0x9E, 0x19,
    0xA1, 0xA8, 0x81, 0xC5, 0x81, 0x5F, 0xF0, 0x25, 0x1A, 0xBE, 0x2F, 0xDB, 0x87, 0xD5, 0xC8, 0x8E,
    0x35, 0x41, 0x35, 0x9B, 0xD9, 0x4D, 0xB0, 0x45, 0x39, 0x4A, 0xC8, 0x70, 0x63, 0x4C, 0x70, 0x99,
    0x95, 0x52, 0x1C, 0x60, 0xFC, 0x7B, 0xB8, 0x85, 0xF5, 0xEF, 0x02, 0x21, 0xD1, 0x23, 0x8A, 0xF8,
    0xAB, 0xE8, 0x6B, 0xA2, 0x51, 0xD3, 0x96, 0xDD, 0x5A, 0x63, 0x6A, 0xB0, 0xC5, 0xCE, 0x70, 0x93,
    0x9A, 0x8E, 0x2E, 0xA3, 0xF3, 0x66, 0xC0, 0x8E, 0x77, 0xF0, 0xA6, 0x42, 0x6F, 0x00, 0xBF, 0x52,
    0xD9, 0x07, 0xC4, 0x89, 0xAD, 0x6A, 0xDB, 0xAD, 0xC6, 0xEF, 0x16, 0xF4, 0x6B, 0xAF, 0x11, 0xEC,
    0x84, 0x50, 0x34, 0x46, 0x56, 0x2A, 0xEF, 0xD4, 0xE0, 0x75, 0x1C, 0xF8, 0x49, 0x74, 0x5A, 0xC5,
    0xED, 0x76, 0xF0, 0x79, 0x85, 0x78, 0x11, 0x77, 0x62, 0xF4, 0x3B, 0xCF, 0x80, 0xF9, 0xE3, 0x8B,
    0xBF, 0x7F, 0x9C, 0x1C, 0x2B, 0x96, 0x1B, 0x9E, 0xBA, 0x4A, 0x8F, 0x1E, 0x4F, 0xC2, 0x84, 0x0A,
    0x37, 0x8A, 0x43, 0x86, 0x38, 0x89, 0xE3, 0x0D, 0x73, 0xB8, 0x61, 0x5F, 0xA9, 0x11, 0xE3, 0x44,
    0xE0, 0xCA, 0x2D, 0x6F, 0x42, 0xAD, 0xAF, 0x0E, 0x75, 0xC3, 0x93, 0xB8, 0xCD, 0xF8, 0x2F, 0x4C,
    0x82, 0xE0, 0x32, 0x8E, 0x7C, 0x0A, 0x78, 0x24, 0x54, 0x38, 0x81, 0x09, 0x47, 0x3C, 0xD0, 0x2B,
    0xC6, 0xA7, 0xFC, 0xE8, 0x7B, 0x74, 0x14, 0xAE, 0xC7, 0x79, 0x3F, 0x10, 0x2B, 0xCF, 0x00, 0x3E,
    0xE7, 0x27, 0x47, 0x58, 0xA5, 0x3D, 0xE2, 0x2A, 0xEF, 0x11, 0x78, 0xCF, 0xFA, 0x8C, 0xE4, 0xE3,
    0x80, 0xC0, 0x8A, 0x82, 0xA8, 0x63, 0xDE, 0xD5, 0x04, 0xFB, 0x57, 0x78, 0xA4, 0x12, 0xBA, 0x72,
    0x9B, 0xD6, 0xE5, 0x23, 0xF4, 0x2B, 0xD2, 0xEA, 0xB8, 0x7E, 0x4F, 0x6E, 0xF0, 0x14, 0xA7, 0x0D,
    0x3D, 0x93, 0x63, 0x0E, 0x1C, 0x23, 0x47, 0x32, 0x47, 0xA6, 0x40, 0x6F, 0x67, 0x34, 0x1E, 0x17,
    0x74, 0x19, 0xF4, 0xE7, 0xD9, 0x95, 0x13, 0x93, 0x59, 0xC2, 0xD4, 0x32, 0xD9, 0x35, 0xEA, 0x70,
    0x2B, 0xEB, 0x31, 0xD8, 0x35, 0xD4, 0x3B, 0xF4, 0xF3, 0xDB, 0x03, 0x3E, 0x03, 0x3C, 0x5E, 0xC2,
    0x5B, 0x23, 0x0E, 0x74, 0x5C, 0x70, 0x20, 0x90, 0x87, 0x38, 0x91, 0x1C, 0x60, 0x86, 0xAB, 0x91,
    0x4C, 0xD7, 0x09, 0x61, 0x38, 0xC4, 0x8C, 0x78, 0x51, 0x6E, 0x81, 0x1B, 0x1B, 0xA6, 0x8B, 0x2A,
    0x55, 0xB5, 0xF4, 0x97, 0x96, 0x23, 0x5C, 0xE9, 0x88, 0x1D, 0x31, 0x55, 0xD5, 0x2F, 0x37, 0x6A,
    0x74, 0xF3, 0xA1, 0x62, 0x0E, 0xE5, 0xAA, 0x32, 0x98, 0x98, 0x51, 0xF1, 0x04, 0x08, 0xA5, 0xE5,
    0x6F, 0x1C, 0xEE, 0xA2, 0x3F, 0xD5, 0x0B, 0xB7, 0xDD, 0xF3, 0x63, 0x22, 0x72, 0x0C, 0x9C, 0x61,
    0x48, 0xF6, 0x6B, 0x47, 0x3E, 0x92, 0xAB, 0x72, 0x2E, 0x76, 0xB1, 0x14, 0x88, 0x13, 0xAB, 0xA7,
    0x04, 0x7E, 0x43, 0xFE, 0x49, 0x8F, 0xFB, 0x0D, 0x1C, 0x39, 0x9D, 0xB9, 0x36, 0x1C, 0x34, 0x62,
    0x6D, 0x9A, 0x5A, 0x8E, 0x90, 0xC2, 0x99, 0xAD, 0x2A, 0xD2, 0xBE, 0xB2, 0x7E, 0x6D, 0xB7, 0xAA,
    0xFC, 0xAE, 0xDC, 0x7C, 0x5E, 0xD1, 0x5E, 0x55, 0x2C, 0x52, 0xDC, 0xB7, 0xDA, 0x30, 0x57, 0x75,
    0xA6, 0x97, 0x19, 0x2D, 0x87, 0x5A, 0xD7, 0x57, 0xA6, 0x9A, 0x50, 0x45, 0x8E, 0xD9, 0x48, 0x99,
    0x05, 0x27, 0xFE, 0x43, 0x2A, 0x27, 0x60, 0x27, 0x80, 0x14, 0x66, 0xDD, 0x8D, 0x40, 0x20, 0x7F,
    0x27, 0x47, 0x00, 0x77, 0x5E, 0xB5, 0xDB, 0x99, 0xF4, 0xD8, 0xD1, 0xC4, 0x07, 0xDC, 0x7F, 0x57,
    0xCF, 0x87, 0xF3, 0xDC, 0x2F, 0xFD, 0xDC, 0x4F, 0x66, 0x32, 0xC5, 0x16, 0xBD, 0x7A, 0x42, 0x0E,
    0xC9, 0x0D, 0xAF, 0xA1, 0x42, 0xF7, 0x63, 0x75, 0x94, 0x7E, 0x31, 0x53, 0x3F, 0x9B, 0xD2, 0x4F,
    0xB6, 0x98, 0xC9, 0x15, 0x53, 0x9D, 0xD5, 0x9D, 0xDD, 0x58, 0xBD, 0x39, 0xA6, 0x90, 0x99, 0x42,
    0x8A, 0x83, 0x1B, 0x9E, 0x43, 0x95, 0x3B, 0x7E, 0x86, 0xC6, 0x52, 0x6C, 0x84, 0x0D, 0x0D, 0x67,
    0x74, 0xCC, 0xB0, 0xF4, 0xDA, 0x31, 0xB4, 0x2A, 0xB7, 0xEA, 0x5A, 0xB6, 0x01, 0x5A, 0x39, 0x94,
    0xD7, 0x8D, 0x80, 0xCD, 0x7B, 0xEC, 0xA7, 0x68, 0x16, 0xB4, 0xD4, 0xDC, 0xBA, 0xE7, 0x88, 0x50,
    0x54, 0x69, 0x16, 0xFD, 0x85, 0xA5, 0x61, 0x69, 0x99, 0x7A, 0x42, 0xEF, 0xF9, 0x09, 0x2E, 0xC3,
    0x0E, 0xC0, 0x2D, 0xDC, 0xF1, 0x83, 0x69, 0xC4, 0x6A, 0x55, 0xB9, 0xDB, 0x2A, 0xA9, 0x07, 0xA0,
    0x42, 0x68, 0x0D, 0x62, 0x26, 0x59, 0x2E, 0x1B, 0x04, 0xB4, 0x39, 0xB1, 0x9D, 0xC5, 0x61, 0xB7,
    0x64, 0x40, 0x9B, 0x7D, 0xC9, 0xE2, 0xE6, 0x6B, 0x17, 0x2D, 0xF1, 0xDA, 0x45, 0xE3, 0xA9, 0xFE,
    0xE6, 0x83, 0xC2, 0x78, 0xBC, 0x85, 0x9E, 0xE1, 0xC0, 0xBF, 0x64, 0x94, 0x2B, 0x8C, 0xE5, 0x36,
    0x18, 0x85, 0x4F, 0x6E, 0x34, 0x13, 0x60, 0x60, 0x52, 0x2D, 0xE8, 0x02, 0xD3, 0x4A, 0x05, 0xE1,
    0x28, 0xE1, 0xA4, 0x05, 0x1D, 0x54, 0x0E, 0x3A, 0x05, 0x97, 0x23, 0x87, 0x97, 0x94, 0xA3, 0x82,
    0x5D, 0xA9, 0x0F, 0xB0, 0x1C, 0x54, 0x0E, 0x27, 0x0D, 0x2F, 0x09, 0x98, 0x4A, 0x5D, 0x54, 0x83,
    0x6C, 0xE5, 0x99, 0x3A, 0x3E, 0xF5, 0xEF, 0x24, 0xF3, 0xBA, 0xFF, 0x8D, 0x3F, 0x59, 0x57, 0xD1,
    0xFF, 0x88, 0x7D, 0x0E, 0xB6, 0xF8, 0x7E, 0x06, 0x0C, 0x23, 0xE0, 0x48, 0x9C, 0x48, 0x0E, 0x8A,
    0x0F, 0x1C, 0x0D, 0x7B, 0x37, 0x75, 0x01, 0xDD, 0xDC, 0xF9, 0x0C, 0x3B, 0xA1, 0xF3, 0x6E, 0xCC,
    0xBB, 0x03, 0x6E, 0x72, 0x13, 0x38, 0x5A, 0x5F, 0x73, 0xEC, 0x92, 0x63, 0xAF, 0xC9, 0x04, 0x45,
    0x06, 0xC9, 0x32, 0x03, 0xED, 0x8A, 0x97, 0xF1, 0x3B, 0x80, 0x9A, 0x19, 0x46, 0xE0, 0x32, 0x4E,
    0xCC, 0x50, 0x4C, 0xF2, 0xD7, 0x0A, 0x58, 0x01, 0xFF, 0x8C, 0xA8, 0xF9, 0x43, 0x84, 0x4A, 0x3A,
    0xC2, 0x90, 0xEC, 0xBB, 0x8C, 0x51, 0x30, 0xB5, 0xB2, 0xBB, 0xBA, 0xB1, 0x9F, 0x00, 0xB4, 0x5E,
    0x30, 0x67, 0xA8, 0x11, 0x5B, 0xBC, 0x79, 0xFF, 0x5D, 0x99, 0x63, 0x80, 0xBC, 0x27, 0x18, 0x2A,
    0xE9, 0xAA, 0x22, 0xA4, 0x58, 0xA9, 0x7F, 0x2F, 0xE0, 0x24, 0xF0, 0xD2, 0x40, 0x00, 0x6E, 0xCE,
    0x11, 0x40, 0x13, 0x71, 0x05, 0x15, 0xD1, 0x92, 0x11, 0x1D, 0xB9, 0x08, 0x66, 0xE9, 0xA0, 0x47,
    0x75, 0xFB, 0x0E, 0x97, 0xF1, 0x36, 0x95, 0x11, 0x7A, 0xB4, 0x7B, 0x49, 0x49, 0xFA, 0x33, 0x14,
    0xE7, 0x7D, 0xC6, 0x96, 0x09, 0x92, 0x65, 0x12, 0x78, 0xD8, 0xE4, 0x02, 0xEC, 0xA4, 0x63, 0x86,
    0xCA, 0x35, 0xBC, 0xCE, 0x48, 0xAE, 0x94, 0x5C, 0xA0, 0xA5, 0x5A, 0x2D, 0x99, 0x70, 0x0E, 0xC0,
    0xD5, 0xCD, 0xCD, 0x37, 0x90, 0x79, 0xD1, 0x3D, 0xC2, 0x50, 0x12, 0xC2, 0x86, 0x0C, 0x29, 0x52,
    0xCB, 0xCB, 0x8A, 0x00, 0x74, 0xCC, 0xE8, 0x96, 0x0C, 0x3B, 0x67, 0x70, 0x04, 0x2A, 0x0E, 0x8F,
    0x43, 0x0B, 0x56, 0x41, 0xCC, 0xA8, 0x16, 0x1C, 0xA1, 0xFE, 0x06, 0x1C, 0x87, 0x9A, 0x9C, 0x1B,
    0x72, 0xD1, 0xD1, 0x04, 0xBD, 0x34, 0x51, 0x2F, 0x2A, 0xEA, 0x74, 0x0E, 0x0D, 0xE9, 0x35, 0x39,
    0xC9, 0x87, 0xB0, 0xF7, 0xCE, 0xBB, 0xD1, 0xE4, 0xA5, 0xBD, 0x9D, 0xAD, 0x97, 0xFF, 0x5A, 0x72,
    0x54, 0x24, 0x70, 0xBE, 0x03, 0xAE, 0x53, 0x2F, 0xC3, 0xCE, 0x00, 0x19, 0x65, 0x90, 0x15, 0x0D,
    0xFF, 0x21, 0xD4, 0x5A, 0x67, 0xC4, 0x93, 0xEC, 0x32, 0x1A, 0x92, 0xA8, 0x05, 0x28, 0x68, 0xB7,
    0x91, 0xA2, 0xF4, 0x1A, 0xA0, 0x48, 0x2F, 0xB3, 0x8E, 0x19, 0x09, 0x19, 0x0B, 0xA0, 0x3E, 0xE2,
    0x88, 0xCF, 0x04, 0x09, 0x6F, 0xFD, 0x89, 0x70, 0xE1, 0xC4, 0x9A, 0xB1, 0xA6, 0x11, 0x58, 0x01,
    0x0B, 0xFE, 0xC8, 0x48, 0x3A, 0x36, 0x0C, 0x3A, 0x2A, 0x7A, 0x1D, 0x14, 0x47, 0x1D, 0x34, 0x07,
    0xBD, 0x68, 0xC2, 0x2C, 0x7A, 0x45, 0xEB, 0x4D, 0xCC, 0x68, 0x03, 0x3A, 0x5F, 0xEE, 0xB7, 0x60,
    0xD2, 0x23, 0xCC, 0x80, 0xA7, 0xA8, 0x3E, 0xF8, 0xFD, 0x66, 0xBA, 0xBD, 0xE7, 0x41, 0xF3, 0x5F,
    0x8E, 0x6D, 0x3A, 0xB4, 0x61, 0x7D, 0x86, 0x9B, 0x0E, 0x59, 0x70, 0x84, 0x3D, 0xB4, 0x51, 0x89,
    0x36, 0x1A, 0x0E, 0xE5, 0xE0, 0x34, 0xB9, 0x6E, 0xDA, 0xA8, 0xC8, 0x09, 0x30, 0xF7, 0x28, 0x71,
    0x9E, 0x0D, 0x97, 0x6E, 0x7F, 0xFC, 0x55, 0xEB, 0x51, 0xBA, 0xC9, 0xBD, 0xC0, 0xE6, 0x27, 0x67,
    0x1A, 0xC1, 0xED, 0x19, 0xC0, 0xBE, 0x3C, 0xC0, 0x17, 0x2F, 0xAE, 0xA0, 0x64, 0xAC, 0xC9, 0xA5,
    0x2E, 0xD3, 0xBB, 0x88, 0xAF, 0x55, 0x94, 0xDB, 0xBC, 0x5D, 0x0A, 0x13, 0x00, 0x27, 0x17, 0x7D,
    0x84, 0x21, 0xE0, 0x02, 0x6A, 0xFE, 0xD5, 0x6B, 0x4A, 0x41, 0xC6, 0xBC, 0x82, 0x26, 0x3D, 0x9E,
    0xC7, 0xB5, 0x54, 0xA1, 0x3F, 0x91, 0x31, 0xAF, 0x15, 0xE9, 0x5B, 0x02, 0x35, 0x4B, 0x31, 0x91,
    0xA8, 0x8C, 0x41, 0xCE, 0x70, 0x79, 0xBD, 0xA1, 0x07, 0xDA, 0x05, 0x30, 0x4B, 0xFB, 0x50, 0x72,
    0xFA, 0xBC, 0x26, 0x11, 0x4D, 0xF5, 0xDB, 0xA5, 0x66, 0x56, 0xD1, 0x19, 0x33, 0xDA, 0x27, 0x0B,
    0x48, 0x80, 0x12, 0xB4, 0xC5, 0x02, 0xFE, 0x8B, 0xA8, 0x36, 0x0B, 0xF8, 0x2A, 0x42, 0x27, 0x1D,
    0x5E, 0x5B, 0x80, 0x91, 0x5D, 0xB5, 0x59, 0x40, 0xF7, 0x64, 0x01, 0xC7, 0xB9, 0x7D, 0xFE, 0xEB,
    0x2F, 0xB8, 0xB4, 0x80, 0x8F, 0x2F, 0x2C, 0x20, 0x5D, 0x5A, 0x00, 0xCC, 0x61, 0x01, 0xBD, 0x7E,
    0x65, 0x01, 0xD3, 0x66, 0x01, 0xB8, 0xFD, 0x11, 0x97, 0xF1, 0x65, 0x92, 0x81, 0xC4, 0x02, 0x04,
    0xFB, 0xD5, 0x7E, 0x07, 0x5D, 0x0E, 0x99, 0x22, 0x88, 0x47, 0x0B, 0xB0, 0xC5, 0x02, 0x1E, 0x5C,
    0x80, 0x1B, 0x0F, 0x0B, 0xB0, 0xDE, 0x94, 0x42, 0x01, 0x2D, 0xE9, 0x37, 0x0B, 0x10, 0x47, 0xC9,
    0x89, 0xEF, 0xF2, 0x2C, 0xEF, 0x6F, 0x7F, 0xB2, 0x64, 0x24, 0x99, 0x1C, 0xB9, 0xCA, 0x89, 0x01,
    0xDC, 0x4E, 0x53, 0x71, 0x6B, 0x5A, 0x44, 0xEF, 0xE6, 0x22, 0xF9, 0x13, 0xFB, 0x72, 0x4E, 0xCD,
    0x0A, 0xA8, 0xFD, 0xFC, 0xD5, 0x02, 0x9C, 0x9E, 0x77, 0x2E, 0x57, 0x8F, 0x9B, 0xE4, 0x95, 0x48,
    0x3E, 0xE4, 0x9F, 0x57, 0x51, 0xCB, 0x2E, 0xB9, 0xE5, 0x85, 0xE4, 0x3F, 0xED, 0x92, 0x1F, 0xF2,
    0xBA, 0x7B, 0x92, 0x7C, 0xC3, 0xF4, 0xEC, 0x73, 0x28, 0xD1, 0xBD, 0xE5, 0x8C, 0xEA, 0x99, 0xEE,
    0x3F, 0xEC, 0xBA, 0xD7, 0x9B, 0xEE, 0x9B, 0x4B, 0xDD, 0x8B, 0xAE, 0x36, 0xDD, 0x5F, 0x8B, 0xF9,
    0xED, 0xBA, 0x1F, 0x8E, 0x0F, 0x36, 0x03, 0xFF, 0x8F, 0x6B, 0x29, 0xCC, 0xCD, 0x00, 0x85, 0x8F,
    0x21, 0xAC, 0xD5, 0x30, 0x14, 0x86, 0xBF, 0xBB, 0x85, 0x2C, 0x61, 0xA2, 0x1E, 0x33, 0x8B, 0x9B,
    0x57, 0x9D, 0xF7, 0x04, 0xAF, 0xF1, 0x92, 0x6C, 0x78, 0x83, 0xD7, 0x60, 0x1E, 0x02, 0x8F, 0x69,
    0x03, 0x3E, 0x99, 0xC3, 0x4E, 0x5F, 0xF3, 0x26, 0xAE, 0x68, 0x5E, 0xDA, 0xFD, 0x64, 0xA7, 0x79,
    0x5C, 0x04, 0xC9, 0x3B, 0xE2, 0xFB, 0xBF, 0x9E, 0x9E, 0xEC, 0xAC, 0xDC, 0xEB, 0x23, 0xB4, 0x1B,
    0x0C, 0x13, 0x9A, 0x70, 0x09, 0x7C, 0x44, 0x0B, 0x2E, 0x43, 0x88, 0x28, 0x9A, 0xC9, 0x6C, 0x38,
    0x6D, 0x39, 0xDB, 0x63, 0xA1, 0xD1, 0xC4, 0xBC, 0xE2, 0x0B, 0xAD, 0x78, 0x15, 0x9E, 0x1E, 0x82,
    0xDE, 0xBD, 0x3F, 0x18, 0x55, 0x4B, 0xD1, 0x3F, 0xDB, 0xF6, 0xD7, 0xF6, 0xE1, 0xD9, 0x56, 0x86,
    0xD4, 0x48, 0x9F, 0xE6, 0xEB, 0x84, 0xCB, 0xED, 0xA1, 0x25, 0x44, 0x70, 0xB9, 0xCF, 0x8A, 0x5A,
    0xA0, 0x2F, 0x2E, 0x85, 0x9F, 0x02, 0xBA, 0x63, 0xD8, 0xC3, 0x2F, 0x01, 0xAD, 0xFC, 0x3E, 0xFF,
    0x2E, 0x66, 0xF3, 0xEA, 0x1F, 0x33, 0xD0, 0xD8, 0xA2, 0x1B, 0x70, 0x91, 0x16, 0xAF, 0x1D, 0x40,
    0x62, 0xD4, 0x6A, 0x56, 0x18, 0x14, 0x01, 0x42, 0x66, 0xD0, 0x04, 0x30, 0xDF, 0x70, 0x02, 0xC0,
    0xEF, 0xB8, 0x52, 0x6D, 0xA5, 0x4F, 0x66, 0xAF, 0x27, 0x9A, 0x8D, 0x97, 0xEA, 0x83, 0x6C, 0xBA,
    0x97, 0x04, 0x10, 0x6A, 0x76, 0xAA, 0x39, 0x4A, 0xD7, 0x64, 0xED, 0x15, 0xE0, 0x52, 0x87, 0x69,
    0xEB, 0xB1, 0xF9, 0x2E, 0x3D, 0x01, 0x4E, 0x92, 0x16, 0x9B, 0x96, 0x22, 0x0C, 0x96, 0xF5, 0xA3,
    0x07, 0x40, 0x58, 0xC1, 0x32, 0x02, 0xF5, 0x7E, 0x03, 0x66, 0x49, 0x37, 0xEA, 0xD2, 0x44, 0x3D,
    0xEF, 0xC0, 0x1B, 0x5D, 0x1F, 0x16, 0x80, 0x79, 0xC7, 0xCA, 0xA7, 0x9A, 0xA3, 0x26, 0x4B, 0xA7,
    0xE3, 0x5B, 0xF9, 0xE7, 0x37, 0x2F, 0x96, 0x36, 0xA0, 0x83, 0xDA, 0xF8, 0xC2, 0x7F, 0xEA, 0xC7,
    0xD7, 0x7A, 0xB9, 0x42, 0x23, 0x65, 0x68, 0x25, 0x55, 0x4E, 0xB4, 0xA5, 0x53, 0xA4, 0x2B, 0x9C,
    0xCC, 0xCC, 0x2B, 0xBD, 0xD1, 0x55, 0x26, 0x74, 0xB2, 0x53, 0xEC, 0x74, 0x04, 0x2D, 0xF6, 0x6A,
    0x4E, 0x66, 0xE3, 0x46, 0x13, 0x6C, 0xBB, 0xDF, 0xEA, 0x1B, 0x3F, 0x83, 0x97, 0x92, 0x31, 0xC3,
    0x68, 0xBC, 0xE8, 0x71, 0x07, 0xB4, 0x70, 0xE7, 0x64, 0x04, 0xE0, 0x2D, 0xC0, 0x1F, 0x6D, 0x93,
    0x21, 0xAC, 0xE4, 0x36, 0x10, 0x86, 0xFF, 0x64, 0xFB, 0x76, 0xA5, 0x0B, 0x08, 0x29, 0xA8, 0x7A,
    0x20, 0xB4, 0x25, 0x67, 0x8E, 0x12, 0xA9, 0x5C, 0x7A, 0x95, 0xBA, 0xC7, 0x41, 0xF9, 0x71, 0xE4,
    0x70, 0x74, 0xA0, 0xE5, 0x25, 0x25, 0x5B, 0x50, 0x5A, 0x66, 0x73, 0x14, 0xA9, 0x5C, 0x4A, 0xA5,
    0x03, 0x65, 0xB5, 0xD4, 0x54, 0xCD, 0x9D, 0xB2, 0xFE, 0xEB, 0x5F, 0x1E, 0xE9, 0xE9, 0x5D, 0x6F,
    0xA4, 0x7C, 0x93, 0x38, 0xFF, 0xD8, 0x33, 0x1E, 0x1B, 0xD5, 0x3A, 0xBE, 0x2D, 0x1C, 0x99, 0x27,
    0x91, 0x2B, 0xE0, 0xC8, 0x1D, 0x78, 0xF1, 0x0B, 0xEF, 0xFA, 0x3F, 0x50, 0x3C, 0x51, 0x6C, 0x38,
    0xCB, 0x19, 0x23, 0xCE, 0x7C, 0x5F, 0x18, 0x48, 0xC6, 0x13, 0xC5, 0x5E, 0x9C, 0x1D, 0xBF, 0x7D,
    0xC3, 0x79, 0xDC, 0xD1, 0x72, 0xF2, 0xAB, 0x62, 0x19, 0x8D, 0xDD, 0x5D, 0xEC, 0x0F, 0xB1, 0x08,
    0xB8, 0x80, 0x09, 0x7E, 0xBB, 0x70, 0xC1, 0xA8, 0x50, 0x0C, 0x64, 0x06, 0x2E, 0xE4, 0x06, 0x20,
    0x50, 0x2B, 0x9D, 0x7F, 0x80, 0xD6, 0xBE, 0x5E, 0x0B, 0x1D, 0x25, 0xF2, 0x54, 0xA2, 0x5A, 0x37,
    0x81, 0x95, 0x3F, 0x5E, 0xC3, 0x0A, 0x4E, 0x18, 0x97, 0xA6, 0xD0, 0xC7, 0x96, 0x40, 0x30, 0x2A,
    0x79, 0xCE, 0xA7, 0x0C, 0xF1, 0x8E, 0x22, 0xB8, 0x88, 0xB8, 0x1C, 0x28, 0x82, 0xEE, 0x50, 0x6E,
    0x7D, 0x61, 0x46, 0xBF, 0x1B, 0x8B, 0xA0, 0xDF, 0x24, 0x18, 0x36, 0x09, 0x86, 0x24, 0x81, 0x33,
    0x4A, 0x30, 0x26, 0x09, 0xC6, 0x55, 0x74, 0x0B, 0xFA, 0x84, 0x17, 0x13, 0x9A, 0x09, 0xF0, 0xB7,
    0xDB, 0x75, 0xAA, 0x59, 0xB5, 0xE2, 0x5E, 0xD9, 0x88, 0xAB, 0xAA, 0x2D, 0x36, 0xEE, 0xA2, 0xBB,
    0x8B, 0x3D, 0xC5, 0x0B, 0x55, 0x69, 0xCB, 0xA5, 0xD0, 0x44, 0xFE, 0x10, 0x9D, 0x88, 0x61, 0x17,
    0xBD, 0xC6, 0x1B, 0x2E, 0xD2, 0x73, 0xD2, 0x70, 0x86, 0x86, 0x77, 0x0D, 0x33, 0x69, 0x98, 0x51,
    0x31, 0x65, 0x37, 0x1E, 0xE1, 0x49, 0x66, 0x84, 0x42, 0xC2, 0x53, 0x1C, 0xC9, 0xDA, 0xD3, 0x07,
    0x98, 0xF5, 0x75, 0x5C, 0x9C, 0x2B, 0x9D, 0x88, 0x73, 0x29, 0xE2, 0x3B, 0xD3, 0x34, 0xE6, 0x87,
    0x58, 0xFD, 0xB8, 0x56, 0x1F, 0xCC, 0xB3, 0x8E, 0x9F, 0x38, 0xA1, 0x56, 0x62, 0x53, 0x1F, 0xD5,
    0xBB, 0x1D, 0xB8, 0x7E, 0x0F, 0x6D, 0xD8, 0xC0, 0xA2, 0xA9, 0x9D, 0x9E, 0x1B, 0x46, 0xF9, 0xA8,
    0x30, 0x57, 0xFC, 0x25, 0x03, 0x0F, 0x8F, 0x21, 0xD6, 0xB0, 0x10, 0xAD, 0xE2, 0x58, 0xC2, 0xE4,
    0x17, 0xBF, 0xCA, 0x8F, 0x0B, 0x23, 0xE4, 0xFF, 0xE0, 0x0C, 0xF9, 0xBF, 0x09, 0xC8, 0xFF, 0x9B,
    0xEB, 0x62, 0xAC, 0xAB, 0x0E, 0xDC, 0xAD, 0xBE, 0xF4, 0xCC, 0x77, 0x5C, 0x6A, 0x92, 0xCF, 0x92,
    0x96, 0x47, 0xB5, 0xDF, 0xF0, 0xCC, 0xBE, 0xF8, 0x0A, 0xF8, 0xF2, 0x27, 0x35, 0x86, 0x7A, 0x34,
    0x31, 0xE7, 0xF2, 0x2C, 0xDA, 0xD7, 0x58, 0x9E, 0x74, 0x62, 0xE6, 0xEF, 0x24, 0xB7, 0x32, 0x35,
    0xC9, 0xC5, 0x1D, 0x43, 0x86, 0x67, 0x2E, 0xF5, 0x8F, 0x3B, 0x46, 0xEA, 0xF8, 0x8C, 0x09, 0x8E,
    0x4B, 0x79, 0xF1, 0x0B, 0x7A, 0xCE, 0xE5, 0x57, 0x88, 0x70, 0x5C, 0xE1, 0x34, 0x12, 0xF8, 0x1E,
    0x61, 0xF3, 0x65, 0x26, 0x59, 0x1A, 0x73, 0xA0, 0x9A, 0x16, 0x1D, 0x99, 0x3B, 0x92, 0x6A, 0xD2,
    0x86, 0x50, 0x9E, 0xA2, 0x88, 0xA5, 0x35, 0x13, 0xF0, 0xE6, 0x4F, 0xFC, 0xDF, 0x9A, 0x5B, 0xF5,
    0x8E, 0x33, 0x64, 0x52, 0xAB, 0x36, 0xD6, 0xEF, 0x8E, 0xD9, 0xF6, 0xC6, 0xFA, 0xB8, 0x57, 0xEF,
    0xD3, 0xB3, 0x3E, 0x36, 0x16, 0xDD, 0x9A, 0xEC, 0x54, 0xA3, 0x74, 0x23, 0xAC, 0xAF, 0xE6, 0x2D,
    0x7C, 0xD8, 0x6C, 0xD5, 0x64, 0xD3, 0x9A, 0xF7, 0x8B, 0xA8, 0x56, 0x7E, 0x34, 0xFD, 0xF4, 0xC9,
    0xE9, 0xBB, 0x8F, 0xA6, 0x1F, 0x37, 0x0B, 0x4F, 0x26, 0x5F, 0xAC, 0x91, 0xB3, 0xDC, 0x99, 0xD6,
    0x77, 0xEB, 0x77, 0x60, 0x32, 0x3F, 0xD7, 0xF1, 0x77, 0x22, 0xF0, 0x19, 0xCC, 0xF0, 0x39, 0xDA,
    0x09, 0x6D, 0xD6, 0x45, 0x1D, 0xB8, 0xF8, 0x04, 0xCF, 0x0F, 0x76, 0x43, 0x97, 0x4E, 0x44, 0xCF,
    0x9E, 0x3B, 0xBA, 0x5D, 0x17, 0xAC, 0x79, 0x8B, 0xAF, 0x01, 0xB3, 0xF6, 0x2D, 0x5E, 0x41, 0x17,
    0x51, 0xA7, 0x96, 0xDF, 0x30, 0x5E, 0xC8, 0xBF, 0x38, 0x0D, 0x24, 0x33, 0xC6, 0xBB, 0xBA, 0x33,
    0x26, 0xC7, 0x08, 0x57, 0x4F, 0x31, 0xF0, 0x08, 0x33, 0xD9, 0x21, 0xB4, 0xB9, 0xB6, 0xC2, 0x4A,
    0xB5, 0x42, 0xB5, 0x7B, 0xB6, 0x67, 0xED, 0xED, 0xC6, 0x7F, 0xEA, 0x7D, 0x5C, 0x07, 0x31, 0xF5,
    0x14, 0x2F, 0xE2, 0x2A, 0xF9, 0x83, 0x84, 0x9B, 0x75, 0xCC, 0x36, 0xF4, 0xE1, 0xB5, 0x0A, 0xF6,
    0x24, 0xDF, 0x21, 0x14, 0xDE, 0x45, 0x65, 0x45, 0x11, 0xFE, 0x43, 0xD8, 0xAB, 0xB0, 0xB6, 0xD5,
    0x12, 0xB8, 0x64, 0xB1, 0x3B, 0xC4, 0xCB, 0x2E, 0xB6, 0x2B, 0x3E, 0x61, 0xAF, 0x84, 0x96, 0x0A,
    0x1C, 0x18, 0x35, 0x87, 0xDE, 0x3B, 0x2A, 0x7F, 0xCF, 0x55, 0xFF, 0xB2, 0xFE, 0x31, 0x69, 0x80,
    0x6A, 0x6C, 0xD8, 0x9F, 0x9A, 0xE6, 0x6B, 0x85, 0x7C, 0xBA, 0x78, 0x2D, 0x37, 0xE8, 0x77, 0xB6,
    0x63, 0xFA, 0x74, 0x13, 0x2B, 0xDD, 0x24, 0xAA, 0xBF, 0xD7, 0x47, 0x48, 0xA1, 0x05, 0x55, 0xCB,
    0x2A, 0x52, 0xAD, 0xD3, 0x3B, 0xF0, 0xFA, 0xD7, 0x19, 0x66, 0x8D, 0x30, 0x68, 0xF6, 0xF1, 0x10,
    0x94, 0xC6, 0x20, 0xD1, 0x89, 0xFA, 0xF6, 0x2C, 0xE8, 0x19, 0xF5, 0xAD, 0x48, 0x26, 0xD5, 0x91,
    0x2C, 0x23, 0x27, 0x75, 0x38, 0x94, 0xD9, 0x6A, 0x87, 0xCB, 0x65, 0xD8, 0xDD, 0x70, 0xD2, 0x9F,
    0x27, 0x54, 0x7B, 0xC9, 0xFC, 0x33, 0x3C, 0xEB, 0xB5, 0xE7, 0xE2, 0x85, 0x97, 0xB7, 0xC0, 0x08,
    0xB5, 0xFC, 0x3F, 0x65, 0xCF, 0x01, 0x66, 0xC4, 0x40, 0x18, 0xC5, 0xF1, 0x37, 0x59, 0x04, 0x8B,
    0x00, 0x10, 0xE8, 0x11, 0x72, 0x84, 0xE4, 0x06, 0x85, 0xF6, 0x3C, 0x33, 0x47, 0x29, 0x0A, 0x3D,
    0xC5, 0xCC, 0x11, 0x72, 0x84, 0x1C, 0x21, 0x98, 0xB2, 0x2A, 0xC9, 0xEB, 0x7B, 0x12, 0x58, 0x3B,
    0xE4, 0x67, 0xF2, 0x85, 0x99, 0xFC, 0xF1, 0xBC, 0x7A, 0x7E, 0x01, 0x81, 0xDC, 0x80, 0xCE, 0x62,
    0xB4, 0x20, 0x59, 0xD1, 0xE8, 0x01, 0x6E, 0x4C, 0xB2, 0x3D, 0x04, 0xEE, 0x9B, 0xED, 0xB6, 0xF0,
    0x81, 0x81, 0x5A, 0x29, 0xDA, 0x92, 0xED, 0x7C, 0xEE, 0xFB, 0xFC, 0xFB, 0xC9, 0x82, 0x71, 0x01,
    0x13, 0xE2, 0x0C, 0x4E, 0x88, 0x25, 0xC8, 0x5C, 0x1A, 0x02, 0x3C, 0x4D, 0xB7, 0x43, 0x4E, 0x32,
    0x10, 0xED, 0x8E, 0x46, 0x6E, 0xBA, 0xCA, 0x37, 0x68, 0xD8, 0xC9, 0x1D, 0xDD, 0x03, 0xAD, 0xAC,
    0x1E, 0xDE, 0x57, 0x1B, 0x26, 0x7F, 0xF2, 0x8F, 0x54, 0xDB, 0x2C, 0x78, 0x5D, 0xE1, 0x67, 0x92,
    0x99, 0x15, 0x68, 0xDD, 0x82, 0xC1, 0x22, 0xDB, 0xC0, 0xFD, 0xDD, 0xD7, 0xCC, 0x3E, 0x9A, 0xF0,
    0xD1, 0x3B, 0xDE, 0xAA, 0x0F, 0x1D, 0xD6, 0x81, 0x7C, 0x0C, 0xAB, 0x2A, 0x8E, 0x71, 0x71, 0xD1,
    0xB8, 0x78, 0x1F, 0xE7, 0x3E, 0xFF, 0x7D, 0x47, 0x17, 0x21, 0x4B, 0x15, 0x15, 0xB8, 0x2B, 0xF9,
    0x55, 0x5D, 0x54, 0x9D, 0x8B, 0xAE, 0x2E, 0x22, 0x5C, 0x5D, 0x4E, 0x68, 0x5C, 0xF7, 0xD4, 0xD5,
    0x9E, 0x5D, 0xDA, 0xB8, 0x08, 0xB8, 0x8A, 0x34, 0x14, 0x1A, 0x5A, 0x4C, 0xE6, 0x1F,
};

static const EpdGlyph responder_18_italicGlyphs[] = {
    { 0, 0, 120, 0, 0, 0, 0 }, // U+0020
    { 10, 31, 152, 2, 29, 78, 0 }, // !
    { 14, 14, 273, 5, 30, 49, 78 }, // "
    { 28, 30, 446, 2, 28, 210, 127 }, // #
    { 24, 39, 392, 2, 32, 234, 337 }, // $
    { 42, 34, 718, 4, 32, 357, 571 }, // %
    { 28, 30, 437, 2, 28, 210, 928 }, // &
    { 7, 15, 158, 5, 30, 27, 1138 }, // '
    { 16, 37, 262, 3, 28, 148, 1165 }, // (
    { 16, 37, 264, 0, 28, 148, 1313 }, // )
    { 24, 25, 416, 4, 28, 150, 1461 }, // *
    { 20, 22, 390, 4, 23, 110, 1611 }, // +
    { 10, 16, 199, 1, 7, 40, 1721 }, // ,
    { 14, 6, 265, 3, 13, 21, 1761 }, // -
    { 8, 8, 178, 2, 7, 16, 1782 }, // .
    { 22, 30, 283, 0, 29, 165, 1798 }, // /
    { 21, 29, 367, 3, 28, 153, 1963 }, // 0
    { 12, 29, 274, 4, 28, 87, 2116 }, // 1
    { 21, 30, 356, 2, 29, 158, 2203 }, // 2
    { 21, 31, 349, 2, 28, 163, 2361 }, // 3
    { 21, 29, 375, 2, 28, 153, 2524 }, // 4
    { 23, 30, 353, 1, 27, 173, 2677 }, // 5
    { 21, 29, 370, 3, 28, 153, 2850 }, // 6
    { 20, 28, 341, 4, 27, 140, 3003 }, // 7
    { 20, 29, 355, 3, 28, 145, 3143 }, // 8
    { 21, 30, 371, 3, 27, 158, 3288 }, // 9
    { 10, 20, 179, 2, 18, 50, 3446 }, // :
    { 11, 29, 196, 2, 20, 80, 3496 }, // ;
    { 16, 22, 390, 6, 24, 88, 3576 }, // <
    { 20, 16, 390, 4, 21, 80, 3664 }, // =
    { 17, 23, 390, 5, 24, 98, 3744 }, // >
    { 15, 30, 269, 4, 28, 113, 3842 }, // ?
    { 36, 40, 618, 3, 28, 360, 3955 }, // @
    { 24, 30, 403, 1, 29, 180, 4315 }, // A
    { 19, 30, 326, 2, 28, 143, 4495 }, // B
    { 23, 32, 379, 3, 29, 184, 4638 }, // C
    { 24, 31, 401, 2, 29, 186, 4822 }, // D
    { 20, 28, 309, 2, 27, 140, 5008 }, // E
    { 20, 28, 301, 2, 27, 140, 5148 }, // F
    { 25, 33, 414, 3, 29, 207, 5288 }, // G
    { 25, 29, 397, 2, 28, 182, 5495 }, // H
    { 9, 29, 178, 3, 28, 66, 5677 }, // I
    { 19, 36, 158, -7, 27, 171, 5743 }, // J
    { 23, 29, 357, 2, 28, 167, 5914 }, // K
    { 18, 29, 320, 2, 28, 131, 6081 }, // L
    { 31, 29, 536, 2, 28, 225, 6212 }, // M
    { 28, 30, 447, 2, 29, 210, 6437 }, // N
    { 25, 29, 436, 3, 28, 182, 6647 }, // O
    { 19, 28, 313, 2, 27, 133, 6829 }, // P
    { 37, 40, 437, 3, 28, 370, 6962 }, // Q
    { 19, 28, 336, 2, 27, 133, 7332 }, // R
    { 20, 32, 317, 2, 29, 160, 7465 }, // S
    { 22, 29, 367, 4, 28, 160, 7625 }, // T
    { 22, 29, 385, 4, 28, 160, 7785 }, // U
    { 24, 29, 389, 4, 28, 174, 7945 }, // V
    { 35, 30, 569, 4, 28, 263, 8119 }, // W
    { 28, 30, 410, 1, 28, 210, 8382 }, // X
    { 20, 29, 351, 5, 28, 145, 8592 }, // Y
    { 24, 28, 394, 2, 27, 168, 8737 }, // Z
    { 17, 35, 244, 1, 27, 149, 8905 }, // [
    { 14, 30, 283, 4, 28, 105, 9054 }, // <backslash>
    { 16, 34, 245, 1, 27, 136, 9159 }, // ]
    { 19, 13, 340, 4, 28, 62, 9295 }, // ^
    { 19, 6, 352, 1, 0, 29, 9357 }, // _
    { 9, 10, 150, 3, 30, 23, 9386 }, // `
    { 21, 22, 355, 2, 21, 116, 9409 }, // a
    { 20, 31, 331, 1, 29, 155, 9525 }, // b
    { 17, 24, 296, 3, 21, 102, 9680 }, // c
    { 21, 30, 343, 3, 29, 158, 9782 }, // d
    { 16, 24, 274, 2, 21, 96, 9940 }, // e
    { 26, 40, 269, 1, 30, 260, 10036 }, // f
    { 22, 30, 349, 0, 21, 165, 10296 }, // g
    { 20, 30, 332, 1, 29, 150, 10461 }, // h
    { 9, 30, 170, 3, 29, 68, 10611 }, // i
    { 15, 39, 154, -3, 29, 147, 10679 }, // j
    { 22, 30, 330, 1, 29, 165, 10826 }, // k
    { 11, 30, 187, 1, 29, 83, 10991 }, // l
    { 31, 21, 537, 3, 20, 163, 11074 }, // m
    { 20, 22, 354, 2, 20, 110, 11237 }, // n
    { 18, 21, 329, 3, 20, 95, 11347 }, // o
    { 21, 30, 341, 1, 20, 158, 11442 }, // p
    { 20, 31, 348, 2, 21, 155, 11600 }, // q
    { 19, 21, 288, 2, 20, 100, 11755 }, // r
    { 17, 24, 271, 1, 21, 102, 11855 }, // s
    { 18, 29, 287, 2, 28, 131, 11957 }, // t
    { 20, 21, 340, 2, 20, 105, 12088 }, // u
    { 19, 21, 329, 4, 20, 100, 12193 }, // v
    { 30, 22, 492, 3, 20, 165, 12293 }, // w
    { 21, 21, 321, 0, 20, 111, 12458 }, // x
    { 26, 29, 327, -3, 20, 189, 12569 }, // y
    { 19, 21, 330, 1, 20, 100, 12758 }, // z
    { 24, 38, 382, 3, 28, 228, 12858 }, // {
    { 11, 37, 194, 2, 28, 102, 13086 }, // |
    { 23, 38, 382, 0, 29, 219, 13188 }, // }
    { 21, 10, 370, 3, 18, 53, 13407 }, // ~
    { 0, 0, 120, 0, 0, 0, 0 }, // U+00A0
    { 11, 31, 175, 1, 20, 86, 0 }, // U+00A1
    { 20, 31, 331, 3, 25, 155, 86 }, // U+00A2
    { 24, 29, 359, 2, 28, 174, 241 }, // U+00A3
    { 27, 33, 429, 2, 26, 223, 415 }, // U+00A4
    { 22, 29, 348, 3, 28, 160, 638 }, // U+00A5
    { 12, 38, 176, 1, 28, 114, 798 }, // U+00A6
    { 22, 41, 334, 0, 29, 226, 912 }, // U+00A7
    { 12, 7, 150, 2, 28, 21, 1138 }, // U+00A8
    { 35, 35, 608, 3, 27, 307, 1159 }, // U+00A9
    { 21, 28, 341, 2, 31, 147, 1466 }, // U+00AA
    { 22, 19, 386, 3, 19, 105, 1613 }, // U+00AB
    { 20, 12, 377, 4, 17, 60, 1718 }, // U+00AC
    { 0, 0, 300, 0, 0, 0, 1778 }, // U+00AD
    { 35, 35, 607, 3, 27, 307, 1778 }, // U+00AE
    { 13, 6, 150, 2, 28, 20, 2085 }, // U+00AF
    { 18, 18, 313, 4, 30, 81, 2105 }, // U+00B0
    { 23, 29, 390, 1, 24, 167, 2186 }, // U+00B1
    { 16, 21, 274, 4, 39, 84, 2353 }, // U+00B2
    { 16, 23, 262, 4, 39, 92, 2437 }, // U+00B3
    { 10, 11, 150, 4, 29, 28, 2529 }, // U+00B4
    { 23, 28, 384, 4, 27, 161, 2557 }, // U+00B6
    { 8, 8, 184, 3, 13, 16, 2718 }, // U+00B7
    { 11, 11, 150, -3, 1, 31, 2734 }, // U+00B8
    { 11, 20, 226, 6, 38, 55, 2765 }, // U+00B9
    { 22, 27, 355, 2, 30, 149, 2820 }, // U+00BA
    { 22, 18, 390, 2, 19, 99, 2969 }, // U+00BB
    { 32, 32, 617, 6, 31, 256, 3068 }, // U+00BC
    { 33, 32, 620, 5, 31, 264, 3324 }, // U+00BD
    { 37, 33, 668, 4, 32, 306, 3588 }, // U+00BE
    { 18, 29, 308, 0, 20, 131, 3894 }, // U+00BF
    { 25, 37, 416, 2, 35, 232, 4025 }, // U+00C0
    { 24, 37, 409, 1, 36, 222, 4257 }, // U+00C1
    { 25, 38, 416, 2, 36, 238, 4479 }, // U+00C2
    { 24, 37, 409, 1, 36, 222, 4717 }, // U+00C3
    { 24, 36, 410, 1, 35, 216, 4939 }, // U+00C4
    { 24, 38, 394, 2, 36, 228, 5155 }, // U+00C5
    { 38, 29, 581, 1, 27, 276, 5383 }, // U+00C6
    { 23, 38, 380, 3, 30, 219, 5659 }, // U+00C7
    { 21, 37, 338, 2, 36, 195, 5878 }, // U+00C8
    { 21, 37, 337, 2, 36, 195, 6073 }, // U+00C9
    { 21, 37, 335, 2, 36, 195, 6268 }, // U+00CA
    { 20, 36, 322, 2, 35, 180, 6463 }, // U+00CB
    { 12, 37, 158, 2, 35, 111, 6643 }, // U+00CC
    { 12, 37, 158, 2, 35, 111, 6754 }, // U+00CD
    { 14, 38, 158, 2, 36, 133, 6865 }, // U+00CE
    { 14, 36, 158, 2, 34, 126, 6998 }, // U+00CF
    { 25, 31, 415, 2, 28, 194, 7124 }, // U+00D0
    { 28, 35, 426, 1, 34, 245, 7318 }, // U+00D1
    { 26, 37, 447, 3, 36, 241, 7563 }, // U+00D2
    { 26, 38, 447, 3, 37, 247, 7804 }, // U+00D3
    { 26, 37, 447, 3, 36, 241, 8051 }, // U+00D4
    { 26, 36, 447, 3, 35, 234, 8292 }, // U+00D5
    { 26, 36, 447, 3, 35, 234, 8526 }, // U+00D6
    { 23, 23, 390, 2, 24, 133, 8760 }, // U+00D7
    { 29, 37, 442, 2, 32, 269, 8893 }, // U+00D8
    { 21, 36, 381, 4, 35, 189, 9162 }, // U+00D9
    { 21, 35, 380, 4, 34, 184, 9351 }, // U+00DA
    { 21, 37, 381, 4, 36, 195, 9535 }, // U+00DB
    { 21, 35, 381, 4, 34, 184, 9730 }, // U+00DC
    { 21, 35, 340, 4, 34, 184, 9914 }, // U+00DD
    { 19, 30, 317, 2, 28, 143, 10098 }, // U+00DE
    { 24, 36, 364, 0, 27, 216, 10241 }, // U+00DF
    { 19, 32, 339, 3, 30, 152, 10457 }, // U+00E0
    { 19, 33, 339, 3, 31, 157, 10609 }, // U+00E1
    { 21, 31, 370, 3, 30, 163, 10766 }, // U+00E2
    { 19, 31, 339, 3, 29, 148, 10929 }, // U+00E3
    { 19, 30, 339, 3, 28, 143, 11077 }, // U+00E4
    { 19, 33, 335, 3, 31, 157, 11220 }, // U+00E5
    { 29, 25, 485, 2, 21, 182, 11377 }, // U+00E6
    { 18, 30, 310, 3, 22, 135, 11559 }, // U+00E7
    { 15, 33, 278, 3, 30, 124, 11694 }, // U+00E8
    { 16, 34, 272, 2, 31, 136, 11818 }, // U+00E9
    { 16, 32, 269, 2, 29, 128, 11954 }, // U+00EA
    { 16, 30, 269, 2, 27, 120, 12082 }, // U+00EB
    { 10, 31, 155, 2, 30, 78, 12202 }, // U+00EC
    { 12, 32, 158, 2, 31, 96, 12280 }, // U+00ED
    { 14, 30, 151, 1, 29, 105, 12376 }, // U+00EE
    { 12, 29, 160, 2, 28, 87, 12481 }, // U+00EF
    { 20, 30, 356, 3, 29, 150, 12568 }, // U+00F0
    { 20, 30, 346, 3, 29, 150, 12718 }, // U+00F1
    { 19, 31, 341, 3, 30, 148, 12868 }, // U+00F2
    { 19, 32, 337, 3, 31, 152, 13016 }, // U+00F3
    { 19, 30, 341, 3, 29, 143, 13168 }, // U+00F4
    { 19, 30, 338, 3, 29, 143, 13311 }, // U+00F5
    { 19, 29, 342, 3, 28, 138, 13454 }, // U+00F6
    { 21, 24, 377, 3, 25, 126, 13592 }, // U+00F7
    { 19, 30, 340, 3, 24, 143, 13718 }, // U+00F8
    { 20, 29, 333, 2, 28, 145, 13861 }, // U+00F9
    { 20, 31, 332, 2, 30, 155, 14006 }, // U+00FA
    { 21, 31, 346, 2, 30, 163, 14161 }, // U+00FB
    { 20, 28, 333, 2, 27, 140, 14324 }, // U+00FC
    { 26, 38, 321, -4, 29, 247, 14464 }, // U+00FD
    { 21, 39, 327, 0, 28, 205, 14711 }, // U+00FE
    { 26, 36, 321, -4, 27, 234, 14916 }, // U+00FF
    { 24, 34, 402, 1, 33, 204, 0 }, // U+0100
    { 19, 29, 339, 3, 27, 138, 204 }, // U+0101
    { 24, 37, 403, 2, 35, 222, 342 }, // U+0102
    { 21, 30, 370, 3, 29, 158, 564 }, // U+0103
    { 26, 36, 399, 1, 28, 234, 722 }, // U+0104
    { 21, 30, 367, 3, 22, 158, 956 }, // U+0105
    { 24, 39, 399, 3, 36, 234, 1114 }, // U+0106
    { 18, 33, 295, 3, 30, 149, 1348 }, // U+0107
    { 24, 39, 399, 3, 36, 234, 1497 }, // U+0108
    { 18, 32, 295, 3, 29, 144, 1731 }, // U+0109
    { 23, 38, 380, 3, 34, 219, 1875 }, // U+010A
    { 18, 30, 295, 3, 27, 135, 2094 }, // U+010B
    { 24, 38, 399, 3, 35, 228, 2229 }, // U+010C
    { 18, 33, 295, 3, 30, 149, 2457 }, // U+010D
    { 25, 37, 422, 2, 35, 232, 2606 }, // U+010E
    { 28, 30, 405, 1, 29, 210, 2838 }, // U+010F
    { 25, 31, 414, 2, 28, 194, 3048 }, // U+0110
    { 23, 30, 365, 3, 29, 173, 3242 }, // U+0111
    { 21, 35, 337, 2, 34, 184, 3415 }, // U+0112
    { 15, 29, 268, 2, 26, 109, 3599 }, // U+0113
    { 21, 35, 341, 2, 34, 184, 3708 }, // U+0114
    { 17, 33, 275, 2, 30, 141, 3892 }, // U+0115
    { 21, 36, 336, 2, 35, 189, 4033 }, // U+0116
    { 16, 31, 275, 2, 28, 124, 4222 }, // U+0117
    { 21, 35, 336, 2, 27, 184, 4346 }, // U+0118
    { 16, 28, 275, 2, 20, 112, 4530 }, // U+0119
    { 20, 36, 324, 2, 35, 180, 4642 }, // U+011A
    { 17, 33, 271, 2, 30, 141, 4822 }, // U+011B
    { 25, 38, 413, 3, 35, 238, 4963 }, // U+011C
    { 23, 39, 326, 0, 30, 225, 5201 }, // U+011D
    { 25, 39, 424, 3, 35, 244, 5426 }, // U+011E
    { 23, 39, 325, 0, 30, 225, 5670 }, // U+011F
    { 25, 38, 418, 3, 34, 238, 5895 }, // U+0120
    { 23, 37, 326, 0, 28, 213, 6133 }, // U+0121
    { 25, 39, 418, 3, 29, 244, 6346 }, // U+0122
    { 23, 42, 336, 0, 33, 242, 6590 }, // U+0123
    { 25, 37, 406, 2, 35, 232, 6832 }, // U+0124
    { 21, 38, 335, 2, 36, 200, 7064 }, // U+0125
    { 28, 29, 448, 3, 27, 203, 7264 }, // U+0126
    { 22, 30, 349, 1, 28, 165, 7467 }, // U+0127
    { 15, 37, 158, 2, 35, 139, 7632 }, // U+0128
    { 16, 29, 155, 1, 28, 116, 7771 }, // U+0129
    { 14, 35, 158, 2, 33, 123, 7887 }, // U+012A
    { 13, 27, 155, 2, 26, 88, 8010 }, // U+012B
    { 13, 36, 158, 2, 34, 117, 8098 }, // U+012C
    { 12, 31, 151, 2, 30, 93, 8215 }, // U+012D
    { 11, 37, 158, 1, 28, 102, 8308 }, // U+012E
    { 12, 38, 154, 0, 29, 114, 8410 }, // U+012F
    { 10, 36, 170, 2, 34, 90, 8524 }, // U+0130
    { 9, 21, 155, 2, 20, 48, 8614 }, // U+0131
    { 19, 37, 316, 3, 28, 176, 8662 }, // U+0132
    { 18, 39, 298, 3, 29, 176, 8838 }, // U+0133
    { 22, 46, 158, -6, 36, 253, 9014 }, // U+0134
    { 20, 40, 162, -4, 30, 200, 9267 }, // U+0135
    { 22, 39, 346, 2, 28, 215, 9467 }, // U+0136
    { 23, 40, 343, 1, 29, 230, 9682 }, // U+0137
    { 16, 35, 299, 2, 34, 140, 9912 }, // U+0139
    { 12, 40, 182, 2, 39, 120, 10052 }, // U+013A
    { 16, 37, 299, 2, 27, 148, 10172 }, // U+013B
    { 12, 39, 186, 0, 29, 117, 10320 }, // U+013C
    { 20, 30, 341, 2, 29, 150, 10437 }, // U+013D
    { 18, 30, 220, 1, 29, 135, 10587 }, // U+013E
    { 18, 29, 320, 2, 28, 131, 10722 }, // U+013F
    { 16, 30, 262, 2, 29, 120, 10853 }, // U+0140
    { 18, 29, 331, 2, 28, 131, 10973 }, // U+0141
    { 15, 30, 221, 2, 29, 113, 11104 }, // U+0142
    { 26, 36, 418, 2, 34, 234, 11217 }, // U+0143
    { 19, 31, 347, 3, 30, 148, 11451 }, // U+0144
    { 26, 38, 418, 2, 29, 247, 11599 }, // U+0145
    { 20, 31, 346, 3, 20, 155, 11846 }, // U+0146
    { 26, 36, 418, 2, 34, 234, 12001 }, // U+0147
    { 19, 32, 345, 3, 30, 152, 12235 }, // U+0148
    { 26, 38, 418, 2, 29, 247, 12387 }, // U+014A
    { 21, 29, 374, 2, 20, 153, 12634 }, // U+014B
    { 25, 35, 433, 3, 34, 219, 12787 }, // U+014C
    { 19, 28, 342, 3, 27, 133, 13006 }, // U+014D
    { 26, 37, 447, 3, 36, 241, 13139 }, // U+014E
    { 19, 31, 342, 3, 30, 148, 13380 }, // U+014F
    { 25, 39, 433, 3, 38, 244, 13528 }, // U+0150
    { 20, 32, 342, 3, 31, 160, 13772 }, // U+0151
    { 33, 31, 554, 3, 29, 256, 13932 }, // U+0152
    { 27, 23, 470, 3, 21, 156, 14188 }, // U+0153
    { 20, 37, 353, 2, 35, 185, 14344 }, // U+0154
    { 20, 30, 296, 2, 29, 150, 14529 }, // U+0155
    { 20, 37, 353, 2, 27, 185, 14679 }, // U+0156
    { 21, 33, 284, 0, 20, 174, 14864 }, // U+0157
    { 20, 36, 353, 2, 34, 180, 15038 }, // U+0158
    { 20, 30, 296, 2, 29, 150, 15218 }, // U+0159
    { 21, 41, 329, 2, 38, 216, 15368 }, // U+015A
    { 18, 34, 266, 1, 31, 153, 15584 }, // U+015B
    { 19, 38, 298, 2, 36, 181, 15737 }, // U+015C
    { 18, 33, 266, 1, 30, 149, 15918 }, // U+015D
    { 19, 38, 298, 2, 29, 181, 16067 }, // U+015E
    { 18, 30, 267, 0, 21, 135, 16248 }, // U+015F
    { 21, 38, 329, 2, 35, 200, 16383 }, // U+0160
    { 17, 34, 274, 1, 31, 145, 16583 }, // U+0161
    { 22, 39, 370, 4, 27, 215, 16728 }, // U+0162
    { 18, 35, 306, 3, 27, 158, 16943 }, // U+0163
    { 22, 36, 370, 4, 35, 198, 17101 }, // U+0164
    { 20, 32, 304, 3, 31, 160, 17299 }, // U+0165
    { 22, 28, 370, 4, 27, 154, 17459 }, // U+0166
    { 17, 29, 292, 2, 27, 124, 17613 }, // U+0167
    { 25, 36, 449, 5, 35, 225, 17737 }, // U+0168
    { 20, 29, 333, 2, 28, 145, 17962 }, // U+0169
    { 25, 33, 449, 5, 32, 207, 18107 }, // U+016A
    { 21, 27, 346, 2, 26, 142, 18314 }, // U+016B
    { 25, 35, 449, 5, 34, 219, 18456 }, // U+016C
    { 21, 29, 346, 2, 28, 153, 18675 }, // U+016D
    { 25, 38, 449, 5, 37, 238, 18828 }, // U+016E
    { 20, 32, 333, 2, 31, 160, 19066 }, // U+016F
    { 21, 38, 381, 4, 37, 200, 19226 }, // U+0170
    { 20, 31, 333, 2, 30, 155, 19426 }, // U+0171
    { 25, 36, 444, 5, 28, 225, 19581 }, // U+0172
    { 20, 29, 334, 2, 20, 145, 19806 }, // U+0173
    { 36, 37, 589, 4, 36, 333, 19951 }, // U+0174
    { 29, 31, 471, 3, 29, 225, 20284 }, // U+0175
    { 21, 37, 340, 4, 36, 195, 20509 }, // U+0176
    { 26, 38, 319, -4, 29, 247, 20704 }, // U+0177
    { 21, 35, 340, 4, 34, 184, 20951 }, // U+0178
    { 23, 37, 359, 1, 36, 213, 21135 }, // U+0179
    { 21, 32, 339, 1, 31, 168, 21348 }, // U+017A
    { 23, 35, 359, 1, 34, 202, 21516 }, // U+017B
    { 20, 28, 308, 1, 27, 140, 21718 }, // U+017C
    { 23, 36, 359, 1, 35, 207, 21858 }, // U+017D
    { 21, 31, 339, 1, 30, 163, 22065 }, // U+017E
    { 25, 38, 440, 3, 34, 238, 0 }, // U+01E6
    { 23, 40, 325, 0, 31, 230, 238 }, // U+01E7
    { 24, 44, 400, 2, 42, 264, 468 }, // U+01FA
    { 21, 38, 354, 3, 36, 200, 732 }, // U+01FB
    { 36, 37, 532, -2, 35, 333, 932 }, // U+01FC
    { 29, 35, 485, 2, 31, 254, 1265 }, // U+01FD
    { 30, 40, 447, 1, 35, 300, 1519 }, // U+01FE
    { 19, 36, 362, 3, 30, 171, 1819 }, // U+01FF
    { 19, 39, 298, 2, 29, 186, 1990 }, // U+0218
    { 17, 33, 268, 1, 22, 141, 2176 }, // U+0219
    { 22, 40, 372, 4, 27, 220, 2317 }, // U+021A
    { 17, 40, 296, 3, 27, 170, 2537 }, // U+021B
    { 9, 11, 0, -2, 28, 25, 0 }, // U+0300
    { 9, 11, 0, 0, 28, 25, 25 }, // U+0301
    { 13, 10, 0, -3, 27, 33, 50 }, // U+0302
    { 16, 9, 0, -4, 26, 36, 83 }, // U+0303
    { 13, 6, 0, -3, 24, 20, 119 }, // U+0304
    { 12, 9, 0, -2, 29, 27, 139 }, // U+0306
    { 6, 7, 0, 1, 25, 11, 166 }, // U+0307
    { 13, 8, 0, -3, 25, 26, 177 }, // U+0308
    { 13, 12, 0, -3, 29, 39, 203 }, // U+030A
    { 15, 11, 0, -3, 28, 42, 242 }, // U+030B
    { 14, 9, 0, -3, 27, 32, 284 }, // U+030C
    { 9, 12, 0, 0, 29, 27, 316 }, // U+0312
    { 9, 11, 0, -6, 0, 25, 343 }, // U+0326
    { 10, 10, 0, -7, 2, 25, 368 }, // U+0327
    { 9, 12, 0, -4, 2, 27, 393 }, // U+0328
    { 21, 37, 341, 2, 36, 195, 0 }, // U+0400
    { 20, 36, 341, 2, 35, 180, 195 }, // U+0401
    { 26, 38, 490, 4, 27, 247, 375 }, // U+0402
    { 20, 36, 307, 2, 35, 180, 622 }, // U+0403
    { 27, 32, 412, 2, 29, 216, 802 }, // U+0404
    { 20, 32, 317, 2, 29, 160, 1018 }, // U+0405
    { 9, 29, 168, 3, 28, 66, 1178 }, // U+0406
    { 14, 36, 161, 2, 34, 126, 1244 }, // U+0407
    { 19, 36, 158, -7, 27, 171, 1370 }, // U+0408
    { 33, 28, 542, 1, 27, 231, 1541 }, // U+0409
    { 34, 30, 572, 2, 28, 255, 1772 }, // U+040A
    { 25, 28, 461, 4, 27, 175, 2027 }, // U+040B
    { 28, 36, 438, 3, 34, 252, 2202 }, // U+040C
    { 28, 35, 463, 2, 34, 245, 2454 }, // U+040D
    { 28, 36, 407, 1, 33, 252, 2699 }, // U+040E
    { 25, 37, 416, 3, 28, 232, 2951 }, // U+040F
    { 24, 30, 403, 1, 29, 180, 3183 }, // U+0410
    { 21, 29, 371, 2, 27, 153, 3363 }, // U+0411
    { 19, 30, 335, 2, 28, 143, 3516 }, // U+0412
    { 20, 28, 307, 2, 27, 140, 3659 }, // U+0413
    { 31, 36, 527, 1, 28, 279, 3799 }, // U+0414
    { 20, 28, 310, 2, 27, 140, 4078 }, // U+0415
    { 42, 29, 659, 2, 28, 305, 4218 }, // U+0416
    { 23, 32, 376, 2, 29, 184, 4523 }, // U+0417
    { 28, 29, 437, 2, 28, 203, 4707 }, // U+0418
    { 28, 34, 436, 2, 33, 238, 4910 }, // U+0419
    { 28, 30, 438, 3, 28, 210, 5148 }, // U+041A
    { 24, 29, 419, 1, 28, 174, 5358 }, // U+041B
    { 31, 29, 536, 2, 28, 225, 5532 }, // U+041C
    { 25, 29, 397, 2, 28, 182, 5757 }, // U+041D
    { 25, 29, 437, 3, 28, 182, 5939 }, // U+041E
    { 24, 28, 385, 2, 27, 168, 6121 }, // U+041F
    { 19, 29, 317, 2, 28, 138, 6289 }, // U+0420
    { 23, 32, 379, 3, 29, 184, 6427 }, // U+0421
    { 22, 28, 367, 4, 27, 154, 6611 }, // U+0422
    { 28, 30, 407, 1, 28, 210, 6765 }, // U+0423
    { 31, 40, 532, 3, 33, 310, 6975 }, // U+0424
    { 28, 30, 416, 1, 28, 210, 7285 }, // U+0425
    { 26, 36, 452, 2, 28, 234, 7495 }, // U+0426
    { 22, 29, 372, 4, 28, 160, 7729 }, // U+0427
    { 39, 29, 626, 2, 28, 283, 7889 }, // U+0428
    { 40, 36, 686, 2, 28, 360, 8172 }, // U+0429
    { 22, 30, 360, 1, 27, 165, 8532 }, // U+042A
    { 31, 30, 507, 2, 28, 233, 8697 }, // U+042B
    { 21, 31, 361, 2, 28, 163, 8930 }, // U+042C
    { 24, 33, 391, 1, 30, 198, 9093 }, // U+042D
    { 36, 29, 603, 3, 28, 261, 9291 }, // U+042E
    { 26, 31, 386, 0, 29, 202, 9552 }, // U+042F
    { 21, 22, 348, 2, 21, 116, 9754 }, // U+0430
    { 26, 33, 325, 3, 31, 215, 9870 }, // U+0431
    { 17, 30, 325, 3, 28, 128, 10085 }, // U+0432
    { 14, 23, 266, 3, 21, 81, 10213 }, // U+0433
    { 23, 30, 314, -2, 21, 173, 10294 }, // U+0434
    { 15, 24, 277, 3, 21, 90, 10467 }, // U+0435
    { 32, 21, 502, 1, 20, 168, 10557 }, // U+0436
    { 18, 31, 296, 1, 22, 140, 10725 }, // U+0437
    { 20, 21, 339, 2, 20, 105, 10865 }, // U+0438
    { 20, 30, 347, 2, 29, 150, 10970 }, // U+0439
    { 21, 22, 322, 2, 20, 116, 11120 }, // U+043A
    { 19, 21, 340, 1, 20, 100, 11236 }, // U+043B
    { 31, 21, 515, 1, 20, 163, 11336 }, // U+043C
    { 21, 23, 344, 2, 21, 121, 11499 }, // U+043D
    { 18, 21, 335, 3, 20, 95, 11620 }, // U+043E
    { 20, 22, 349, 2, 20, 110, 11715 }, // U+043F
    { 21, 30, 343, 1, 20, 158, 11825 }, // U+0440
    { 18, 24, 307, 3, 21, 108, 11983 }, // U+0441
    { 31, 21, 536, 3, 20, 163, 12091 }, // U+0442
    { 21, 30, 338, 1, 20, 158, 12254 }, // U+0443
    { 25, 35, 442, 3, 27, 219, 12412 }, // U+0444
    { 21, 21, 323, 0, 20, 111, 12631 }, // U+0445
    { 22, 27, 383, 2, 20, 149, 12742 }, // U+0446
    { 21, 22, 369, 4, 21, 116, 12891 }, // U+0447
    { 31, 21, 535, 3, 20, 163, 13007 }, // U+0448
    { 32, 27, 569, 3, 20, 216, 13170 }, // U+0449
    { 19, 22, 323, 1, 20, 105, 13386 }, // U+044A
    { 25, 21, 421, 2, 20, 132, 13491 }, // U+044B
    { 17, 22, 297, 2, 20, 94, 13623 }, // U+044C
    { 19, 24, 321, 1, 21, 114, 13717 }, // U+044D
    { 31, 23, 522, 2, 21, 179, 13831 }, // U+044E
    { 19, 23, 311, 1, 21, 110, 14010 }, // U+044F
    { 15, 34, 280, 3, 31, 128, 14120 }, // U+0450
    { 17, 31, 277, 3, 28, 132, 14248 }, // U+0451
    { 20, 39, 341, 2, 29, 195, 14380 }, // U+0452
    { 15, 32, 263, 3, 30, 120, 14575 }, // U+0453
    { 18, 25, 325, 3, 22, 113, 14695 }, // U+0454
    { 17, 25, 286, 1, 22, 107, 14808 }, // U+0455
    { 9, 30, 148, 3, 29, 68, 14915 }, // U+0456
    { 13, 29, 169, 2, 28, 95, 14983 }, // U+0457
    { 14, 39, 151, -3, 29, 137, 15078 }, // U+0458
    { 31, 23, 505, 1, 21, 179, 15215 }, // U+0459
    { 29, 22, 499, 2, 20, 160, 15394 }, // U+045A
    { 19, 30, 337, 2, 29, 143, 15554 }, // U+045B
    { 21, 31, 317, 2, 29, 163, 15697 }, // U+045C
    { 20, 29, 359, 2, 28, 145, 15860 }, // U+045D
    { 21, 38, 328, 1, 28, 200, 16005 }, // U+045E
    { 20, 32, 344, 2, 20, 160, 16205 }, // U+045F
    { 22, 33, 311, 2, 32, 182, 16365 }, // U+0490
    { 22, 27, 280, 0, 25, 149, 16547 }, // U+0491
    { 43, 37, 739, 2, 28, 398, 16696 }, // U+0496
    { 34, 27, 565, 1, 20, 230, 17094 }, // U+0497
    { 28, 37, 502, 3, 28, 259, 17324 }, // U+049A
    { 22, 28, 397, 2, 20, 154, 17583 }, // U+049B
    { 22, 29, 365, 3, 28, 160, 17737 }, // U+04B0
    { 20, 32, 350, 3, 20, 160, 17897 }, // U+04B1
    { 28, 37, 480, 1, 28, 259, 18057 }, // U+04B2
    { 23, 28, 382, 0, 20, 161, 18316 }, // U+04B3
    { 24, 37, 459, 4, 28, 222, 18477 }, // U+04B6
    { 18, 30, 383, 4, 21, 135, 18699 }, // U+04B7
    { 21, 35, 340, 4, 34, 184, 0 }, // U+1EF2
    { 27, 39, 323, -5, 30, 264, 184 }, // U+1EF3
    { 0, 0, 300, 0, 0, 0, 0 }, // U+2002
    { 0, 0, 600, 0, 0, 0, 0 }, // U+2003
    { 0, 0, 300, 0, 0, 0, 0 }, // U+2007
    { 0, 0, 75, 0, 0, 0, 0 }, // U+2009
    { 16, 6, 301, 3, 13, 24, 0 }, // U+2012
    { 16, 6, 301, 3, 13, 24, 24 }, // U+2013
    { 34, 6, 588, 3, 14, 51, 48 }, // U+2014
    { 19, 5, 349, 3, 13, 24, 99 }, // U+2015
    { 10, 14, 158, 4, 29, 35, 123 }, // U+2018
    { 10, 13, 158, 3, 29, 33, 158 }, // U+2019
    { 9, 14, 158, 0, 7, 32, 191 }, // U+201A
    { 17, 14, 277, 4, 29, 60, 223 }, // U+201C
    { 17, 14, 277, 3, 29, 60, 283 }, // U+201D
    { 17, 13, 278, 0, 6, 56, 343 }, // U+201E
    { 24, 39, 399, 3, 28, 234, 399 }, // U+2020
    { 25, 38, 414, 2, 28, 238, 633 }, // U+2021
    { 10, 11, 207, 3, 15, 28, 871 }, // U+2022
    { 28, 8, 484, 2, 7, 56, 899 }, // U+2026
    { 53, 33, 905, 4, 32, 438, 955 }, // U+2030
    { 7, 14, 161, 5, 30, 25, 1393 }, // U+2032
    { 15, 15, 281, 5, 31, 57, 1418 }, // U+2033
    { 13, 18, 238, 3, 19, 59, 1475 }, // U+2039
    { 12, 19, 221, 2, 19, 57, 1534 }, // U+203A
    { 22, 30, 145, -4, 28, 165, 1591 }, // U+2044
    { 18, 21, 311, 5, 38, 95, 0 }, // U+2070
    { 18, 21, 307, 4, 38, 95, 95 }, // U+2074
    { 18, 21, 272, 4, 37, 95, 190 }, // U+2075
    { 17, 20, 284, 5, 38, 85, 285 }, // U+2076
    { 17, 20, 263, 5, 37, 85, 370 }, // U+2077
    { 15, 19, 274, 5, 37, 72, 455 }, // U+2078
    { 17, 20, 274, 4, 37, 85, 527 }, // U+2079
    { 20, 21, 325, 4, 38, 105, 612 }, // U+207F
    { 18, 20, 311, 0, 6, 90, 717 }, // U+2080
    { 11, 20, 225, 1, 6, 55, 807 }, // U+2081
    { 16, 21, 274, -1, 7, 84, 862 }, // U+2082
    { 16, 23, 262, -1, 7, 92, 946 }, // U+2083
    { 18, 21, 307, -1, 6, 95, 1038 }, // U+2084
    { 17, 21, 272, -1, 5, 90, 1133 }, // U+2085
    { 17, 20, 283, 0, 6, 85, 1223 }, // U+2086
    { 16, 20, 269, 1, 5, 80, 1308 }, // U+2087
    { 15, 20, 274, 0, 6, 75, 1388 }, // U+2088
    { 17, 21, 274, -1, 6, 90, 1463 }, // U+2089
    { 38, 30, 630, 3, 28, 285, 0 }, // U+20A9
    { 29, 32, 450, 2, 29, 232, 285 }, // U+20AC
    { 22, 28, 336, 1, 27, 154, 517 }, // U+20BD
    { 21, 29, 374, 3, 28, 153, 0 }, // U+2202
    { 23, 28, 361, 2, 27, 161, 153 }, // U+220F
    { 23, 28, 390, 3, 27, 161, 314 }, // U+2211
    { 21, 6, 390, 3, 16, 32, 475 }, // U+2212
    { 31, 32, 475, 3, 29, 248, 507 }, // U+221A
    { 36, 18, 609, 3, 21, 162, 755 }, // U+221E
    { 30, 37, 420, 0, 28, 278, 917 }, // U+222B
    { 23, 19, 390, 2, 21, 110, 1195 }, // U+2248
    { 23, 31, 390, 3, 29, 179, 1305 }, // U+2260
    { 22, 29, 390, 2, 24, 160, 1484 }, // U+2264
    { 19, 27, 390, 3, 24, 129, 1644 }, // U+2265
    { 24, 36, 391, 3, 31, 216, 0 }, // U+FB01
    { 24, 35, 391, 3, 30, 210, 216 }, // U+FB02
};

static const EpdUnicodeInterval responder_18_italicIntervals[] = {
    { 0x20, 0x7E, 0x0 },
    { 0xA0, 0xB4, 0x5F },
    { 0xB6, 0x137, 0x74 },
    { 0x139, 0x148, 0xF6 },
    { 0x14A, 0x17E, 0x106 },
    { 0x1E6, 0x1E7, 0x13B },
    { 0x1FA, 0x1FF, 0x13D },
    { 0x218, 0x21B, 0x143 },
    { 0x300, 0x304, 0x147 },
    { 0x306, 0x308, 0x14C },
    { 0x30A, 0x30C, 0x14F },
    { 0x312, 0x312, 0x152 },
    { 0x326, 0x328, 0x153 },
    { 0x400, 0x45F, 0x156 },
    { 0x490, 0x491, 0x1B6 },
    { 0x496, 0x497, 0x1B8 },
    { 0x49A, 0x49B, 0x1BA },
    { 0x4B0, 0x4B3, 0x1BC },
    { 0x4B6, 0x4B7, 0x1C0 },
    { 0x1EF2, 0x1EF3, 0x1C2 },
    { 0x2002, 0x2003, 0x1C4 },
    { 0x2007, 0x2007, 0x1C6 },
    { 0x2009, 0x2009, 0x1C7 },
    { 0x2012, 0x2015, 0x1C8 },
    { 0x2018, 0x201A, 0x1CC },
    { 0x201C, 0x201E, 0x1CF },
    { 0x2020, 0x2022, 0x1D2 },
    { 0x2026, 0x2026, 0x1D5 },
    { 0x2030, 0x2030, 0x1D6 },
    { 0x2032, 0x2033, 0x1D7 },
    { 0x2039, 0x203A, 0x1D9 },
    { 0x2044, 0x2044, 0x1DB },
    { 0x2070, 0x2070, 0x1DC },
    { 0x2074, 0x2079, 0x1DD },
    { 0x207F, 0x2089, 0x1E3 },
    { 0x20A9, 0x20A9, 0x1EE },
    { 0x20AC, 0x20AC, 0x1EF },
    { 0x20BD, 0x20BD, 0x1F0 },
    { 0x2202, 0x2202, 0x1F1 },
    { 0x220F, 0x220F, 0x1F2 },
    { 0x2211, 0x2212, 0x1F3 },
    { 0x221A, 0x221A, 0x1F5 },
    { 0x221E, 0x221E, 0x1F6 },
    { 0x222B, 0x222B, 0x1F7 },
    { 0x2248, 0x2248, 0x1F8 },
    { 0x2260, 0x2260, 0x1F9 },
    { 0x2264, 0x2265, 0x1FA },
    { 0xFB01, 0xFB02, 0x1FC },
};

static const EpdFontGroup responder_18_italicGroups[] = {
    { 0, 5735, 14269, 95, 0 },
    { 5735, 5699, 16131, 95, 95 },
    { 11434, 7361, 23908, 125, 190 },
    { 18795, 1240, 2911, 12, 315 },
    { 20035, 307, 502, 15, 327 },
    { 20342, 6985, 19911, 108, 342 },
    { 27327, 225, 483, 2, 450 },
    { 27552, 842, 1903, 24, 452 },
    { 28394, 804, 1707, 18, 476 },
    { 29198, 336, 724, 3, 494 },
    { 29534, 805, 1869, 11, 497 },
    { 30339, 219, 426, 2, 508 },
};

static const uint16_t responder_18_italicKernLeftCodepoints[] = {
    0x0020, 0x0021, 0x0023, 0x0024, 0x0028, 0x002A, 0x002B, 0x002C, 0x002D, 0x002E, 0x002F, 0x0030,
    0x0031, 0x0032, 0x0033, 0x0034, 0x0035, 0x0036, 0x0037, 0x0038, 0x0039, 0x003A, 0x003B, 0x003C,
    0x003D, 0x003E, 0x003F, 0x0040, 0x0041, 0x0042, 0x0043, 0x0044, 0x0045, 0x0046, 0x0047, 0x0048,
    0x0049, 0x004A, 0x004B, 0x004C, 0x004D, 0x004E, 0x004F, 0x0050, 0x0051, 0x0052, 0x0053, 0x0054,
    0x0055, 0x0056, 0x0057, 0x0058, 0x0059, 0x005A, 0x005B, 0x005C, 0x0061, 0x0062, 0x0063, 0x0064,
    0x0065, 0x0066, 0x0067, 0x0068, 0x0069, 0x006A, 0x006B, 0x006C, 0x006D, 0x006E, 0x006F, 0x0070,
    0x0071, 0x0072, 0x0073, 0x0074, 0x0075, 0x0076, 0x0077, 0x0078, 0x0079, 0x007A, 0x007B, 0x00A1,
    0x00A3, 0x00A5, 0x00A7, 0x00A9, 0x00AB, 0x00AE, 0x00B2, 0x00B7, 0x00B9, 0x00BB, 0x00BF, 0x00C0,
    0x00C1, 0x00C2, 0x00C3, 0x00C4, 0x00C5, 0x00C6, 0x00C7, 0x00C8, 0x00C9, 0x00CA, 0x00CB, 0x00CC,
    0x00CD, 0x00CE, 0x00CF, 0x00D0, 0x00D1, 0x00D2, 0x00D3, 0x00D4, 0x00D5, 0x00D6, 0x00D9, 0x00DA,
    0x00DB, 0x00DC, 0x00DD, 0x00DF, 0x00E0, 0x00E1, 0x00E2, 0x00E3, 0x00E4, 0x00E5, 0x00E6, 0x00E7,
    0x00E8, 0x00E9, 0x00EA, 0x00EB, 0x00ED, 0x00EE, 0x00EF, 0x00F0, 0x00F1, 0x00F2, 0x00F3, 0x00F4,
    0x00F5, 0x00F6, 0x00F8, 0x00F9, 0x00FA, 0x00FB, 0x00FC, 0x00FD, 0x00FE, 0x00FF, 0x0100, 0x0101,
    0x0102, 0x0103, 0x0104, 0x0105, 0x0106, 0x0107, 0x0108, 0x0109, 0x010A, 0x010B, 0x010C, 0x010D,
    0x010E, 0x010F, 0x0110, 0x0111, 0x0112, 0x0113, 0x0114, 0x0115, 0x0116, 0x0117, 0x0118, 0x0119,
    0x011A, 0x011B, 0x011C, 0x011D, 0x011E, 0x011F, 0x0120, 0x0121, 0x0122, 0x0123, 0x0124, 0x0125,
    0x0127, 0x0128, 0x0129, 0x012A, 0x012B, 0x012C, 0x012E, 0x0130, 0x0132, 0x0133, 0x0134, 0x0135,
    0x0136, 0x0137, 0x0139, 0x013D, 0x013E, 0x0141, 0x0143, 0x0144, 0x0145, 0x0146, 0x0147, 0x0148,
    0x014A, 0x014B, 0x014C, 0x014D, 0x014E, 0x014F, 0x0150, 0x0151, 0x0152, 0x0153, 0x0154, 0x0155,
    0x0156, 0x0157, 0x0158, 0x0159, 0x015A, 0x015B, 0x015C, 0x015D, 0x015E, 0x015F, 0x0160, 0x0161,
    0x0162, 0x0163, 0x0164, 0x0165, 0x0166, 0x0167, 0x0168, 0x0169, 0x016A, 0x016B, 0x016C, 0x016D,
    0x016E, 0x016F, 0x0170, 0x0171, 0x0172, 0x0173, 0x0174, 0x0175, 0x0176, 0x0177, 0x0178, 0x0179,
    0x017A, 0x017B, 0x017C, 0x017D, 0x017E, 0x01E6, 0x01E7, 0x01FA, 0x01FB, 0x01FC, 0x01FD, 0x01FF,
    0x0218, 0x0219, 0x021A, 0x021B, 0x0400, 0x0401, 0x0402, 0x0403, 0x0404, 0x0405, 0x0406, 0x0407,
    0x0408, 0x0409, 0x040A, 0x040B, 0x040C, 0x040D, 0x040E, 0x040F, 0x0410, 0x0411, 0x0412, 0x0413,
    0x0414, 0x0415, 0x0416, 0x0417, 0x0418, 0x0419, 0x041A, 0x041B, 0x041C, 0x041D, 0x041E, 0x041F,
    0x0420, 0x0421, 0x0422, 0x0423, 0x0424, 0x0425, 0x0426, 0x0427, 0x0428, 0x0429, 0x042A, 0x042B,
    0x042C, 0x042D, 0x042E, 0x042F, 0x0430, 0x0431, 0x0432, 0x0433, 0x0434, 0x0435, 0x0436, 0x0437,
    0x0438, 0x0439, 0x043A, 0x043B, 0x043C, 0x043D, 0x043E, 0x043F, 0x0440, 0x0441, 0x0442, 0x0443,
    0x0444, 0x0445, 0x0446, 0x0447, 0x0448, 0x0449, 0x044A, 0x044B, 0x044C, 0x044D, 0x044E, 0x044F,
    0x0450, 0x0451, 0x0452, 0x0453, 0x0454, 0x0455, 0x0456, 0x0457, 0x0458, 0x0459, 0x045A, 0x045B,
    0x045C, 0x045D, 0x045E, 0x045F, 0x0490, 0x0496, 0x0497, 0x049A, 0x049B, 0x04B0, 0x04B2, 0x04B3,
    0x04B6, 0x04B7, 0x1EF2, 0x1EF3, 0x2013, 0x2014, 0x2018, 0x2019, 0x201A, 0x201C, 0x201D, 0x201E,
    0x2020, 0x2021, 0x2022, 0x2026, 0x2039, 0x203A, 0x2070, 0x2074, 0x2075, 0x2076, 0x2077, 0x2078,
    0x2079, 0x207F, 0x2080, 0x2081, 0x2082, 0x2083, 0x2084, 0x2085, 0x2086, 0x2087, 0x2088, 0x2089,
    0x20AC, 0x2212, 0x2264, 0x2265, 0xFB01, 0xFB02,
};

static const uint8_t responder_18_italicKernLeftClassIds[] = {
      1,   2,   3,   4,   5,   6,   7,   8,   9,  10,  11,  12,  13,  14,  15,  16,
     17,  18,  19,  20,  21,  22,  23,  24,  25,  26,  27,  28,  29,  30,  31,  32,
     33,  34,  35,  36,  37,  38,  39,  40,  41,  36,  32,  42,  32,  43,  44,  45,
     46,  47,  48,  39,  49,  50,  51,  52,  53,  54,  55,  56,  57,  58,  59,  60,
     61,  62,  63,  64,  60,  60,  54,  54,  65,  66,  67,  68,  69,  70,  71,  63,
     72,  73,  74,  75,  76,  77,  78,  79,  80,  79,  81,  82,  83,  84,  85,  29,
     29,  29,  29,  29,  29,  33,  31,  33,  33,  33,  33,  37,  37,  37,  37,  32,
     36,  32,  32,  32,  32,  32,  46,  46,  46,  46,  49,  86,  53,  53,  53,  53,
     53,  53,  57,  55,  57,  57,  57,  57,  87,  88,  89,  90,  60,  54,  54,  54,
     54,  54,  54,  69,  69,  69,  69,  72,  54,  72,  29,  53,  29,  53,  29,  53,
     31,  55,  31,  55,  31,  55,  31,  55,  32,  91,  32,  92,  33,  57,  33,  57,
     33,  57,  33,  57,  33,  57,  35,  59,  35,  59,  35,  59,  35,  59,  36,  60,
     60,  37,  93,  37,  94,  37,  37,  37,  38,  62,  38,  88,  39,  63,  95,  91,
     96,  97,  36,  60,  36,  60,  36,  60,  36,  60,  32,  54,  32,  54,  32,  54,
     33,  57,  43,  66,  43,  66,  43,  66,  44,  67,  44,  67,  44,  67,  44,  67,
     45,  68,  45,  68,  45,  68,  46,  69,  46,  69,  46,  69,  46,  69,  46,  69,
     46,  69,  48,  71,  49,  72,  49,  50,  73,  50,  73,  50,  73,  35,  59,  29,
     53,  33,  57,  54,  44,  67,  45,  68,  98,  98,  99, 100, 101, 102, 103, 104,
    103, 105, 105, 106, 107, 103, 108, 103, 109, 110, 111, 100, 112,  98, 107, 111,
    103, 103, 107, 113, 114, 103, 115, 103, 116, 117, 118, 108, 115, 107, 119, 103,
    103, 119, 105, 103, 105, 115, 115, 103, 120, 121, 122, 123, 124, 125, 126, 122,
    120, 120, 126, 127, 127, 120, 128, 120, 128, 129, 120, 120, 128, 126, 130, 131,
    120, 130, 132, 120, 132, 128, 128, 120, 125, 133, 134, 123, 135, 136, 137, 138,
    137, 132, 132, 139, 126, 120, 120, 120, 100, 140, 141, 140, 141, 142, 140, 141,
    119, 130,  49,  72,   9,   9, 143, 144,   8, 143, 144,   8, 145, 146, 147,  10,
     80,  84, 148, 149, 150, 151, 152, 153, 154, 155, 156, 157, 158, 159, 160, 161,
    162, 163, 164, 165, 166, 167,  24,  26,  61,  64,
};

static const uint16_t responder_18_italicKernRightCodepoints[] = {
    0x0020, 0x0021, 0x0022, 0x0025, 0x0027, 0x0029, 0x002A, 0x002B, 0x002C, 0x002D, 0x002E, 0x002F,
    0x0030, 0x0031, 0x0032, 0x0033, 0x0034, 0x0035, 0x0036, 0x0037, 0x0038, 0x0039, 0x003A, 0x003B,
    0x003C, 0x003D, 0x003E, 0x003F, 0x0040, 0x0041, 0x0042, 0x0043, 0x0044, 0x0045, 0x0046, 0x0047,
    0x0048, 0x0049, 0x004A, 0x004B, 0x004C, 0x004D, 0x004E, 0x004F, 0x0050, 0x0051, 0x0052, 0x0053,
    0x0054, 0x0055, 0x0056, 0x0057, 0x0058, 0x0059, 0x005A, 0x005C, 0x005D, 0x0061, 0x0062, 0x0063,
    0x0064, 0x0065, 0x0066, 0x0067, 0x0068, 0x0069, 0x006A, 0x006B, 0x006C, 0x006D, 0x006E, 0x006F,
    0x0070, 0x0071, 0x0072, 0x0073, 0x0074, 0x0075, 0x0076, 0x0077, 0x0078, 0x0079, 0x007A, 0x007D,
    0x00A1, 0x00A2, 0x00A9, 0x00AA, 0x00AB, 0x00AC, 0x00AE, 0x00B0, 0x00B1, 0x00B2, 0x00B7, 0x00B9,
    0x00BA, 0x00BB, 0x00BF, 0x00C0, 0x00C1, 0x00C2, 0x00C3, 0x00C4, 0x00C5, 0x00C6, 0x00C7, 0x00C8,
    0x00C9, 0x00CA, 0x00CB, 0x00D0, 0x00D1, 0x00D2, 0x00D3, 0x00D4, 0x00D5, 0x00D6, 0x00D7, 0x00D9,
    0x00DA, 0x00DB, 0x00DC, 0x00DD, 0x00DE, 0x00DF, 0x00E0, 0x00E1, 0x00E2, 0x00E3, 0x00E4, 0x00E5,
    0x00E6, 0x00E7, 0x00E8, 0x00E9, 0x00EA, 0x00EB, 0x00EC, 0x00ED, 0x00EE, 0x00EF, 0x00F0, 0x00F1,
    0x00F2, 0x00F3, 0x00F4, 0x00F5, 0x00F6, 0x00F7, 0x00F8, 0x00F9, 0x00FA, 0x00FB, 0x00FC, 0x00FD,
    0x00FE, 0x00FF, 0x0100, 0x0101, 0x0102, 0x0103, 0x0104, 0x0105, 0x0106, 0x0107, 0x0108, 0x0109,
    0x010A, 0x010B, 0x010C, 0x010D, 0x010E, 0x010F, 0x0110, 0x0111, 0x0112, 0x0113, 0x0114, 0x0115,
    0x0116, 0x0117, 0x0118, 0x0119, 0x011A, 0x011B, 0x011C, 0x011D, 0x011E, 0x011F, 0x0120, 0x0121,
    0x0122, 0x0123, 0x0124, 0x0125, 0x0127, 0x0129, 0x012B, 0x012D, 0x012F, 0x0131, 0x0132, 0x0133,
    0x0134, 0x0135, 0x0136, 0x0137, 0x0139, 0x013A, 0x013B, 0x013D, 0x013F, 0x0140, 0x0142, 0x0143,
    0x0144, 0x0145, 0x0146, 0x0147, 0x0148, 0x014A, 0x014B, 0x014C, 0x014D, 0x014E, 0x014F, 0x0150,
    0x0151, 0x0152, 0x0153, 0x0154, 0x0155, 0x0156, 0x0157, 0x0158, 0x0159, 0x015A, 0x015B, 0x015C,
    0x015D, 0x015E, 0x015F, 0x0160, 0x0161, 0x0162, 0x0163, 0x0164, 0x0165, 0x0166, 0x0167, 0x0168,
    0x0169, 0x016A, 0x016B, 0x016C, 0x016D, 0x016E, 0x016F, 0x0170, 0x0171, 0x0172, 0x0173, 0x0174,
    0x0175, 0x0176, 0x0177, 0x0178, 0x0179, 0x017A, 0x017B, 0x017C, 0x017D, 0x017E, 0x01E6, 0x01E7,
    0x01FA, 0x01FB, 0x01FC, 0x01FD, 0x01FF, 0x0218, 0x0219, 0x021A, 0x021B, 0x0400, 0x0401, 0x0402,
    0x0403, 0x0404, 0x0405, 0x0406, 0x0407, 0x0408, 0x0409, 0x040A, 0x040B, 0x040C, 0x040D, 0x040E,
    0x040F, 0x0410, 0x0411, 0x0412, 0x0413, 0x0414, 0x0415, 0x0416, 0x0417, 0x0418, 0x0419, 0x041A,
    0x041B, 0x041C, 0x041D, 0x041E, 0x041F, 0x0420, 0x0421, 0x0422, 0x0423, 0x0424, 0x0425, 0x0426,
    0x0427, 0x0428, 0x0429, 0x042A, 0x042B, 0x042C, 0x042D, 0x042E, 0x042F, 0x0430, 0x0431, 0x0432,
    0x0433, 0x0434, 0x0435, 0x0436, 0x0437, 0x0438, 0x0439, 0x043A, 0x043B, 0x043C, 0x043D, 0x043E,
    0x043F, 0x0440, 0x0441, 0x0442, 0x0443, 0x0444, 0x0445, 0x0446, 0x0447, 0x0448, 0x0449, 0x044A,
    0x044B, 0x044C, 0x044D, 0x044E, 0x044F, 0x0450, 0x0451, 0x0452, 0x0453, 0x0454, 0x0455, 0x0456,
    0x0457, 0x0458, 0x0459, 0x045A, 0x045B, 0x045C, 0x045D, 0x045E, 0x045F, 0x0490, 0x0491, 0x0496,
    0x0497, 0x049A, 0x049B, 0x04B0, 0x04B1, 0x04B2, 0x04B3, 0x04B6, 0x04B7, 0x1EF2, 0x1EF3, 0x2013,
    0x2014, 0x2018, 0x2019, 0x201A, 0x201C, 0x201D, 0x201E, 0x2020, 0x2021, 0x2022, 0x2026, 0x2030,
    0x2032, 0x2033, 0x2039, 0x203A, 0x2070, 0x2074, 0x2075, 0x2076, 0x2077, 0x2078, 0x2079, 0x207F,
    0x2080, 0x2081, 0x2082, 0x2083, 0x2084, 0x2085, 0x2086, 0x2087, 0x2088, 0x2089, 0x20AC, 0x2212,
    0x2248, 0x2260, 0x2264, 0x2265, 0xFB01, 0xFB02,
};

static const uint8_t responder_18_italicKernRightClassIds[] = {
      1,   2,   3,   4,   3,   5,   6,   7,   8,   9,  10,  11,  12,  13,  14,  15,
     16,  17,  18,  19,  20,  21,  22,  23,  24,  25,  26,  27,  28,  29,  30,  31,
     30,  30,  30,  31,  30,  32,  33,  30,  30,  34,  30,  31,  30,  31,  30,  35,
     36,  37,  38,  39,  40,  41,  42,  43,  44,  45,  46,  47,  45,  47,  48,  49,
     30,  50,  51,  46,  46,  52,  52,  47,  52,  45,  52,  53,  54,  55,  56,  57,
     58,  59,  60,  61,  62,  63,  64,  65,  66,  67,  64,  68,  69,  70,  71,  72,
     65,  73,  74,  29,  29,  29,  29,  29,  29,  75,  31,  30,  30,  30,  30,  76,
     30,  31,  31,  31,  31,  31,  77,  37,  37,  37,  37,  41,  30,  78,  45,  45,
     45,  45,  45,  45,  45,  47,  47,  47,  47,  47,  79,  80,  81,  82,  31,  52,
     47,  47,  47,  47,  47,  83,  47,  55,  55,  55,  55,  59,  46,  59,  29,  45,
     29,  45,  29,  45,  31,  47,  31,  47,  31,  47,  31,  47,  30,  29,  76,  29,
     30,  47,  30,  47,  30,  47,  30,  47,  30,  47,  31,  49,  31,  49,  31,  49,
     31,  49,  30,  30,  84,  85,  86,  87,  88,  89,  32,  50,  33,  90,  30,  46,
     30,  91,  30,  30,  30,  46,  92,  30,  52,  30,  52,  30,  52,  30,  52,  31,
     47,  31,  47,  31,  47,  31,  47,  30,  52,  30,  52,  30,  52,  35,  53,  35,
     53,  35,  53,  35,  53,  36,  54,  36,  54,  36,  54,  37,  55,  37,  55,  37,
     55,  37,  55,  37,  55,  37,  55,  39,  57,  41,  59,  41,  42,  60,  42,  60,
     42,  60,  31,  49,  29,  45,  75,  45,  47,  35,  53,  36,  54,  93,  93,  94,
     93,  95,  96,  93,  97,  98,  99,  93,  94,  93,  93, 100,  93, 101,  93,  93,
     93, 102,  93, 103, 104,  93,  93,  93,  99, 105,  93, 106,  93,  93, 106,  94,
    100, 106, 103,  93, 107,  93,  93, 108,  93,  93, 109,  93, 110, 111, 111, 112,
    113, 114, 115, 116, 117, 118, 118, 118, 119, 119, 118, 115, 118, 118, 115, 118,
    118, 115, 116, 118, 120, 118, 118, 121, 118, 118, 122, 118, 123, 115, 115, 124,
    113, 115, 125, 126, 127, 128, 129, 118, 124, 118, 118, 118, 118,  93, 130, 103,
    116,  93, 118, 131, 132, 103, 116, 107, 120,  41,  59,   9,   9, 133, 134,   8,
    133, 134,   8, 135, 136, 137,  10,   4,   3,   3,  66,  73, 138, 139, 140, 141,
    142, 143, 144, 145, 146, 147, 148, 149, 150, 151, 152, 153, 154, 155, 156, 157,
    158, 159,  24,  26,  48,  48,
};

static const uint16_t responder_18_italicKernRowOffsets[] = {
        0,     1,     4,     7,    14,    51,    81,    84,   130,   160,   202,   262,   283,   305,   333,   355,
      384,   398,   430,   474,   497,   525,   535,   543,   552,   553,   561,   570,   587,   634,   675,   722,
      757,   789,   847,   885,   915,   946,   978,  1028,  1083,  1092,  1145,  1194,  1238,  1306,  1346,  1407,
     1459,  1520,  1563,  1599,  1637,  1665,  1704,  1735,  1742,  1780,  1829,  1857,  1883,  1914,  1947,  1988,
     2026,  2063,  2101,  2131,  2166,  2197,  2245,  2288,  2329,  2361,  2389,  2398,  2401,  2408,  2409,  2420,
     2440,  2472,  2485,  2519,  2537,  2564,  2565,  2567,  2569,  2572,  2573,  2606,  2607,  2609,  2610,  2611,
     2628,  2631,  2653,  2681,  2733,  2750,  2766,  2787,  2802,  2831,  2844,  2878,  2921,  2940,  2962,  2985,
     3004,  3016,  3029,  3053,  3084,  3111,  3154,  3188,  3201,  3219,  3234,  3257,  3279,  3292,  3310,  3325,
     3343,  3360,  3373,  3380,  3399,  3413,  3422,  3431,  3438,  3444,  3457,  3465,  3468,  3473,  3474,  3499,
     3520,  3533,  3539,  3556,  3590,  3625,  3659,  3695,  3734,  3769,  3805,  3836,  3872,  3907,  3942,  3972,
     4005,  4037,  4068,  4100,  4130,  4165,  4174,  4176,
};

static const uint8_t responder_18_italicKernSparseCols[] = {
      8, 107, 109, 120,  14,  15,  20,  11,  13,  14,  15,  17,  18,  20,  11,  15,
     17,  20,  28,  30,  31,  34,  35,  36,  44,  46,  48,  49,  51,  52,  53,  54,
     55,  56,  57,  58,  59,  94,  96,  97,  98, 105, 107, 110, 114, 118, 119, 126,
    127, 128, 155,  18,  28,  35,  37,  38,  40,  46,  53,  55,  56,  57,  58,  59,
     93,  98,  99, 100, 101, 102, 107, 109, 110, 113, 114, 116, 118, 120, 122, 126,
    128,  13,  18,  35,  10,  11,  12,  15,  17,  18,  20,  30,  32,  35,  37,  38,
     39,  40,  47,  48,  53,  55,  56,  58,  93,  94,  97,  98, 100, 101, 105, 106,
    107, 108, 109, 110, 112, 113, 114, 115, 117, 118, 119, 120, 122, 126, 127, 128,
    132, 133,  28,  34,  35,  36,  37,  38,  39,  40,  41,  53,  55,  56,  57,  58,
     59,  93,  95,  98,  99, 101, 102, 106, 107, 109, 113, 115, 116, 118, 122, 128,
      3,  11,  12,  15,  18,  20,  30,  35,  36,  37,  38,  40,  45,  46,  47,  50,
     53,  54,  55,  56,  57,  58,  93,  94,  97,  98, 101, 105, 106, 107, 109, 110,
    112, 113, 114, 116, 117, 119, 120, 123, 132, 133,   9,  10,  11,  13,  14,  15,
     17,  19,  20,  28,  30,  31,  32,  34,  37,  38,  39,  40,  41,  42,  44,  45,
     46,  47,  48,  51,  52,  53,  54,  55,  56,  57,  58,  59,  79,  80,  81,  84,
     93,  94,  98, 100, 101, 103, 107, 109, 110, 112, 113, 114, 115, 116, 117, 118,
    119, 121, 122, 124, 126, 128,   4,   7,   9,  10,  12,  13,  18,  43,  60,  69,
     71, 137, 139, 140, 143, 145, 149, 151, 152, 153, 154,   3,   7,   9,  10,  12,
     13,  15,  17,  18,  19,  20,  21,  22,  23,  25,  62,  64,  71, 140, 141, 142,
    148,   3,   6,  11,  12,  15,  18,  19,  23,  25,  42,  62,  64,  69,  71, 138,
    139, 140, 141, 142, 145, 146, 147, 149, 150, 151, 152, 153, 154,   3,  10,  12,
     18,  64,  69,  71, 138, 139, 140, 141, 142, 143, 145, 146, 147, 148, 149, 150,
    151, 152, 153,   3,   9,  10,  12,  13,  16,  18,  20,  21,  22,  25,  69,  71,
    137, 138, 139, 140, 141, 142, 143, 145, 146, 147, 148, 149, 150, 152, 153, 154,
      3,  18,  20,  22,  23,  25, 145, 146, 147, 148, 149, 150, 151, 152,   3,   4,
      9,  10,  12,  14,  18,  20,  21,  23,  25,  43,  60,  69,  71, 137, 138, 139,
    140, 141, 142, 143, 145, 146, 147, 148, 149, 150, 151, 152, 153, 154,   3,   5,
      6,   7,   9,  10,  11,  13,  14,  15,  16,  17,  19,  20,  21,  22,  23,  24,
     25,  46,  48,  60,  62,  67,  69,  71, 137, 138, 139, 140, 141, 142, 143, 145,
    146, 147, 148, 149, 150, 151, 152, 153, 154, 156,   3,   7,  10,  12,  18,  20,
     23,  25,  69,  71, 138, 139, 141, 142, 143, 145, 146, 147, 148, 149, 150, 151,
    152,   3,   4,   7,   9,  10,  12,  13,  15,  18,  20,  23,  25,  43,  60,  69,
     71, 137, 138, 139, 140, 141, 143, 145, 149, 150, 151, 153, 154,  12,  18,  35,
     37,  38,  40,  53, 107, 109, 120,  12,  15,  17,  18,  35,  40,  93, 109,  12,
     13,  14,  15,  16,  17,  18,  19,  20,  18,  12,  13,  14,  15,  16,  18,  19,
     20,  73,  96,  99, 107, 108, 109, 115, 120, 133,  35,  36,  37,  38,  39,  40,
     47,  55,  56,  57,  58,  93, 101, 102, 115, 120, 122,   4,   5,   8,  10,  26,
     27,  30,  32,  34,  35,  36,  37,  38,  40,  42,  43,  46,  47,  51,  52,  53,
     55,  56,  57,  58,  60,  63,  69,  71, 133, 137, 138, 139, 140, 141, 142, 143,
    144, 145, 146, 147, 148, 149, 150, 152, 153, 154,   4,  26,  32,  35,  37,  38,
     39,  40,  42,  46,  47,  50,  53,  55,  56,  57,  58,  60,  69,  71,  77,  80,
     89, 133, 137, 138, 139, 140, 141, 142, 143, 144, 145, 146, 147, 148, 149, 150,
    151, 152, 154,   4,   5,   8,  26,  30,  33,  35,  36,  37,  38,  39,  40,  44,
     46,  47,  53,  54,  55,  56,  57,  58,  59,  63,  65,  69,  71,  80,  81,  84,
     89, 137, 138, 139, 140, 141, 142, 143, 144, 145, 146, 147, 148, 149, 150, 152,
    153, 154,   4,   7,   9,  10,  26,  35,  36,  37,  38,  39,  40,  41,  42,  43,
     47,  53,  57,  60,  71, 133, 137, 138, 139, 140, 141, 142, 143, 145, 147, 149,
    150, 151, 152, 153, 154,   5,  27,  30,  32,  35,  37,  38,  40,  41,  44,  46,
     47,  48,  53,  55,  56,  58,  71,  80,  81,  84,  89, 133, 141, 145, 146, 147,
    149, 150, 152, 153, 154,   4,   5,   7,   9,  10,  21,  22,  26,  27,  28,  29,
     30,  31,  34,  35,  37,  39,  40,  43,  44,  46,  47,  48,  51,  52,  53,  54,
     55,  56,  57,  58,  59,  60,  69,  71,  77,  78,  81,  84,  89, 133, 137, 138,
    139, 140, 142, 143, 144, 145, 146, 147, 148, 149, 150, 151, 152, 153, 154,   4,
      7,  10,  26,  28,  32,  35,  36,  37,  38,  40,  42,  43,  45,  47,  50,  53,
     55,  56,  58,  69,  71, 133, 137, 138, 139, 140, 141, 142, 145, 146, 147, 148,
    150, 151, 152, 153, 154,   7,  26,  32,  35,  37,  38,  40,  47,  48,  53,  69,
     71,  77,  80,  81,  84,  89, 133, 138, 140, 141, 142, 143, 146, 147, 149, 150,
    151, 152, 154,   4,  26,  35,  38,  40,  44,  45,  46,  47,  53,  58,  69,  71,
     77,  81,  84,  89, 137, 138, 139, 140, 141, 142, 143, 146, 147, 149, 150, 151,
    152, 154,   4,   7,  32,  34,  40,  42,  44,  46,  47,  53,  54,  55,  56,  58,
     69,  71,  81,  84,  89, 137, 138, 139, 140, 141, 142, 143, 145, 146, 149, 151,
    152, 154,   7,   8,   9,  10,  26,  27,  30,  35,  36,  39,  44,  45,  46,  47,
     49,  51,  53,  55,  56,  58,  63,  65,  69,  71,  78,  80,  81,  84,  85,  86,
     87,  88,  89, 133, 137, 139, 141, 142, 143, 144, 145, 146, 147, 148, 149, 150,
    151, 152, 153, 154,   4,   5,   8,  10,  22,  26,  29,  30,  31,  32,  33,  34,
     35,  36,  37,  38,  39,  40,  42,  44,  46,  47,  48,  51,  52,  53,  54,  55,
     56,  57,  58,  63,  65,  69,  71,  72, 133, 137, 138, 139, 140, 141, 142, 143,
    144, 145, 146, 147, 148, 149, 150, 151, 152, 153, 154,  32,  35,  37,  38,  40,
     47,  53,  54,  58,   4,   7,   8,   9,  10,  22,  26,  28,  29,  31,  32,  34,
     35,  37,  39,  40,  41,  42,  43,  44,  46,  47,  48,  49,  51,  52,  53,  54,
     57,  59,  60,  63,  69,  71,  80,  84,  89, 137, 138, 139, 141, 142, 144, 145,
    146, 147, 148, 149, 150, 151, 152, 153, 154,   4,   7,  10,  26,  27,  28,  30,
     32,  35,  36,  37,  38,  40,  42,  43,  44,  46,  47,  48,  53,  54,  55,  56,
     57,  58,  59,  60,  65,  69,  71, 133, 137, 138, 139, 140, 141, 142, 143, 144,
    145, 146, 147, 148, 149, 150, 151, 152, 153, 154,   4,   7,  26,  34,  35,  37,
     38,  40,  41,  42,  43,  44,  45,  46,  48,  50,  51,  53,  55,  56,  57,  58,
     59,  60,  69,  71, 133, 137, 138, 139, 140, 141, 142, 143, 144, 145, 146, 147,
    148, 149, 150, 151, 152, 153,   4,   5,   7,   8,   9,  10,  21,  22,  26,  27,
     28,  29,  30,  31,  33,  34,  35,  36,  37,  40,  42,  44,  45,  46,  47,  48,
     49,  50,  51,  52,  53,  54,  55,  56,  57,  58,  59,  63,  65,  69,  71,  72,
     74,  77,  78,  80,  81,  84,  89, 133, 137, 138, 139, 140, 141, 142, 143, 144,
    145, 146, 147, 148, 149, 150, 151, 152, 153, 154,   4,   7,   8,   9,  10,  26,
     27,  28,  35,  38,  39,  40,  43,  46,  53,  57,  69,  71,  72,  78,  80,  84,
    137, 138, 139, 140, 141, 142, 143, 144, 145, 146, 147, 148, 149, 150, 151, 152,
    153, 154,   5,   7,   8,   9,  10,  21,  22,  26,  27,  28,  31,  33,  34,  35,
     36,  44,  46,  47,  48,  49,  50,  51,  52,  53,  54,  55,  56,  57,  58,  59,
     63,  65,  69,  71,  72,  77,  78,  80,  81,  84,  85,  89, 133, 137, 138, 139,
    140, 141, 142, 143, 144, 145, 146, 147, 148, 149, 150, 151, 152, 153, 154,   5,
      7,   8,   9,  10,  21,  27,  28,  31,  38,  44,  45,  46,  48,  49,  50,  51,
     52,  53,  54,  55,  57,  58,  59,  63,  65,  69,  72,  78,  80,  81,  84,  89,
    133, 137, 138, 139, 140, 141, 142, 143, 144, 145, 146, 147, 148, 149, 150, 151,
    152, 153, 154,   0,   5,   7,   8,   9,  10,  21,  22,  27,  28,  29,  30,  31,
     32,  34,  35,  36,  44,  46,  47,  48,  49,  51,  52,  53,  54,  55,  56,  57,
     58,  59,  60,  63,  65,  69,  71,  72,  74,  77,  78,  80,  81,  84, 137, 138,
    139, 140, 141, 142, 143, 144, 145, 146, 147, 148, 149, 150, 151, 152, 153, 154,
      7,   8,  10,  30,  32,  34,  35,  36,  40,  43,  44,  46,  47,  48,  53,  55,
     56,  58,  65,  69,  71,  72,  78,  80,  81,  84, 133, 137, 139, 140, 141, 142,
    143, 145, 146, 147, 148, 149, 150, 151, 152, 153, 154,  11,  15,  17,  20,  28,
     30,  34,  36,  41,  44,  45,  46,  48,  50,  51,  52,  53,  54,  55,  56,  57,
     93,  94,  96,  97,  98, 105, 107, 109, 110, 114, 119, 120, 122, 126, 127,  28,
     30,  35,  37,  38,  40,  42,  44,  45,  46,  47,  53,  54,  55,  56,  57,  58,
     93,  94,  97,  98,  99, 100, 101, 102, 105, 106, 107, 108, 109, 110, 114, 115,
    116, 118, 119, 121, 128,   4,  26,  42,  46,  47,  52,  53,  56,  60,  69,  71,
    133, 137, 138, 139, 140, 141, 142, 143, 146, 147, 148, 149, 150, 151, 152, 153,
    154,   4,   5,   9,  10,  18,  26,  35,  40,  42,  43,  47,  53,  55,  56,  57,
     59,  60,  65,  69,  71,  72, 133, 137, 138, 139, 140, 141, 142, 143, 144, 145,
    146, 147, 149, 150, 151, 152, 153, 154,   4,   8,  10,  22,  26,  28,  39,  42,
     46,  52,  59,  65,  69,  71, 137, 138, 139, 140, 141, 142, 144, 145, 146, 147,
    148, 149, 150, 151, 152, 153, 154,  45,  47,  53,  71,  80,  83, 149,   4,   7,
     26,  40,  42,  43,  45,  47,  51,  52,  53,  55,  56,  57,  58,  59,  60,  63,
     69,  71, 133, 137, 138, 139, 140, 141, 142, 143, 144, 145, 146, 147, 148, 149,
    151, 152, 153, 154,   1,   4,   5,   7,   8,   9,  10,  22,  26,  27,  42,  43,
     44,  45,  46,  47,  48,  49,  50,  51,  52,  53,  54,  57,  60,  63,  65,  69,
     71,  72, 133, 137, 138, 139, 140, 141, 142, 143, 144, 145, 146, 147, 148, 149,
    150, 151, 152, 153, 154,   4,  26,  35,  42,  47,  53,  55,  65,  69,  71, 137,
    138, 139, 140, 141, 142, 143, 144, 145, 146, 147, 148, 149, 150, 151, 152, 153,
    154,   4,  26,  35,  42,  47,  53,  55,  69,  71, 133, 137, 138, 139, 140, 141,
    142, 143, 144, 146, 147, 148, 149, 150, 152, 153, 154,   4,  26,  42,  45,  52,
     53,  56,  69,  71,  80,  81,  84,  89, 133, 137, 138, 139, 140, 141, 142, 143,
    144, 145, 146, 147, 148, 149, 150, 152, 153, 154,   4,  21,  26,  42,  45,  53,
     59,  65,  69,  71,  78,  80,  81,  84,  89, 133, 137, 138, 139, 140, 141, 142,
    143, 144, 145, 146, 147, 148, 150, 151, 152, 153, 154,   4,   5,   7,   8,   9,
     10,  26,  27,  35,  39,  42,  43,  44,  46,  47,  49,  53,  55,  60,  65,  69,
     71, 133, 137, 138, 139, 140, 141, 142, 143, 144, 145, 146, 147, 148, 149, 150,
    151, 152, 153, 154,   4,   5,   7,  10,  26,  42,  45,  47,  49,  53,  55,  58,
     65,  69,  71,  78,  80,  81,  83,  84, 133, 137, 138, 139, 140, 141, 142, 144,
    145, 146, 147, 148, 149, 150, 151, 152, 153, 154,   4,   5,   7,  22,  26,  32,
     42,  44,  45,  46,  47,  49,  50,  53,  54,  57,  58,  65,  69,  71, 138, 139,
    140, 141, 142, 143, 144, 145, 146, 147, 148, 149, 150, 151, 152, 153, 154,   4,
      7,   8,   9,  10,  21,  26,  28,  35,  42,  44,  45,  46,  47,  48,  49,  53,
     57,  65,  69,  71, 133, 138, 139, 140, 142, 143, 144, 145, 146, 147, 148, 149,
    150, 151, 152, 153, 154,   4,   7,  26,  42,  43,  44,  47,  49,  53,  55,  56,
     60,  65,  71, 133, 137, 138, 140, 141, 142, 143, 145, 146, 147, 148, 149, 150,
    152, 153, 154,   4,   7,   8,  26,  42,  43,  44,  46,  47,  48,  49,  50,  53,
     55,  56,  65,  69,  71, 133, 137, 138, 140, 141, 142, 144, 145, 146, 147, 148,
    149, 150, 151, 152, 153, 154,   2,   4,   7,  26,  35,  42,  43,  47,  53,  56,
     60,  65,  69,  71, 133, 138, 139, 140, 141, 143, 144, 145, 146, 147, 148, 149,
    150, 151, 152, 153, 154,   4,   5,   7,   8,   9,  10,  21,  26,  27,  28,  35,
     42,  43,  44,  45,  46,  47,  49,  50,  51,  52,  53,  54,  55,  60,  65,  69,
     71,  72, 133, 137, 138, 139, 140, 141, 142, 143, 144, 145, 146, 147, 148, 149,
    150, 151, 152, 153, 154,   4,   5,   7,   8,   9,  10,  26,  27,  28,  35,  42,
     43,  44,  46,  47,  48,  49,  52,  53,  55,  56,  57,  60,  65,  69,  71,  72,
    133, 138, 140, 141, 143, 144, 145, 146, 147, 148, 149, 150, 151, 152, 153, 154,
      4,   5,   7,   8,   9,  10,  26,  27,  35,  42,  44,  46,  47,  48,  49,  52,
     53,  55,  56,  57,  58,  59,  65,  69,  71,  72, 133, 138, 142, 143, 144, 145,
    146, 147, 148, 149, 150, 151, 152, 153, 154,   4,   5,   7,   8,  26,  35,  42,
     44,  46,  47,  48,  53,  55,  65,  69,  71, 137, 138, 139, 140, 141, 142, 145,
    146, 147, 148, 149, 150, 151, 152, 153, 154,  11,  15,  17,  20,  28,  30,  34,
     40,  44,  46,  48,  52,  54,  55,  56,  57,  58,  94,  97,  98, 105, 107, 109,
    110, 114, 119, 126, 127,  26,  30,  32,  35,  37,  38,  40,  45,  50,  11,  12,
     17,  11,  13,  14,  15,  17,  19,  20,  12,  35,  37,  38,  40,  93,  97, 106,
    118, 119, 120, 128,  35,  36,  37,  38,  40,  41,  46,  47,  48,  53,  54,  55,
     56,  58,  93,  99, 100, 105, 107, 109,   6,   8,  23,  28,  30,  34,  35,  36,
     37,  38,  39,  40,  41,  45,  46,  47,  48,  49,  50,  51,  52,  53,  54,  55,
     56,  58,  59,  68,  69,  76,  82, 156,   5,  93,  99, 102, 106, 115, 118, 119,
    120, 121, 122, 123, 128,   6,   8,  23,  25,  28,  29,  30,  31,  34,  35,  36,
     37,  38,  40,  41,  45,  46,  47,  48,  49,  50,  51,  52,  53,  54,  55,  56,
     58,  59,  68,  69,  76,  82, 156,  35,  37,  38,  40,  41,  45,  46,  47,  50,
     52,  53,  54,  55,  56,  57,  58,  59,  65,  28,  29,  30,  31,  32,  34,  35,
     36,  37,  38,  39,  40,  41,  44,  45,  46,  47,  49,  50,  51,  52,  53,  54,
     55,  56,  57,  59,  46,  49,  50,  49,  50,  49,  50,  81,  54,  30,  31,  34,
     35,  36,  38,  39,  40,  41,  44,  45,  47,  49,  50,  51,  53,  54,  55,  56,
     57,  58,  75,  77,  78,  79,  80,  81,  84,  85,  86,  87,  89,  91,  49,  49,
     50,  45,  90,  44,  46,  47,  48,  51,  52,  53,  54,  55,  56,  57,  58,  59,
     79,  80,  81,  84,  56,  58,  91,  22,  93,  94,  97, 105, 106, 107, 108, 110,
    112, 113, 114, 116, 117, 119, 120, 121, 122, 123, 124, 125, 126,   5,   7,  22,
     26,  42,  93,  94,  96,  97,  98, 101, 102, 103, 105, 106, 107, 110, 113, 114,
    115, 119, 120, 121, 122, 126, 127, 132, 134,   1,   5,   7,   8,   9,  10,  21,
     22,  26,  27,  42,  63,  70,  72,  92,  93,  94,  95,  96,  98,  99, 100, 101,
    102, 103, 104, 105, 106, 107, 108, 109, 110, 111, 112, 113, 114, 115, 116, 117,
    118, 119, 121, 122, 123, 124, 125, 126, 127, 129, 134, 135, 136,  42,  93,  99,
    100, 102, 107, 108, 109, 110, 113, 114, 116, 119, 120, 123, 124, 126,  22,  93,
     94,  97, 101, 106, 107, 110, 112, 118, 119, 122, 123, 124, 126, 127,  22,  26,
     92,  93,  96,  97,  98, 100, 101, 103, 104, 107, 110, 116, 117, 118, 119, 120,
    123, 126, 127,   4,  42,  43,  96,  99, 101, 102, 107, 109, 114, 119, 120, 123,
    126, 132,   4,   9,  26,  42,  43,  60,  93,  95,  97,  99, 101, 102, 103, 106,
    107, 108, 109, 112, 115, 116, 117, 118, 119, 120, 121, 124, 126, 132, 134,  10,
     21,  26,  42,  93,  97,  99, 103, 106, 116, 119, 120, 132,   5,   7,   8,  26,
     27,  42,  70,  72,  93,  94,  96,  97,  99, 101, 105, 106, 107, 108, 109, 110,
    112, 113, 114, 116, 119, 120, 123, 124, 125, 126, 127, 134, 135, 136,   5,   7,
      8,   9,  10,  21,  22,  26,  27,  42,  63,  70,  72,  93,  94,  96,  98, 100,
    101, 103, 104, 105, 107, 109, 110, 113, 114, 115, 116, 117, 118, 119, 120, 121,
    122, 123, 124, 125, 126, 127, 132, 135, 136,   5,   8,  26,  42,  60,  72,  93,
    101, 103, 105, 106, 109, 110, 112, 114, 119, 120, 124, 132,   5,  26,  42,  93,
     94,  95,  97,  98,  99, 101, 106, 107, 109, 112, 115, 116, 118, 119, 120, 122,
    124, 132,   4,  26,  42,  60,  93,  94,  96,  98,  99, 101, 103, 106, 107, 110,
    112, 114, 115, 116, 118, 120, 122, 124, 132,   5,   8,  26,  42,  92,  93,  94,
     96, 105, 106, 110, 112, 114, 116, 117, 120, 123, 127, 134,   5,  26,  42,  93,
     94,  97,  99, 105, 106, 110, 112, 114,  26,  42,  93,  99, 101, 106, 110, 112,
    113, 114, 118, 119, 122,   4,   7,   9,  10,  26,  42,  43,  60,  72,  93,  98,
     99, 101, 102, 103, 106, 107, 108, 115, 116, 117, 118, 120, 122,   4,   7,   9,
     10,  21,  42,  72,  93,  98,  99, 100, 101, 102, 103, 106, 107, 108, 109, 110,
    113, 114, 115, 116, 117, 118, 119, 120, 122, 123, 125, 127,   5,   7,   8,  21,
     42,  70,  72,  92,  93,  94,  97, 101, 105, 107, 109, 110, 112, 113, 114, 116,
    117, 119, 120, 123, 124, 126, 134,   5,   7,   8,   9,  10,  21,  22,  42,  43,
     63,  70,  72,  92,  94,  95,  96,  98, 100, 101, 103, 104, 105, 107, 109, 110,
    113, 114, 115, 116, 117, 118, 119, 120, 121, 122, 123, 124, 125, 126, 127, 134,
    135, 136,   5,   7,   8,  21,  22,  26,  27,  42,  70,  92,  93,  94,  96,  97,
     99, 103, 104, 105, 106, 110, 111, 112, 114, 117, 119, 120, 121, 123, 125, 126,
    127, 132, 134, 136,  10,  26,  42, 103, 112, 113, 116, 117, 118, 119, 120, 123,
    132,   5,   9,  26,  42,  43,  60, 110, 114, 115, 116, 118, 119, 120, 122, 124,
    125, 127, 132,   4,   9,  26,  42,  43, 112, 113, 116, 118, 119, 120, 122, 124,
    127, 132,   4,   8,  10,  21,  22,  26,  42,  43,  60,  63,  70,  72, 110, 116,
    117, 118, 119, 120, 125, 126, 127, 132, 136,   5,   7,   8,  21,  26,  42,  70,
     72, 110, 112, 113, 116, 118, 119, 120, 121, 124, 125, 127, 132, 134, 136,   4,
      5,  26,  42,  43,  60, 112, 116, 118, 119, 120, 124, 132,   7,   8,  10,  26,
     42,  70, 110, 112, 113, 114, 116, 118, 119, 120, 126, 127, 132, 136,  21,  26,
     42, 110, 112, 114, 115, 116, 118, 119, 124, 126, 127, 132, 134,   4,   5,   9,
     10,  21,  26,  42,  43,  60,  72, 112, 115, 116, 118, 119, 122, 132, 134,   5,
      7,   8,  10,  26,  27,  42,  60,  70, 114, 118, 119, 120, 121, 126, 127, 132,
      5,   7,  10,  26,  42, 110, 112, 114, 117, 119, 127, 132, 134,  10,  26, 112,
    114, 116, 119, 132,   4,   5,   9,  21,  26,  42,  43,  60,  72, 112, 114, 116,
    118, 119, 120, 124, 127, 132, 134,   4,   5,  26,  42,  43,  60, 112, 116, 118,
    119, 120, 124, 128, 132,  26,  42,  72, 112, 113, 118, 119, 127, 132,   5,  26,
     42,  60, 113, 116, 119, 120, 124,   7,  26,  42, 119, 120, 123, 132,  26, 116,
    118, 119, 120, 127,   1,   4,   5,  26,  42,  43,  60, 115, 116, 119, 120, 132,
    136,   4,   5,  42,  72, 116, 119, 120, 132,  92, 106, 130, 114, 115, 117, 119,
    131, 131,  28,  29,  30,  35,  36,  37,  38,  39,  44,  45,  46,  47,  48,  49,
     50,  51,  52,  53,  54,  55,  56,  57,  58,  61,  73,   7,   9,  28,  29,  30,
     31,  34,  35,  44,  45,  46,  48,  49,  51,  52,  53,  54,  56,  57,  65, 132,
     93,  98,  99, 101, 102, 107, 108, 113, 114, 118, 120, 122, 128,  93,  99, 102,
    106, 118, 128,  93,  98,  99, 101, 102, 103, 106, 107, 109, 113, 118, 119, 120,
    121, 122, 126, 128,   6,   8,  23,  25,  28,  29,  30,  31,  34,  35,  36,  37,
     38,  39,  40,  41,  44,  45,  46,  47,  48,  49,  50,  52,  53,  55,  56,  58,
     66,  68,  76,  82, 156, 157,   6,   8,  23,  25,  28,  29,  31,  34,  35,  36,
     37,  38,  39,  40,  41,  45,  46,  47,  48,  49,  50,  51,  52,  53,  54,  55,
     56,  58,  59,  66,  68,  76,  82, 138, 156,   6,   8,  23,  28,  29,  30,  31,
     34,  35,  36,  37,  38,  39,  40,  41,  45,  46,  47,  48,  49,  50,  51,  52,
     53,  54,  55,  56,  58,  59,  66,  68,  76,  82, 156,   6,   8,  23,  28,  29,
     30,  31,  34,  35,  36,  37,  38,  39,  40,  41,  44,  45,  46,  47,  48,  49,
     50,  51,  52,  53,  54,  55,  56,  58,  59,  66,  68,  76,  82, 140, 156,   6,
      8,  23,  24,  25,  28,  29,  30,  31,  32,  34,  35,  37,  38,  39,  40,  44,
     45,  46,  47,  48,  49,  50,  51,  52,  53,  54,  55,  56,  58,  59,  66,  68,
     76,  82, 141, 156, 157, 158,   6,   8,  23,  28,  29,  30,  31,  34,  35,  36,
     37,  38,  39,  40,  41,  45,  46,  47,  48,  49,  50,  51,  52,  53,  54,  55,
     56,  58,  59,  66,  68,  76,  82, 142, 156,   6,   8,  23,  24,  25,  28,  29,
     30,  31,  35,  36,  37,  38,  39,  40,  41,  44,  45,  46,  48,  49,  50,  51,
     52,  54,  55,  56,  58,  59,  66,  68,  76,  82, 156, 157, 158,   6,   8,  23,
     28,  30,  32,  34,  35,  37,  38,  39,  40,  41,  45,  46,  47,  48,  49,  50,
     51,  53,  54,  55,  56,  58,  59,  66,  68,  76,  82, 156,   6,   8,  23,  25,
     28,  29,  30,  31,  32,  34,  35,  36,  37,  38,  39,  40,  41,  44,  45,  46,
     47,  48,  49,  50,  53,  54,  55,  56,  58,  59,  66,  76,  82, 145, 156, 157,
      6,   8,  23,  24,  25,  28,  29,  30,  31,  32,  34,  35,  36,  37,  38,  39,
     40,  44,  45,  46,  47,  50,  53,  54,  55,  56,  58,  66,  76,  82, 145, 146,
    156, 157, 158,   6,  23,  25,  28,  29,  30,  31,  32,  34,  35,  36,  37,  38,
     39,  40,  41,  44,  45,  46,  47,  48,  49,  50,  51,  52,  53,  54,  55,  56,
     58,  59,  66,  82, 156, 157,   6,  23,  25,  28,  30,  32,  35,  36,  37,  38,
     39,  40,  41,  44,  45,  47,  49,  50,  51,  52,  53,  54,  55,  56,  58,  59,
     66,  82, 156, 157,   6,   8,  23,  24,  28,  30,  32,  34,  35,  36,  37,  38,
     39,  40,  41,  46,  47,  49,  50,  51,  52,  53,  54,  55,  56,  58,  59,  66,
     76,  82, 156, 157, 158,   6,  23,  24,  28,  30,  32,  35,  36,  37,  38,  39,
     40,  41,  44,  46,  47,  48,  49,  50,  51,  52,  53,  55,  56,  58,  59,  66,
     76,  82, 156, 157, 158,   6,   8,  23,  24,  28,  30,  32,  35,  36,  37,  38,
     39,  40,  41,  47,  49,  50,  51,  52,  53,  54,  55,  56,  58,  59,  66,  76,
     82, 156, 157, 158,   8,  23,  25,  28,  29,  30,  31,  32,  34,  35,  36,  37,
     38,  40,  41,  44,  45,  46,  47,  48,  49,  50,  51,  52,  53,  54,  55,  56,
     58,  59,  76, 157,   6,  23,  25,  28,  30,  32,  35,  36,  37,  38,  39,  40,
     41,  44,  45,  47,  49,  50,  51,  52,  53,  54,  55,  56,  58,  59,  66,  82,
    156, 157,   6,   8,  23,  25,  28,  29,  30,  31,  32,  34,  35,  36,  37,  38,
     39,  40,  41,  44,  45,  46,  47,  49,  50,  51,  52,  53,  55,  56,  58,  59,
     66,  76,  82, 156, 157,  11,  12,  13,  14,  15,  17,  18,  19,  20,  18,  35,
};

static const int8_t responder_18_italicKernSparseValues[] = {
     -10,   29,   19,   29,  -10,   -5,   -5,   -5,   -5,   -6,  -10,  -10,  -17,  -14,  -10,  -10,
     -10,  -10,  -19,  -19,  -10,  -14,   -5,  -13,  -13,  -29,  -22,   -5,  -19,  -17,  -14,  -14,
     -22,  -22,  -24,  -10,  -19,  -26,   19,   29,  -19,  -24,   19,  -10,  -10,  -10,  -19,   19,
      29,  -10,  -10,  -10,  -10,  -38,  -10,  -10,  -34,  -19,   -7,   -6,   -6,   -5,  -10,  -10,
     -38,  -19,  -10,  -10,  -19,  -19,   29,  -10,  -17,  -19,  -10,  -10,  -19,   19,  -38,   19,
     -19,  -19,  -19,  -14,   19,  -13,  -29,  -19,  -10,  -29,  -17,  -10,   48,  -96,  -38,  -70,
      10,  -58,  -19,   10,  -38,  -19,  -19,  -14,  -96,  -38,   72,   19,   19,   19,  -10, -101,
     -10,   10,   19,  -19,  -29,    7,  -10,   19,  -12,   29,  -91,  -34,   14,  -10,   29,   29,
     -71,  -75,  -10,  -29,  -77,  -10,  -38,  -48,  -10,  -77,  -19,  -17,   -7,   -7,  -13,   -5,
     -10,  -67,  -10,  -19,  -48,  -43,  -10,  -19,  -10,  -19,  -19,  -10,  -10,  -19,  -10,  -19,
     -62,  -10,  -29,  -19,  -19,  -17,  -13,  -98,  -10,  -48,  -86,  -86,  -14,  -14,  -19,   -5,
     -58,  -12,  -29,  -22,   10,  -22,  -96,  -67,   19,   10,   10,  -24,  -96,  -29,   10,  -19,
     -31,  -17,  -19,  -43,   -7,  -77,  -48,  -12,  -71,  -77,  -56,  -72,  -10,  -10,  -19,  -48,
     -19,  -10,  -10,  -19,  -19,  -10,  -19,  -17,   19,   19,   10,   19,   10,   19,  -48,   48,
     -46,  -19,  -48,  -29,  -46,  -19,  -29,  -10,  -10,  -34,  -19,  -19,  -19,    5,   19,   19,
      10,  -38,  -19,  -19,  -58,  -19,   48,  -19,  -41,  -24,  -38,  -50,  -26,  -19,  -12,  -65,
     -26,  -29,  -77,  -38,   29,  -65,  -10,  -17,  -10,  -10,  -10,   -5,  -10,  -10,  -10,    7,
       7,  -13,    7,  -11,   -7,  -22,  -47,  -26,    3,  -13,  -14,  -29,  -16,  -19,  -19,  -29,
     -24,  -19,  -19,  -19,  -12,  -36,  -10,  -19,  -19,  -19,  -29,  -10,  -38,  -29,  -38,  -10,
      -5,   -5,  -10,  -10,  -10,  -10,  -10,   -4,  -10,  -10,  -14,  -12,   -5,   11,   11,   11,
      11,    3,  -38,    8,    5,    5,    5,    3,    3,    5,    5,    3,    5,  -10,  -10,   -5,
     -10,  -10,    7,    7,    7,    7,  -19,   -5,    5,   -7,   -5,   11,    8,    7,  -28,    5,
      -8,   11,    3,  -12,  -10,  -24,  -10,  -10,   -5,  -19,  -10,  -10,  -10,  -10,  -16,  -16,
     -16,  -16,  -16,  -16,  -16,  -16,  -16,    5,    8,    7,    5,  -16,    7,    8,    7,    8,
     -10,   -6,   -5,  -10,  -10,  -10,  -11,   11,    7,    7,  -34,    5,  -14,   11,  -14,  -10,
      -5,  -17,  -10,   -5,  -14,   -5,   -5,  -10,  -19,  -10,  -10,   -5,   -5,   -5,   -5,   -5,
      -5,   -5,   -5,   -7,  -13,    8,    7,    5,  -37,    3,  -18,    8,   -5,   -7,   19,  -10,
     -10,  -48,  -58,  -37,  -10,   -7,  -10,  -29,   -4,  -13,  -12,   -7,   -5,  -19,  -29,  -19,
      -6,  -36,  -48,  -10,  -38,   14,   11,   11,   11,   11,   11,   11,   11,   11,   11,  -58,
     -51,  -53,  -53,  -58,  -58,  -58,  -49,  -58,  -58,  -10,  -10,   -7,  -14,   -7,  -10,   -7,
     -10,  -14,    3,    3,    3,    3,  -11,    3,   -8,   -7,   11,    8,    7,  -30,    5,  -11,
      11,  -19,  -10,   -5,  -10,  -19,  -17,  -10,   -5,   -6,   -5,   -6,  -13,  -10,  -10,    7,
       7,  -11,    3,    7,   -8,  -19,   -5,  -26,  -51,   -5,  -32,  -16,  -18,  -19,  -19,  -77,
     -19,  -19,  -17,  -10,   29,   17,   29,  -10,  -10,  -10,  -29,  -48,  -29,  -19,   10,  -10,
     -10,  -10,  -19,  -10,  -19,  -13,  -14,   -6,  -29,  -29,  -34,  -19,  -10,  -10,  -25,  -10,
     -10,  -19,   19,   10,   58,   14,   19,   10,   38,   19,  -38,  -10,  -24,  -10,  -19,  -32,
      -5,   -4,   -4,  -10,   -4,  -41,  -19,  -10,  -10,   29,  -17,  -19,  -10,  -10,   19,  -48,
     -13,  -29,   14,   -5,  -70,  -17,  -38,  -43,  -67,  -48,  -19,   -5,  -29,  -10,   -5,  -36,
     -19,  -19,   10,  -29,  -10,  -24,  -37,  -77,  -48, -106,  -43,  -58,  -53, -106,  -67,  -49,
     -40,   18,   12,   18,    8,  -29,   18,   14,    8,   14,  -14,  -10,   14,  -38,  -26,  -36,
      -5,  -43,   -5,   -7,  -24,   -5,  -22,   -5,   -5,   -5,   -7,  -10,    7,  -38,   -7,    5,
       5,  -10,  -38,  -19,    7,  -29,  -48,  -10,   -7,  -10,  -29,   12,   11,    8,  -58,  -10,
     -29,   12,    5,  -10,  -10,  -48,  -10,  -26,  -10,  -10,  -10,  -10,   -5,   10,  -10,  -19,
     -26,  -29,  -43,  -12,  -31,  -29,   -5,  -26,   -7,  -10,  -38,    7,  -29,   10,   10,   17,
       8,    7,    7,    7,    7,    7,    7,    7,    5,   11,   11,    8,    7,  -29,    8,   11,
       8,   11,  -19,  -10,  -10,  -10,  -19,  -19,  -10,  -10,  -17,  -10,  -10,    5,  -38,  -14,
     -10,  -12,   -5,  -14,  -48,   10,  -43,  -10,    7,  -19,  -38,  -10,   -5,  -29,  -10,  -77,
     -19,  -48,    3,  -14,  -18,  -29,  -10,  -12,   24,  -19,  -10,  -10,  -19,  -10,   -7,  -14,
     -22,   -7,  -19,  -29,  -19,  -29,  -38,    8,    5,   17,   12,  -10,  -10,    5,    5,    5,
     -29,   10,    5,    3,    5,  -13,  -10,  -58,  -24,  -48,  -10,  -10,  -10,   -5,  -10,   -5,
      -5,   -5,  -19,  -12,  -14,   -7,  -14,   -5,  -29,  -37,  -12,  -19,  -19,  -38,  -19,  -19,
     -10,  -19,  -36,  -19,   -5,   -5,   14,  -29,  -38,   17,   17,   24,   14,   11,   14,   14,
      14,   14,   14,   14,   12,  -35,    3,  -48,  -77, -125,  -38,  -58,  -67,  -20,  -86,  -19,
      10,   10,  -19,   10,   34,  -10,   -5,  -14,   -5,  -10,  -10,  -17,   10,   -7,   10,   -5,
      -5,   -5,  -10,    3,  -29,  -10,  -13,  -13,    3,  -13,   -5,  -13,    7,    8,   10,    5,
       7,    7,   29,    7,    8,   -5,  -19,   24,  -17,  -10,   -5,  -10,   -5,   -5,  -12,  -10,
     -38,   -5,   10,   10,   14,    5,  -10,    3,  -10,  -29,    3,    3,    3,    3,  -38,    3,
     -10,   19,    3,  -13,  -10,  -19,   -5,  -10,   -5,   19,  -12,  -10,  -10,  -10,    3,  -19,
     -19,    5,   14,    5,    3,    3,    3,    3,    3,    3,    3,    3,    3,  -19,    3,    3,
      29,    3,  -14,  -10,   19,  -10,  -10,  -10,   -7,   -7,  -10,  -19,  -12,  -19,   -6,   -5,
       3,  -19,   10,   14,   10,    3,    3,    3,    3,    3,    3,    3,    3,    3,  -19,    3,
      19,    3,   29,  -10,   -5,   19,    5,  -13,  -22,  -10,  -10,   10,  -19,   22,  -17,  -29,
     -10,   -5,  -38,  -22,  -19,  -17,  -14,  -19,   12,  -29,   12,    8,   14,   14,   -5,    5,
      -5,   -5,    8,   -7,   12,   12,  -10,   11,   14,   12,   16,   11,   16,   10,  -19,   16,
      16,   58,    8,   12,  -24,  -58,  -58,   19,   10,  -58,  -14,  -36,   -5,   19,  -10,  -17,
     -86,  -29,  -77,  -67,   10,  -82,  -48,  -19,  -19,  -55,  -10,  -10,  -10,  -77,  -10,  -53,
     -41,   10,  -43,  -10,  -29,  -77,  -86,  -19,  -65, -128, -125,  -58,  -58, -125, -106, -106,
     -86,   10,   14,   14,   11,  -29,   14,   14,   38,   12,   14,   24,  -38,  -29,  -19,  -19,
     -22,  -22,  -10,  -10,  -29,  -86,  -10,  -77,  -24,   -5,  -19,  -19,  -12,  -10,  -10,  -12,
     -34,  -14,  -10,  -19,  -10,  -14,  -24,  -24,  -26,  -10,  -17,  -19,   -5,   -5,  -12,  -12,
     -14,  -19,  -19,  -10,   14,  -38,    5,    5,    5,  -10,   11,   14,  -29,    7,   12,  -96,
     -67,  -86,  -77, -128,  -96, -106,  -67,  -86,  -86,  -24,   19,   19,  -19,  -10,   10,  -26,
      10,  -72,  -14,  -46,  -53,  -53,  -10,   -5,  -10,  -14,  -38,  -10,  -10,   -5,  -31,  -29,
     -19,  -14,   10,  -10,  -19,   -5,   -5,  -10,  -11,   -5,  -29,  -48,  -58,   -5,  -29,   -7,
      16,   12,   16,    7,  -19,   16,   16,   12,    8,   12,  -14,   10,  -14,  -10,  -22,  -19,
      -5,  -14,  -10,  -10,  -10,   -5,   10,  -10,   -5,  -10,  -10,  -17,  -19,  -19,   -5,  -12,
      -5,  -10,  -11,  -29,  -10,  -11,  -11,  -11,  -11,  -19,  -11,  -11,  -13,   -5,   12,   11,
       8,  -67,    7,   -8,   12,    3,   -5,  -38,  -58,  -67,  -77,  -48,  -58,  -38,    8,  -29,
     -38,  -10,  -22,  -19,  -26,  -22,  -10,   -7,   -5,  -10,   19,  -79,   31,  -77,  -58,  -67,
     -19,  -10,  -48,  -38,  -41,  -53,  -48,  -38,  -48,  -38,  -48,  -38,  -86,   14,  -19,  -77,
     -24,  -36,   14,   22,   19,   24,   19,   10,   14,   14,   14,   14,   14,   14,   14,   12,
     -48,  -45,  -58,  -58,  -86,  -58,  -58,  -45,  -47,  -48,  -10,  -10,  -10,  -10,  -10,  -10,
     -10,  -10,  -10,  -10,  -10,  -10,   -5,  -10,   -7,   -5,    5,  -29,  -10,    5,   10,   14,
       5,    5,    5,    5,    5,    5,    5,    3,  -18,  -29,  -29,  -29,  -58,  -10,  -38,    3,
     -11,  -13,  -10,  -38,  -29,  -67,  -38,  -13,  -29,    5,  -24,   -7,   -5,  -10,  -10,   -7,
      -7,  -36,  -31,   -5,  -36,  -10,  -10,  -25,  -10,   -5,  -19,  -10,  -19,  -19,  -10,  -29,
     -10,  -22,   16,  -10,  -10,  -17,   17,   19,   19,   29,   19,   19,    6,   16,   11,   16,
      16,   18,   14,   18,   16,  -58,  -48,  -43,  -43,  -86,  -45,  -58,  -40,  -58,  -53,  -10,
     -29,  -29,  -38,  -19,  -19,  -10,    7,   -5,   10,  -19,   34,  -10,  -17,  -10,  -10,  -22,
     -19,  -10,   -7,  -10,   -7,   -7,  -10,  -10,  -13,   16,  -10,   17,   17,   19,   29,   19,
      19,   19,   14,   16,   16,   18,   14,   18,   29,  -48,  -29,  -20,  -20,  -86,  -29,  -32,
     -19,  -38,  -26,  -14,  -34,  -58,  -58,  -86,  -38,  -19,  -19,  -32,  -50,  -12,  -17,  -10,
     -14,  -19,   -5,  -10,  -58,  -41,  -14,  -58,  -10,  -36,  -38,  -29,  -26,  -38,  -29,  -38,
     -10,  -24,   -5,  -22,  -48,   16,   10,  -29,  -53,  -19,   17,   12,   19,   22,   16,   19,
      16,   16,   18,   14,   19,   16,  -67,  -58,  -58,  -67,  -96,  -67,  -67,  -58,  -58,  -58,
      19,  -38,   10,  -24,   22,   -5,  -19,  -10,  -13,   -5,  -19,  -12,  -10,  -19,  -60,  -38,
     -38,  -34,  -10,    7,  -29,  -19,   12,   12,   10,   22,  -10,    7,    7,    7,    7,    7,
       7,    7,    7,    7,    3,  -19,    7,    7,    7,    5,    7,  -10,  -10,  -10,  -10,  -19,
     -14,   -5,  -10,   -5,  -10,   19,  -19,  -10,   12,  -19,  -10,  -10,   -5,   -5,   -5,  -10,
     -10,  -48,   19,   29,  -24,  -19,   19,  -19,  -10,  -10,  -10,  -10,  -10,   19,   19,   19,
     -10,  -67,  -48,  -38,  -48,  -91,  -10,  -10,  -12,  -19,  -29,   10,  -10,  -19,   12,  -10,
     -82,  -10,   36,   19,   10,   19,   10,   19,  -17,  -58,  -19,   19,   19,  -10,  -10,   10,
      12,   19,  -38,   12,   19,  -13,  -48,  -43,   -5,  -12,   -5,  -19,  -10,  -22,  -10,  -38,
     -10,  -48,  -14,  -19,  -32,  -11,  -20,  -13,    8,    8,    5,  -38,    8,    8,    8,    7,
       8,  -29,  -19,  -10,  -10,  -43,  -58,  -67,  -19,  -67,  -19,  -29,  -29,  -10,   -5,   -5,
      -5,  -14,   -5,  -29,  -67,   -5,  -19,  -58,  -58,  -29,  -58,  -67,  -29,  -18,  -19,  -29,
     -19,    7,  -67,  -19,  -38,   11,  -19,   -5,  -19,  -14,   19,   10,  -19,   10,   10,  -34,
      -7,   10,   10,  -14,   11,  -38,  -29,  -38,   11,    3,  -19,    8,    8,   11,   11,    8,
       7,  -19,   11,   11,   11,    8,   11,   22,  -10,  -12,  -19,   17,   14,  -10,  -24,  -10,
     -48,  -19,  -46,  -14,   -5,  -22,   -5,   -7,  -24,   -7,  -12,   -5,  -14,  -10,  -19,   -5,
      -7,  -67,   -6,  -37,  -29,   -5,  -38,  -14,  -29,  -18,   -8,    8,    8,    7,    7,  -38,
       7,   11,    7,    8,   29,   24,   -5,  -48,  -29,  -58,  -19,  -10,   41,   -5,   19,   18,
     -17,  -10,  -24,  -38,  -12,  -10,  -10,  -10,  -10,  -67,  -10,  -19,   14,   17,  -29,   67,
      43,  -14,   67,   43,  106,   43,   43,   43,   48,   67,   41,  -29,  -13,  -13,  -38,  -38,
     -29,  -38,  -19,  -14,  -13,  -17,  -29,  -38,  -38,   -7,  -19,   -7,  -10,  -10,  -29,  -10,
       7,    7,  -38,  -19,  -19,   -5,    5,    7,    7,    5,   10,  -10,   10,    7,    7,    5,
       7,  -19,  -38,  -58,  -48,   -7,  -19,   -5,  -19,  -67,  -10,  -38,  -58,  -19,  -48,  -58,
     -16,  -11,  -10,    8,    8,   10,  -38,    8,    8,    7,    8,   -5,  -10,  -12,   10,    5,
      -7,   -7,    7,    7,   14,   12,   19,   14,    3,    7,    7,    7,    7,    7,    7,    7,
       5,   19,    7,    7,   19,  -19,    7,    7,    5,    7,   -5,  -10,  -19,  -10,   14,  -10,
     -19,   -5,    7,  -19,   19,   19,   14,   24,   14,    3,    7,    7,    7,    7,    7,    7,
       7,    5,    7,    7,    7,    7,    7,    7,    7,    5,    7,  -19,   -5,   19,  -13,   10,
      10,  -38,  -11,  -38,   10,  -29,  -10,   -7,   -7,  -14,  -10,  -14,   -7,  -10,  -12,   10,
     -38,    8,  -10,  -48,  -10,  -29,  -29,  -19,    3,   14,   16,   11,   16,   19,  -38,   16,
      10,   19,    7,   12,  -10,  -19,   10,   10,  -10,  -24,   24,  -10,    7,  -29,   -7,  -10,
      -7,    7,  -19,   24,   19,   17,   19,   24,  -10,    7,  -10,    7,    7,  -10,    7,    5,
       7,    7,    7,    3,  -29,    7,    7,    7,    5,    7,   -5,  -10,   48,   14,  -38,   14,
     -38,  -10,  -10,  -14,    6,  -10,   12,  -19,  -10,   -7,  -19,  -10,    7,  -38,  -29,    7,
     -29,  -19,    7,   -5,    5,    7,   29,   38,   58,   67,   58,   67,   48,   58,   19,  -22,
     -58,  -19,  -38,  -10,  -19,  -19,  -10,  -38,  -19,  -10,  -12,   -7,  -92,  -10,  -12,  -77,
     -24,  -19,   18,   18,   29,   18,   18,   12,   10,    5,   16,  -58,  -58,  -48,  -38,  -77,
     -38,  -77,  -58,  -96,  -34,  -17,   10,  -19,  -62,  -10,   -5,  -22,    5,  -14,  -10,  -19,
     -10,   -7,  -48,  -17,  -19,  -29,  -11,  -10,  -19,  -13,    3,   14,   12,   11,  -58,    8,
      14,    8,    8,  -14,   10,   -7,  -19,  -29,  -10,   -7,   -7,  -70,  -10,   -5,   10,  -19,
     -10,   -7,  -24,   12,  -48,  -10,    3,   12,  -19,  -10,  -10,   11,   12,   12,   11,    8,
     -38,   11,   12,   19,   11,   12,  -12,  -14,   10,  -29,  -38,  -38,   -5,   -7,  -19,   -7,
      -5,  -10,  -10,  -38,    8,    7,  -19,  -29,  -48,   -5,    5,    7,    7,    7,    3,  -38,
       7,    7,    7,    5,    7,  -27,   -6,  -38,   -7,  -38,  -11,  -10,  -29,   -4,  -22,  -38,
     -19,  -19,  -17,   -7,  -14,  -19,   -7,  -10,   -7,  -19,   -7,  -12,   10,  -10,  -19,   18,
     -19,   -7,   10,    8,  -19,   10,   11,  -19,   10,    5,   10,  -48,  -48,  -16,  -29,  -96,
     -48,  -48,  -38,  -58,  -24,  -27,   -6,  -29,   -5,  -38,  -10,  -19,   -4,   -7,  -48,  -19,
     -17,  -12,  -10,  -10,  -10,   -7,   -5,   -7,   10,   10,  -17,  -10,  -14,   18,  -38,  -10,
      10,  -29,   11,  -19,    5,   16,  -48,  -29,  -19,  -29,  -86,  -29,  -58,  -19,  -58,  -58,
     -24,  -10,  -19,   -5,  -38,  -17,  -29,   -4,  -38,  -16,  -14,   -7,  -10,  -10,  -10,  -10,
     -10,   10,   10,  -14,    7,   -5,  -14,   18,  -29,  -10,    8,  -38,   16,    5,   16,  -32,
     -48,  -16,  -19,  -48,  -18,  -38,  -13,  -58,  -58,  -19,  -10,   10,  -10,  -19,  -58,  -48,
     -10,  -10,  -19,  -10,  -26,  -17,  -19,    8,  -41,  -48,  -67,  -38,  -58,  -29,  -29,    8,
       8,    8,    5,  -29,   10,    8,   29,    7,    8,  -10,  -10,  -10,  -10,  -10,  -14,   -5,
      -5,  -10,  -14,  -14,  -10,  -10,  -10,  -10,  -10,   -5,  -19,   67,  -24,  -10,   24,  -10,
     -10,  -10,  -10,   29,   19,  -29,  -10,   29,  -38,  -14,  -29,  -48,  -10,   14,   -5,   10,
      -4,  -19,   -5,   -6,  -19,  -19,  -14,   -5,  -10,  -48,  -10,  -10,  -38,  -38,   24,  -24,
     -10,  -10,   19,  -10,  -96,  -10,  -10,  -10,  -48,  -10,   -5,  -14,   -5,  -10,   -7,  -10,
     -10,  -10,  -72,  -19,   10,  -10,  -19,   10,   -7,  -58,  -58,  -40,    5,   12,   12,    3,
      16,   16,   14,   18,    5,    7,   -8,   11,  -13,    7,    8,    7,    5,   12,    7,   16,
      16,   16,    8,   -7,  -10,  -40,   -8,   -8,  -19,  -58,  -29,  -19,  -29,   -7,  -10,  -19,
      10,  -10,  -12,  -10,  -10,   -5,  -58,  -53,    3,  -37,    3,    7,    3,   12,   14,    5,
       8,   12,    3,    7,    7,   -8,   12,  -11,    7,    8,    7,    5,   14,    8,   18,   18,
      18,    8,   -5,  -26,  -37,   -7,   -7,  -86,  -22,  -13,  -48,  -10,  -10,  -10,  -19,   -5,
      -7,  -29,  -10,  -19,  -14,  -10,  -14,  -19,  -10,  -38,  -48,  -86,  -29,   86,  -48, -115,
     -38,  -67,  -58,  -19,  -86,  -19,  -48,  -58,  -67,  -38,  -48,   19,  -38,  -29,  -86,  -48,
     -77,  -67,  -19,  -29,   -5,   19,   14,   14,   14,   10,   10,   24,  -19,   19,   32,   29,
      43,   34,   43,   41,   41,   32,   22,  -12,   34,   38,    2,  -12,  -77,   -5,  -53,   37,
      32,   32,   14,   19,   51,   32,   53,   53,   65,   38,   43,   34,   56,   17,  -19,   24,
      24,   24,  -12,  -46,  -50,  -13,  -26,  -29,  -19,  -29,  -14,  -19,  -14,  -10,  -14,  -14,
     -19,   19,   24,   26,  -53,  -36,  -36,   10,  -31,  -19,   14,  -17,  -17,   29,   10,  -19,
     -12,   -7,  -14,  -22,   -5,  -24,   10,   10,   10,   19,  -10,  -10,   19,  -10,   12,    7,
     -48,  -77,  -48,  -29,  -19,   48,   10,   10,   -5,  -10,  -14,  -58,   -5,  -10,   10,  -10,
      10,  -48,  -29,   10,   10,   -5,   10,  -38,  -10,  -10,  -19, -106,  -41, -101,  -58,  -65,
     -48,   10,  -29,   10,  -38,  -70,  -96,  -12,  -10,  -43,  -19,  -12,  -86,  -10,  -48, -106,
     -17,  -24,  -24,  -24,  -10,   38,  -10,  -26,  -86,  -24,  -36,  -79,  -82,  -55,  -62,  -70,
    -103,  -67,  -48,  -74,   19,  -67,  -19,   29,  -19,  -60,  -38,  -48,  -79,   10,  -12,   10,
      10,   12,   38,   10,   17,   -7,  -10,  -10,  -17,  -22,   19,   29,    5,   29,   -7,  -19,
     -12,    7,  -10,  -17,   29,  -10,   -7,   -7,  -14,  -10,   19,  -10,   19,   -7,   10,  -10,
       7,   -7,   14,   19,  -10,   10,  -12,   -7,    7,   36,   10,  -10,    5,   -5,  -10,   26,
      19,   19,    5,   19,   19,   19,   19,   10,  -10,   10,   38,   10,  -10,  -14,   12,   19,
      19,   19,  -19,  -10,  -58,  -46,  -19,  -19,  -86,   -7,   17,  -24,  -19,  -10,  -10,  -41,
     -10,   -5,   -5,   -5,  -10,  -24,    5,  -12,  -10,   10,   -5,   -7,   -5,  -19,  -10,   10,
     -14,  -48,  -48,  -43,   10,  -14,  -10,  -19,  -22,  -31,   10,  -19,  -10,   19,  -10,   -7,
     -10,  -10,  -19,  -10,  -17,  -26,   10,   10,   10,   -7,  -22,  -17,   29,   10,   12,  -14,
     -17,   -7,  -26,  -29,  -36,    7,   19,   -7,   -5,   29,   10,  -19,  -10,  -10,  -10,  -96,
     -29,  -77,  -38,  -10,  -29,    7,  -29,   10,   -7,  -10,  -19,  -10,  -17,   10,  -62,  -24,
     -91,  -14,  -19,  -12,   38,  -22,  -41,  -36,  -26,  -14,  -10,   -5,  -72,   -7,   17,  -14,
     -38,   29,  -22,  -12,   29,  -12,   19,  -10,  -24,  -10,  -19,  -38,  -53,   -7,   10,  -82,
      -7,  -10,  -26,  -70,   10,  -10,  -22,  -14,  -43,   -7,   -7,  -58,  -10,  -29,  -29,  -38,
     -12,   -5,    5,  -14,  -12,  -10,  -10,   10,  -10,   -7,   -5,  -26,  -19,  -26,  -10,  -10,
     -12,  -19,  -10,  -22,  -38,  -19,  -31,  -10,   12,  -10,   -7,  -24,  -14,  -29,   19,   -5,
      -7,   -5,   -5,  -17,  -14,   19,  -10,   -5,  -10,  -34,  -36,  -36,  -53,  -17,  -79,  -58,
      -7,  -43,  -74,  -19,  -34,  -29,  -10,   -5,  -17,  -10,   19,  -24,  -12,  -31,  -24,  -65,
     -19,   12,   -7,  -14,  -48,  -12,  -24,  -12,  -19,  -19,  -36,  -14,  -10,  -24,  -10,  -10,
     -10,   -5,  -10,  -26,  -10,  -19,  -22,  -24,  -19,  -14,  -12,  -19,  -10,  -10,  -43,  -14,
     -12,  -36,  -14,  -24,  -17,    7,   -5,   -5,  -10,    5,  -19,   29,  -10,  -10,  -67,  -86,
     -31,  -10,  -10,  -10,  -38,  -58,  -22,  -10,  -67,  -19,  -14,  -17,   10,  -19,  -19,  -10,
     -58,  -12,   -5,  -10,   -7,  -48,  -10,   29,  -36,   19,  -12,  -12,  -10,   10,  -38,  -10,
      10,  -10,  -10,   -7,  -12,  -24,    7,  -12,  -19,   19,   10,  -19,  -22,  -10,  -29,  -10,
     -22,  -65,  -14,   19,  -10,   29,  -10,  -19,  -77,  -67,  -77,  -48,  -53,  -34,   10,  -10,
     -38,  -58,  -48,   -7,  -29,   -7,   19,  -58,  -29,  -82,  -24,  -24,  -19,   29,  -24,  -58,
     -84,  -67,  -48,  -48,  -48,  -86,  -58,  -10,   -5,  -65,   29,  -38,  -10,   29,  -14,  -19,
     -19,  -43,  -19,   19,  -26,   -7,   14,  -58,  -12,  -48,  -10,  -14,  -74,  -34,  -12,   77,
     -12,  -12,  -10,  -38,  -60,  -29,  -17,  -24,  -29,  -10,  -60,  -10,   -5,  -10,  -10,   -7,
      19,  -53,  -29,  -19,   10,  -38,  -53,   -5,   -5,    5,  -24,    5,   -5,  -14,   24,   14,
     -10,  -10,  -19,   26,  -10,  -10,  -10,   -5,   -5,   -5,  -12,  -31,  -10,   24,  -10,   -5,
     -10,  -10,   62,  -10,  -19,  -38,  -62,  -10,  -17,   12,  -29,  -24,  -22,   12,   -5,  -10,
      14,  -19,  -19,  -10,    5,  -10,  -10,  -29,  -34,  -10,  -10,  -10,  -34,  -10,  -10,  -31,
     -29,  -12,  -29,   14,  -14,   -7,   -5,  -38,  -29,  -38,   10,  -19,  -10,  -46,  -96,  -29,
     -10,   -5,  -12,   17,  -14,  -19,  -29,   10,    7,  -17,  -10,    7,  -10,  -19,  -19,  -10,
     -10,  -38,  -58,  -10,  -10,  -12,  -19,  -12,  -10,   24,  -10,  -14,   10,  -10,   19,  -48,
     -53,   -5,  -12,   -7,   -5,  -12,  -12,  -12,  -14,   29,   10,   10,    5,  -19,  -10,  -67,
     -67,   -7,  -24,   -7,   -5,  -29,  -12,  -29,   -7,  -10,   -5,  -41,  -19,  -10,  -14,  -10,
      -5,  -17,  -58,  -67,  -10,  -10,  -10,  -17,  -12,  -34,  -14,  -24,  -10,  -19,  -12,  -10,
      10,  -19,   10,  -38,   -5,  -10,  -10,  -29,  -10,  -12,  -10,   29,   10,   10,   10,   10,
     -19,   12,   12,  -48,  -82,  -12,  -22,  -22,    5,  -46,   17,  -34,  -19,   12,  -46,  -14,
     -12,  -19,  -36,  -36,  -19,  -19,  -14,  -10,  -67, -115,  -10,  -10,  -10,  -24,   -5,  -31,
      -7,  -38,  -14,  -10,  -10,  -67,  -10,  -10,  -10,  -38,  -58,  -10,  -10,  -12,  -19,  -12,
     -10,   24,  -10,  -12,  -14,  -38,  -48,  -10,  -26,   12,   -5,  -19,    5,  -10,  -10,  -38,
     -19,  -10,   -5,  -19,  -10,   22,   -7,   10,  -19,  -43,   -5,   19,    5,   10,  -10,   -5,
     -14,   -7,   29,    5,   19,   19,   19,   29,   29,   19,   10,   14,  -10,  -10,   29,   29,
     -10,  -19,  -19,  -38,  -10,  -10,  -19,    5,  -24,  -19,  -67,  -19,  -24,  -10,  -12,  -58,
     -17,   -7,  -38,   -4,  -10,   11,    8,    8,   19,   19,  -38,   46,  -48,  -10,  -19,    5,
       8,  -19,  -19,    8,    8,    8,    8,    8,    8,  -10,  -61,  -96, -125,  -38,  -10,  -10,
     -10,  -10,  -10,  -67,   26,  -50,  -38,  -10,  -29,  -34,   -7,  -22,  -10,  -10,  -48,  -19,
     -31,  -38,  -19,  -19,  -10,   19,  -10,  -10,  -12,  -29,   29,  -19,  -29,  -19,  -10,  -10,
     -19,   10,   10,  -89,  -10,  -12,  -19,  -10,  -10,  -29,  -17,  -19,  -19,  -14,  -19,  -12,
     -12,   10,  -10,  -14,  -47,  -58,  -58,   -5,  -29,   10,  -14,    3,    3,   14,    5,   16,
      16,   12,   16,    7,  -13,   38,  -43,    3,  -47,    7,    8,  -26,    5,    8,    8,    8,
     -32,  -47,  -58,  -49,  -49,   -5,  -20,  -58,  -58,    3,  -43,    3,    3,   12,   14,    5,
      11,   14,    3,    7,    7,    7,  -20,   12,  -24,    7,    8,    7,   -5,   14,    8,   18,
      18,   18,    8,   -8,  -20,  -53,  -22,  -58,  -22,  -30,  -58,  -58,  -49,    3,   -5,    3,
       8,   14,    5,    8,   12,    5,    8,    7,    7,  -28,   11,  -32,    7,    8,    5,  -13,
      12,    7,   16,   16,   16,    7,  -16,  -30,  -58,  -32,  -32,  -40,  -58,  -58,  -51,    3,
      -8,    3,    7,   14,    5,   11,   12,    5,    8,    7,   -7,    7,  -35,    8,  -40,    7,
       8,    3,  -20,   11,    5,   14,   14,   14,    5,  -24,  -40,  -58,  -41,  -10,  -41,  -58,
     -58,  -58,  -26,  -34,  -58,   -5,  -41,   -5,   -8,  -24,    7,   12,   12,    8,   12,  -40,
       7,  -58,  -24,  -58,    7,    8,  -30,  -45,  -20,  -28,  -18,  -18,  -18,  -28,  -51,  -58,
     -58,  -58,  -10,  -58,  -32,  -26,  -32,  -58,  -58,  -49,    3,   -5,    3,    8,   14,    5,
      11,   11,    7,   11,    7,    7,  -28,   11,  -32,    7,    8,    7,  -13,   12,    7,   16,
      16,   16,    8,  -16,  -32,  -58,  -34,   10,  -34,  -58,  -58,  -58,   -5,  -11,  -58,    3,
     -18,    3,   14,    5,   18,   18,   14,   18,    7,  -18,    7,  -49,  -53,    7,    8,   -7,
     -34,   -7,    5,    5,    5,   -5,  -37,  -58,  -58,  -58,  -58,   -8,   -5,   -8,  -58,  -58,
     -41,    3,   -5,    8,   11,   14,   14,   11,   14,    3,    3,  -13,    8,  -14,    3,    5,
       3,   11,    5,   14,   14,   14,    5,   -5,   -8,  -41,  -11,  -11,  -24,  -13,  -53,    3,
      18,  -10,  -58,    3,   86,    5,  -86,  -38,  -86,  -86,   16,  -58,    7,  -10,  -19,  -29,
      -7,   29,    7,   29,  -58,  -10,  -58,  -48,    8,   10,  -40,  -14,  -26,  -10,  -26,   -8,
     -18,  -13,  -32,  -18,  -16,   11,   -5,  -14,   -5,   32,  -14,  -53,  -16,  -58,  -35,   11,
     -58,   -5,  -13,   -7,  -14,   30,  -26,  -11,  -32,  -24,   11,  -20,  -14,  -20,   19,   10,
     -20,  -24,  -18,  -11,  -40,   -5,   12,    3,  -13,    3,   30,    5,  -45,   -8,  -51,  -24,
      11,  -58,    7,   12,    7,    3,   -7,    3,    7,   28,    7,    8,   -8,    7,  -22,  -14,
       8,    8,  -24,  -13,  -13,   -7,  -11,  -40,  -13,    8,  -13,   32,  -49,  -11,  -53,  -26,
       8,  -58,    3,    8,    3,  -11,    3,   30,    3,    5,  -13,    3,  -24,  -16,   11,    5,
     -24,  -13,  -13,  -11,  -14,   -8,  -34,  -14,   16,  -13,   32,   -5,  -47,  -13,  -58,  -34,
      16,  -58,    5,   -5,   -8,    7,   30,    7,    5,  -22,   -7,  -28,  -22,   11,    8,  -18,
     -11,  -16,  -16,  -20,  -14,   -8,  -26,   -8,   14,   -7,   32,  -49,   -7,  -49,  -26,   14,
     -58,    3,    5,    3,  -11,    3,    5,   30,    5,    3,  -16,  -22,  -16,   11,    7,  -13,
      -5,  -11,  -11,  -14,   -8,  -13,   -7,  -30,  -13,   16,  -11,   32,  -47,  -11,  -53,  -30,
      14,  -58,    5,   -8,    5,   30,    5,    5,  -20,   -5,  -26,  -20,   11,    7,  -14,   -8,
     -14,  -14,  -16,  -13,    7,  -16,  -11,    7,    3,    3,    3,    8,    5,  -45,    3,  -40,
     -16,  -58,    7,   14,    7,   12,   -7,   12,    7,    8,    7,    8,   -7,    8,  -13,   -7,
     -13,    8,    5,   -5,  -11,  -40,   -8,   11,  -13,   32,  -49,  -11,  -53,  -26,   11,  -58,
       3,    8,    3,  -11,    3,   30,    3,    5,  -13,    3,  -24,  -16,   11,    5,  -24,  -13,
     -13,  -11,  -18,   -8,  -47,    3,   18,    3,  -18,    3,   28,    5,  -45,  -14,  -58,  -28,
      16,  -58,    7,    8,    7,   -5,   -7,    7,   26,    7,    8,  -14,  -26,  -18,    7,    8,
     -34,   -8,  -20,  -20,   -8,  -10,  -10,  -10,  -10,  -14,  -10,  -10,  -11,  -11,  -10,  -14,
};

static const EpdFontData responder_18_italic = {
    responder_18_italicBitmaps,
    responder_18_italicGlyphs,
    responder_18_italicIntervals,
    48,
    47,
    37,
    -10,
    true,
    responder_18_italicGroups,
    12,
    nullptr,
    nullptr,  // kernLeftClasses: built-in fonts use the split arrays below
    nullptr,  // kernRightClasses
    responder_18_italicKernLeftCodepoints,
    responder_18_italicKernLeftClassIds,
    responder_18_italicKernRightCodepoints,
    responder_18_italicKernRightClassIds,
    nullptr,  // kernMatrix: built-in fonts use the sparse form below
    responder_18_italicKernRowOffsets,
    responder_18_italicKernSparseCols,
    responder_18_italicKernSparseValues,
    426,
    438,
    167,
    159,
    nullptr,
    0,
};
